mtllib R99_3D_Model_Apex_Legends.mtl
# Exported by 3D Ripper Online OBJConverter

o GeometryNode_8
usemtl r99_react_v20_ascension_main
v 0.011519 0.010611 -1.017093
v 0.010861 0.010449 -1.01741
v 0.0109 0.010763 -1.017445
v 0.011519 0.010611 -1.017093
v 0.01104 0.011048 -1.017458
v 0.0109 0.010763 -1.017445
v 0.006608 0.013677 -0.994944
v 0.006653 0.013292 -0.994588
v 0.006823 0.013875 -0.994641
v 0.007253 0.012713 -1.001965
v 0.007051 0.012742 -1.001191
v 0.007268 0.012579 -1.002126
v 0.00934 0.011181 -1.013892
v 0.009632 0.01093 -1.013713
v 0.009684 0.011102 -1.013726
v 0.009487 0.011082 -1.01453
v 0.009834 0.010798 -1.014562
v 0.009886 0.010971 -1.014575
v 0.009523 0.011807 -1.013948
v 0.009866 0.011707 -1.013785
v 0.009918 0.011879 -1.013798
v 0.009675 0.011708 -1.014584
v 0.010066 0.011574 -1.014622
v 0.010116 0.011748 -1.014648
v 0.012613 0.00892 -1.015648
v 0.012207 0.009366 -1.016926
v 0.012246 0.009512 -1.016934
v 0.012613 0.00892 -1.015648
v 0.01282 0.009618 -1.0157
v 0.013034 0.009392 -1.016681
v 0.013034 0.009392 -1.016681
v 0.012613 0.00892 -1.015648
v 0.012246 0.009512 -1.016934
v 0.013034 0.009392 -1.016681
v 0.01226 0.009585 -1.016872
v 0.012246 0.009512 -1.016934
v 0.013418 0.011641 -1.015872
v 0.01273 0.011152 -1.017075
v 0.012773 0.011294 -1.017082
v 0.013418 0.011641 -1.015872
v 0.013466 0.010864 -1.016808
v 0.013207 0.010942 -1.015809
v 0.013466 0.010864 -1.016808
v 0.01273 0.011152 -1.017075
v 0.013418 0.011641 -1.015872
v 0.013466 0.010864 -1.016808
v 0.01273 0.011152 -1.017075
v 0.012702 0.011091 -1.017004
v 0.008333 0.012372 -0.999305
v 0.008382 0.012307 -0.999288
v 0.008829 0.01206 -1.001144
v 0.008054 0.01206 -1.003302
v 0.0077 0.011902 -1.003132
v 0.00818 0.011676 -1.00338
v 0.009732 0.010824 -1.011869
v 0.009767 0.010808 -1.011703
v 0.009692 0.010868 -1.011677
v 0.008725 0.011936 -1.007504
v 0.008987 0.011821 -1.007942
v 0.008838 0.011863 -1.007976
v 0.00869 0.013585 -0.999411
v 0.009192 0.013298 -1.001246
v 0.008768 0.013614 -0.999399
v 0.008445 0.013384 -1.003409
v 0.008754 0.013622 -1.003543
v 0.008237 0.01373 -1.003284
v 0.01014 0.012193 -1.011991
v 0.010084 0.012213 -1.011782
v 0.010181 0.012214 -1.011818
v 0.008889 0.012483 -1.00755
v 0.009002 0.012411 -1.008022
v 0.009147 0.012373 -1.007988
v 0.007046 0.012538 -1.00375
v 0.00696 0.012357 -1.003722
v 0.007001 0.012543 -1.00386
v 0.006917 0.012364 -1.003819
v 0.007302 0.013667 -1.003931
v 0.007346 0.013664 -1.003834
v 0.00727 0.013473 -1.003927
v 0.007323 0.013465 -1.003828
v 0.006826 0.012503 -1.001564
v 0.006825 0.012526 -1.001573
v 0.006754 0.01249 -1.001633
v 0.006747 0.012551 -1.001664
v 0.006707 0.012486 -1.001683
v 0.006695 0.012571 -1.001724
v 0.006627 0.012474 -1.001755
v 0.006611 0.012598 -1.001829
v 0.00658 0.012471 -1.001804
v 0.00656 0.012622 -1.001889
v 0.006524 0.012459 -1.001858
v 0.006506 0.012639 -1.001962
v 0.013453 0.010346 -1.00599
v 0.010757 0.010935 -1.008588
v 0.014403 0.010023 -1.006348
v 0.011058 0.010968 -1.009598
v 0.011273 0.011707 -1.009667
v 0.011087 0.012051 -1.008677
v 0.01475 0.01118 -1.006451
v 0.013787 0.011485 -1.006087
v 0.009591 0.010993 -1.013199
v 0.009725 0.011462 -1.013227
v 0.010609 0.010389 -1.017422
v 0.01074 0.010803 -1.017494
v 0.01236 0.009582 -1.015691
v 0.012817 0.00946 -1.015562
v 0.012407 0.00975 -1.015706
v 0.013029 0.009579 -1.015528
v 0.009869 0.011929 -1.013276
v 0.010858 0.011238 -1.017493
v 0.009725 0.011462 -1.013227
v 0.01074 0.010803 -1.017494
v 0.012844 0.011221 -1.015831
v 0.012792 0.011053 -1.015817
v 0.013301 0.0111 -1.015703
v 0.013414 0.010887 -1.015639
v 0.010666 0.009782 -1.010063
v 0.010568 0.009796 -1.010468
v 0.011272 0.009696 -1.011488
v 0.010293 0.009803 -1.011399
v 0.010293 0.009803 -1.011399
v 0.010042 0.009682 -1.012697
v 0.011272 0.009696 -1.011488
v 0.011536 0.009554 -1.012838
v 0.010193 0.009433 -1.014042
v 0.010533 0.008979 -1.015191
v 0.011869 0.009305 -1.014184
v 0.012241 0.009042 -1.015533
v 0.010042 0.009682 -1.012697
v 0.010193 0.009433 -1.014042
v 0.011536 0.009554 -1.012838
v 0.011869 0.009305 -1.014184
v 0.011564 0.012831 -1.010318
v 0.012055 0.01236 -1.011701
v 0.011453 0.012807 -1.01072
v 0.011183 0.012813 -1.01165
v 0.011183 0.012813 -1.01165
v 0.012055 0.01236 -1.011701
v 0.010973 0.012849 -1.012966
v 0.012293 0.012126 -1.013057
v 0.011173 0.012766 -1.014313
v 0.012649 0.011946 -1.014412
v 0.011653 0.012784 -1.015512
v 0.013041 0.011755 -1.01576
v 0.010973 0.012849 -1.012966
v 0.012293 0.012126 -1.013057
v 0.011173 0.012766 -1.014313
v 0.012649 0.011946 -1.014412
v 0.008108 0.012151 -1.001887
v 0.007507 0.012543 -0.999352
v 0.008507 0.013497 -1.002002
v 0.007906 0.013885 -0.999467
v 0.007507 0.012543 -0.999352
v 0.007762 0.012473 -0.999282
v 0.007906 0.013885 -0.999467
v 0.008157 0.013815 -0.999398
v 0.008157 0.013815 -0.999398
v 0.007762 0.012473 -0.999282
v 0.008625 0.013668 -0.999516
v 0.00823 0.012326 -0.999399
v 0.007997 0.012758 -1.000916
v 0.007963 0.012783 -1.000775
v 0.00712 0.012994 -1.00119
v 0.007055 0.013029 -1.001018
v 0.008127 0.013204 -1.00096
v 0.007251 0.013439 -1.001233
v 0.008091 0.013227 -1.000807
v 0.007186 0.01347 -1.001062
v 0.007623 0.013235 -1.004898
v 0.007852 0.013193 -1.004831
v 0.007374 0.012402 -1.004825
v 0.007592 0.012323 -1.004765
v 0.007369 0.012443 -1.004772
v 0.007016 0.012688 -1.003272
v 0.0076 0.013214 -1.004833
v 0.007234 0.013433 -1.003327
v 0.007237 0.013474 -1.003248
v 0.006997 0.012663 -1.003182
v 0.007319 0.01344 -1.003218
v 0.007089 0.01265 -1.003147
v 0.008491 0.012792 -0.994072
v 0.008664 0.013374 -0.994124
v 0.008572 0.012741 -0.994414
v 0.008746 0.01332 -0.994466
v 0.008835 0.013951 -0.994164
v 0.008916 0.013901 -0.994506
v 0.008664 0.013374 -0.994124
v 0.008746 0.01332 -0.994466
v 0.012991 0.011218 -1.008887
v 0.012915 0.011644 -1.008483
v 0.012795 0.01057 -1.008825
v 0.012523 0.010316 -1.008376
v 0.012666 0.009668 -1.015636
v 0.013057 0.010992 -1.015743
v 0.013115 0.009679 -1.015529
v 0.013432 0.010757 -1.015614
v 0.00934 0.011181 -1.013892
v 0.009684 0.011102 -1.013726
v 0.009487 0.011082 -1.01453
v 0.009886 0.010971 -1.014575
v 0.009834 0.010798 -1.014562
v 0.009632 0.01093 -1.013713
v 0.009487 0.011082 -1.01453
v 0.00934 0.011181 -1.013892
v 0.010066 0.011574 -1.014622
v 0.009866 0.011707 -1.013785
v 0.009675 0.011708 -1.014584
v 0.009523 0.011807 -1.013948
v 0.009523 0.011807 -1.013948
v 0.009918 0.011879 -1.013798
v 0.009675 0.011708 -1.014584
v 0.010116 0.011748 -1.014648
v 0.008128 0.011805 -1.001828
v 0.008214 0.012244 -1.001872
v 0.007435 0.01223 -0.99919
v 0.007558 0.012661 -0.999225
v 0.012001 0.009295 -1.015957
v 0.010863 0.009203 -1.015727
v 0.011927 0.009384 -1.015768
v 0.010816 0.00929 -1.015531
v 0.007888 0.013782 -0.999313
v 0.008543 0.013366 -1.001973
v 0.008015 0.014208 -0.999348
v 0.008711 0.013781 -1.001998
v 0.011711 0.012321 -1.015778
v 0.01179 0.012335 -1.015989
v 0.01258 0.011607 -1.015961
v 0.012688 0.011611 -1.016154
v 0.011905 0.010421 -1.017987
v 0.01254 0.010249 -1.017806
v 0.01181 0.010103 -1.017967
v 0.012445 0.009926 -1.017787
v 0.011905 0.010421 -1.017987
v 0.011998 0.010741 -1.01802
v 0.01254 0.010249 -1.017806
v 0.012634 0.010569 -1.017839
v 0.01231 0.011928 -1.00595
v 0.012145 0.011359 -1.005907
v 0.012861 0.011574 -1.008273
v 0.012695 0.011005 -1.00823
v 0.012695 0.011005 -1.00823
v 0.012145 0.011359 -1.005907
v 0.01253 0.010436 -1.008187
v 0.011976 0.010789 -1.005853
v 0.00871 0.011498 -1.01006
v 0.008657 0.011442 -1.010044
v 0.008517 0.011616 -1.009272
v 0.008471 0.011561 -1.009266
v 0.009796 0.010798 -1.011549
v 0.009822 0.010786 -1.011384
v 0.009646 0.010906 -1.0115
v 0.009606 0.010941 -1.01131
v 0.008739 0.011527 -1.007947
v 0.008838 0.011863 -1.007976
v 0.008626 0.011599 -1.007475
v 0.008725 0.011936 -1.007504
v 0.008919 0.011808 -1.008318
v 0.00882 0.011472 -1.008289
v 0.009328 0.011547 -1.010026
v 0.009229 0.01121 -1.009997
v 0.008739 0.011527 -1.007947
v 0.008626 0.011599 -1.007475
v 0.008541 0.011513 -1.008001
v 0.00832 0.011658 -1.007057
v 0.008508 0.011503 -1.003943
v 0.00818 0.011676 -1.00338
v 0.008231 0.01192 -1.004048
v 0.008054 0.01206 -1.003302
v 0.008231 0.01192 -1.004048
v 0.008384 0.011744 -1.004657
v 0.008508 0.011503 -1.003943
v 0.008846 0.011289 -1.004558
v 0.008384 0.011744 -1.004657
v 0.008581 0.011514 -1.00536
v 0.008846 0.011289 -1.004558
v 0.009145 0.01104 -1.005126
v 0.00947 0.010736 -1.00578
v 0.009145 0.01104 -1.005126
v 0.008834 0.01128 -1.006049
v 0.008581 0.011514 -1.00536
v 0.009817 0.010407 -1.006469
v 0.00947 0.010736 -1.00578
v 0.009123 0.011046 -1.006692
v 0.008834 0.01128 -1.006049
v 0.010185 0.010092 -1.007175
v 0.009817 0.010407 -1.006469
v 0.009451 0.010838 -1.007284
v 0.009123 0.011046 -1.006692
v 0.010462 0.009853 -1.00787
v 0.010185 0.010092 -1.007175
v 0.009781 0.010657 -1.007859
v 0.009451 0.010838 -1.007284
v 0.009781 0.010657 -1.007859
v 0.010078 0.010522 -1.008438
v 0.010462 0.009853 -1.00787
v 0.010549 0.009756 -1.008499
v 0.010078 0.010522 -1.008438
v 0.010353 0.010439 -1.009286
v 0.010549 0.009756 -1.008499
v 0.010486 0.009833 -1.009293
v 0.010386 0.010478 -1.009911
v 0.010337 0.010073 -1.009964
v 0.010353 0.010439 -1.009286
v 0.010486 0.009833 -1.009293
v 0.008801 0.012665 -1.009357
v 0.008982 0.012538 -1.010137
v 0.008804 0.012591 -1.009353
v 0.008992 0.012465 -1.010144
v 0.009991 0.012253 -1.01142
v 0.010254 0.012249 -1.011512
v 0.010037 0.01223 -1.011608
v 0.010219 0.01223 -1.011671
v 0.008889 0.012483 -1.00755
v 0.009002 0.012411 -1.008022
v 0.008988 0.01282 -1.007579
v 0.009101 0.012747 -1.008051
v 0.009587 0.012435 -1.010102
v 0.009183 0.012697 -1.008392
v 0.009488 0.012095 -1.010074
v 0.009084 0.01236 -1.008363
v 0.008715 0.013004 -1.007173
v 0.008988 0.01282 -1.007579
v 0.008937 0.012858 -1.008104
v 0.009101 0.012747 -1.008051
v 0.009099 0.013501 -1.00412
v 0.008636 0.01329 -1.004158
v 0.008754 0.013622 -1.003543
v 0.008445 0.013384 -1.003409
v 0.008636 0.01329 -1.004158
v 0.009099 0.013501 -1.00412
v 0.008831 0.013262 -1.004786
v 0.009472 0.013406 -1.004735
v 0.008831 0.013262 -1.004786
v 0.009472 0.013406 -1.004735
v 0.009094 0.013235 -1.005507
v 0.009827 0.013365 -1.005323
v 0.009094 0.013235 -1.005507
v 0.009827 0.013365 -1.005323
v 0.009398 0.013194 -1.006207
v 0.010238 0.013341 -1.005992
v 0.009398 0.013194 -1.006207
v 0.010238 0.013341 -1.005992
v 0.009735 0.013129 -1.006864
v 0.010678 0.013319 -1.006715
v 0.009735 0.013129 -1.006864
v 0.010678 0.013319 -1.006715
v 0.0101 0.013037 -1.007469
v 0.011121 0.013275 -1.00744
v 0.0101 0.013037 -1.007469
v 0.011121 0.013275 -1.00744
v 0.01045 0.012921 -1.008043
v 0.011451 0.013213 -1.008148
v 0.011551 0.013151 -1.008781
v 0.010746 0.012781 -1.008622
v 0.011451 0.013213 -1.008148
v 0.01045 0.012921 -1.008043
v 0.011422 0.013003 -1.009559
v 0.010979 0.012573 -1.009461
v 0.011551 0.013151 -1.008781
v 0.010746 0.012781 -1.008622
v 0.01096 0.012428 -1.010074
v 0.010979 0.012573 -1.009461
v 0.011136 0.012782 -1.010191
v 0.011422 0.013003 -1.009559
v 0.007474 0.01239 -1.0048
v 0.00736 0.012515 -1.004851
v 0.007514 0.012364 -1.004965
v 0.007418 0.012475 -1.005111
v 0.007618 0.012347 -1.005948
v 0.007716 0.012232 -1.005814
v 0.007519 0.012414 -1.005535
v 0.007615 0.012298 -1.005389
v 0.007519 0.012414 -1.005535
v 0.007615 0.012298 -1.005389
v 0.007418 0.012475 -1.005111
v 0.007514 0.012364 -1.004965
v 0.007784 0.012284 -1.005347
v 0.007683 0.01235 -1.004922
v 0.007474 0.01239 -1.0048
v 0.007644 0.012376 -1.004757
v 0.007878 0.012221 -1.00576
v 0.007716 0.012232 -1.005814
v 0.00798 0.012156 -1.006185
v 0.007815 0.012169 -1.006226
v 0.007922 0.012102 -1.006674
v 0.008087 0.012089 -1.006632
v 0.009139 0.011335 -1.011799
v 0.009308 0.0113 -1.01176
v 0.007813 0.012218 -1.006786
v 0.009017 0.011442 -1.011842
v 0.007716 0.012232 -1.005814
v 0.007815 0.012169 -1.006226
v 0.007618 0.012347 -1.005948
v 0.007719 0.012285 -1.006371
v 0.007815 0.012169 -1.006226
v 0.007922 0.012102 -1.006674
v 0.007719 0.012285 -1.006371
v 0.007813 0.012218 -1.006786
v 0.007903 0.012915 -1.006426
v 0.008055 0.012976 -1.006292
v 0.007801 0.012977 -1.006003
v 0.007957 0.013043 -1.00588
v 0.008001 0.012848 -1.006839
v 0.008158 0.012909 -1.006741
v 0.007903 0.012915 -1.006426
v 0.008055 0.012976 -1.006292
v 0.009205 0.012072 -1.011896
v 0.009365 0.012103 -1.011862
v 0.008001 0.012848 -1.006839
v 0.008158 0.012909 -1.006741
v 0.007156 0.013945 -1.001782
v 0.007195 0.013992 -1.001766
v 0.007243 0.013942 -1.001699
v 0.007257 0.013957 -1.001693
v 0.007011 0.013944 -1.001944
v 0.007096 0.014054 -1.001895
v 0.007103 0.013939 -1.001846
v 0.007159 0.014013 -1.00181
v 0.006892 0.013946 -1.002073
v 0.007011 0.014104 -1.002009
v 0.006954 0.013943 -1.002008
v 0.007058 0.014072 -1.001952
v 0.007203 0.012903 -1.001978
v 0.007463 0.012764 -1.002764
v 0.00706 0.01293 -1.002062
v 0.00724 0.012812 -1.002816
v 0.007376 0.013278 -1.002855
v 0.007196 0.013396 -1.002101
v 0.00724 0.012812 -1.002816
v 0.00706 0.01293 -1.002062
v 0.007203 0.012903 -1.001978
v 0.007334 0.013348 -1.002022
v 0.007463 0.012764 -1.002764
v 0.007591 0.013207 -1.002796
v 0.007334 0.013348 -1.002022
v 0.007196 0.013396 -1.002101
v 0.007591 0.013207 -1.002796
v 0.007376 0.013278 -1.002855
v 0.00696 0.012357 -1.003722
v 0.006961 0.012368 -1.003623
v 0.007046 0.012538 -1.00375
v 0.007045 0.012547 -1.003627
v 0.006912 0.012387 -1.003522
v 0.006992 0.01257 -1.003527
v 0.006902 0.012602 -1.003448
v 0.006832 0.012417 -1.003466
v 0.006791 0.012638 -1.003423
v 0.006738 0.01245 -1.003449
v 0.006638 0.012475 -1.003472
v 0.00668 0.01267 -1.003461
v 0.006558 0.012492 -1.00354
v 0.00659 0.01269 -1.003543
v 0.006545 0.012695 -1.003653
v 0.006519 0.012495 -1.003636
v 0.006543 0.012685 -1.003765
v 0.006522 0.012489 -1.003747
v 0.006598 0.012659 -1.003877
v 0.006567 0.012465 -1.003836
v 0.006686 0.012626 -1.003944
v 0.006643 0.012439 -1.003893
v 0.006801 0.012593 -1.003967
v 0.006745 0.012408 -1.00392
v 0.006842 0.012381 -1.003886
v 0.006907 0.012562 -1.003931
v 0.006917 0.012364 -1.003819
v 0.007001 0.012543 -1.00386
v 0.009098 0.011259 -1.011795
v 0.009293 0.011204 -1.011751
v 0.007473 0.012309 -1.004958
v 0.007621 0.012283 -1.004738
v 0.007314 0.012387 -1.004572
v 0.007471 0.012385 -1.004089
v 0.007048 0.012493 -1.004259
v 0.007201 0.012475 -1.003902
v 0.006928 0.01255 -1.003976
v 0.006714 0.012611 -1.004062
v 0.006778 0.012599 -1.003911
v 0.006974 0.013489 -1.004126
v 0.007041 0.013484 -1.003986
v 0.006923 0.013503 -1.004113
v 0.006777 0.013565 -1.003922
v 0.006806 0.013443 -1.004077
v 0.006732 0.01356 -1.004057
v 0.006646 0.013598 -1.00405
v 0.00658 0.013641 -1.003755
v 0.006735 0.013593 -1.003745
v 0.006581 0.013648 -1.00368
v 0.006621 0.01364 -1.003609
v 0.007227 0.013508 -1.003061
v 0.007269 0.013475 -1.003239
v 0.007732 0.013189 -1.005035
v 0.007884 0.013163 -1.004814
v 0.007577 0.013267 -1.004648
v 0.007727 0.013263 -1.004154
v 0.007311 0.013373 -1.004335
v 0.007465 0.013359 -1.003977
v 0.007191 0.01343 -1.004052
v 0.006974 0.013489 -1.004126
v 0.007041 0.013484 -1.003986
v 0.006857 0.01325 -1.003524
v 0.006787 0.013012 -1.003499
v 0.007135 0.013297 -1.003309
v 0.007004 0.012856 -1.003266
v 0.007155 0.01329 -1.003293
v 0.007027 0.012854 -1.00326
v 0.007156 0.013275 -1.003282
v 0.007037 0.01287 -1.003255
v 0.007232 0.013452 -1.003276
v 0.007238 0.013481 -1.003271
v 0.006933 0.013517 -1.003543
v 0.006899 0.013557 -1.003571
v 0.006923 0.013509 -1.003547
v 0.006897 0.013555 -1.003584
v 0.006772 0.013143 -1.003535
v 0.00681 0.013134 -1.003514
v 0.006702 0.012758 -1.00348
v 0.006649 0.012726 -1.003511
v 0.006653 0.01273 -1.003509
v 0.006706 0.012749 -1.00348
v 0.00699 0.012653 -1.003197
v 0.007006 0.012685 -1.003213
v 0.006838 0.01253 -1.002343
v 0.006842 0.012786 -1.0021
v 0.006742 0.012613 -1.001916
v 0.006794 0.012781 -1.001929
v 0.006815 0.012817 -1.001981
v 0.010858 0.011238 -1.017493
v 0.011189 0.011236 -1.017406
v 0.009869 0.011929 -1.013276
v 0.010163 0.01193 -1.013199
v 0.01136 0.011479 -1.017404
v 0.010343 0.01218 -1.013193
v 0.011341 0.010462 -1.010695
v 0.012527 0.010304 -1.008414
v 0.011008 0.010617 -1.010001
v 0.010591 0.010992 -1.007014
v 0.011955 0.010671 -1.006021
v 0.010591 0.010992 -1.007014
v 0.0106 0.011115 -1.005533
v 0.008108 0.012151 -1.001887
v 0.009867 0.011466 -1.003886
v 0.009829 0.011498 -1.003646
v 0.009544 0.011658 -1.002754
v 0.009947 0.011475 -1.00352
v 0.010436 0.011342 -1.003384
v 0.008889 0.011942 -1.001673
v 0.00823 0.012326 -0.999399
v 0.007762 0.012473 -0.999282
v 0.007507 0.012543 -0.999352
v 0.011738 0.011806 -1.010798
v 0.012922 0.011646 -1.00853
v 0.011407 0.011963 -1.010115
v 0.01099 0.012334 -1.007129
v 0.012352 0.012016 -1.006125
v 0.01099 0.012334 -1.007129
v 0.010997 0.012455 -1.005637
v 0.008507 0.013497 -1.002002
v 0.010263 0.01281 -1.003989
v 0.010221 0.012843 -1.003751
v 0.00994 0.012998 -1.002858
v 0.010343 0.012815 -1.003624
v 0.010832 0.012682 -1.003488
v 0.00928 0.013282 -1.001778
v 0.008625 0.013668 -0.999516
v 0.008157 0.013815 -0.999398
v 0.007906 0.013885 -0.999467
v 0.00622 0.014177 -0.995964
v 0.006735 0.014104 -0.994978
v 0.006834 0.014034 -0.99549
v 0.007201 0.014319 -0.995553
v 0.006993 0.014452 -0.994681
v 0.007383 0.014262 -0.995574
v 0.007893 0.014191 -0.994663
v 0.008198 0.014109 -0.994581
v 0.008835 0.013951 -0.994164
v 0.008866 0.013889 -0.994348
v 0.007066 0.012599 -1.003147
v 0.007108 0.012843 -1.003178
v 0.007069 0.012711 -1.002813
v 0.007081 0.012954 -1.002274
v 0.007165 0.013055 -1.003198
v 0.007093 0.013151 -1.002295
v 0.007194 0.01333 -1.002307
v 0.007231 0.01327 -1.003214
v 0.007287 0.013457 -1.002868
v 0.007332 0.013493 -1.003232
v 0.007374 0.012402 -1.004825
v 0.007004 0.012643 -1.003256
v 0.007592 0.012323 -1.004765
v 0.007219 0.012563 -1.003186
v 0.006967 0.01261 -1.00316
v 0.007188 0.01255 -1.003085
v 0.00699 0.01267 -1.002802
v 0.007089 0.012605 -1.002772
v 0.007251 0.012619 -1.002125
v 0.006988 0.012708 -1.002551
v 0.006988 0.01275 -1.002263
v 0.007012 0.01283 -1.002198
v 0.007257 0.0127 -1.002064
v 0.007372 0.013087 -1.002082
v 0.007108 0.013157 -1.002216
v 0.011511 0.012031 -1.000113
v 0.012116 0.011868 -0.999926
v 0.011834 0.011516 -0.999972
v 0.012627 0.011175 -1.000606
v 0.012809 0.011598 -1.000725
v 0.006945 0.013855 -0.994414
v 0.006803 0.013364 -0.99438
v 0.006823 0.013875 -0.994641
v 0.006653 0.013292 -0.994588
v 0.006903 0.01324 -0.994333
v 0.008084 0.012905 -0.994189
v 0.007831 0.012987 -0.994073
v 0.007953 0.012959 -0.993946
v 0.008492 0.012814 -0.993799
v 0.008491 0.012792 -0.994072
v 0.008699 0.012744 -0.993926
v 0.008761 0.012704 -0.994185
v 0.008572 0.012741 -0.994414
v 0.008746 0.01332 -0.994466
v 0.008916 0.013901 -0.994506
v 0.008935 0.013283 -0.994237
v 0.009105 0.013864 -0.994277
v 0.008873 0.013322 -0.993977
v 0.009046 0.013905 -0.994029
v 0.008661 0.013397 -0.993851
v 0.008832 0.013978 -0.993891
v 0.008296 0.014125 -0.99405
v 0.008122 0.013542 -0.993999
v 0.008173 0.014148 -0.994177
v 0.008004 0.013565 -0.994125
v 0.007072 0.013819 -0.994386
v 0.007246 0.014401 -0.994437
v 0.00709 0.014343 -0.994461
v 0.006945 0.013855 -0.994414
v 0.010607 0.01195 -1.004256
v 0.010438 0.012006 -1.00417
v 0.010635 0.011947 -1.004212
v 0.010448 0.012017 -1.004068
v 0.010248 0.012069 -1.004151
v 0.010273 0.012075 -1.003959
v 0.010036 0.012139 -1.004025
v 0.010055 0.01212 -1.004207
v 0.012497 0.010345 -1.016822
v 0.01245 0.010185 -1.016806
v 0.012745 0.010186 -1.017859
v 0.012698 0.010026 -1.017843
v 0.012508 0.010083 -1.016779
v 0.012765 0.009916 -1.017852
v 0.013038 0.009939 -1.016634
v 0.013342 0.009741 -1.017907
v 0.01314 0.01 -1.016612
v 0.013453 0.009798 -1.01792
v 0.013191 0.010155 -1.016627
v 0.013499 0.009954 -1.017937
v 0.012698 0.010026 -1.017843
v 0.012745 0.010186 -1.017859
v 0.012765 0.009916 -1.017852
v 0.013342 0.009741 -1.017907
v 0.013499 0.009954 -1.017937
v 0.013453 0.009798 -1.01792
v 0.01057 0.010875 -1.006912
v 0.010083 0.011095 -1.006015
v 0.010525 0.010934 -1.006363
v 0.01048 0.010995 -1.005777
v 0.009502 0.011303 -1.004998
v 0.009344 0.011458 -1.003717
v 0.009014 0.011536 -1.003978
v 0.008425 0.011822 -1.002596
v 0.008782 0.011765 -1.002006
v 0.008073 0.012011 -1.001583
v 0.008533 0.011894 -1.001366
v 0.007486 0.012381 -0.999206
v 0.007665 0.012335 -0.999153
v 0.008022 0.012215 -0.999345
v 0.006771 0.01314 -1.003548
v 0.006652 0.012727 -1.003522
v 0.006774 0.013142 -1.003559
v 0.0069 0.013556 -1.003596
v 0.009311 0.011504 -1.003302
v 0.009908 0.011451 -1.003275
v 0.009539 0.011466 -1.003382
v 0.009436 0.01146 -1.003459
v 0.00943 0.011441 -1.003598
v 0.009984 0.011187 -1.004678
v 0.01045 0.011036 -1.005411
v 0.009922 0.011502 -1.003277
v 0.009577 0.011595 -1.003392
v 0.009908 0.011451 -1.003275
v 0.009539 0.011466 -1.003382
v 0.009482 0.011616 -1.003476
v 0.009436 0.01146 -1.003459
v 0.009477 0.011605 -1.003614
v 0.00943 0.011441 -1.003598
v 0.009984 0.011187 -1.004678
v 0.010028 0.01135 -1.004682
v 0.01045 0.011036 -1.005411
v 0.010494 0.01119 -1.005416
v 0.012613 0.00892 -1.015648
v 0.012248 0.009154 -1.014337
v 0.01282 0.009618 -1.0157
v 0.012451 0.009835 -1.014393
v 0.011951 0.009376 -1.013182
v 0.01214 0.010023 -1.013234
v 0.011883 0.010194 -1.012099
v 0.011691 0.009542 -1.012037
v 0.01177 0.010283 -1.011466
v 0.01156 0.009584 -1.011402
v 0.011055 0.010616 -1.009976
v 0.010779 0.009678 -1.009887
v 0.011152 0.01062 -1.009581
v 0.01087 0.009658 -1.009497
v 0.011203 0.010641 -1.009135
v 0.010912 0.009663 -1.009055
v 0.010895 0.009717 -1.008487
v 0.011186 0.010697 -1.008579
v 0.010773 0.009856 -1.007838
v 0.011051 0.010791 -1.007915
v 0.010491 0.010098 -1.007106
v 0.01074 0.010944 -1.007177
v 0.009784 0.010744 -1.00566
v 0.009949 0.0113 -1.005705
v 0.009216 0.011273 -1.004475
v 0.009306 0.011587 -1.004497
v 0.008595 0.011627 -1.003044
v 0.008671 0.011898 -1.003062
v 0.00844 0.012014 -1.002494
v 0.008347 0.011711 -1.002459
v 0.008128 0.011805 -1.001828
v 0.008214 0.012244 -1.001872
v 0.010812 0.009641 -1.017367
v 0.010769 0.009842 -1.017402
v 0.011922 0.009408 -1.017008
v 0.012246 0.009512 -1.016934
v 0.01205 0.009318 -1.016961
v 0.012207 0.009366 -1.016926
v 0.008 0.013304 -0.994504
v 0.008058 0.013275 -0.994627
v 0.007658 0.013393 -0.994594
v 0.007722 0.013316 -0.995325
v 0.007182 0.013468 -0.995422
v 0.007045 0.013501 -0.995491
v 0.00745 0.013321 -0.996244
v 0.006915 0.013516 -0.995769
v 0.007306 0.013283 -0.997183
v 0.006752 0.013567 -0.995707
v 0.006391 0.013702 -0.995415
v 0.006334 0.01368 -0.995876
v 0.005915 0.013773 -0.996244
v 0.006166 0.013704 -0.996175
v 0.006563 0.013449 -0.997836
v 0.006312 0.013518 -0.997905
v 0.006293 0.013177 -0.998176
v 0.006544 0.013108 -0.998106
v 0.007238 0.012655 -1.00103
v 0.00726 0.012553 -1.002242
v 0.007947 0.012413 -1.001453
v 0.008079 0.01233 -1.002007
v 0.00692 0.013352 -0.99773
v 0.007309 0.013245 -0.997617
v 0.007225 0.012923 -0.997914
v 0.006865 0.013018 -0.998009
v 0.007372 0.012783 -0.999049
v 0.007146 0.012816 -0.999485
v 0.007341 0.012634 -1.000981
v 0.00705 0.012819 -0.999744
v 0.007913 0.012438 -1.001311
v 0.007892 0.012928 -0.99447
v 0.00753 0.012962 -0.994561
v 0.007948 0.012906 -0.994606
v 0.007591 0.012862 -0.995282
v 0.007022 0.01292 -0.995375
v 0.006879 0.012928 -0.995449
v 0.00729 0.012785 -0.996195
v 0.006736 0.012913 -0.995722
v 0.006572 0.012942 -0.995663
v 0.006202 0.01306 -0.995363
v 0.006145 0.013037 -0.995824
v 0.005858 0.013141 -0.995972
v 0.005983 0.013082 -0.996118
v 0.006446 0.01278 -0.998076
v 0.005794 0.013375 -0.996204
v 0.006293 0.013177 -0.998176
v 0.006312 0.013518 -0.997905
v 0.005915 0.013773 -0.996244
v 0.007147 0.012328 -1.00101
v 0.00726 0.012553 -1.002242
v 0.007534 0.012068 -1.002847
v 0.007624 0.012278 -1.003816
v 0.007788 0.011903 -1.003908
v 0.007843 0.012069 -1.001427
v 0.008138 0.011875 -1.002664
v 0.006688 0.01276 -0.997253
v 0.007132 0.012688 -0.997134
v 0.007126 0.012572 -0.998084
v 0.006784 0.012653 -0.998176
v 0.007273 0.012438 -0.999022
v 0.007044 0.012466 -0.999447
v 0.007243 0.012293 -1.000953
v 0.006947 0.012482 -0.999716
v 0.007809 0.012093 -1.001285
v 0.006572 0.012942 -0.995663
v 0.006736 0.012913 -0.995722
v 0.006145 0.013037 -0.995824
v 0.005983 0.013082 -0.996118
v 0.006688 0.01276 -0.997253
v 0.006446 0.01278 -0.998076
v 0.006784 0.012653 -0.998176
v 0.007044 0.012466 -0.999447
v 0.006947 0.012482 -0.999716
v 0.007147 0.012328 -1.00101
v 0.007243 0.012293 -1.000953
v 0.007809 0.012093 -1.001285
v 0.007843 0.012069 -1.001427
v 0.006156 0.0146 -0.996307
v 0.006042 0.0142 -0.996278
v 0.006347 0.014797 -0.996109
v 0.006518 0.014129 -0.99545
v 0.006707 0.014772 -0.995502
v 0.007345 0.014502 -0.995578
v 0.007172 0.013928 -0.995525
v 0.007469 0.014442 -0.995504
v 0.007309 0.013894 -0.995457
v 0.007911 0.014261 -0.994674
v 0.00778 0.013824 -0.994629
v 0.008239 0.014106 -0.994571
v 0.008127 0.01373 -0.994538
v 0.008293 0.014073 -0.994696
v 0.008185 0.013702 -0.994662
v 0.00785 0.013743 -0.995359
v 0.007985 0.014196 -0.9954
v 0.007572 0.013752 -0.996279
v 0.007729 0.014282 -0.996317
v 0.007433 0.01371 -0.997218
v 0.007607 0.014305 -0.997267
v 0.007437 0.013676 -0.997651
v 0.007625 0.014263 -0.998227
v 0.007526 0.013941 -0.997999
v 0.007673 0.013805 -0.999133
v 0.007777 0.014145 -0.99916
v 0.008313 0.013801 -1.001424
v 0.008214 0.013456 -1.001396
v 0.011998 0.010741 -1.01802
v 0.012696 0.010529 -1.018098
v 0.012634 0.010569 -1.017839
v 0.01254 0.010249 -1.017806
v 0.012605 0.010206 -1.018077
v 0.010976 0.010565 -1.017537
v 0.011022 0.010716 -1.017554
v 0.011069 0.010395 -1.017497
v 0.01134 0.010318 -1.017412
v 0.011561 0.010571 -1.017407
v 0.011519 0.010419 -1.017389
v 0.011022 0.010716 -1.017554
v 0.011068 0.010872 -1.017571
v 0.010906 0.010777 -1.01727
v 0.010958 0.010949 -1.017283
v 0.01124 0.010972 -1.017538
v 0.011161 0.011069 -1.017251
v 0.011513 0.010897 -1.017463
v 0.01148 0.010986 -1.017166
v 0.011584 0.010778 -1.017104
v 0.011604 0.010721 -1.017413
v 0.011533 0.010605 -1.017091
v 0.011561 0.010571 -1.017407
v 0.010609 0.009793 -1.017425
v 0.010314 0.009999 -1.016186
v 0.010671 0.009491 -1.017362
v 0.010512 0.008565 -1.015434
v 0.010013 0.010189 -1.014925
v 0.010488 0.008575 -1.015316
v 0.010248 0.009033 -1.014681
v 0.010016 0.009363 -1.01379
v 0.009771 0.010435 -1.013863
v 0.009944 0.009587 -1.012416
v 0.009797 0.010571 -1.012327
v 0.009931 0.010554 -1.011582
v 0.010287 0.009658 -1.011051
v 0.010073 0.010486 -1.010902
v 0.010337 0.010073 -1.009964
v 0.010631 0.009581 -1.009914
v 0.010486 0.009833 -1.009293
v 0.010742 0.00951 -1.009267
v 0.010549 0.009756 -1.008499
v 0.010737 0.00955 -1.008477
v 0.010606 0.009698 -1.007828
v 0.010462 0.009853 -1.00787
v 0.010311 0.009972 -1.007133
v 0.010185 0.010092 -1.007175
v 0.009817 0.010407 -1.006469
v 0.009597 0.010643 -1.00571
v 0.00947 0.010736 -1.00578
v 0.009145 0.01104 -1.005126
v 0.009017 0.011171 -1.004516
v 0.008846 0.011289 -1.004558
v 0.008508 0.011503 -1.003943
v 0.008396 0.011556 -1.003093
v 0.00818 0.011676 -1.00338
v 0.007824 0.011884 -1.002131
v 0.007506 0.012009 -1.002481
v 0.0077 0.011902 -1.003132
v 0.00751 0.011976 -1.003013
v 0.007259 0.012137 -1.001964
v 0.007368 0.012097 -1.001867
v 0.007287 0.012129 -1.001884
v 0.009962 0.01047 -1.015001
v 0.007914 0.011815 -1.001736
v 0.007788 0.011932 -1.001913
v 0.007754 0.011928 -1.001996
v 0.007673 0.011956 -1.002014
v 0.007144 0.012353 -0.999201
v 0.007279 0.012219 -0.999159
v 0.0072 0.012267 -0.998829
v 0.007097 0.012377 -0.998928
v 0.009699 0.010653 -1.013916
v 0.009845 0.010739 -1.014972
v 0.010441 0.010164 -1.016967
v 0.009585 0.010882 -1.012318
v 0.009608 0.010896 -1.013982
v 0.009097 0.011224 -1.011824
v 0.009719 0.010979 -1.013966
v 0.009207 0.011313 -1.011821
v 0.009832 0.011367 -1.013997
v 0.00932 0.011697 -1.011853
v 0.009956 0.010827 -1.014956
v 0.010072 0.011212 -1.014999
v 0.009073 0.011215 -1.010136
v 0.008657 0.011442 -1.010044
v 0.010797 0.010741 -1.018053
v 0.010684 0.010357 -1.018021
v 0.010573 0.01027 -1.018037
v 0.010653 0.010045 -1.017787
v 0.010821 0.009998 -1.017479
v 0.010683 0.010083 -1.016902
v 0.010683 0.010083 -1.016902
v 0.010848 0.010063 -1.017488
v 0.010821 0.009998 -1.017479
v 0.010695 0.010094 -1.017782
v 0.010653 0.010045 -1.017787
v 0.01065 0.010259 -1.018018
v 0.010573 0.01027 -1.018037
v 0.010684 0.010357 -1.018021
v 0.010761 0.010338 -1.018003
v 0.010797 0.010741 -1.018053
v 0.010874 0.010722 -1.018035
v 0.008154 0.011766 -1.006361
v 0.008424 0.011347 -1.00691
v 0.00832 0.011658 -1.007057
v 0.008565 0.011383 -1.007458
v 0.008927 0.010888 -1.007833
v 0.008796 0.011173 -1.007879
v 0.008964 0.011035 -1.008185
v 0.00862 0.011461 -1.008331
v 0.008541 0.011513 -1.008001
v 0.009055 0.010819 -1.008091
v 0.009463 0.01075 -1.009172
v 0.009544 0.010539 -1.009055
v 0.009787 0.010533 -1.009828
v 0.009678 0.01076 -1.009925
v 0.009815 0.010596 -1.010095
v 0.009629 0.010858 -1.010086
v 0.009748 0.010712 -1.010257
v 0.009073 0.011215 -1.010136
v 0.009229 0.01121 -1.009997
v 0.009328 0.011547 -1.010026
v 0.009229 0.01121 -1.009997
v 0.009788 0.011402 -1.010133
v 0.009629 0.010858 -1.010086
v 0.009869 0.011391 -1.009991
v 0.009678 0.01076 -1.009925
v 0.009689 0.011504 -1.009237
v 0.009463 0.01075 -1.009172
v 0.008964 0.011035 -1.008185
v 0.009171 0.011743 -1.008248
v 0.00882 0.011472 -1.008289
v 0.008919 0.011808 -1.008318
v 0.00862 0.011461 -1.008331
v 0.010337 0.010073 -1.009964
v 0.010386 0.010478 -1.009911
v 0.010073 0.010486 -1.010902
v 0.010113 0.010616 -1.010825
v 0.009931 0.010554 -1.011582
v 0.009433 0.012081 -1.011884
v 0.009388 0.012213 -1.011916
v 0.009413 0.012186 -1.011888
v 0.008992 0.012465 -1.010144
v 0.008982 0.012538 -1.010137
v 0.011293 0.011613 -1.017539
v 0.011514 0.011839 -1.017526
v 0.01118 0.011724 -1.017579
v 0.011396 0.01195 -1.017567
v 0.011963 0.01299 -1.01576
v 0.011853 0.013102 -1.015812
v 0.011942 0.01301 -1.015653
v 0.011829 0.013121 -1.015693
v 0.01152 0.012859 -1.01496
v 0.01141 0.01297 -1.015011
v 0.011191 0.012843 -1.014065
v 0.011075 0.012956 -1.014093
v 0.011071 0.012903 -1.012712
v 0.010958 0.013021 -1.012714
v 0.011267 0.012987 -1.011323
v 0.011361 0.012857 -1.011351
v 0.00945 0.012492 -1.010241
v 0.009587 0.012435 -1.010102
v 0.009198 0.012691 -1.009212
v 0.009183 0.012697 -1.008392
v 0.009019 0.012803 -1.008446
v 0.007318 0.013982 -1.001612
v 0.007329 0.013975 -1.00166
v 0.007049 0.014157 -1.001967
v 0.007068 0.014151 -1.002025
v 0.007009 0.01416 -1.002002
v 0.007023 0.014154 -1.002061
v 0.006977 0.014136 -1.002038
v 0.006991 0.014126 -1.002097
v 0.006829 0.013959 -1.002112
v 0.006846 0.013955 -1.002182
v 0.006834 0.013902 -1.002168
v 0.00682 0.013911 -1.002109
v 0.006907 0.013873 -1.002078
v 0.006851 0.013882 -1.002067
v 0.007258 0.013877 -1.001703
v 0.007244 0.013886 -1.001644
v 0.007329 0.013975 -1.00166
v 0.007318 0.013982 -1.001612
v 0.007156 0.013649 -1.001956
v 0.007212 0.013844 -1.001977
v 0.007156 0.013584 -1.002014
v 0.007187 0.01357 -1.002142
v 0.007327 0.013769 -1.002461
v 0.007055 0.013632 -1.002046
v 0.007086 0.013619 -1.002175
v 0.007058 0.013682 -1.002002
v 0.007105 0.01385 -1.002017
v 0.007212 0.013788 -1.002464
v 0.007039 0.013767 -1.003028
v 0.007087 0.013726 -1.003058
v 0.007049 0.013823 -1.003031
v 0.007156 0.013712 -1.003103
v 0.007232 0.013971 -1.003123
v 0.007209 0.013705 -1.003102
v 0.007294 0.01399 -1.003129
v 0.007247 0.013705 -1.003055
v 0.00733 0.013982 -1.003084
v 0.007407 0.01379 -1.002302
v 0.007459 0.013899 -1.002201
v 0.007212 0.013844 -1.001977
v 0.007105 0.01385 -1.002017
v 0.007156 0.013649 -1.001956
v 0.007058 0.013682 -1.002002
v 0.007156 0.013584 -1.002014
v 0.007055 0.013632 -1.002046
v 0.007187 0.01357 -1.002142
v 0.007086 0.013619 -1.002175
v 0.007212 0.013788 -1.002464
v 0.007327 0.013769 -1.002461
v 0.007263 0.013731 -1.002138
v 0.007376 0.013686 -1.002078
v 0.00722 0.013751 -1.001963
v 0.007334 0.013711 -1.001901
v 0.007391 0.013648 -1.002054
v 0.007344 0.013673 -1.001879
v 0.007269 0.013557 -1.001889
v 0.007316 0.013528 -1.002065
v 0.007334 0.013348 -1.002022
v 0.007264 0.013295 -1.001838
v 0.007203 0.012903 -1.001978
v 0.00718 0.013014 -1.00181
v 0.007043 0.012785 -1.001827
v 0.007085 0.012756 -1.002004
v 0.00709 0.012622 -1.001971
v 0.007043 0.012647 -1.001795
v 0.007014 0.012623 -1.001806
v 0.007052 0.012591 -1.001985
v 0.006895 0.012638 -1.001872
v 0.006932 0.012606 -1.002051
v 0.007196 0.013218 -1.001731
v 0.007192 0.01326 -1.001935
v 0.007187 0.013174 -1.00169
v 0.007135 0.013149 -1.002173
v 0.007212 0.013375 -1.002112
v 0.007187 0.013326 -1.002186
v 0.00727 0.013473 -1.003927
v 0.007185 0.013493 -1.004008
v 0.007302 0.013667 -1.003931
v 0.007227 0.013684 -1.003997
v 0.007074 0.013521 -1.004046
v 0.007127 0.013713 -1.00402
v 0.007028 0.013742 -1.004005
v 0.006963 0.013557 -1.004021
v 0.006952 0.013772 -1.003947
v 0.006871 0.013591 -1.003955
v 0.006904 0.01379 -1.003847
v 0.00682 0.013612 -1.003843
v 0.006905 0.013802 -1.003747
v 0.006818 0.013627 -1.003731
v 0.006944 0.013799 -1.003651
v 0.006867 0.013617 -1.003621
v 0.006953 0.013597 -1.00354
v 0.007023 0.013782 -1.003583
v 0.007064 0.01357 -1.003502
v 0.00712 0.013751 -1.00355
v 0.007222 0.013724 -1.003576
v 0.007175 0.013533 -1.003527
v 0.007298 0.013694 -1.003633
v 0.00727 0.013501 -1.003604
v 0.007318 0.013478 -1.003705
v 0.007346 0.013676 -1.003734
v 0.007323 0.013465 -1.003828
v 0.007346 0.013664 -1.003834
v 0.006728 0.012658 -1.004064
v 0.006795 0.012648 -1.003925
v 0.006682 0.01268 -1.004049
v 0.006536 0.012733 -1.003859
v 0.006618 0.012796 -1.004026
v 0.006492 0.012741 -1.003992
v 0.006401 0.01276 -1.003977
v 0.006331 0.012804 -1.003682
v 0.006491 0.01276 -1.003671
v 0.006332 0.012811 -1.003608
v 0.006372 0.012803 -1.003536
v 0.006983 0.012671 -1.002988
v 0.007028 0.012644 -1.003176
v 0.006728 0.012658 -1.004064
v 0.006714 0.012611 -1.004062
v 0.007062 0.012541 -1.004262
v 0.007048 0.012493 -1.004259
v 0.007328 0.012438 -1.004574
v 0.007314 0.012387 -1.004572
v 0.007488 0.01236 -1.00496
v 0.007473 0.012309 -1.004958
v 0.009115 0.011307 -1.011809
v 0.009098 0.011259 -1.011795
v 0.007488 0.01236 -1.00496
v 0.007636 0.012335 -1.00474
v 0.007328 0.012438 -1.004574
v 0.007485 0.012432 -1.004091
v 0.007062 0.012541 -1.004262
v 0.007216 0.012526 -1.003904
v 0.006945 0.012603 -1.00399
v 0.006728 0.012658 -1.004064
v 0.006795 0.012648 -1.003925
v 0.006536 0.012733 -1.003859
v 0.006795 0.012648 -1.003925
v 0.006491 0.01276 -1.003671
v 0.007028 0.012644 -1.003176
v 0.006945 0.012603 -1.00399
v 0.007216 0.012526 -1.003904
v 0.007485 0.012432 -1.004091
v 0.007471 0.012385 -1.004089
v 0.00733 0.012472 -1.0035
v 0.007201 0.012475 -1.003902
v 0.007165 0.012533 -1.003388
v 0.006928 0.01255 -1.003976
v 0.006778 0.012599 -1.003911
v 0.007097 0.012574 -1.003105
v 0.006477 0.012713 -1.003668
v 0.006521 0.012682 -1.003857
v 0.006974 0.013489 -1.004126
v 0.007311 0.013373 -1.004335
v 0.006991 0.013538 -1.004139
v 0.007325 0.013421 -1.004337
v 0.007577 0.013267 -1.004648
v 0.007587 0.013319 -1.004651
v 0.007732 0.013189 -1.005035
v 0.007746 0.01324 -1.005037
v 0.009356 0.012139 -1.011872
v 0.00937 0.012186 -1.011874
v 0.00937 0.012186 -1.011874
v 0.007746 0.01324 -1.005037
v 0.009563 0.012135 -1.011818
v 0.007899 0.013215 -1.004816
v 0.007587 0.013319 -1.004651
v 0.007744 0.013316 -1.004167
v 0.007325 0.013421 -1.004337
v 0.007474 0.013406 -1.003981
v 0.007205 0.013481 -1.004054
v 0.006991 0.013538 -1.004139
v 0.007056 0.013531 -1.003988
v 0.006777 0.013565 -1.003922
v 0.006735 0.013593 -1.003745
v 0.007041 0.013484 -1.003986
v 0.007269 0.013475 -1.003239
v 0.007191 0.01343 -1.004052
v 0.007465 0.013359 -1.003977
v 0.007727 0.013263 -1.004154
v 0.007744 0.013316 -1.004167
v 0.007603 0.013404 -1.003578
v 0.007474 0.013406 -1.003981
v 0.007438 0.013461 -1.003467
v 0.007205 0.013481 -1.004054
v 0.007056 0.013531 -1.003988
v 0.007375 0.013506 -1.003183
v 0.006749 0.013641 -1.003747
v 0.006794 0.013613 -1.003936
v 0.00677 0.012936 -1.003477
v 0.006759 0.012943 -1.003491
v 0.006769 0.012927 -1.003478
v 0.006707 0.012762 -1.003479
v 0.00682 0.012887 -1.00342
v 0.006708 0.012752 -1.003467
v 0.006831 0.01288 -1.003406
v 0.006854 0.012722 -1.003335
v 0.006882 0.012839 -1.003349
v 0.006946 0.012793 -1.003289
v 0.006895 0.012834 -1.003346
v 0.006896 0.012842 -1.003345
v 0.006885 0.012849 -1.003359
v 0.006831 0.012888 -1.003405
v 0.006821 0.012895 -1.003419
v 0.007003 0.012687 -1.003201
v 0.007018 0.012747 -1.003202
v 0.006946 0.012802 -1.003288
v 0.006883 0.013328 -1.003507
v 0.006872 0.013322 -1.003523
v 0.006888 0.013336 -1.003504
v 0.006925 0.013507 -1.003534
v 0.006957 0.013348 -1.00346
v 0.006934 0.013511 -1.003531
v 0.006968 0.01335 -1.003445
v 0.007079 0.013481 -1.003399
v 0.007036 0.013362 -1.003401
v 0.00712 0.01338 -1.00334
v 0.007052 0.013368 -1.003384
v 0.007047 0.01336 -1.003386
v 0.007032 0.013352 -1.003391
v 0.006967 0.013342 -1.003446
v 0.006952 0.01334 -1.003463
v 0.007225 0.013447 -1.003267
v 0.00721 0.013387 -1.003266
v 0.007112 0.01337 -1.003331
v 0.006868 0.012462 -1.001472
v 0.006877 0.012453 -1.001532
v 0.006859 0.012579 -1.001533
v 0.006868 0.012566 -1.001594
v 0.006508 0.012717 -1.001963
v 0.006559 0.012695 -1.001978
v 0.006463 0.012703 -1.002002
v 0.006477 0.012693 -1.002061
v 0.006444 0.012656 -1.002001
v 0.006458 0.012642 -1.00206
v 0.00649 0.012438 -1.001943
v 0.006476 0.012448 -1.001884
v 0.006507 0.012402 -1.001906
v 0.006493 0.012412 -1.001847
v 0.006544 0.01239 -1.001861
v 0.00653 0.012404 -1.001802
v 0.006877 0.012453 -1.001532
v 0.006868 0.012462 -1.001472
v 0.006669 0.012537 -1.002915
v 0.006655 0.012486 -1.002913
v 0.006734 0.01254 -1.002959
v 0.006799 0.012504 -1.002996
v 0.006721 0.012248 -1.002964
v 0.006852 0.01248 -1.002998
v 0.00676 0.012198 -1.00296
v 0.006879 0.012468 -1.002955
v 0.0068 0.012195 -1.002925
v 0.007007 0.012449 -1.002187
v 0.006999 0.01235 -1.002067
v 0.006837 0.01257 -1.001859
v 0.006742 0.012613 -1.001916
v 0.006893 0.012757 -1.001882
v 0.006794 0.012781 -1.001929
v 0.006924 0.012804 -1.001954
v 0.006815 0.012817 -1.001981
v 0.00695 0.012774 -1.002086
v 0.006842 0.012786 -1.0021
v 0.006838 0.01253 -1.002343
v 0.006947 0.012482 -1.002346
v 0.010482 0.011277 -1.007522
v 0.013919 0.010546 -1.004134
v 0.010483 0.011368 -1.007436
v 0.014084 0.010609 -1.003873
v 0.010577 0.011692 -1.007468
v 0.014177 0.010929 -1.003906
v 0.014272 0.011247 -1.003926
v 0.010672 0.012019 -1.007487
v 0.014154 0.011352 -1.004201
v 0.010722 0.012079 -1.007589
v 0.011058 0.010968 -1.009598
v 0.014403 0.010023 -1.006348
v 0.011166 0.011336 -1.009633
v 0.014915 0.010527 -1.006075
v 0.014744 0.009946 -1.006035
v 0.014913 0.010121 -1.005771
v 0.015027 0.010518 -1.005801
v 0.011273 0.011707 -1.009667
v 0.01475 0.01118 -1.006451
v 0.011166 0.011336 -1.009633
v 0.014915 0.010527 -1.006075
v 0.015089 0.01111 -1.006126
v 0.015148 0.010915 -1.005841
v 0.015027 0.010518 -1.005801
v 0.015142 0.010917 -1.005817
v 0.014907 0.010127 -1.005747
v 0.015295 0.010867 -1.005857
v 0.015068 0.010075 -1.005798
v 0.016372 0.010622 -1.004845
v 0.016146 0.009859 -1.004781
v 0.016417 0.010621 -1.004673
v 0.016191 0.009858 -1.00461
v 0.016195 0.01076 -1.003804
v 0.015969 0.009996 -1.003741
v 0.016099 0.010801 -1.003664
v 0.015873 0.010037 -1.003601
v 0.015508 0.011 -1.003351
v 0.015282 0.010237 -1.003288
v 0.014716 0.011212 -1.00358
v 0.01449 0.010449 -1.003517
v 0.014634 0.011225 -1.003736
v 0.014408 0.010462 -1.003672
v 0.014907 0.010127 -1.005747
v 0.015142 0.010917 -1.005817
v 0.013195 0.00981 -1.016757
v 0.013093 0.009331 -1.016661
v 0.012477 0.009941 -1.016953
v 0.012302 0.009804 -1.016967
v 0.010904 0.009925 -1.017269
v 0.011466 0.010033 -1.017207
v 0.011386 0.010233 -1.017251
v 0.010888 0.010219 -1.017322
v 0.010861 0.010449 -1.01741
v 0.010609 0.010389 -1.017422
v 0.01074 0.010803 -1.017494
v 0.0109 0.010763 -1.017445
v 0.010609 0.010389 -1.017422
v 0.009591 0.010993 -1.013199
v 0.010888 0.010219 -1.017322
v 0.009843 0.010842 -1.013103
v 0.010904 0.009925 -1.017269
v 0.009862 0.010542 -1.013064
v 0.013195 0.00981 -1.016757
v 0.013285 0.010112 -1.01678
v 0.012477 0.009941 -1.016953
v 0.012506 0.01034 -1.01682
v 0.012302 0.009804 -1.016967
v 0.011519 0.010611 -1.017093
v 0.011466 0.010033 -1.017207
v 0.011386 0.010233 -1.017251
v 0.010861 0.010449 -1.01741
v 0.013378 0.010419 -1.016815
v 0.013549 0.010888 -1.016795
v 0.012693 0.010669 -1.017011
v 0.012618 0.010873 -1.017054
v 0.01136 0.011479 -1.017404
v 0.011777 0.011102 -1.017294
v 0.011605 0.010967 -1.01732
v 0.011189 0.011236 -1.017406
v 0.01104 0.011048 -1.017458
v 0.010858 0.011238 -1.017493
v 0.01074 0.010803 -1.017494
v 0.0109 0.010763 -1.017445
v 0.013378 0.010419 -1.016815
v 0.013285 0.010112 -1.01678
v 0.012693 0.010669 -1.017011
v 0.012506 0.01034 -1.01682
v 0.012618 0.010873 -1.017054
v 0.011519 0.010611 -1.017093
v 0.011777 0.011102 -1.017294
v 0.011605 0.010967 -1.01732
v 0.01104 0.011048 -1.017458
v 0.012352 0.012016 -1.006125
v 0.01099 0.012334 -1.007129
v 0.011955 0.010671 -1.006021
v 0.010591 0.010992 -1.007014
v 0.010997 0.012455 -1.005637
v 0.0106 0.011115 -1.005533
v 0.010263 0.01281 -1.003989
v 0.009867 0.011466 -1.003886
v 0.010221 0.012843 -1.003751
v 0.009829 0.011498 -1.003646
v 0.010343 0.012815 -1.003624
v 0.009947 0.011475 -1.00352
v 0.010436 0.011342 -1.003384
v 0.010832 0.012682 -1.003488
v 0.008546 0.012798 -0.994254
v 0.008491 0.012792 -0.994072
v 0.007856 0.012944 -0.994478
v 0.006653 0.013292 -0.994588
v 0.007549 0.013032 -0.994571
v 0.007044 0.013102 -0.995481
v 0.006857 0.01316 -0.995461
v 0.006608 0.013677 -0.994944
v 0.006706 0.013603 -0.995456
v 0.006093 0.013746 -0.99593
v 0.006993 0.014452 -0.994681
v 0.006735 0.014104 -0.994978
v 0.006823 0.013875 -0.994641
v 0.006608 0.013677 -0.994944
v 0.00622 0.014177 -0.995964
v 0.006093 0.013746 -0.99593
v 0.006151 0.01371 -0.996153
v 0.006277 0.014139 -0.9962
v 0.006151 0.01371 -0.996153
v 0.006277 0.014139 -0.9962
v 0.006784 0.013498 -0.995719
v 0.006943 0.014038 -0.995768
v 0.007296 0.013386 -0.995981
v 0.007423 0.013817 -0.996014
v 0.00868 0.013108 -0.994449
v 0.008807 0.013535 -0.994483
v 0.007055 0.013029 -1.001018
v 0.007963 0.012783 -1.000775
v 0.007091 0.013089 -1.001025
v 0.007181 0.013403 -1.001047
v 0.008091 0.013227 -1.000807
v 0.007186 0.01347 -1.001062
v 0.007555 0.013558 -1.002207
v 0.007268 0.012579 -1.002126
v 0.007313 0.013418 -1.002694
v 0.007116 0.012753 -1.002635
v 0.007464 0.013479 -1.003175
v 0.007191 0.012543 -1.003097
v 0.009306 0.011175 -1.012009
v 0.009584 0.012111 -1.012086
v 0.007198 0.013121 -1.002296
v 0.007153 0.01296 -1.002304
v 0.007093 0.013151 -1.002295
v 0.007042 0.012986 -1.002305
v 0.007127 0.012819 -1.002734
v 0.007021 0.012849 -1.002733
v 0.007 0.012735 -1.002803
v 0.007101 0.012713 -1.002804
v 0.007089 0.01265 -1.003147
v 0.006997 0.012663 -1.003182
v 0.007623 0.013235 -1.004898
v 0.007852 0.013193 -1.004831
v 0.007248 0.013476 -1.00333
v 0.007478 0.013439 -1.003263
v 0.00724 0.013541 -1.003238
v 0.007461 0.013482 -1.003163
v 0.007239 0.013528 -1.002871
v 0.007362 0.013537 -1.00285
v 0.007234 0.01354 -1.002613
v 0.007523 0.013538 -1.002206
v 0.007228 0.013548 -1.002331
v 0.007201 0.013481 -1.002248
v 0.007488 0.013476 -1.002125
v 0.007372 0.013087 -1.002082
v 0.007108 0.013157 -1.002216
v 0.007198 0.013121 -1.002296
v 0.007248 0.013278 -1.002324
v 0.007093 0.013151 -1.002295
v 0.007141 0.013315 -1.002335
v 0.007283 0.013344 -1.002773
v 0.007173 0.013375 -1.002773
v 0.007217 0.013472 -1.00286
v 0.007313 0.013433 -1.002864
v 0.007319 0.01344 -1.003218
v 0.007237 0.013474 -1.003248
v 0.011511 0.012031 -1.000113
v 0.012116 0.011868 -0.999926
v 0.012064 0.012306 -1.000043
v 0.012886 0.012068 -1.000681
v 0.012809 0.011598 -1.000725
v 0.012033 0.011349 -1.000543
v 0.012259 0.012242 -1.000602
v 0.011568 0.011487 -1.000537
v 0.011864 0.012358 -1.000592
v 0.011747 0.011456 -1.000285
v 0.012014 0.012332 -1.000397
v 0.012259 0.012242 -1.000602
v 0.012033 0.011349 -1.000543
v 0.008746 0.01332 -0.994466
v 0.008572 0.012741 -0.994414
v 0.008935 0.013283 -0.994237
v 0.008761 0.012704 -0.994185
v 0.008873 0.013322 -0.993977
v 0.008699 0.012744 -0.993926
v 0.008661 0.013397 -0.993851
v 0.008492 0.012814 -0.993799
v 0.007953 0.012959 -0.993946
v 0.008122 0.013542 -0.993999
v 0.007831 0.012987 -0.994073
v 0.008004 0.013565 -0.994125
v 0.007072 0.013819 -0.994386
v 0.006903 0.01324 -0.994333
v 0.006803 0.013364 -0.99438
v 0.006945 0.013855 -0.994414
v 0.006945 0.013855 -0.994414
v 0.00709 0.014343 -0.994461
v 0.006823 0.013875 -0.994641
v 0.006993 0.014452 -0.994681
v 0.007246 0.014401 -0.994437
v 0.008423 0.014065 -0.994282
v 0.008173 0.014148 -0.994177
v 0.008296 0.014125 -0.99405
v 0.008832 0.013978 -0.993891
v 0.008835 0.013951 -0.994164
v 0.009046 0.013905 -0.994029
v 0.009105 0.013864 -0.994277
v 0.008916 0.013901 -0.994506
v 0.010607 0.01195 -1.004256
v 0.010635 0.011947 -1.004212
v 0.010438 0.012006 -1.00417
v 0.010448 0.012017 -1.004068
v 0.010248 0.012069 -1.004151
v 0.010273 0.012075 -1.003959
v 0.010036 0.012139 -1.004025
v 0.010055 0.01212 -1.004207
v 0.013499 0.009954 -1.017937
v 0.013543 0.010108 -1.017942
v 0.013191 0.010155 -1.016627
v 0.013238 0.010311 -1.016644
v 0.013479 0.010224 -1.017944
v 0.01318 0.010417 -1.01667
v 0.012906 0.010399 -1.017887
v 0.01265 0.010561 -1.016815
v 0.012791 0.010342 -1.017876
v 0.012543 0.010501 -1.016839
v 0.012745 0.010186 -1.017859
v 0.012497 0.010345 -1.016822
v 0.013543 0.010108 -1.017942
v 0.013479 0.010224 -1.017944
v 0.013499 0.009954 -1.017937
v 0.012745 0.010186 -1.017859
v 0.012906 0.010399 -1.017887
v 0.012791 0.010342 -1.017876
v 0.013432 0.010757 -1.015614
v 0.013057 0.010992 -1.015743
v 0.012932 0.011083 -1.013503
v 0.012686 0.011303 -1.013331
v 0.01242 0.011406 -1.013055
v 0.012526 0.01141 -1.012658
v 0.011887 0.011747 -1.010828
v 0.012656 0.011261 -1.012349
v 0.012307 0.011485 -1.010887
v 0.01227 0.01172 -1.009847
v 0.012509 0.011502 -1.009972
v 0.012991 0.011218 -1.008887
v 0.012915 0.011644 -1.008483
v 0.008512 0.013884 -0.999481
v 0.008158 0.014005 -0.9993
v 0.008022 0.012215 -0.999345
v 0.007665 0.012335 -0.999153
v 0.007976 0.014049 -0.999342
v 0.007486 0.012381 -0.999206
v 0.008566 0.013681 -1.001729
v 0.008073 0.012011 -1.001583
v 0.011036 0.012457 -1.00704
v 0.010991 0.012516 -1.006491
v 0.01055 0.012678 -1.006143
v 0.010945 0.01258 -1.005917
v 0.009995 0.012973 -1.005145
v 0.009837 0.013128 -1.003864
v 0.009504 0.0132 -1.004114
v 0.008915 0.013491 -1.002731
v 0.009272 0.013434 -1.002141
v 0.008566 0.013681 -1.001729
v 0.009026 0.013564 -1.001513
v 0.007976 0.014049 -0.999342
v 0.008158 0.014005 -0.9993
v 0.008512 0.013884 -0.999481
v 0.009802 0.013173 -1.003437
v 0.010331 0.012896 -1.003395
v 0.010011 0.013065 -1.003507
v 0.00992 0.013112 -1.003598
v 0.00992 0.01311 -1.003734
v 0.010474 0.012856 -1.004813
v 0.010917 0.012618 -1.005539
v 0.010314 0.012843 -1.003382
v 0.009973 0.012935 -1.003496
v 0.010331 0.012896 -1.003395
v 0.010011 0.013065 -1.003507
v 0.009877 0.012958 -1.003592
v 0.00992 0.013112 -1.003598
v 0.009873 0.012946 -1.003718
v 0.00992 0.01311 -1.003734
v 0.010474 0.012856 -1.004813
v 0.010428 0.012696 -1.004797
v 0.010917 0.012618 -1.005539
v 0.01087 0.012462 -1.005522
v 0.013418 0.011641 -1.015872
v 0.013047 0.011841 -1.014567
v 0.013207 0.010942 -1.015809
v 0.012845 0.011164 -1.014511
v 0.012723 0.011999 -1.013403
v 0.012534 0.011352 -1.013352
v 0.012274 0.011522 -1.012206
v 0.012468 0.012173 -1.012256
v 0.012161 0.011607 -1.011573
v 0.012367 0.012306 -1.011638
v 0.011447 0.011944 -1.010083
v 0.011724 0.012879 -1.01016
v 0.011543 0.011948 -1.009688
v 0.01183 0.01291 -1.009772
v 0.011594 0.011969 -1.009242
v 0.011882 0.012948 -1.009323
v 0.011864 0.012996 -1.008769
v 0.011577 0.012021 -1.008687
v 0.011715 0.013051 -1.0081
v 0.011441 0.012115 -1.008022
v 0.011381 0.013113 -1.007356
v 0.011132 0.012271 -1.007284
v 0.010503 0.013181 -1.00587
v 0.01034 0.012628 -1.005812
v 0.00979 0.013231 -1.004637
v 0.0097 0.012916 -1.004615
v 0.009146 0.013494 -1.003199
v 0.009065 0.013223 -1.003181
v 0.008831 0.013342 -1.002601
v 0.008921 0.013644 -1.002624
v 0.008711 0.013781 -1.001998
v 0.008543 0.013366 -1.001973
v 0.012773 0.011294 -1.017082
v 0.012667 0.011409 -1.017131
v 0.01273 0.011152 -1.017075
v 0.012511 0.011401 -1.017174
v 0.011286 0.011603 -1.017555
v 0.011433 0.011755 -1.017546
v 0.005794 0.013375 -0.996204
v 0.005915 0.013773 -0.996244
v 0.005858 0.013141 -0.995972
v 0.006391 0.013702 -0.995415
v 0.006202 0.01306 -0.995363
v 0.006879 0.012928 -0.995449
v 0.007045 0.013501 -0.995491
v 0.007022 0.01292 -0.995375
v 0.007182 0.013468 -0.995422
v 0.00753 0.012962 -0.994561
v 0.007658 0.013393 -0.994594
v 0.007892 0.012928 -0.99447
v 0.008 0.013304 -0.994504
v 0.007948 0.012906 -0.994606
v 0.008058 0.013275 -0.994627
v 0.007722 0.013316 -0.995325
v 0.007591 0.012862 -0.995282
v 0.00745 0.013321 -0.996244
v 0.00729 0.012785 -0.996195
v 0.007306 0.013283 -0.997183
v 0.007132 0.012688 -0.997134
v 0.007309 0.013245 -0.997617
v 0.007126 0.012572 -0.998084
v 0.007225 0.012923 -0.997914
v 0.007372 0.012783 -0.999049
v 0.007273 0.012438 -0.999022
v 0.007809 0.012093 -1.001285
v 0.007913 0.012438 -1.001311
v 0.006752 0.013567 -0.995707
v 0.006334 0.01368 -0.995876
v 0.006915 0.013516 -0.995769
v 0.006166 0.013704 -0.996175
v 0.00692 0.013352 -0.99773
v 0.006563 0.013449 -0.997836
v 0.006865 0.013018 -0.998009
v 0.006544 0.013108 -0.998106
v 0.007146 0.012816 -0.999485
v 0.00705 0.012819 -0.999744
v 0.007238 0.012655 -1.00103
v 0.007341 0.012634 -1.000981
v 0.007913 0.012438 -1.001311
v 0.007947 0.012413 -1.001453
v 0.008127 0.01373 -0.994538
v 0.008185 0.013702 -0.994662
v 0.00778 0.013824 -0.994629
v 0.00785 0.013743 -0.995359
v 0.007309 0.013894 -0.995457
v 0.007172 0.013928 -0.995525
v 0.007572 0.013752 -0.996279
v 0.007043 0.013947 -0.995803
v 0.007433 0.01371 -0.997218
v 0.006882 0.013999 -0.995752
v 0.006518 0.014129 -0.99545
v 0.006461 0.014106 -0.99591
v 0.006042 0.0142 -0.996278
v 0.006293 0.014135 -0.996208
v 0.00669 0.01388 -0.99787
v 0.006434 0.013945 -0.997941
v 0.006594 0.014195 -0.99826
v 0.006846 0.01413 -0.99819
v 0.007539 0.013677 -1.001114
v 0.007561 0.01357 -1.002327
v 0.008248 0.013435 -1.001537
v 0.008376 0.013348 -1.002093
v 0.007047 0.013779 -0.997765
v 0.007437 0.013676 -0.997651
v 0.007526 0.013941 -0.997999
v 0.007165 0.014042 -0.998105
v 0.007673 0.013805 -0.999133
v 0.007448 0.013834 -0.99957
v 0.007643 0.013652 -1.001066
v 0.007351 0.01384 -0.999828
v 0.008214 0.013456 -1.001396
v 0.008239 0.014106 -0.994571
v 0.007911 0.014261 -0.994674
v 0.008293 0.014073 -0.994696
v 0.007985 0.014196 -0.9954
v 0.007469 0.014442 -0.995504
v 0.007345 0.014502 -0.995578
v 0.007729 0.014282 -0.996317
v 0.007217 0.014551 -0.995851
v 0.007067 0.014623 -0.995795
v 0.006707 0.014772 -0.995502
v 0.006649 0.014749 -0.995962
v 0.006347 0.014797 -0.996109
v 0.006473 0.014755 -0.996253
v 0.006944 0.014454 -0.998221
v 0.006156 0.0146 -0.996307
v 0.006594 0.014195 -0.99826
v 0.006434 0.013945 -0.997941
v 0.006042 0.0142 -0.996278
v 0.007638 0.014005 -1.001145
v 0.007561 0.01357 -1.002327
v 0.008024 0.013732 -1.002983
v 0.007945 0.01336 -1.0039
v 0.008278 0.013568 -1.004044
v 0.008347 0.013776 -1.001566
v 0.008646 0.013588 -1.002814
v 0.007192 0.014472 -0.997392
v 0.007607 0.014305 -0.997267
v 0.007625 0.014263 -0.998227
v 0.007291 0.014366 -0.998326
v 0.007777 0.014145 -0.99916
v 0.007551 0.014183 -0.999596
v 0.007742 0.013993 -1.001094
v 0.00745 0.014181 -0.999856
v 0.008313 0.013801 -1.001424
v 0.006882 0.013999 -0.995752
v 0.006461 0.014106 -0.99591
v 0.007043 0.013947 -0.995803
v 0.006293 0.014135 -0.996208
v 0.007047 0.013779 -0.997765
v 0.00669 0.01388 -0.99787
v 0.007165 0.014042 -0.998105
v 0.006846 0.01413 -0.99819
v 0.007448 0.013834 -0.99957
v 0.007351 0.01384 -0.999828
v 0.007539 0.013677 -1.001114
v 0.007643 0.013652 -1.001066
v 0.008214 0.013456 -1.001396
v 0.008248 0.013435 -1.001537
v 0.007067 0.014623 -0.995795
v 0.007217 0.014551 -0.995851
v 0.006649 0.014749 -0.995962
v 0.006473 0.014755 -0.996253
v 0.007192 0.014472 -0.997392
v 0.006944 0.014454 -0.998221
v 0.007291 0.014366 -0.998326
v 0.007551 0.014183 -0.999596
v 0.00745 0.014181 -0.999856
v 0.007638 0.014005 -1.001145
v 0.007742 0.013993 -1.001094
v 0.008313 0.013801 -1.001424
v 0.008347 0.013776 -1.001566
v 0.012736 0.010166 -1.018085
v 0.012632 0.009822 -1.018058
v 0.01246 0.010345 -1.01693
v 0.012361 0.01 -1.016902
v 0.012492 0.009751 -1.018031
v 0.012219 0.009926 -1.016887
v 0.011749 0.009975 -1.017963
v 0.011478 0.010153 -1.016807
v 0.01167 0.010112 -1.017954
v 0.011397 0.010291 -1.01681
v 0.011501 0.010636 -1.016837
v 0.011772 0.010462 -1.017992
v 0.01181 0.010103 -1.017967
v 0.012507 0.009891 -1.018045
v 0.012445 0.009926 -1.017787
v 0.01254 0.010249 -1.017806
v 0.012605 0.010206 -1.018077
v 0.012736 0.010166 -1.018085
v 0.01246 0.010345 -1.01693
v 0.01284 0.010515 -1.018111
v 0.012564 0.010693 -1.016956
v 0.012759 0.010654 -1.018114
v 0.012483 0.010832 -1.016959
v 0.012018 0.01088 -1.018034
v 0.011745 0.011055 -1.016891
v 0.011876 0.010807 -1.018019
v 0.0116 0.010985 -1.016864
v 0.011501 0.010636 -1.016837
v 0.011772 0.010462 -1.017992
v 0.011561 0.010571 -1.017407
v 0.011533 0.010605 -1.017091
v 0.011519 0.010419 -1.017389
v 0.011485 0.010433 -1.017076
v 0.01134 0.010318 -1.017412
v 0.011278 0.010313 -1.017109
v 0.010963 0.010396 -1.017193
v 0.011069 0.010395 -1.017497
v 0.010854 0.0106 -1.017257
v 0.010976 0.010565 -1.017537
v 0.010906 0.010777 -1.01727
v 0.011022 0.010716 -1.017554
v 0.011068 0.010872 -1.017571
v 0.011022 0.010716 -1.017554
v 0.01124 0.010972 -1.017538
v 0.011513 0.010897 -1.017463
v 0.011561 0.010571 -1.017407
v 0.011604 0.010721 -1.017413
v 0.01212 0.011376 -1.005801
v 0.012332 0.012105 -1.005861
v 0.011998 0.011418 -1.005754
v 0.012244 0.012245 -1.005816
v 0.011579 0.011523 -1.005961
v 0.011823 0.012352 -1.006036
v 0.011235 0.011599 -1.006263
v 0.011479 0.012428 -1.006337
v 0.011048 0.011639 -1.006479
v 0.011289 0.012466 -1.006542
v 0.011256 0.012245 -1.007046
v 0.011303 0.012418 -1.007061
v 0.011062 0.01159 -1.006997
v 0.011796 0.011955 -1.010862
v 0.011909 0.011972 -1.010314
v 0.011744 0.011783 -1.010849
v 0.011854 0.011798 -1.01029
v 0.01221 0.011952 -1.009476
v 0.012158 0.011779 -1.009463
v 0.012584 0.011726 -1.008584
v 0.012636 0.011898 -1.008597
v 0.012106 0.012102 -1.008058
v 0.012054 0.011925 -1.008046
v 0.011739 0.012243 -1.007682
v 0.011687 0.012066 -1.007669
v 0.011256 0.012245 -1.007046
v 0.011303 0.012418 -1.007061
v 0.01212 0.011376 -1.005801
v 0.011908 0.010651 -1.005742
v 0.011998 0.011418 -1.005754
v 0.011754 0.010585 -1.00568
v 0.011579 0.011523 -1.005961
v 0.011333 0.010692 -1.005899
v 0.011235 0.011599 -1.006263
v 0.01099 0.010768 -1.006201
v 0.011048 0.011639 -1.006479
v 0.010799 0.010806 -1.006406
v 0.010865 0.010934 -1.006937
v 0.010818 0.010757 -1.006923
v 0.011062 0.01159 -1.006997
v 0.011306 0.010295 -1.010726
v 0.011416 0.01031 -1.010167
v 0.011353 0.010472 -1.01074
v 0.011468 0.010483 -1.01018
v 0.011721 0.010291 -1.009339
v 0.011772 0.010464 -1.009353
v 0.012198 0.01041 -1.008474
v 0.012146 0.010238 -1.00846
v 0.011616 0.010442 -1.007922
v 0.011668 0.010614 -1.007935
v 0.011249 0.010583 -1.007545
v 0.011301 0.010755 -1.007559
v 0.010865 0.010934 -1.006937
v 0.010818 0.010757 -1.006923
v 0.008595 0.011627 -1.003044
v 0.00808 0.011862 -1.001698
v 0.008396 0.011556 -1.003093
v 0.007914 0.011815 -1.001736
v 0.007487 0.012235 -0.999336
v 0.007279 0.012219 -0.999159
v 0.007489 0.01224 -0.999224
v 0.0075 0.012259 -0.998776
v 0.007593 0.012237 -0.999172
v 0.0072 0.012267 -0.998829
v 0.008396 0.011556 -1.003093
v 0.008595 0.011627 -1.003044
v 0.009017 0.011171 -1.004516
v 0.009216 0.011273 -1.004475
v 0.009597 0.010643 -1.00571
v 0.009784 0.010744 -1.00566
v 0.010311 0.009972 -1.007133
v 0.010491 0.010098 -1.007106
v 0.010606 0.009698 -1.007828
v 0.010773 0.009856 -1.007838
v 0.010737 0.00955 -1.008477
v 0.010895 0.009717 -1.008487
v 0.010742 0.00951 -1.009267
v 0.010892 0.009659 -1.00927
v 0.010631 0.009581 -1.009914
v 0.010768 0.009682 -1.009938
v 0.010434 0.009713 -1.011091
v 0.010287 0.009658 -1.011051
v 0.007298 0.012309 -1.003038
v 0.007327 0.012368 -1.003035
v 0.007322 0.012282 -1.003588
v 0.007356 0.012336 -1.003646
v 0.007671 0.012057 -1.005049
v 0.007694 0.012118 -1.00506
v 0.007993 0.01186 -1.006391
v 0.008008 0.011916 -1.006393
v 0.008454 0.011646 -1.008178
v 0.00843 0.011588 -1.008217
v 0.0087 0.011502 -1.009165
v 0.008652 0.011445 -1.009148
v 0.008636 0.011454 -1.009237
v 0.008682 0.011513 -1.009242
v 0.008616 0.011556 -1.009278
v 0.008571 0.011501 -1.009272
v 0.008517 0.011616 -1.009272
v 0.008471 0.011561 -1.009266
v 0.008657 0.011442 -1.010044
v 0.009097 0.011224 -1.011824
v 0.00871 0.011498 -1.01006
v 0.009135 0.011234 -1.011814
v 0.009207 0.011313 -1.011821
v 0.01077 0.009832 -1.01739
v 0.010609 0.009793 -1.017425
v 0.010831 0.009532 -1.017339
v 0.010671 0.009491 -1.017362
v 0.010672 0.008604 -1.015399
v 0.010512 0.008565 -1.015434
v 0.010644 0.008615 -1.015283
v 0.010488 0.008575 -1.015316
v 0.010404 0.009072 -1.014647
v 0.010248 0.009033 -1.014681
v 0.010179 0.009401 -1.013779
v 0.010016 0.009363 -1.01379
v 0.010101 0.009622 -1.012444
v 0.009944 0.009587 -1.012416
v 0.010287 0.009658 -1.011051
v 0.010434 0.009713 -1.011091
v 0.009962 0.01047 -1.015001
v 0.010169 0.010229 -1.014892
v 0.010013 0.010189 -1.014925
v 0.010471 0.010038 -1.016152
v 0.010314 0.009999 -1.016186
v 0.010609 0.009793 -1.017425
v 0.01077 0.009832 -1.01739
v 0.010683 0.010083 -1.016902
v 0.010848 0.010063 -1.017488
v 0.010441 0.010164 -1.016967
v 0.010695 0.010094 -1.017782
v 0.010415 0.010409 -1.017016
v 0.01065 0.010259 -1.018018
v 0.010761 0.010338 -1.018003
v 0.010521 0.010489 -1.017002
v 0.010874 0.010722 -1.018035
v 0.010637 0.010874 -1.017045
v 0.009073 0.011215 -1.010136
v 0.008803 0.011345 -1.009097
v 0.009229 0.01121 -1.009997
v 0.00882 0.011472 -1.008289
v 0.00862 0.011461 -1.008331
v 0.009146 0.013494 -1.003199
v 0.008648 0.013778 -1.001867
v 0.009016 0.013649 -1.003274
v 0.008531 0.013906 -1.001906
v 0.008057 0.014153 -0.999492
v 0.007896 0.014306 -0.99933
v 0.008054 0.014164 -0.99938
v 0.008074 0.014212 -0.998939
v 0.008152 0.014114 -0.999337
v 0.007817 0.014358 -0.998999
v 0.01118 0.011724 -1.017579
v 0.010874 0.011905 -1.016346
v 0.011396 0.01195 -1.017567
v 0.011853 0.013102 -1.015812
v 0.010578 0.012099 -1.015084
v 0.011829 0.013121 -1.015693
v 0.01141 0.01297 -1.015011
v 0.011075 0.012956 -1.014093
v 0.010292 0.012191 -1.014016
v 0.010958 0.013021 -1.012714
v 0.010309 0.0123 -1.012474
v 0.010464 0.012356 -1.011725
v 0.011267 0.012987 -1.011323
v 0.010647 0.012435 -1.011065
v 0.011136 0.012782 -1.010191
v 0.011651 0.013041 -1.010207
v 0.011422 0.013003 -1.009559
v 0.011811 0.013137 -1.009563
v 0.011551 0.013151 -1.008781
v 0.011819 0.013225 -1.008788
v 0.011663 0.01327 -1.008134
v 0.011451 0.013213 -1.008148
v 0.011294 0.013315 -1.007414
v 0.011121 0.013275 -1.00744
v 0.010678 0.013319 -1.006715
v 0.010397 0.01336 -1.005936
v 0.010238 0.013341 -1.005992
v 0.009827 0.013365 -1.005323
v 0.00968 0.013414 -1.004704
v 0.009472 0.013406 -1.004735
v 0.009099 0.013501 -1.00412
v 0.009016 0.013649 -1.003274
v 0.008754 0.013622 -1.003543
v 0.008398 0.013833 -1.002294
v 0.00805 0.013847 -1.002642
v 0.008237 0.01373 -1.003284
v 0.008046 0.013796 -1.003166
v 0.007795 0.013958 -1.002117
v 0.007915 0.013946 -1.002013
v 0.007829 0.013962 -1.002034
v 0.010377 0.011884 -1.015115
v 0.008531 0.013906 -1.001906
v 0.008353 0.013847 -1.002071
v 0.00832 0.013852 -1.002153
v 0.008238 0.013875 -1.002171
v 0.007709 0.014259 -0.99936
v 0.007896 0.014306 -0.99933
v 0.007817 0.014358 -0.998999
v 0.007663 0.014313 -0.999083
v 0.010108 0.012042 -1.014034
v 0.010135 0.011728 -1.015063
v 0.010856 0.011578 -1.017081
v 0.009962 0.012158 -1.012423
v 0.009901 0.011883 -1.01406
v 0.009388 0.012213 -1.011916
v 0.009945 0.011751 -1.014029
v 0.009433 0.012081 -1.011884
v 0.009832 0.011367 -1.013997
v 0.00932 0.011697 -1.011853
v 0.010185 0.0116 -1.01503
v 0.010072 0.011212 -1.014999
v 0.00945 0.012492 -1.010241
v 0.008982 0.012538 -1.010137
v 0.010797 0.010741 -1.018053
v 0.01091 0.011129 -1.018083
v 0.010865 0.011257 -1.018116
v 0.011062 0.011443 -1.017905
v 0.011244 0.011434 -1.0176
v 0.011111 0.011523 -1.017021
v 0.009016 0.013649 -1.003274
v 0.009146 0.013494 -1.003199
v 0.00968 0.013414 -1.004704
v 0.00979 0.013231 -1.004637
v 0.010397 0.01336 -1.005936
v 0.010503 0.013181 -1.00587
v 0.011294 0.013315 -1.007414
v 0.011381 0.013113 -1.007356
v 0.011663 0.01327 -1.008134
v 0.011715 0.013051 -1.0081
v 0.011819 0.013225 -1.008788
v 0.011864 0.012996 -1.008769
v 0.011811 0.013137 -1.009563
v 0.011855 0.01293 -1.009554
v 0.011651 0.013041 -1.010207
v 0.01171 0.012877 -1.010201
v 0.011361 0.012857 -1.011351
v 0.011267 0.012987 -1.011323
v 0.007685 0.013629 -1.003147
v 0.007676 0.013562 -1.003133
v 0.007698 0.013554 -1.003694
v 0.007694 0.013479 -1.003741
v 0.008048 0.013325 -1.005156
v 0.008028 0.013266 -1.005156
v 0.008361 0.01311 -1.00649
v 0.008346 0.013059 -1.006488
v 0.008787 0.012768 -1.008278
v 0.008793 0.012825 -1.008318
v 0.009025 0.012606 -1.009256
v 0.009018 0.01268 -1.009261
v 0.00899 0.012666 -1.009331
v 0.009001 0.012593 -1.009338
v 0.008918 0.012587 -1.009361
v 0.00891 0.012657 -1.009366
v 0.008804 0.012591 -1.009353
v 0.008801 0.012665 -1.009357
v 0.010377 0.011884 -1.015115
v 0.010578 0.012099 -1.015084
v 0.010691 0.011989 -1.015044
v 0.010989 0.011793 -1.016293
v 0.010874 0.011905 -1.016346
v 0.01118 0.011724 -1.017579
v 0.011293 0.011613 -1.017539
v 0.011111 0.011523 -1.017021
v 0.011231 0.011364 -1.017588
v 0.010856 0.011578 -1.017081
v 0.011072 0.011375 -1.017886
v 0.010702 0.01138 -1.017098
v 0.010937 0.01123 -1.0181
v 0.010987 0.011106 -1.018066
v 0.01075 0.011262 -1.017076
v 0.010874 0.010722 -1.018035
v 0.010637 0.010874 -1.017045
v 0.011111 0.011523 -1.017021
v 0.011231 0.011364 -1.017588
v 0.011244 0.011434 -1.0176
v 0.011072 0.011375 -1.017886
v 0.011062 0.011443 -1.017905
v 0.010937 0.01123 -1.0181
v 0.010865 0.011257 -1.018116
v 0.01091 0.011129 -1.018083
v 0.010987 0.011106 -1.018066
v 0.010797 0.010741 -1.018053
v 0.010874 0.010722 -1.018035
v 0.008553 0.013112 -1.006476
v 0.00898 0.013227 -1.007062
v 0.008715 0.013004 -1.007173
v 0.00905 0.013036 -1.007597
v 0.009605 0.013195 -1.00802
v 0.009341 0.01302 -1.008039
v 0.009542 0.012999 -1.008357
v 0.009019 0.012803 -1.008446
v 0.008937 0.012858 -1.008104
v 0.009741 0.013144 -1.008286
v 0.010074 0.012812 -1.009348
v 0.010262 0.01296 -1.009267
v 0.010432 0.012719 -1.010003
v 0.010214 0.012571 -1.01008
v 0.010412 0.01261 -1.010268
v 0.010113 0.012497 -1.010226
v 0.010279 0.012525 -1.010412
v 0.00945 0.012492 -1.010241
v 0.009587 0.012435 -1.010102
v 0.009488 0.012095 -1.010074
v 0.009587 0.012435 -1.010102
v 0.009953 0.011949 -1.010179
v 0.010113 0.012497 -1.010226
v 0.010029 0.011939 -1.010038
v 0.010214 0.012571 -1.01008
v 0.009849 0.012057 -1.009283
v 0.010074 0.012812 -1.009348
v 0.009542 0.012999 -1.008357
v 0.009335 0.012291 -1.008294
v 0.009183 0.012697 -1.008392
v 0.009084 0.01236 -1.008363
v 0.009019 0.012803 -1.008446
v 0.011136 0.012782 -1.010191
v 0.01096 0.012428 -1.010074
v 0.010647 0.012435 -1.011065
v 0.010612 0.012319 -1.010966
v 0.010464 0.012356 -1.011725
v 0.007903 0.012915 -1.006426
v 0.007946 0.012757 -1.0063
v 0.007801 0.012977 -1.006003
v 0.00785 0.012817 -1.0059
v 0.007842 0.012408 -1.006274
v 0.007741 0.012474 -1.00585
v 0.007618 0.012347 -1.005948
v 0.007719 0.012285 -1.006371
v 0.008001 0.012848 -1.006839
v 0.008047 0.012696 -1.006724
v 0.007903 0.012915 -1.006426
v 0.007946 0.012757 -1.0063
v 0.007941 0.012345 -1.006687
v 0.007842 0.012408 -1.006274
v 0.007719 0.012285 -1.006371
v 0.007813 0.012218 -1.006786
v 0.009205 0.012072 -1.011896
v 0.009266 0.011904 -1.011864
v 0.008001 0.012848 -1.006839
v 0.008047 0.012696 -1.006724
v 0.009164 0.011554 -1.011826
v 0.007941 0.012345 -1.006687
v 0.007813 0.012218 -1.006786
v 0.009017 0.011442 -1.011842
v 0.009525 0.012045 -1.011815
v 0.009365 0.012103 -1.011862
v 0.008307 0.012835 -1.006699
v 0.008158 0.012909 -1.006741
v 0.008202 0.012905 -1.006238
v 0.008055 0.012976 -1.006292
v 0.007957 0.013043 -1.00588
v 0.008104 0.012968 -1.005826
v 0.007855 0.013104 -1.005456
v 0.008002 0.013034 -1.005402
v 0.007757 0.013172 -1.005043
v 0.007904 0.013097 -1.004989
v 0.00771 0.013192 -1.004868
v 0.007864 0.013123 -1.004824
v 0.007801 0.012977 -1.006003
v 0.007703 0.013044 -1.00559
v 0.007703 0.013044 -1.00559
v 0.007601 0.013106 -1.005166
v 0.007544 0.013145 -1.004906
v 0.007601 0.013106 -1.005166
v 0.007703 0.013044 -1.00559
v 0.007601 0.013106 -1.005166
v 0.007746 0.012886 -1.005463
v 0.007648 0.012953 -1.005051
v 0.007642 0.012537 -1.005437
v 0.007541 0.012603 -1.005013
v 0.007418 0.012475 -1.005111
v 0.007519 0.012414 -1.005535
v 0.007801 0.012977 -1.006003
v 0.00785 0.012817 -1.0059
v 0.007703 0.013044 -1.00559
v 0.007746 0.012886 -1.005463
v 0.007741 0.012474 -1.00585
v 0.007642 0.012537 -1.005437
v 0.007519 0.012414 -1.005535
v 0.007618 0.012347 -1.005948
v 0.006893 0.012757 -1.001882
v 0.006837 0.01257 -1.001859
v 0.006924 0.012804 -1.001954
v 0.00695 0.012774 -1.002086
v 0.006947 0.012482 -1.002346
v 0.007334 0.013711 -1.001901
v 0.00722 0.013751 -1.001963
v 0.007344 0.013673 -1.001879
v 0.007187 0.013737 -1.001973
v 0.007269 0.013557 -1.001889
v 0.007144 0.013591 -1.001966
v 0.007174 0.013448 -1.001916
v 0.007264 0.013295 -1.001838
v 0.00718 0.013268 -1.001864
v 0.00718 0.013014 -1.00181
v 0.007123 0.013079 -1.001854
v 0.007015 0.012921 -1.001866
v 0.007043 0.012785 -1.001827
v 0.006915 0.012813 -1.001894
v 0.006872 0.012672 -1.001886
v 0.007043 0.012647 -1.001795
v 0.007014 0.012623 -1.001806
v 0.006895 0.012638 -1.001872
v 0.006895 0.012638 -1.001872
v 0.006872 0.012672 -1.001886
v 0.006932 0.012606 -1.002051
v 0.006909 0.012639 -1.002065
v 0.006915 0.012813 -1.001894
v 0.006956 0.012791 -1.002082
v 0.00706 0.01293 -1.002062
v 0.007015 0.012921 -1.001866
v 0.007123 0.013079 -1.001854
v 0.007196 0.013396 -1.002101
v 0.00718 0.013268 -1.001864
v 0.007174 0.013448 -1.001916
v 0.007144 0.013591 -1.001966
v 0.007182 0.013562 -1.002145
v 0.007225 0.013708 -1.002151
v 0.007187 0.013737 -1.001973
v 0.007263 0.013731 -1.002138
v 0.00722 0.013751 -1.001963
v 0.007376 0.013686 -1.002078
v 0.007391 0.013648 -1.002054
v 0.007263 0.013731 -1.002138
v 0.007225 0.013708 -1.002151
v 0.007316 0.013528 -1.002065
v 0.007182 0.013562 -1.002145
v 0.007196 0.013396 -1.002101
v 0.007334 0.013348 -1.002022
v 0.007051 0.013219 -1.001658
v 0.007035 0.01316 -1.001694
v 0.007187 0.013174 -1.00169
v 0.007173 0.013132 -1.001723
v 0.006997 0.013091 -1.001897
v 0.007132 0.013065 -1.001915
v 0.00708 0.012936 -1.00208
v 0.006963 0.012947 -1.00206
v 0.007088 0.012977 -1.002159
v 0.006955 0.013005 -1.002165
v 0.007135 0.013149 -1.002173
v 0.006998 0.013191 -1.002179
v 0.007173 0.013132 -1.001723
v 0.007132 0.013065 -1.001915
v 0.007187 0.013174 -1.00169
v 0.007135 0.013149 -1.002173
v 0.00708 0.012936 -1.00208
v 0.007088 0.012977 -1.002159
v 0.006998 0.013191 -1.002179
v 0.007135 0.013149 -1.002173
v 0.007062 0.013368 -1.002201
v 0.007187 0.013326 -1.002186
v 0.0071 0.01343 -1.002097
v 0.007212 0.013375 -1.002112
v 0.007064 0.013319 -1.001912
v 0.007192 0.01326 -1.001935
v 0.007196 0.013218 -1.001731
v 0.007065 0.013275 -1.001696
v 0.007187 0.013174 -1.00169
v 0.007051 0.013219 -1.001658
v 0.006969 0.012628 -1.002985
v 0.006983 0.012671 -1.002988
v 0.006358 0.01276 -1.003533
v 0.006372 0.012803 -1.003536
v 0.006332 0.012811 -1.003608
v 0.006318 0.012768 -1.003604
v 0.006331 0.012804 -1.003682
v 0.006317 0.012761 -1.003679
v 0.006401 0.01276 -1.003977
v 0.006387 0.012713 -1.003974
v 0.006492 0.012741 -1.003992
v 0.006714 0.012611 -1.004062
v 0.006682 0.01268 -1.004049
v 0.006728 0.012658 -1.004064
v 0.006618 0.012796 -1.004026
v 0.006778 0.012599 -1.003911
v 0.006521 0.012682 -1.003857
v 0.006714 0.012611 -1.004062
v 0.006387 0.012713 -1.003974
v 0.006317 0.012761 -1.003679
v 0.006477 0.012713 -1.003668
v 0.006318 0.012768 -1.003604
v 0.006358 0.01276 -1.003533
v 0.006969 0.012628 -1.002985
v 0.007097 0.012574 -1.003105
v 0.007185 0.012665 -1.0028
v 0.00733 0.012472 -1.0035
v 0.007165 0.012533 -1.003388
v 0.007241 0.013551 -1.003065
v 0.006635 0.013683 -1.003612
v 0.007227 0.013508 -1.003061
v 0.006621 0.01364 -1.003609
v 0.006581 0.013648 -1.00368
v 0.006595 0.013691 -1.003683
v 0.00658 0.013641 -1.003755
v 0.006589 0.013684 -1.003759
v 0.006646 0.013598 -1.00405
v 0.00666 0.013641 -1.004053
v 0.006732 0.01356 -1.004057
v 0.006991 0.013538 -1.004139
v 0.006923 0.013503 -1.004113
v 0.006974 0.013489 -1.004126
v 0.006806 0.013443 -1.004077
v 0.007438 0.013461 -1.003467
v 0.007603 0.013404 -1.003578
v 0.007375 0.013506 -1.003183
v 0.007411 0.013429 -1.002864
v 0.007241 0.013551 -1.003065
v 0.006749 0.013641 -1.003747
v 0.006635 0.013683 -1.003612
v 0.006595 0.013691 -1.003683
v 0.006589 0.013684 -1.003759
v 0.006794 0.013613 -1.003936
v 0.00666 0.013641 -1.004053
v 0.006991 0.013538 -1.004139
v 0.007056 0.013531 -1.003988
v 0.00677 0.012936 -1.003477
v 0.006778 0.012958 -1.003484
v 0.006759 0.012943 -1.003491
v 0.006774 0.013007 -1.003491
v 0.006845 0.012954 -1.003418
v 0.006829 0.012922 -1.003426
v 0.00684 0.012915 -1.003412
v 0.006821 0.012895 -1.003419
v 0.006831 0.012888 -1.003405
v 0.006915 0.012906 -1.003344
v 0.006891 0.012874 -1.003354
v 0.006901 0.012867 -1.00334
v 0.006885 0.012849 -1.003359
v 0.006896 0.012842 -1.003345
v 0.006955 0.012828 -1.003294
v 0.006995 0.012853 -1.003268
v 0.007005 0.012846 -1.003254
v 0.006946 0.012802 -1.003288
v 0.007018 0.012747 -1.003202
v 0.007021 0.012847 -1.003238
v 0.007035 0.012859 -1.003232
v 0.007056 0.012872 -1.003213
v 0.007045 0.012875 -1.003228
v 0.007116 0.013067 -1.003234
v 0.007101 0.01307 -1.003249
v 0.007159 0.013267 -1.003258
v 0.007172 0.013262 -1.003255
v 0.007162 0.013281 -1.003268
v 0.00721 0.013387 -1.003266
v 0.007157 0.0133 -1.003279
v 0.007142 0.013308 -1.003294
v 0.007112 0.01337 -1.003331
v 0.007106 0.013345 -1.003335
v 0.007128 0.013309 -1.003298
v 0.007028 0.01329 -1.003375
v 0.007038 0.013333 -1.003379
v 0.007027 0.013332 -1.003395
v 0.007032 0.013352 -1.003391
v 0.007047 0.01336 -1.003386
v 0.006958 0.013315 -1.00344
v 0.006943 0.013278 -1.003448
v 0.006943 0.013314 -1.003456
v 0.006878 0.013303 -1.003511
v 0.00685 0.013261 -1.003512
v 0.006872 0.013322 -1.003523
v 0.006883 0.013328 -1.003507
v 0.006952 0.01334 -1.003463
v 0.006967 0.013342 -1.003446
v 0.006993 0.01265 -1.003209
v 0.007241 0.013478 -1.003283
v 0.006652 0.012727 -1.003522
v 0.0069 0.013556 -1.003596
v 0.007004 0.013487 -1.004032
v 0.006758 0.012656 -1.00397
v 0.007264 0.012476 -1.004365
v 0.00751 0.013304 -1.004427
v 0.014084 0.010609 -1.003873
v 0.014483 0.010413 -1.003966
v 0.014177 0.010929 -1.003906
v 0.014601 0.010792 -1.004021
v 0.014712 0.011178 -1.004041
v 0.014272 0.011247 -1.003926
v 0.010757 0.010935 -1.008588
v 0.010595 0.011031 -1.007991
v 0.013453 0.010346 -1.00599
v 0.013117 0.010477 -1.005582
v 0.014198 0.010119 -1.005947
v 0.014403 0.010023 -1.006348
v 0.014744 0.009946 -1.006035
v 0.014352 0.010088 -1.005812
v 0.014283 0.010264 -1.004099
v 0.013983 0.010342 -1.004242
v 0.014084 0.010609 -1.003873
v 0.013919 0.010546 -1.004134
v 0.014913 0.010121 -1.005771
v 0.014483 0.010413 -1.003966
v 0.010595 0.011031 -1.007991
v 0.010482 0.011277 -1.007522
v 0.013117 0.010477 -1.005582
v 0.013919 0.010546 -1.004134
v 0.014352 0.010088 -1.005812
v 0.013983 0.010342 -1.004242
v 0.014198 0.010119 -1.005947
v 0.011087 0.012051 -1.008677
v 0.010928 0.012149 -1.008091
v 0.013787 0.011485 -1.006087
v 0.013451 0.01162 -1.005679
v 0.01454 0.011272 -1.006052
v 0.01475 0.01118 -1.006451
v 0.014691 0.01124 -1.005906
v 0.015089 0.01111 -1.006126
v 0.014617 0.011391 -1.004198
v 0.015148 0.010915 -1.005841
v 0.014712 0.011178 -1.004041
v 0.014272 0.011247 -1.003926
v 0.014316 0.011468 -1.004341
v 0.014154 0.011352 -1.004201
v 0.010928 0.012149 -1.008091
v 0.010722 0.012079 -1.007589
v 0.013451 0.01162 -1.005679
v 0.014154 0.011352 -1.004201
v 0.014691 0.01124 -1.005906
v 0.014316 0.011468 -1.004341
v 0.01454 0.011272 -1.006052
v 0.015282 0.010237 -1.003288
v 0.015873 0.010037 -1.003601
v 0.01449 0.010449 -1.003517
v 0.014408 0.010462 -1.003672
v 0.016146 0.009859 -1.004781
v 0.014907 0.010127 -1.005747
v 0.015068 0.010075 -1.005798
v 0.015969 0.009996 -1.003741
v 0.016191 0.009858 -1.00461
v 0.015508 0.011 -1.003351
v 0.014716 0.011212 -1.00358
v 0.016099 0.010801 -1.003664
v 0.014634 0.011225 -1.003736
v 0.016372 0.010622 -1.004845
v 0.015142 0.010917 -1.005817
v 0.015295 0.010867 -1.005857
v 0.016195 0.01076 -1.003804
v 0.016417 0.010621 -1.004673
v 0.011613 0.010061 -1.012568
v 0.009862 0.010542 -1.013064
v 0.01236 0.009582 -1.015691
v 0.010904 0.009925 -1.017269
v 0.013093 0.009331 -1.016661
v 0.012817 0.00946 -1.015562
v 0.012097 0.011701 -1.012709
v 0.010343 0.01218 -1.013193
v 0.012844 0.011221 -1.015831
v 0.01136 0.011479 -1.017404
v 0.013549 0.010888 -1.016795
v 0.013301 0.0111 -1.015703
v 0.010832 0.012682 -1.003488
v 0.00994 0.012998 -1.002858
v 0.010436 0.011342 -1.003384
v 0.009544 0.011658 -1.002754
v 0.008889 0.011942 -1.001673
v 0.00928 0.013282 -1.001778
v 0.008625 0.013668 -0.999516
v 0.00823 0.012326 -0.999399
v 0.007296 0.013386 -0.995981
v 0.007963 0.013311 -0.994512
v 0.00868 0.013108 -0.994449
v 0.008649 0.013126 -0.99432
v 0.008546 0.012798 -0.994254
v 0.007856 0.012944 -0.994478
v 0.007423 0.013817 -0.996014
v 0.008807 0.013535 -0.994483
v 0.008091 0.013742 -0.994546
v 0.008776 0.013553 -0.994354
v 0.008866 0.013889 -0.994348
v 0.008198 0.014109 -0.994581
v 0.00712 0.012994 -1.00119
v 0.007051 0.012742 -1.001191
v 0.007997 0.012758 -1.000916
v 0.007922 0.012486 -1.000922
v 0.008144 0.012317 -1.001881
v 0.007268 0.012579 -1.002126
v 0.007547 0.012389 -1.002987
v 0.007116 0.012753 -1.002635
v 0.007191 0.012543 -1.003097
v 0.008023 0.012011 -1.006032
v 0.009306 0.011175 -1.012009
v 0.009435 0.011098 -1.011961
v 0.008214 0.011792 -1.005949
v 0.007055 0.013029 -1.001018
v 0.007091 0.013089 -1.001025
v 0.00712 0.012994 -1.00119
v 0.007153 0.013049 -1.001284
v 0.007089 0.012818 -1.001282
v 0.007051 0.012742 -1.001191
v 0.007253 0.012713 -1.001965
v 0.007253 0.012713 -1.001965
v 0.007372 0.013095 -1.00202
v 0.007268 0.012579 -1.002126
v 0.007555 0.013558 -1.002207
v 0.007479 0.013484 -1.002028
v 0.007329 0.013686 -1.001267
v 0.007316 0.01359 -1.001344
v 0.007251 0.013439 -1.001233
v 0.007243 0.013363 -1.001306
v 0.007181 0.013403 -1.001047
v 0.007186 0.01347 -1.001062
v 0.007316 0.01359 -1.001344
v 0.007243 0.013363 -1.001306
v 0.007479 0.013484 -1.002028
v 0.007372 0.013095 -1.00202
v 0.007153 0.013049 -1.001284
v 0.007253 0.012713 -1.001965
v 0.007089 0.012818 -1.001282
v 0.007181 0.013403 -1.001047
v 0.007091 0.013089 -1.001025
v 0.007251 0.013439 -1.001233
v 0.007329 0.013686 -1.001267
v 0.008127 0.013204 -1.00096
v 0.008214 0.013473 -1.001001
v 0.008446 0.013339 -1.001965
v 0.007555 0.013558 -1.002207
v 0.007857 0.013434 -1.003078
v 0.007313 0.013418 -1.002694
v 0.007464 0.013479 -1.003175
v 0.008324 0.013025 -1.006117
v 0.009584 0.012111 -1.012086
v 0.009731 0.012112 -1.012047
v 0.008603 0.013117 -1.006069
v 0.0076 0.013214 -1.004833
v 0.007369 0.012443 -1.004772
v 0.007623 0.013235 -1.004898
v 0.007374 0.012402 -1.004825
v 0.007004 0.012643 -1.003256
v 0.007016 0.012688 -1.003272
v 0.006997 0.012663 -1.003182
v 0.007234 0.013433 -1.003327
v 0.006967 0.01261 -1.00316
v 0.00699 0.01267 -1.002802
v 0.007 0.012735 -1.002803
v 0.006988 0.012708 -1.002551
v 0.007021 0.012849 -1.002733
v 0.007042 0.012986 -1.002305
v 0.006988 0.01275 -1.002263
v 0.007012 0.01283 -1.002198
v 0.007108 0.013157 -1.002216
v 0.007093 0.013151 -1.002295
v 0.007623 0.013235 -1.004898
v 0.007248 0.013476 -1.00333
v 0.0076 0.013214 -1.004833
v 0.007234 0.013433 -1.003327
v 0.007237 0.013474 -1.003248
v 0.006997 0.012663 -1.003182
v 0.00724 0.013541 -1.003238
v 0.007239 0.013528 -1.002871
v 0.007217 0.013472 -1.00286
v 0.007234 0.01354 -1.002613
v 0.007173 0.013375 -1.002773
v 0.007141 0.013315 -1.002335
v 0.007228 0.013548 -1.002331
v 0.007201 0.013481 -1.002248
v 0.007108 0.013157 -1.002216
v 0.007093 0.013151 -1.002295
v 0.010706 0.012034 -1.002929
v 0.010534 0.011702 -1.002783
v 0.010576 0.012031 -1.003443
v 0.01034 0.011554 -1.003382
v 0.009766 0.011869 -1.002459
v 0.00938 0.011879 -1.00283
v 0.009434 0.011943 -1.002537
v 0.008973 0.012089 -1.002406
v 0.00952 0.012433 -1.002328
v 0.009006 0.01259 -1.002259
v 0.010148 0.011785 -1.002173
v 0.009833 0.012348 -1.002257
v 0.010126 0.012277 -1.002042
v 0.010378 0.011751 -1.0017
v 0.010345 0.012251 -1.001619
v 0.010954 0.012139 -1.000786
v 0.011059 0.011657 -1.000833
v 0.010685 0.011605 -1.001994
v 0.011693 0.011396 -1.000946
v 0.012809 0.011598 -1.000725
v 0.012627 0.011175 -1.000606
v 0.012671 0.011614 -1.001005
v 0.012266 0.011225 -1.000965
v 0.012033 0.011349 -1.000543
v 0.011693 0.011396 -1.000946
v 0.011568 0.011487 -1.000537
v 0.011059 0.011657 -1.000833
v 0.011747 0.011456 -1.000285
v 0.011834 0.011516 -0.999972
v 0.011511 0.012031 -1.000113
v 0.010954 0.012139 -1.000786
v 0.010706 0.012034 -1.002929
v 0.010746 0.012422 -1.002844
v 0.010576 0.012031 -1.003443
v 0.010633 0.012562 -1.003457
v 0.01003 0.012754 -1.002534
v 0.009681 0.012889 -1.002915
v 0.009702 0.012854 -1.00262
v 0.00924 0.013 -1.002488
v 0.00952 0.012433 -1.002328
v 0.009006 0.01259 -1.002259
v 0.010403 0.01266 -1.002239
v 0.009833 0.012348 -1.002257
v 0.010126 0.012277 -1.002042
v 0.010642 0.012635 -1.001775
v 0.010345 0.012251 -1.001619
v 0.010954 0.012139 -1.000786
v 0.011307 0.012477 -1.000908
v 0.010959 0.012541 -1.002072
v 0.011966 0.012332 -1.001024
v 0.012809 0.011598 -1.000725
v 0.012886 0.012068 -1.000681
v 0.012671 0.011614 -1.001005
v 0.012544 0.012165 -1.001041
v 0.012343 0.012256 -1.00064
v 0.011966 0.012332 -1.001024
v 0.011807 0.012415 -1.000637
v 0.011307 0.012477 -1.000908
v 0.012015 0.012379 -1.000329
v 0.012064 0.012306 -1.000043
v 0.011511 0.012031 -1.000113
v 0.010954 0.012139 -1.000786
v 0.010196 0.01032 -1.01448
v 0.010904 0.009925 -1.017269
v 0.010074 0.010293 -1.01449
v 0.010769 0.009842 -1.017402
v 0.012246 0.009512 -1.016934
v 0.01226 0.009585 -1.016872
v 0.01068 0.01196 -1.01462
v 0.010592 0.012048 -1.014632
v 0.01136 0.011479 -1.017404
v 0.011286 0.011603 -1.017555
v 0.01273 0.011152 -1.017075
v 0.012702 0.011091 -1.017004
v 0.011905 0.010421 -1.017987
v 0.011772 0.010462 -1.017992
v 0.01181 0.010103 -1.017967
v 0.01167 0.010112 -1.017954
v 0.011749 0.009975 -1.017963
v 0.012507 0.009891 -1.018045
v 0.012492 0.009751 -1.018031
v 0.012632 0.009822 -1.018058
v 0.012736 0.010166 -1.018085
v 0.012605 0.010206 -1.018077
v 0.011905 0.010421 -1.017987
v 0.011772 0.010462 -1.017992
v 0.011998 0.010741 -1.01802
v 0.011876 0.010807 -1.018019
v 0.012018 0.01088 -1.018034
v 0.012696 0.010529 -1.018098
v 0.012759 0.010654 -1.018114
v 0.01284 0.010515 -1.018111
v 0.012736 0.010166 -1.018085
v 0.012605 0.010206 -1.018077
v 0.012145 0.011359 -1.005907
v 0.01212 0.011376 -1.005801
v 0.01231 0.011928 -1.00595
v 0.012332 0.012105 -1.005861
v 0.012924 0.011721 -1.00836
v 0.012861 0.011574 -1.008273
v 0.012757 0.010965 -1.008489
v 0.012695 0.011005 -1.00823
v 0.012946 0.011616 -1.00854
v 0.012145 0.011359 -1.005907
v 0.011976 0.010789 -1.005853
v 0.01212 0.011376 -1.005801
v 0.011908 0.010651 -1.005742
v 0.012496 0.010268 -1.008242
v 0.01253 0.010436 -1.008187
v 0.012757 0.010965 -1.008489
v 0.012695 0.011005 -1.00823
v 0.012561 0.010313 -1.008428
v 0.0075 0.012259 -0.998776
v 0.007593 0.012237 -0.999172
v 0.008122 0.012186 -0.999052
v 0.007999 0.012194 -0.999342
v 0.008641 0.011857 -1.001146
v 0.008382 0.012307 -0.999288
v 0.008829 0.01206 -1.001144
v 0.009017 0.011954 -1.001711
v 0.008857 0.011745 -1.001768
v 0.009211 0.011871 -1.002101
v 0.009073 0.011656 -1.002189
v 0.009448 0.011778 -1.002469
v 0.009324 0.011558 -1.002554
v 0.009728 0.011683 -1.002776
v 0.009613 0.011462 -1.002859
v 0.010051 0.011577 -1.003024
v 0.009927 0.011362 -1.003109
v 0.010489 0.011193 -1.003451
v 0.010659 0.011392 -1.003417
v 0.010599 0.011155 -1.00355
v 0.010784 0.011352 -1.003537
v 0.010657 0.01113 -1.003673
v 0.010846 0.011327 -1.003659
v 0.010476 0.011175 -1.003715
v 0.010423 0.011198 -1.003615
v 0.010329 0.011229 -1.003525
v 0.009821 0.011377 -1.003246
v 0.009512 0.011476 -1.003019
v 0.009216 0.011575 -1.002703
v 0.008946 0.011676 -1.002319
v 0.008713 0.011777 -1.001887
v 0.008473 0.011898 -1.001222
v 0.010877 0.01096 -1.007521
v 0.010756 0.01117 -1.00551
v 0.010486 0.010854 -1.007071
v 0.010388 0.011015 -1.005577
v 0.010433 0.011098 -1.004621
v 0.010801 0.011253 -1.004553
v 0.010485 0.01115 -1.003937
v 0.010853 0.011305 -1.003869
v 0.010476 0.011175 -1.003715
v 0.010846 0.011327 -1.003659
v 0.010784 0.011352 -1.003537
v 0.010423 0.011198 -1.003615
v 0.010659 0.011392 -1.003417
v 0.010329 0.011229 -1.003525
v 0.009821 0.011377 -1.003246
v 0.010051 0.011577 -1.003024
v 0.009512 0.011476 -1.003019
v 0.009728 0.011683 -1.002776
v 0.009216 0.011575 -1.002703
v 0.009448 0.011778 -1.002469
v 0.008946 0.011676 -1.002319
v 0.009211 0.011871 -1.002101
v 0.008713 0.011777 -1.001887
v 0.009017 0.011954 -1.001711
v 0.008473 0.011898 -1.001222
v 0.008829 0.01206 -1.001144
v 0.008333 0.012372 -0.999305
v 0.007999 0.012194 -0.999342
v 0.008099 0.01226 -0.999074
v 0.007593 0.012237 -0.999172
v 0.007505 0.012342 -0.998789
v 0.007489 0.01224 -0.999224
v 0.007233 0.012353 -0.998834
v 0.007487 0.012235 -0.999336
v 0.00808 0.011862 -1.001698
v 0.007199 0.012411 -0.999204
v 0.007829 0.012 -1.001918
v 0.007149 0.012438 -0.998919
v 0.008333 0.012372 -0.999305
v 0.008382 0.012307 -0.999288
v 0.008099 0.01226 -0.999074
v 0.008122 0.012186 -0.999052
v 0.0075 0.012259 -0.998776
v 0.007505 0.012342 -0.998789
v 0.007233 0.012353 -0.998834
v 0.0072 0.012267 -0.998829
v 0.007097 0.012377 -0.998928
v 0.007149 0.012438 -0.998919
v 0.007144 0.012353 -0.999201
v 0.007199 0.012411 -0.999204
v 0.007788 0.011932 -1.001913
v 0.007829 0.012 -1.001918
v 0.007785 0.012007 -1.002015
v 0.007754 0.011928 -1.001996
v 0.007701 0.012034 -1.002021
v 0.007673 0.011956 -1.002014
v 0.007405 0.012169 -1.001873
v 0.007368 0.012097 -1.001867
v 0.007316 0.012205 -1.001879
v 0.007287 0.012129 -1.001884
v 0.007259 0.012137 -1.001964
v 0.007291 0.012214 -1.00197
v 0.007533 0.012054 -1.003021
v 0.00751 0.011976 -1.003013
v 0.007364 0.012271 -1.003038
v 0.007413 0.012317 -1.003043
v 0.007327 0.012368 -1.003035
v 0.007298 0.012309 -1.003038
v 0.008471 0.011561 -1.009266
v 0.008571 0.011501 -1.009272
v 0.008657 0.011442 -1.010044
v 0.008636 0.011454 -1.009237
v 0.008803 0.011345 -1.009097
v 0.008652 0.011445 -1.009148
v 0.00862 0.011461 -1.008331
v 0.00843 0.011588 -1.008217
v 0.008541 0.011513 -1.008001
v 0.00832 0.011658 -1.007057
v 0.007993 0.01186 -1.006391
v 0.008154 0.011766 -1.006361
v 0.007973 0.01188 -1.005607
v 0.008424 0.011347 -1.00691
v 0.009073 0.011215 -1.010136
v 0.007671 0.012057 -1.005049
v 0.007702 0.012058 -1.004451
v 0.007847 0.011727 -1.004456
v 0.00751 0.011976 -1.003013
v 0.007929 0.011735 -1.004077
v 0.0077 0.011902 -1.003132
v 0.008054 0.01206 -1.003302
v 0.008231 0.01192 -1.004048
v 0.008384 0.011744 -1.004657
v 0.008098 0.01157 -1.004742
v 0.008581 0.011514 -1.00536
v 0.007322 0.012282 -1.003588
v 0.007364 0.012271 -1.003038
v 0.007298 0.012309 -1.003038
v 0.008107 0.011539 -1.00553
v 0.008275 0.011438 -1.006249
v 0.008676 0.010998 -1.006508
v 0.008547 0.011116 -1.00617
v 0.00842 0.011241 -1.005819
v 0.008834 0.01128 -1.006049
v 0.008306 0.011356 -1.005465
v 0.009123 0.011046 -1.006692
v 0.00882 0.010876 -1.00683
v 0.008974 0.010772 -1.007122
v 0.008927 0.010888 -1.007833
v 0.009141 0.010676 -1.007411
v 0.009306 0.010586 -1.007686
v 0.009451 0.010838 -1.007284
v 0.009781 0.010657 -1.007859
v 0.009467 0.010509 -1.007961
v 0.009614 0.010446 -1.008238
v 0.009055 0.010819 -1.008091
v 0.010078 0.010522 -1.008438
v 0.009981 0.01032 -1.009055
v 0.009544 0.010539 -1.009055
v 0.009787 0.010533 -1.009828
v 0.010103 0.010367 -1.009951
v 0.010353 0.010439 -1.009286
v 0.010386 0.010478 -1.009911
v 0.01011 0.010439 -1.010247
v 0.010113 0.010616 -1.010825
v 0.009748 0.010712 -1.010257
v 0.009073 0.011215 -1.010136
v 0.009521 0.010971 -1.011217
v 0.009585 0.010882 -1.012318
v 0.009815 0.010596 -1.010095
v 0.010768 0.009682 -1.009938
v 0.010434 0.009713 -1.011091
v 0.010557 0.009821 -1.010455
v 0.010367 0.009877 -1.011063
v 0.010195 0.009821 -1.011742
v 0.010101 0.009622 -1.012444
v 0.010076 0.009728 -1.012449
v 0.010179 0.009401 -1.013779
v 0.010152 0.009523 -1.013807
v 0.010381 0.009226 -1.014719
v 0.010404 0.009072 -1.014647
v 0.010582 0.008962 -1.015389
v 0.010644 0.008615 -1.015283
v 0.010672 0.008604 -1.015399
v 0.010831 0.009532 -1.017339
v 0.010794 0.009588 -1.017231
v 0.00832 0.011658 -1.007057
v 0.008565 0.011383 -1.007458
v 0.008626 0.011599 -1.007475
v 0.008796 0.011173 -1.007879
v 0.008987 0.011821 -1.007942
v 0.008725 0.011936 -1.007504
v 0.008838 0.011863 -1.007976
v 0.008739 0.011527 -1.007947
v 0.008541 0.011513 -1.008001
v 0.008074 0.014212 -0.998939
v 0.008626 0.013894 -0.999191
v 0.008152 0.014114 -0.999337
v 0.008504 0.01391 -0.999479
v 0.009145 0.013565 -1.001285
v 0.008768 0.013614 -0.999399
v 0.009192 0.013298 -1.001246
v 0.009384 0.013196 -1.001811
v 0.009364 0.013445 -1.001919
v 0.009573 0.013104 -1.002203
v 0.009569 0.013341 -1.002321
v 0.009807 0.012997 -1.002561
v 0.009814 0.013231 -1.002689
v 0.010081 0.012877 -1.002873
v 0.010098 0.01311 -1.002999
v 0.010399 0.012751 -1.003126
v 0.010408 0.012983 -1.003241
v 0.010951 0.012772 -1.003581
v 0.010992 0.012515 -1.003517
v 0.01106 0.012725 -1.003681
v 0.011116 0.012465 -1.003638
v 0.011118 0.012696 -1.003804
v 0.011171 0.012435 -1.00375
v 0.010937 0.012749 -1.003845
v 0.010889 0.012776 -1.003744
v 0.010799 0.012812 -1.003664
v 0.010304 0.013004 -1.003388
v 0.010002 0.013128 -1.003157
v 0.009714 0.013249 -1.002848
v 0.009445 0.013371 -1.00246
v 0.009213 0.013485 -1.002027
v 0.00898 0.013611 -1.001372
v 0.011225 0.012133 -1.007622
v 0.011098 0.012331 -1.005614
v 0.01097 0.012494 -1.007212
v 0.010867 0.012642 -1.005721
v 0.010908 0.012698 -1.004757
v 0.011132 0.012386 -1.00464
v 0.010955 0.012729 -1.004077
v 0.011186 0.012414 -1.003971
v 0.010937 0.012749 -1.003845
v 0.011171 0.012435 -1.00375
v 0.011116 0.012465 -1.003638
v 0.010889 0.012776 -1.003744
v 0.010992 0.012515 -1.003517
v 0.010799 0.012812 -1.003664
v 0.010304 0.013004 -1.003388
v 0.010399 0.012751 -1.003126
v 0.010002 0.013128 -1.003157
v 0.010081 0.012877 -1.002873
v 0.009714 0.013249 -1.002848
v 0.009807 0.012997 -1.002561
v 0.009445 0.013371 -1.00246
v 0.009573 0.013104 -1.002203
v 0.009213 0.013485 -1.002027
v 0.009384 0.013196 -1.001811
v 0.00898 0.013611 -1.001372
v 0.009192 0.013298 -1.001246
v 0.00869 0.013585 -0.999411
v 0.008504 0.01391 -0.999479
v 0.008565 0.013842 -0.999202
v 0.008152 0.014114 -0.999337
v 0.008033 0.01414 -0.998934
v 0.008054 0.014164 -0.99938
v 0.007798 0.014267 -0.998992
v 0.008057 0.014153 -0.999492
v 0.008648 0.013778 -1.001867
v 0.007726 0.014184 -0.999353
v 0.00768 0.014233 -0.999076
v 0.00835 0.013765 -1.00207
v 0.00869 0.013585 -0.999411
v 0.008565 0.013842 -0.999202
v 0.008768 0.013614 -0.999399
v 0.008626 0.013894 -0.999191
v 0.008074 0.014212 -0.998939
v 0.008033 0.01414 -0.998934
v 0.007798 0.014267 -0.998992
v 0.007817 0.014358 -0.998999
v 0.007663 0.014313 -0.999083
v 0.00768 0.014233 -0.999076
v 0.007709 0.014259 -0.99936
v 0.007726 0.014184 -0.999353
v 0.008353 0.013847 -1.002071
v 0.00835 0.013765 -1.00207
v 0.008304 0.013775 -1.002155
v 0.00832 0.013852 -1.002153
v 0.008219 0.013793 -1.002162
v 0.008238 0.013875 -1.002171
v 0.007904 0.013864 -1.002015
v 0.007915 0.013946 -1.002013
v 0.007814 0.013879 -1.002024
v 0.007829 0.013962 -1.002034
v 0.007795 0.013958 -1.002117
v 0.007776 0.013875 -1.002108
v 0.008023 0.013718 -1.003157
v 0.008046 0.013796 -1.003166
v 0.007763 0.013617 -1.003152
v 0.007776 0.013559 -1.003144
v 0.007676 0.013562 -1.003133
v 0.007685 0.013629 -1.003147
v 0.008801 0.012665 -1.009357
v 0.00891 0.012657 -1.009366
v 0.008982 0.012538 -1.010137
v 0.00899 0.012666 -1.009331
v 0.009198 0.012691 -1.009212
v 0.00945 0.012492 -1.010241
v 0.009018 0.01268 -1.009261
v 0.009019 0.012803 -1.008446
v 0.008793 0.012825 -1.008318
v 0.008937 0.012858 -1.008104
v 0.008715 0.013004 -1.007173
v 0.008361 0.01311 -1.00649
v 0.008553 0.013112 -1.006476
v 0.008373 0.013226 -1.005722
v 0.008048 0.013325 -1.005156
v 0.00898 0.013227 -1.007062
v 0.009856 0.010719 -1.011346
v 0.009931 0.010554 -1.011582
v 0.00973 0.010799 -1.012082
v 0.009797 0.010571 -1.012327
v 0.007685 0.013629 -1.003147
v 0.007763 0.013617 -1.003152
v 0.007698 0.013554 -1.003694
v 0.008097 0.013404 -1.004567
v 0.008398 0.013595 -1.004611
v 0.008046 0.013796 -1.003166
v 0.00848 0.013602 -1.004232
v 0.008237 0.01373 -1.003284
v 0.008445 0.013384 -1.003409
v 0.008636 0.01329 -1.004158
v 0.008831 0.013262 -1.004786
v 0.008682 0.013549 -1.004899
v 0.009094 0.013235 -1.005507
v 0.00894 0.013504 -1.005648
v 0.009083 0.013483 -1.006006
v 0.008672 0.013449 -1.005689
v 0.008834 0.013332 -1.006411
v 0.009392 0.013442 -1.006705
v 0.009235 0.013466 -1.006362
v 0.009398 0.013194 -1.006207
v 0.009735 0.013129 -1.006864
v 0.009568 0.013413 -1.007043
v 0.009741 0.013372 -1.007335
v 0.009605 0.013195 -1.00802
v 0.009918 0.013319 -1.007627
v 0.010097 0.013264 -1.007907
v 0.0101 0.013037 -1.007469
v 0.01045 0.012921 -1.008043
v 0.010263 0.013195 -1.00818
v 0.010405 0.013124 -1.008459
v 0.009741 0.013144 -1.008286
v 0.010262 0.01296 -1.009267
v 0.010744 0.012908 -1.00927
v 0.010746 0.012781 -1.008622
v 0.010979 0.012573 -1.009461
v 0.010781 0.012666 -1.01014
v 0.01096 0.012428 -1.010074
v 0.010736 0.012561 -1.010423
v 0.010612 0.012319 -1.010966
v 0.010279 0.012525 -1.010412
v 0.010412 0.01261 -1.010268
v 0.010432 0.012719 -1.010003
v 0.00945 0.012492 -1.010241
v 0.009907 0.012287 -1.011327
v 0.009962 0.012158 -1.012423
v 0.01014 0.012186 -1.012189
v 0.010309 0.0123 -1.012474
v 0.010464 0.012356 -1.011725
v 0.010322 0.012293 -1.011476
v 0.01171 0.012877 -1.010201
v 0.011433 0.012797 -1.010702
v 0.011361 0.012857 -1.011351
v 0.011218 0.012758 -1.011303
v 0.011071 0.012797 -1.011989
v 0.011071 0.012903 -1.012712
v 0.01099 0.012829 -1.012706
v 0.011191 0.012843 -1.014065
v 0.011102 0.012749 -1.014076
v 0.011416 0.012733 -1.015015
v 0.01152 0.012859 -1.01496
v 0.011697 0.012744 -1.015702
v 0.011942 0.01301 -1.015653
v 0.011963 0.01299 -1.01576
v 0.011514 0.011839 -1.017526
v 0.011456 0.011822 -1.01742
v 0.008715 0.013004 -1.007173
v 0.00905 0.013036 -1.007597
v 0.008988 0.01282 -1.007579
v 0.009341 0.01302 -1.008039
v 0.009147 0.012373 -1.007988
v 0.009101 0.012747 -1.008051
v 0.009002 0.012411 -1.008022
v 0.008889 0.012483 -1.00755
v 0.008937 0.012858 -1.008104
v 0.00736 0.012515 -1.004851
v 0.007503 0.012627 -1.004836
v 0.007474 0.01239 -1.0048
v 0.007607 0.01298 -1.004861
v 0.00771 0.013192 -1.004868
v 0.007544 0.013145 -1.004906
v 0.007644 0.012376 -1.004757
v 0.007864 0.013123 -1.004824
v 0.007418 0.012475 -1.005111
v 0.007541 0.012603 -1.005013
v 0.00736 0.012515 -1.004851
v 0.007503 0.012627 -1.004836
v 0.007555 0.012803 -1.004848
v 0.007648 0.012953 -1.005051
v 0.007607 0.01298 -1.004861
v 0.007544 0.013145 -1.004906
v 0.007601 0.013106 -1.005166
v 0.006932 0.012606 -1.002051
v 0.007052 0.012591 -1.001985
v 0.006909 0.012639 -1.002065
v 0.00709 0.012622 -1.001971
v 0.007085 0.012756 -1.002004
v 0.006956 0.012791 -1.002082
v 0.00706 0.01293 -1.002062
v 0.007203 0.012903 -1.001978
v 0.006734 0.01254 -1.002959
v 0.006525 0.012709 -1.002034
v 0.006669 0.012537 -1.002915
v 0.006477 0.012693 -1.002061
v 0.006655 0.012486 -1.002913
v 0.006458 0.012642 -1.00206
v 0.00649 0.012438 -1.001943
v 0.006721 0.012248 -1.002964
v 0.00676 0.012198 -1.00296
v 0.006507 0.012402 -1.001906
v 0.00676 0.012229 -1.002599
v 0.006544 0.01239 -1.001861
v 0.006999 0.01235 -1.002067
v 0.006877 0.012453 -1.001532
v 0.006868 0.012566 -1.001594
v 0.007007 0.012449 -1.002187
v 0.006559 0.012695 -1.001978
v 0.0068 0.012195 -1.002925
v 0.013285 0.010112 -1.01678
v 0.013195 0.00981 -1.016757
v 0.013491 0.010059 -1.016721
v 0.013262 0.00943 -1.016506
v 0.013221 0.010236 -1.015589
v 0.013029 0.009579 -1.015528
v 0.012817 0.00946 -1.015562
v 0.013093 0.009331 -1.016661
v 0.013285 0.010112 -1.01678
v 0.013491 0.010059 -1.016721
v 0.013378 0.010419 -1.016815
v 0.013648 0.010737 -1.016617
v 0.013549 0.010888 -1.016795
v 0.013301 0.0111 -1.015703
v 0.013414 0.010887 -1.015639
v 0.013221 0.010236 -1.015589
v 0.014898 0.009965 -1.012886
v 0.012875 0.010511 -1.013445
v 0.014744 0.009744 -1.012795
v 0.012783 0.010277 -1.013351
v 0.014483 0.009634 -1.012608
v 0.012692 0.010578 -1.013337
v 0.012591 0.01037 -1.013181
v 0.012468 0.01064 -1.0134
v 0.012261 0.010358 -1.012925
v 0.012481 0.0103 -1.012863
v 0.012677 0.010124 -1.013116
v 0.012589 0.010106 -1.01281
v 0.014174 0.009671 -1.012364
v 0.013909 0.009844 -1.012129
v 0.012534 0.010218 -1.012515
v 0.01375 0.010107 -1.011977
v 0.01254 0.010436 -1.012313
v 0.013747 0.010381 -1.01193
v 0.012591 0.010697 -1.012254
v 0.01248 0.010713 -1.012453
v 0.012445 0.010463 -1.012568
v 0.012256 0.010776 -1.012516
v 0.014898 0.009965 -1.012886
v 0.012875 0.010511 -1.013445
v 0.014895 0.010244 -1.012839
v 0.012933 0.010778 -1.013395
v 0.01474 0.010502 -1.012686
v 0.012692 0.010578 -1.013337
v 0.012727 0.010828 -1.013221
v 0.012468 0.01064 -1.0134
v 0.012467 0.011053 -1.01299
v 0.012687 0.010991 -1.012928
v 0.012581 0.010925 -1.012608
v 0.012256 0.010776 -1.012516
v 0.01248 0.010713 -1.012453
v 0.012685 0.010937 -1.012358
v 0.012591 0.010697 -1.012254
v 0.013747 0.010381 -1.01193
v 0.013901 0.010607 -1.01202
v 0.012791 0.011086 -1.012594
v 0.014162 0.010712 -1.012208
v 0.012885 0.011107 -1.012898
v 0.01447 0.010676 -1.012452
v 0.012932 0.010994 -1.013183
v 0.012671 0.011614 -1.001005
v 0.012266 0.011225 -1.000965
v 0.011181 0.01193 -1.002474
v 0.011003 0.011524 -1.00229
v 0.01079 0.012036 -1.002599
v 0.010565 0.011644 -1.002476
v 0.010673 0.012062 -1.002688
v 0.010484 0.011663 -1.002556
v 0.010534 0.011702 -1.002783
v 0.010148 0.011785 -1.002173
v 0.010685 0.011605 -1.001994
v 0.011693 0.011396 -1.000946
v 0.010706 0.012034 -1.002929
v 0.012671 0.011614 -1.001005
v 0.012544 0.012165 -1.001041
v 0.011181 0.01193 -1.002474
v 0.011261 0.012391 -1.002368
v 0.01079 0.012036 -1.002599
v 0.010819 0.012502 -1.002544
v 0.010959 0.012541 -1.002072
v 0.010403 0.01266 -1.002239
v 0.010734 0.012522 -1.002625
v 0.010746 0.012422 -1.002844
v 0.010673 0.012062 -1.002688
v 0.010706 0.012034 -1.002929
v 0.011966 0.012332 -1.001024
v 0.012014 0.011665 -1.011359
v 0.012157 0.011707 -1.010357
v 0.011952 0.011896 -1.011075
v 0.012121 0.011905 -1.010341
v 0.011796 0.011955 -1.010862
v 0.011909 0.011972 -1.010314
v 0.01221 0.011952 -1.009476
v 0.012413 0.01189 -1.009504
v 0.012636 0.011898 -1.008597
v 0.012874 0.011838 -1.008493
v 0.01234 0.012042 -1.007956
v 0.012796 0.011788 -1.008237
v 0.012924 0.011721 -1.00836
v 0.012238 0.012204 -1.006351
v 0.012332 0.012105 -1.005861
v 0.012244 0.012245 -1.005816
v 0.011823 0.012352 -1.006036
v 0.011685 0.012341 -1.006676
v 0.011479 0.012428 -1.006337
v 0.011289 0.012466 -1.006542
v 0.011572 0.012339 -1.007086
v 0.011303 0.012418 -1.007061
v 0.011739 0.012243 -1.007682
v 0.011963 0.01218 -1.007619
v 0.012106 0.012102 -1.008058
v 0.012453 0.011689 -1.009532
v 0.012946 0.011616 -1.00854
v 0.01163 0.012145 -1.007047
v 0.011983 0.011998 -1.007527
v 0.012498 0.011809 -1.007981
v 0.012128 0.012054 -1.006412
v 0.011712 0.012149 -1.00673
v 0.011628 0.010345 -1.011249
v 0.011462 0.010236 -1.010938
v 0.011766 0.010388 -1.010249
v 0.011631 0.010245 -1.010205
v 0.012066 0.010369 -1.009423
v 0.011924 0.01023 -1.009368
v 0.012561 0.010313 -1.008428
v 0.012386 0.010176 -1.008344
v 0.012496 0.010268 -1.008242
v 0.011306 0.010295 -1.010726
v 0.011416 0.01031 -1.010167
v 0.011721 0.010291 -1.009339
v 0.012146 0.010238 -1.00846
v 0.011847 0.01038 -1.007808
v 0.012358 0.0103 -1.008114
v 0.011748 0.010544 -1.006215
v 0.011908 0.010651 -1.005742
v 0.011754 0.010585 -1.00568
v 0.011333 0.010692 -1.005899
v 0.011192 0.010679 -1.006528
v 0.01099 0.010768 -1.006201
v 0.010799 0.010806 -1.006406
v 0.011083 0.010679 -1.00695
v 0.010818 0.010757 -1.006923
v 0.011249 0.010583 -1.007545
v 0.011473 0.01052 -1.007482
v 0.011616 0.010442 -1.007922
v 0.012107 0.010481 -1.007874
v 0.011592 0.01067 -1.00742
v 0.011734 0.01072 -1.006294
v 0.01132 0.010817 -1.006624
v 0.011236 0.010816 -1.006929
v 0.010846 0.011327 -1.003659
v 0.010853 0.011305 -1.003869
v 0.010657 0.01113 -1.003673
v 0.010672 0.011105 -1.003893
v 0.010476 0.011175 -1.003715
v 0.010485 0.01115 -1.003937
v 0.010616 0.011051 -1.004566
v 0.010433 0.011098 -1.004621
v 0.010569 0.01097 -1.005535
v 0.010388 0.011015 -1.005577
v 0.010486 0.010854 -1.007071
v 0.010672 0.010801 -1.007128
v 0.010756 0.01117 -1.00551
v 0.010877 0.01096 -1.007521
v 0.010801 0.011253 -1.004553
v 0.009171 0.011743 -1.008248
v 0.008919 0.011808 -1.008318
v 0.009689 0.011504 -1.009237
v 0.009788 0.011402 -1.010133
v 0.009869 0.011391 -1.009991
v 0.009328 0.011547 -1.010026
v 0.011171 0.012435 -1.00375
v 0.011186 0.012414 -1.003971
v 0.011118 0.012696 -1.003804
v 0.011133 0.012675 -1.004025
v 0.010937 0.012749 -1.003845
v 0.010955 0.012729 -1.004077
v 0.011086 0.012643 -1.004704
v 0.010908 0.012698 -1.004757
v 0.011045 0.012587 -1.005669
v 0.010867 0.012642 -1.005721
v 0.01097 0.012494 -1.007212
v 0.011153 0.012431 -1.007258
v 0.011098 0.012331 -1.005614
v 0.011225 0.012133 -1.007622
v 0.011132 0.012386 -1.00464
v 0.009335 0.012291 -1.008294
v 0.009084 0.01236 -1.008363
v 0.009849 0.012057 -1.009283
v 0.009953 0.011949 -1.010179
v 0.010029 0.011939 -1.010038
v 0.009488 0.012095 -1.010074
v 0.009017 0.011442 -1.011842
v 0.009139 0.011335 -1.011799
v 0.009164 0.011554 -1.011826
v 0.00942 0.011675 -1.011792
v 0.009211 0.011726 -1.01184
v 0.009308 0.0113 -1.01176
v 0.009205 0.012072 -1.011896
v 0.009266 0.011904 -1.011864
v 0.009365 0.012103 -1.011862
v 0.00942 0.011675 -1.011792
v 0.009525 0.012045 -1.011815
v 0.009211 0.011726 -1.01184
v 0.007087 0.013726 -1.003058
v 0.007039 0.013767 -1.003028
v 0.006865 0.013869 -1.002127
v 0.006834 0.013902 -1.002168
v 0.006907 0.013873 -1.002078
v 0.007049 0.013823 -1.003031
v 0.006846 0.013955 -1.002182
v 0.006991 0.014126 -1.002097
v 0.007232 0.013971 -1.003123
v 0.007294 0.01399 -1.003129
v 0.007023 0.014154 -1.002061
v 0.007294 0.01403 -1.002768
v 0.007068 0.014151 -1.002025
v 0.007459 0.013899 -1.002201
v 0.007329 0.013975 -1.00166
v 0.007258 0.013877 -1.001703
v 0.007407 0.01379 -1.002302
v 0.00733 0.013982 -1.003084
v 0.007051 0.013219 -1.001658
v 0.007035 0.01316 -1.001694
v 0.007065 0.013275 -1.001696
v 0.007037 0.013201 -1.001922
v 0.007064 0.013319 -1.001912
v 0.0071 0.01343 -1.002097
v 0.007062 0.013368 -1.002201
v 0.006998 0.013191 -1.002179
v 0.006955 0.013005 -1.002165
v 0.006963 0.012947 -1.00206
v 0.006997 0.013091 -1.001897
v 0.006852 0.01248 -1.002998
v 0.006879 0.012468 -1.002955
v 0.006799 0.012504 -1.002996
v 0.006838 0.01253 -1.002343
v 0.006734 0.01254 -1.002959
v 0.006525 0.012709 -1.002034
v 0.006742 0.012613 -1.001916
v 0.006559 0.012695 -1.001978
v 0.006837 0.01257 -1.001859
v 0.006868 0.012566 -1.001594
v 0.007007 0.012449 -1.002187
v 0.006947 0.012482 -1.002346
v 0.013747 0.010381 -1.01193
v 0.014129 0.010265 -1.012029
v 0.01375 0.010107 -1.011977
v 0.01413 0.010074 -1.012054
v 0.013909 0.009844 -1.012129
v 0.014238 0.009895 -1.012171
v 0.014174 0.009671 -1.012364
v 0.014418 0.009779 -1.012323
v 0.014483 0.009634 -1.012608
v 0.01463 0.009749 -1.012493
v 0.014744 0.009744 -1.012795
v 0.01481 0.009824 -1.01262
v 0.014898 0.009965 -1.012886
v 0.014917 0.009979 -1.012683
v 0.014521 0.010119 -1.012351
v 0.013747 0.010381 -1.01193
v 0.013901 0.010607 -1.01202
v 0.014129 0.010265 -1.012029
v 0.014228 0.010415 -1.012082
v 0.014412 0.01049 -1.012221
v 0.014162 0.010712 -1.012208
v 0.01447 0.010676 -1.012452
v 0.014621 0.010464 -1.012378
v 0.01474 0.010502 -1.012686
v 0.014804 0.010345 -1.012542
v 0.014895 0.010244 -1.012839
v 0.014914 0.010168 -1.012647
v 0.014898 0.009965 -1.012886
v 0.014917 0.009979 -1.012683
v 0.014521 0.010119 -1.012351
v 0.012991 0.011218 -1.008887
v 0.012795 0.01057 -1.008825
v 0.012509 0.011502 -1.009972
v 0.012193 0.010429 -1.009886
v 0.012307 0.011485 -1.010887
v 0.011988 0.010406 -1.010791
v 0.012337 0.010182 -1.012252
v 0.011501 0.010423 -1.01072
v 0.011876 0.010391 -1.009728
v 0.012523 0.010316 -1.008376
v 0.012656 0.011261 -1.012349
v 0.012526 0.01141 -1.012658
v 0.012135 0.010082 -1.012551
v 0.012295 0.009979 -1.013223
v 0.012026 0.010081 -1.012936
v 0.012686 0.011303 -1.013331
v 0.012611 0.010005 -1.013419
v 0.012932 0.011083 -1.013503
v 0.013432 0.010757 -1.015614
v 0.013115 0.009679 -1.015529
v 0.012666 0.009668 -1.015636
v 0.011922 0.009408 -1.017008
v 0.012275 0.00898 -1.015901
v 0.01205 0.009318 -1.016961
v 0.012415 0.00892 -1.015737
v 0.012207 0.009366 -1.016926
v 0.012613 0.00892 -1.015648
v 0.012085 0.009135 -1.014395
v 0.012248 0.009154 -1.014337
v 0.011789 0.009351 -1.013228
v 0.011951 0.009376 -1.013182
v 0.011536 0.009519 -1.012068
v 0.011691 0.009542 -1.012037
v 0.01142 0.009549 -1.011481
v 0.01156 0.009584 -1.011402
v 0.010779 0.009678 -1.009887
v 0.01067 0.009782 -1.010062
v 0.011292 0.009689 -1.01157
v 0.011378 0.009659 -1.012116
v 0.011637 0.009485 -1.0133
v 0.011932 0.009255 -1.014432
v 0.012241 0.009042 -1.015533
v 0.010623 0.008785 -1.015377
v 0.010617 0.008847 -1.015567
v 0.010547 0.008978 -1.015187
v 0.012511 0.011401 -1.017174
v 0.012667 0.011409 -1.017131
v 0.013084 0.011732 -1.016132
v 0.013246 0.011733 -1.015979
v 0.012773 0.011294 -1.017082
v 0.013418 0.011641 -1.015872
v 0.012913 0.011934 -1.014627
v 0.013047 0.011841 -1.014567
v 0.012598 0.012095 -1.01346
v 0.012723 0.011999 -1.013403
v 0.01235 0.012275 -1.012298
v 0.012468 0.012173 -1.012256
v 0.012261 0.012402 -1.011727
v 0.012367 0.012306 -1.011638
v 0.011724 0.012879 -1.01016
v 0.011566 0.01283 -1.010306
v 0.012072 0.012338 -1.011797
v 0.01214 0.012229 -1.012334
v 0.012391 0.012059 -1.013507
v 0.012718 0.011913 -1.014657
v 0.013041 0.011755 -1.01576
v 0.011828 0.012869 -1.015713
v 0.01178 0.012793 -1.015895
v 0.011671 0.012774 -1.015509
v 0.009606 0.010941 -1.01131
v 0.009521 0.010971 -1.011217
v 0.009646 0.010906 -1.0115
v 0.00973 0.010799 -1.012082
v 0.009692 0.010868 -1.011677
v 0.009732 0.010824 -1.011869
v 0.009767 0.010808 -1.011703
v 0.009856 0.010719 -1.011346
v 0.009796 0.010798 -1.011549
v 0.009822 0.010786 -1.011384
v 0.009606 0.010941 -1.01131
v 0.009521 0.010971 -1.011217
v 0.009991 0.012253 -1.01142
v 0.010037 0.01223 -1.011608
v 0.009907 0.012287 -1.011327
v 0.01014 0.012186 -1.012189
v 0.010084 0.012213 -1.011782
v 0.01014 0.012193 -1.011991
v 0.010181 0.012214 -1.011818
v 0.010322 0.012293 -1.011476
v 0.010219 0.01223 -1.011671
v 0.010254 0.012249 -1.011512
v 0.009991 0.012253 -1.01142
v 0.009907 0.012287 -1.011327
v 0.007209 0.013705 -1.003102
v 0.007156 0.013712 -1.003103
v 0.007247 0.013705 -1.003055
v 0.007212 0.013788 -1.002464
v 0.007087 0.013726 -1.003058
v 0.006865 0.013869 -1.002127
v 0.007105 0.01385 -1.002017
v 0.006907 0.013873 -1.002078
v 0.007212 0.013844 -1.001977
v 0.007258 0.013877 -1.001703
v 0.007407 0.01379 -1.002302
v 0.007327 0.013769 -1.002461
v 0.011002 0.00969 -1.017016
v 0.010954 0.009756 -1.016762
v 0.010863 0.009203 -1.015727
v 0.010816 0.00929 -1.015531
v 0.011769 0.009594 -1.016803
v 0.011722 0.009672 -1.016572
v 0.011351 0.009527 -1.016159
v 0.011927 0.009384 -1.015768
v 0.012001 0.009295 -1.015957
v 0.011582 0.011665 -1.017174
v 0.011519 0.011675 -1.016919
v 0.01179 0.012335 -1.015989
v 0.011711 0.012321 -1.015778
v 0.012287 0.011361 -1.016942
v 0.01222 0.011358 -1.016715
v 0.012006 0.011743 -1.01634
v 0.01258 0.011607 -1.015961
v 0.012688 0.011611 -1.016154
v 0.006508 0.012717 -1.001963
v 0.006463 0.012703 -1.002002
v 0.006477 0.012679 -1.001989
v 0.006444 0.012656 -1.002001
v 0.006839 0.012555 -1.001541
v 0.006859 0.012579 -1.001533
v 0.006853 0.012478 -1.001486
v 0.006859 0.012471 -1.001473
v 0.006868 0.012462 -1.001472
v 0.00653 0.012404 -1.001802
v 0.006519 0.012433 -1.001825
v 0.006493 0.012412 -1.001847
v 0.006496 0.012461 -1.001864
v 0.006476 0.012448 -1.001884
v 0.006829 0.013959 -1.002112
v 0.00682 0.013911 -1.002109
v 0.006848 0.013926 -1.002099
v 0.006851 0.013882 -1.002067
v 0.007242 0.013915 -1.001665
v 0.007244 0.013886 -1.001644
v 0.007297 0.013977 -1.001631
v 0.007308 0.013983 -1.001615
v 0.007318 0.013982 -1.001612
v 0.007049 0.014157 -1.001967
v 0.007028 0.014131 -1.001989
v 0.007009 0.01416 -1.002002
v 0.006984 0.014111 -1.002015
v 0.006977 0.014136 -1.002038
v 0.006496 0.012461 -1.001864
v 0.006477 0.012679 -1.001989
v 0.006506 0.012639 -1.001962
v 0.006839 0.012555 -1.001541
v 0.006524 0.012459 -1.001858
v 0.006519 0.012433 -1.001825
v 0.00658 0.012471 -1.001804
v 0.006853 0.012478 -1.001486
v 0.006627 0.012474 -1.001755
v 0.006611 0.012598 -1.001829
v 0.00656 0.012622 -1.001889
v 0.006695 0.012571 -1.001724
v 0.006747 0.012551 -1.001664
v 0.006707 0.012486 -1.001683
v 0.006754 0.01249 -1.001633
v 0.006826 0.012503 -1.001564
v 0.006825 0.012526 -1.001573
v 0.011864 0.012358 -1.000592
v 0.012014 0.012332 -1.000397
v 0.012015 0.012379 -1.000329
v 0.012259 0.012242 -1.000602
v 0.012343 0.012256 -1.00064
v 0.011807 0.012415 -1.000637
v 0.010812 0.009641 -1.017367
v 0.010863 0.009203 -1.015727
v 0.010617 0.008847 -1.015567
v 0.012275 0.00898 -1.015901
v 0.012001 0.009295 -1.015957
v 0.011922 0.009408 -1.017008
v 0.011769 0.009594 -1.016803
v 0.011002 0.00969 -1.017016
v 0.011433 0.011755 -1.017546
v 0.01178 0.012793 -1.015895
v 0.01179 0.012335 -1.015989
v 0.013084 0.011732 -1.016132
v 0.012688 0.011611 -1.016154
v 0.012511 0.011401 -1.017174
v 0.012287 0.011361 -1.016942
v 0.011582 0.011665 -1.017174
v 0.006984 0.014111 -1.002015
v 0.006892 0.013946 -1.002073
v 0.006848 0.013926 -1.002099
v 0.007242 0.013915 -1.001665
v 0.007011 0.014104 -1.002009
v 0.007028 0.014131 -1.001989
v 0.007058 0.014072 -1.001952
v 0.007297 0.013977 -1.001631
v 0.007096 0.014054 -1.001895
v 0.007011 0.013944 -1.001944
v 0.006954 0.013943 -1.002008
v 0.007103 0.013939 -1.001846
v 0.007156 0.013945 -1.001782
v 0.007159 0.014013 -1.00181
v 0.007195 0.013992 -1.001766
v 0.007257 0.013957 -1.001693
v 0.007243 0.013942 -1.001699
v 0.006558 0.012492 -1.00354
v 0.006519 0.012495 -1.003636
v 0.006747 0.012451 -1.00368
v 0.006522 0.012489 -1.003747
v 0.006567 0.012465 -1.003836
v 0.006643 0.012439 -1.003893
v 0.006745 0.012408 -1.00392
v 0.006842 0.012381 -1.003886
v 0.006917 0.012364 -1.003819
v 0.00696 0.012357 -1.003722
v 0.006961 0.012368 -1.003623
v 0.006912 0.012387 -1.003522
v 0.006832 0.012417 -1.003466
v 0.006738 0.01245 -1.003449
v 0.006638 0.012475 -1.003472
v 0.006944 0.013799 -1.003651
v 0.007118 0.013711 -1.003789
v 0.007023 0.013782 -1.003583
v 0.00712 0.013751 -1.00355
v 0.007222 0.013724 -1.003576
v 0.007298 0.013694 -1.003633
v 0.007346 0.013676 -1.003734
v 0.007346 0.013664 -1.003834
v 0.007302 0.013667 -1.003931
v 0.007227 0.013684 -1.003997
v 0.007127 0.013713 -1.00402
v 0.007028 0.013742 -1.004005
v 0.006952 0.013772 -1.003947
v 0.006904 0.01379 -1.003847
v 0.006905 0.013802 -1.003747
vt 0.089747 0.011483
vt 0.083533 0.015272
vt 0.082447 0.011483
vt 1.089767 0.011483
vt 1.083553 0.015272
vt 1.082467 0.011483
vt 0.017895 0.007905
vt 0.00245 0.028862
vt 0.00245 0.002433
vt 0.812192 0.442531
vt 0.816535 0.492593
vt 0.801936 0.430895
vt 0.096021 0.002944
vt 0.078888 0.01025
vt 0.078888 0.002433
vt 0.186938 0.109834
vt 0.194298 0.091162
vt 0.186455 0.091162
vt 0.096021 0.002944
vt 0.078888 0.002433
vt 0.078888 0.01025
vt 0.186938 0.109834
vt 0.186455 0.091162
vt 0.194298 0.091162
vt 0.132159 0.569386
vt 0.078405 0.569536
vt 0.078405 0.565627
vt 0.338304 0.024262
vt 0.338304 0.002433
vt 0.298607 0.00117
vt 0.97852 0.002373
vt 0.97852 0.048616
vt 0.947088 0.002433
vt 0.798075 0.037251
vt 0.768453 0.035808
vt 0.765678 0.039446
vt 0.132159 0.569386
vt 0.078405 0.565627
vt 0.078405 0.569536
vt 0.338304 0.024262
vt 0.298607 0.00117
vt 0.338304 0.002433
vt 0.97852 0.002373
vt 0.947088 0.002433
vt 0.97852 0.048616
vt 0.798075 0.037251
vt 0.765678 0.039446
vt 0.768453 0.035808
vt 0.97671 0.980258
vt 0.97671 0.984347
vt 0.880123 0.982303
vt 0.009268 0.920484
vt 0.00245 0.93221
vt 0.021334 0.92776
vt 0.640374 0.016504
vt 0.650449 0.014069
vt 0.652258 0.019692
vt 0.616121 0.059591
vt 0.584448 0.049428
vt 0.584448 0.059591
vt 0.97671 0.980258
vt 0.880123 0.982303
vt 0.97671 0.984347
vt 0.009268 0.920484
vt 0.021334 0.92776
vt 0.00245 0.93221
vt 0.640374 0.016504
vt 0.652258 0.019692
vt 0.650449 0.014069
vt 0.616121 0.059591
vt 0.584448 0.059591
vt 0.584448 0.049428
vt 0.404003 0.604865
vt 0.404003 0.589591
vt 0.283103 0.604865
vt 0.283103 0.589591
vt 0.283103 0.589591
vt 0.404003 0.589591
vt 0.283103 0.604865
vt 0.404003 0.604865
vt 0.092341 0.013167
vt 0.0921 0.010972
vt 0.101511 0.009829
vt 0.10121 0.003545
vt 0.479716 0.002523
vt 0.479958 0.011874
vt 0.469641 0.006161
vt 0.470003 0.019872
vt 0.555611 0.14838
vt 0.555973 0.132084
vt 0.563031 0.146005
vt 0.56273 0.127183
vt 0.324187 0.849314
vt 0.470667 0.849194
vt 0.303494 0.886989
vt 0.489128 0.887109
vt 1.489087 0.887109
vt 1.470687 0.849194
vt 1.303454 0.886989
vt 1.324147 0.849314
vt 0.545536 0.239936
vt 0.545536 0.230886
vt 0.626558 0.239064
vt 0.627342 0.230886
vt 0.286481 0.141675
vt 0.286481 0.123364
vt 0.293117 0.141675
vt 0.292876 0.11696
vt 1.545556 0.239936
vt 1.626518 0.239064
vt 1.545556 0.230886
vt 1.627362 0.230886
vt 1.286501 0.141675
vt 1.293077 0.141675
vt 1.286501 0.123364
vt 1.292836 0.11696
vt 0.933755 0.130881
vt 0.913726 0.141946
vt 0.850863 0.119365
vt 0.869263 0.168977
vt 0.867815 0.169969
vt 0.802418 0.199435
vt 0.850079 0.119606
vt 0.776296 0.123034
vt 0.725679 0.207794
vt 0.656421 0.202472
vt 0.699134 0.121681
vt 0.624085 0.116298
vt 0.80097 0.199886
vt 0.727791 0.207764
vt 0.775149 0.123244
vt 0.700281 0.12144
vt 0.933755 0.130881
vt 0.850863 0.119365
vt 0.913726 0.141946
vt 0.869263 0.168977
vt 0.867815 0.169969
vt 0.850079 0.119606
vt 0.802418 0.199435
vt 0.776296 0.123034
vt 0.725679 0.207794
vt 0.699134 0.121681
vt 0.656421 0.202472
vt 0.624085 0.116298
vt 0.80097 0.199886
vt 0.775149 0.123244
vt 0.727791 0.207764
vt 0.700281 0.12144
vt 0.98588 0.846037
vt 0.874452 0.846037
vt 0.98588 0.8163
vt 0.874452 0.8163
vt 0.154541 0.160317
vt 0.154541 0.172224
vt 0.123954 0.160317
vt 0.123954 0.172224
vt 0.723869 0.316819
vt 0.723869 0.28624
vt 0.743114 0.316819
vt 0.743114 0.28624
vt 0.831075 0.41078
vt 0.820939 0.41078
vt 0.832523 0.349863
vt 0.820879 0.348389
vt 1.831095 0.41078
vt 1.832482 0.349863
vt 1.820899 0.41078
vt 1.820839 0.348389
vt 0.763506 0.465983
vt 0.763506 0.443283
vt 0.805374 0.465983
vt 0.805374 0.443283
vt 0.642787 0.951754
vt 0.521585 0.951092
vt 0.643933 0.920303
vt 0.520861 0.920364
vt 0.134994 0.26408
vt 0.057953 0.26405
vt 0.133969 0.273371
vt 0.058979 0.273341
vt 0.009992 0.258578
vt 0.009992 0.232179
vt 0.025376 0.258578
vt 0.025376 0.232179
vt 1.010012 0.258578
vt 1.025335 0.258578
vt 1.010012 0.232179
vt 1.025335 0.232179
vt 0.414078 0.172074
vt 0.39622 0.172074
vt 0.414078 0.158874
vt 0.39622 0.145133
vt 0.605262 0.063229
vt 0.631626 0.07255
vt 0.610209 0.080037
vt 0.631626 0.080037
vt 0.699738 0.28624
vt 0.683569 0.289006
vt 0.699738 0.258067
vt 0.683569 0.251692
vt 0.950889 0.176945
vt 0.950889 0.215281
vt 0.932669 0.18359
vt 0.932669 0.212394
vt 0.683569 0.251692
vt 0.683569 0.289006
vt 0.699738 0.258067
vt 0.699738 0.28624
vt 0.932669 0.212394
vt 0.950889 0.215281
vt 0.932669 0.18359
vt 0.950889 0.176945
vt 0.717716 0.444605
vt 0.717716 0.479003
vt 0.70197 0.444605
vt 0.70197 0.479003
vt 0.584328 0.64245
vt 0.597479 0.715724
vt 0.589637 0.647832
vt 0.600435 0.712687
vt 0.70197 0.479003
vt 0.717716 0.479003
vt 0.70197 0.444605
vt 0.717716 0.444605
vt 0.600435 0.712687
vt 0.597479 0.715724
vt 0.589637 0.647832
vt 0.584328 0.64245
vt 0.01711 0.492323
vt 0.017171 0.471155
vt 0.025738 0.492112
vt 0.025858 0.471245
vt 0.01711 0.492323
vt 0.025738 0.492112
vt 0.017171 0.471155
vt 0.025858 0.471245
vt 0.274838 0.121891
vt 0.268081 0.121199
vt 0.274898 0.147418
vt 0.268262 0.14838
vt 0.268262 0.14838
vt 0.268081 0.121199
vt 0.274898 0.147418
vt 0.274838 0.121891
vt 0.006131 0.274123
vt 0.00245 0.274063
vt 0.00607 0.234524
vt 0.00245 0.234554
vt 0.527015 0.080879
vt 0.536547 0.078774
vt 0.530453 0.091733
vt 0.541795 0.09459
vt 0.786491 0.50877
vt 0.786491 0.53147
vt 0.754818 0.50877
vt 0.754818 0.53147
vt 0.975021 0.533665
vt 0.975021 0.551676
vt 0.884587 0.533665
vt 0.884587 0.551676
vt 0.802237 0.053517
vt 0.770444 0.053517
vt 0.802177 0.043295
vt 0.739253 0.043385
vt 0.640675 0.198353
vt 0.669814 0.211462
vt 0.640736 0.230164
vt 0.672891 0.240778
vt 0.637116 0.230525
vt 0.586499 0.214619
vt 0.635668 0.195196
vt 0.582095 0.166902
vt 0.584146 0.214499
vt 0.531419 0.196729
vt 0.57932 0.165158
vt 0.524782 0.133768
vt 0.467892 0.100182
vt 0.522852 0.132685
vt 0.475976 0.175321
vt 0.529428 0.196248
vt 0.411242 0.066867
vt 0.466263 0.09934
vt 0.41987 0.149854
vt 0.474106 0.174659
vt 0.354834 0.034304
vt 0.409614 0.066056
vt 0.362798 0.119546
vt 0.417939 0.148892
vt 0.300055 0.009589
vt 0.353145 0.033823
vt 0.305002 0.088065
vt 0.360264 0.117982
vt 0.302469 0.08587
vt 0.248232 0.064733
vt 0.297401 0.009679
vt 0.247388 0.002673
vt 0.244492 0.062057
vt 0.194781 0.053548
vt 0.242863 0.003876
vt 0.196711 0.0101
vt 0.14881 0.056284
vt 0.149172 0.029794
vt 0.190678 0.051443
vt 0.190015 0.013317
vt 0.00245 0.234554
vt 0.00245 0.274063
vt 0.00607 0.234524
vt 0.006131 0.274123
vt 0.541795 0.09459
vt 0.536547 0.078774
vt 0.530453 0.091733
vt 0.527015 0.080879
vt 0.754818 0.53147
vt 0.786491 0.53147
vt 0.754818 0.50877
vt 0.786491 0.50877
vt 0.884587 0.551676
vt 0.975021 0.551676
vt 0.884587 0.533665
vt 0.975021 0.533665
vt 0.739253 0.043385
vt 0.770444 0.053517
vt 0.802177 0.043295
vt 0.802237 0.053517
vt 0.640675 0.198353
vt 0.640736 0.230164
vt 0.669814 0.211462
vt 0.672891 0.240778
vt 0.637116 0.230525
vt 0.635668 0.195196
vt 0.586499 0.214619
vt 0.582095 0.166902
vt 0.584146 0.214499
vt 0.57932 0.165158
vt 0.531419 0.196729
vt 0.524782 0.133768
vt 0.529428 0.196248
vt 0.522852 0.132685
vt 0.475976 0.175321
vt 0.467892 0.100182
vt 0.474106 0.174659
vt 0.466263 0.09934
vt 0.41987 0.149854
vt 0.411242 0.066867
vt 0.417939 0.148892
vt 0.409614 0.066056
vt 0.362798 0.119546
vt 0.354834 0.034304
vt 0.360264 0.117982
vt 0.353145 0.033823
vt 0.305002 0.088065
vt 0.300055 0.009589
vt 0.247388 0.002673
vt 0.248232 0.064733
vt 0.297401 0.009679
vt 0.302469 0.08587
vt 0.196711 0.0101
vt 0.194781 0.053548
vt 0.242863 0.003876
vt 0.244492 0.062057
vt 0.14881 0.056284
vt 0.190678 0.051443
vt 0.149172 0.029794
vt 0.190015 0.013317
vt 0.476278 0.766027
vt 0.476278 0.782083
vt 0.466142 0.768823
vt 0.465237 0.782083
vt 0.408528 0.782023
vt 0.409553 0.768853
vt 0.423731 0.782023
vt 0.436882 0.766358
vt 0.436882 0.782023
vt 0.436882 0.766358
vt 0.452085 0.782023
vt 0.464453 0.766328
vt 0.436822 0.753429
vt 0.465177 0.753429
vt 0.476278 0.766027
vt 0.476338 0.753369
vt 0.408467 0.753459
vt 0.407804 0.766358
vt 0.380112 0.753459
vt 0.379449 0.766358
vt 0.349586 0.766388
vt 0.349284 0.753459
vt 0.00245 0.766147
vt 0.00245 0.753609
vt 0.338606 0.782023
vt 0.00245 0.782143
vt 0.407804 0.766358
vt 0.381319 0.768853
vt 0.395315 0.782023
vt 0.380173 0.782023
vt 0.379449 0.766358
vt 0.351758 0.768883
vt 0.366961 0.782023
vt 0.351818 0.782023
vt 1.380012 0.782023
vt 1.380072 0.766358
vt 1.395215 0.782023
vt 1.406497 0.768823
vt 1.351657 0.782023
vt 1.350149 0.766358
vt 1.36686 0.782023
vt 1.378202 0.768853
vt 1.001867 0.782143
vt 1.001867 0.766117
vt 1.338445 0.782023
vt 1.348641 0.768853
vt 0.10121 0.003545
vt 0.101511 0.009829
vt 0.0921 0.010972
vt 0.092341 0.013167
vt 0.470003 0.019872
vt 0.469641 0.006161
vt 0.479958 0.011874
vt 0.479716 0.002523
vt 0.56273 0.127183
vt 0.563031 0.146005
vt 0.555973 0.132084
vt 0.555611 0.14838
vt 0.109294 0.072911
vt 0.082447 0.070566
vt 0.108087 0.078203
vt 0.082447 0.078203
vt 0.977977 0.325869
vt 0.977977 0.300221
vt 0.962171 0.325869
vt 0.962171 0.300221
vt 0.260057 0.119005
vt 0.275019 0.119005
vt 0.260057 0.091162
vt 0.275079 0.091162
vt 1.109314 0.072911
vt 1.108047 0.078203
vt 1.082407 0.070566
vt 1.082407 0.078203
vt 0.404003 0.589591
vt 0.394712 0.589591
vt 0.404003 0.604865
vt 0.394712 0.604865
vt 0.385421 0.589591
vt 0.385421 0.604865
vt 0.376131 0.604865
vt 0.376131 0.589591
vt 0.36684 0.604865
vt 0.36684 0.589591
vt 0.357489 0.589591
vt 0.357489 0.604865
vt 0.348198 0.589591
vt 0.348198 0.604865
vt 0.338908 0.604865
vt 0.338908 0.589591
vt 0.329617 0.604865
vt 0.329617 0.589591
vt 0.320326 0.604865
vt 0.320326 0.589591
vt 0.311035 0.604865
vt 0.311035 0.589591
vt 0.301684 0.604865
vt 0.301684 0.589591
vt 0.292394 0.589591
vt 0.292394 0.604865
vt 0.283103 0.589591
vt 0.283103 0.604865
vt 0.00245 0.586825
vt 0.00245 0.573655
vt 0.457515 0.586825
vt 0.468917 0.573655
vt 0.484301 0.591064
vt 0.512113 0.573655
vt 0.508554 0.603482
vt 0.52798 0.587997
vt 0.52798 0.606729
vt 0.526472 0.621222
vt 0.534375 0.614637
vt 0.941417 0.061095
vt 0.929955 0.057697
vt 0.940995 0.064372
vt 0.927541 0.078564
vt 0.943167 0.075076
vt 0.937375 0.085149
vt 0.9346 0.091733
vt 0.910227 0.091763
vt 0.91264 0.078925
vt 0.904254 0.09014
vt 0.899971 0.08563
vt 0.869746 0.026306
vt 0.884708 0.026216
vt 0.13602 0.173397
vt 0.122023 0.157341
vt 0.103321 0.178568
vt 0.069416 0.157341
vt 0.07382 0.193722
vt 0.050111 0.17484
vt 0.050111 0.197661
vt 0.051921 0.215311
vt 0.042328 0.207283
vt 0.215534 0.094951
vt 0.234236 0.094951
vt 0.207389 0.120839
vt 0.24238 0.120839
vt 0.20757 0.122673
vt 0.242199 0.122673
vt 0.208837 0.123364
vt 0.240933 0.123364
vt 0.183137 0.139661
vt 0.179397 0.139661
vt 0.183137 0.090741
vt 0.179397 0.083615
vt 0.184464 0.089268
vt 0.179397 0.082382
vt 0.231943 0.083615
vt 0.231943 0.089268
vt 0.279423 0.089268
vt 0.28449 0.082382
vt 0.28449 0.083615
vt 0.28075 0.090741
vt 0.284551 0.139661
vt 0.28075 0.139661
vt 0.361712 0.030456
vt 0.383491 0.047053
vt 0.39622 0.030877
vt 0.396341 0.044888
vt 0.393566 0.047474
vt 1.296576 0.91859
vt 1.296576 0.904157
vt 1.493492 0.918559
vt 1.493492 0.904127
vt 1.296637 0.890597
vt 1.493492 0.890597
vt 0.00245 0.158874
vt 0.07563 0.091854
vt 0.029418 0.169638
vt 0.152791 0.157401
vt 0.177587 0.091102
vt 0.152791 0.157401
vt 0.211673 0.142788
vt 0.384215 0.209417
vt 0.285275 0.156799
vt 0.295289 0.156048
vt 0.33384 0.158964
vt 0.298969 0.149884
vt 0.298969 0.128536
vt 0.384215 0.175351
vt 0.481587 0.180222
vt 0.491601 0.198262
vt 0.491601 0.209417
vt 1.002471 0.158874
vt 1.07565 0.091854
vt 1.029377 0.169638
vt 1.152811 0.157401
vt 1.177607 0.091102
vt 1.152811 0.157401
vt 1.211693 0.142788
vt 1.384235 0.209417
vt 1.285295 0.156799
vt 1.295309 0.156048
vt 1.33386 0.158964
vt 1.298929 0.149884
vt 1.298929 0.128536
vt 1.384235 0.175351
vt 1.481546 0.180222
vt 1.491621 0.198262
vt 1.491621 0.209417
vt 0.495764 0.298928
vt 0.464574 0.263329
vt 0.465117 0.285939
vt 0.44563 0.290269
vt 0.44563 0.251692
vt 0.437968 0.293186
vt 0.407321 0.261104
vt 0.393626 0.261164
vt 0.362255 0.251692
vt 0.362255 0.260201
vt 0.85762 0.756135
vt 0.85762 0.728082
vt 0.81732 0.747355
vt 0.754698 0.725255
vt 0.856232 0.702344
vt 0.754758 0.702374
vt 0.754698 0.679463
vt 0.85762 0.676636
vt 0.81732 0.657333
vt 0.85762 0.648553
vt 0.67645 0.228901
vt 0.807546 0.228901
vt 0.67645 0.209658
vt 0.807788 0.209658
vt 0.816535 0.228901
vt 0.817078 0.209658
vt 0.844468 0.220182
vt 0.843744 0.210289
vt 0.889051 0.182357
vt 0.865462 0.21495
vt 0.889172 0.208936
vt 0.901238 0.207102
vt 0.898101 0.182236
vt 0.930618 0.182687
vt 0.930558 0.206922
vt 0.477303 0.228991
vt 0.509338 0.228991
vt 0.50246 0.212334
vt 0.553982 0.21068
vt 0.561825 0.228991
vt 0.011198 0.04555
vt 0.02441 0.027629
vt 0.00245 0.039085
vt 0.018136 0.017797
vt 0.031771 0.025525
vt 0.084921 0.017797
vt 0.075087 0.025525
vt 0.081784 0.029463
vt 0.106881 0.029463
vt 0.104105 0.017797
vt 0.114784 0.021526
vt 0.114784 0.00995
vt 0.104105 0.002433
vt 1.467248 0.028862
vt 1.467248 0.002433
vt 1.454157 0.028862
vt 1.454157 0.002433
vt 1.442574 0.028862
vt 1.442513 0.002433
vt 1.430206 0.028862
vt 1.430206 0.002433
vt 1.405109 0.002433
vt 1.405109 0.028862
vt 1.397326 0.002433
vt 1.397326 0.028862
vt 1.35401 0.028862
vt 1.35401 0.002433
vt 1.348098 0.006612
vt 1.348098 0.028862
vt 0.913002 0.786623
vt 0.906547 0.792186
vt 0.914691 0.787886
vt 0.907995 0.796726
vt 0.898221 0.795433
vt 0.901479 0.803371
vt 0.890318 0.803371
vt 0.889353 0.795373
vt 0.708666 0.730668
vt 0.708666 0.724474
vt 0.667703 0.730668
vt 0.667703 0.724474
vt 0.708666 0.719362
vt 0.666496 0.719362
vt 0.708666 0.697834
vt 0.658412 0.697834
vt 0.708666 0.692722
vt 0.657145 0.692753
vt 0.708666 0.686529
vt 0.657145 0.686529
vt 0.867695 0.052946
vt 0.867695 0.05914
vt 0.864135 0.049609
vt 0.84115 0.049609
vt 0.83759 0.05914
vt 0.837651 0.052946
vt 0.183137 0.479634
vt 0.24051 0.487722
vt 0.212698 0.471005
vt 0.243889 0.461894
vt 0.305545 0.498035
vt 0.375527 0.480656
vt 0.369796 0.503508
vt 0.454318 0.507296
vt 0.477363 0.476417
vt 0.514647 0.505943
vt 0.515733 0.476958
vt 0.651474 0.489617
vt 0.650087 0.478973
vt 0.632651 0.463638
vt 0.231943 0.082382
vt 0.28449 0.08124
vt 0.231943 0.08124
vt 0.179397 0.08124
vt 0.398332 0.474132
vt 0.387774 0.442561
vt 0.389464 0.463728
vt 0.38705 0.470794
vt 0.380233 0.473621
vt 0.31194 0.465683
vt 0.263858 0.456091
vt 0.988896 0.857252
vt 0.972125 0.857252
vt 0.988896 0.864017
vt 0.972125 0.863927
vt 0.966092 0.857252
vt 0.966092 0.864017
vt 0.960059 0.857222
vt 0.960059 0.864047
vt 0.905099 0.864017
vt 0.905099 0.857252
vt 0.866005 0.862213
vt 0.866005 0.855809
vt 0.132159 0.569205
vt 0.185309 0.569536
vt 0.132219 0.544399
vt 0.18561 0.541964
vt 0.232245 0.569536
vt 0.232366 0.543016
vt 0.277251 0.542926
vt 0.278397 0.569536
vt 0.301081 0.541303
vt 0.303615 0.569536
vt 0.366659 0.532132
vt 0.369917 0.569536
vt 0.383431 0.530358
vt 0.385542 0.569536
vt 0.402253 0.529336
vt 0.402977 0.569536
vt 0.424937 0.569536
vt 0.426023 0.529666
vt 0.451422 0.569536
vt 0.454318 0.531561
vt 0.483095 0.569536
vt 0.487438 0.5355
vt 0.549517 0.569536
vt 0.553801 0.547406
vt 0.603874 0.569536
vt 0.605503 0.556727
vt 0.666134 0.569536
vt 0.665712 0.558531
vt 0.690326 0.557148
vt 0.690869 0.569536
vt 0.722361 0.569536
vt 0.722361 0.552307
vt 0.278276 0.343669
vt 0.274234 0.336182
vt 0.326721 0.341203
vt 0.338727 0.333656
vt 0.332935 0.343308
vt 0.338727 0.33976
vt 0.756749 0.619478
vt 0.755422 0.613675
vt 0.77521 0.620711
vt 0.780458 0.584389
vt 0.808934 0.587005
vt 0.816535 0.585442
vt 0.805435 0.543618
vt 0.82655 0.573896
vt 0.823715 0.499479
vt 0.83385 0.578797
vt 0.848631 0.59828
vt 0.856896 0.576512
vt 0.882475 0.564394
vt 0.868962 0.564485
vt 0.868962 0.478191
vt 0.882475 0.478191
vt 0.882475 0.462706
vt 0.868962 0.462706
vt 0.868962 0.310625
vt 0.882475 0.251632
vt 0.838616 0.280377
vt 0.838616 0.251632
vt 0.849717 0.478191
vt 0.828843 0.478191
vt 0.832523 0.462706
vt 0.851768 0.462706
vt 0.838616 0.405367
vt 0.855146 0.387537
vt 0.86323 0.311978
vt 0.86323 0.375961
vt 0.838616 0.288044
vt 0.540649 0.254008
vt 0.542157 0.275927
vt 0.533771 0.252444
vt 0.498961 0.282181
vt 0.502099 0.316007
vt 0.500228 0.325057
vt 0.450577 0.311857
vt 0.486534 0.336934
vt 0.492325 0.345653
vt 0.515492 0.363183
vt 0.48961 0.373045
vt 0.485387 0.391987
vt 0.475312 0.387357
vt 0.354472 0.387207
vt 0.473502 0.407051
vt 0.354352 0.412102
vt 0.373114 0.42861
vt 0.473502 0.42861
vt 0.17457 0.386605
vt 0.105372 0.411501
vt 0.063745 0.38862
vt 0.012405 0.409066
vt 0.002028 0.387988
vt 0.137709 0.351276
vt 0.061875 0.351276
vt 0.398091 0.361138
vt 0.398091 0.333566
vt 0.342889 0.346826
vt 0.342889 0.368475
vt 0.28624 0.351276
vt 0.265064 0.37094
vt 0.175294 0.380562
vt 0.251309 0.380562
vt 0.146819 0.351276
vt 0.00245 0.352058
vt 0.006734 0.358522
vt 0.004441 0.331702
vt 0.015059 0.321058
vt 0.072493 0.340542
vt 0.105553 0.321058
vt 0.114784 0.334919
vt 0.171312 0.333266
vt 0.181568 0.326109
vt 0.239304 0.321058
vt 0.238097 0.326109
vt 0.252093 0.340512
vt 0.258669 0.340512
vt 0.149654 0.807009
vt 0.149654 0.823546
vt 0.15979 0.797959
vt 0.187722 0.823546
vt 0.187722 0.796876
vt 0.215172 0.799823
vt 0.215172 0.823546
vt 0.221567 0.800845
vt 0.221567 0.823546
vt 0.259454 0.805506
vt 0.259454 0.823546
vt 0.274415 0.808031
vt 0.274415 0.823546
vt 0.279905 0.808212
vt 0.279905 0.823546
vt 0.310492 0.823546
vt 0.310492 0.804784
vt 0.34844 0.823546
vt 0.34844 0.801386
vt 0.386326 0.823546
vt 0.386387 0.798891
vt 0.403762 0.823546
vt 0.424334 0.797387
vt 0.41637 0.811309
vt 0.462221 0.811339
vt 0.462281 0.797057
vt 0.55543 0.797087
vt 0.55543 0.811369
vt 0.520318 0.082442
vt 0.530333 0.055532
vt 0.522188 0.055652
vt 0.522128 0.042483
vt 0.530453 0.042453
vt 0.524843 0.100513
vt 0.530876 0.100513
vt 0.519353 0.105985
vt 0.519353 0.11711
vt 0.530876 0.122583
vt 0.524843 0.122583
vt 1.446676 0.352388
vt 1.45295 0.352388
vt 1.446435 0.364385
vt 1.45295 0.364385
vt 1.461336 0.352388
vt 1.461336 0.364385
vt 1.473281 0.352388
vt 1.473281 0.364385
vt 1.481727 0.364385
vt 1.481727 0.352388
vt 1.488183 0.364385
vt 1.487941 0.352388
vt 0.028211 0.259991
vt 0.093487 0.260653
vt 0.028151 0.244416
vt 0.116533 0.182868
vt 0.159186 0.260653
vt 0.122265 0.182627
vt 0.159186 0.200337
vt 0.208113 0.208275
vt 0.215836 0.263148
vt 0.284611 0.203915
vt 0.294384 0.252985
vt 0.332211 0.251783
vt 0.370037 0.209417
vt 0.367142 0.249798
vt 0.421076 0.247032
vt 0.434409 0.225834
vt 0.45836 0.249798
vt 0.464875 0.232209
vt 0.497393 0.249798
vt 0.497453 0.236719
vt 0.523938 0.240958
vt 0.524963 0.249798
vt 0.557059 0.242822
vt 0.558627 0.249798
vt 0.595549 0.249798
vt 0.630962 0.243424
vt 0.632048 0.249798
vt 0.665953 0.249798
vt 0.692136 0.242041
vt 0.695153 0.250249
vt 0.739857 0.249798
vt 0.763325 0.234464
vt 0.756146 0.251001
vt 0.817078 0.250189
vt 0.8064 0.270034
vt 0.774787 0.269372
vt 0.782992 0.276258
vt 0.832945 0.275957
vt 0.835841 0.268681
vt 0.836263 0.2728
vt 0.158945 0.275055
vt 0.833307 0.238854
vt 0.827576 0.249738
vt 0.824318 0.251993
vt 0.824861 0.255962
vt 0.956741 0.249768
vt 0.956681 0.239966
vt 0.972487 0.240086
vt 0.969832 0.248686
vt 0.215956 0.275175
vt 0.163349 0.289307
vt 0.055239 0.276017
vt 0.298306 0.269192
vt 0.215836 0.289367
vt 0.328591 0.293727
vt 0.215715 0.297395
vt 0.328651 0.300582
vt 0.215293 0.319164
vt 0.328591 0.319164
vt 0.163289 0.297245
vt 0.163168 0.319164
vt 0.411544 0.269402
vt 0.421136 0.291592
vt 0.00239 0.319074
vt 0.00245 0.296613
vt 0.00245 0.288705
vt 0.012163 0.276829
vt 0.024531 0.26399
vt 0.054937 0.263659
vt 0.197857 0.42416
vt 0.227057 0.427918
vt 0.227057 0.42416
vt 0.243889 0.427918
vt 0.243889 0.42416
vt 0.26054 0.427918
vt 0.260359 0.42446
vt 0.267236 0.425663
vt 0.268081 0.427918
vt 0.287869 0.42416
vt 0.28811 0.427557
vt 0.278578 0.657934
vt 0.235925 0.636707
vt 0.231823 0.657934
vt 0.200934 0.640826
vt 0.168055 0.610338
vt 0.169322 0.628829
vt 0.146577 0.620681
vt 0.146276 0.657995
vt 0.16896 0.657934
vt 0.149835 0.606068
vt 0.075871 0.603512
vt 0.080698 0.589801
vt 0.030202 0.591485
vt 0.02622 0.607361
vt 0.013189 0.597318
vt 0.017955 0.616471
vt 0.00245 0.607391
vt 0.023324 0.659197
vt 0.029719 0.648914
vt 0.884587 0.264591
vt 0.90715 0.264621
vt 0.884587 0.296733
vt 0.921147 0.296733
vt 0.884587 0.308129
vt 0.927119 0.309061
vt 0.884587 0.359003
vt 0.935746 0.358973
vt 0.932006 0.432458
vt 0.884466 0.432488
vt 0.907452 0.449897
vt 0.884587 0.449927
vt 0.907452 0.460361
vt 0.147 0.03244
vt 0.146638 0.055652
vt 0.090411 0.054389
vt 0.095539 0.068341
vt 0.00414 0.06332
vt 0.120817 0.025976
vt 0.12329 0.032621
vt 0.121903 0.031358
vt 0.032494 0.031418
vt 0.032313 0.035176
vt 0.043354 0.785751
vt 0.0591 0.785751
vt 0.043293 0.79417
vt 0.058979 0.79417
vt 0.164314 0.785751
vt 0.164314 0.79417
vt 0.170106 0.785751
vt 0.170106 0.79417
vt 0.210225 0.785751
vt 0.210285 0.79417
vt 0.257825 0.785751
vt 0.257885 0.79417
vt 0.325997 0.785751
vt 0.325876 0.79417
vt 0.395255 0.79429
vt 0.395195 0.785541
vt 0.944494 0.225293
vt 0.950165 0.236087
vt 0.886698 0.225293
vt 0.835961 0.236057
vt 0.835841 0.225443
vt 0.611777 0.341534
vt 0.611898 0.345984
vt 0.647854 0.341474
vt 0.647915 0.345984
vt 0.652439 0.341474
vt 0.652439 0.346014
vt 0.656662 0.341474
vt 0.656662 0.346014
vt 0.675425 0.341474
vt 0.675425 0.346014
vt 0.679769 0.346014
vt 0.679769 0.341474
vt 0.684655 0.346014
vt 0.684655 0.341474
vt 0.729601 0.346014
vt 0.729661 0.341504
vt 0.740581 0.346074
vt 0.74052 0.341504
vt 0.473321 0.268049
vt 0.473321 0.251692
vt 0.478268 0.27298
vt 0.489731 0.272439
vt 0.514768 0.251722
vt 0.393566 0.047474
vt 0.383491 0.047053
vt 0.396341 0.044888
vt 0.39622 0.030877
vt 0.361712 0.030456
vt 0.208113 0.076128
vt 0.202503 0.078504
vt 0.207993 0.071648
vt 0.195866 0.078504
vt 0.193996 0.056464
vt 0.1911 0.078504
vt 0.189472 0.053938
vt 0.186334 0.078504
vt 0.184585 0.05457
vt 0.122506 0.077391
vt 0.112793 0.068882
vt 0.020851 0.037161
vt 0.021394 0.046873
vt 0.036295 0.037161
vt 0.036597 0.046873
vt 0.043293 0.037131
vt 0.042871 0.046782
vt 0.054696 0.037161
vt 0.054575 0.046812
vt 0.085946 0.046782
vt 0.089445 0.037191
vt 0.838194 0.946612
vt 0.827938 0.946612
vt 0.837892 0.960564
vt 0.82661 0.960564
vt 0.824016 0.946612
vt 0.822991 0.960534
vt 0.812192 0.960534
vt 0.812976 0.946612
vt 0.797894 0.946612
vt 0.791438 0.960564
vt 0.761334 0.946612
vt 0.76785 0.960564
vt 0.747096 0.960534
vt 0.746252 0.946612
vt 0.735211 0.946612
vt 0.736358 0.960564
vt 0.732617 0.960564
vt 0.731411 0.946612
vt 0.721336 0.960564
vt 0.721336 0.946612
vt 1.324268 0.104933
vt 1.306108 0.109894
vt 1.325957 0.102227
vt 1.286562 0.102467
vt 1.291207 0.12147
vt 1.286501 0.118584
vt 0.283103 0.604865
vt 0.292394 0.604865
vt 0.283103 0.589591
vt 0.292394 0.589591
vt 0.301684 0.604865
vt 0.301684 0.589591
vt 0.311035 0.589591
vt 0.311035 0.604865
vt 0.320326 0.589591
vt 0.320326 0.604865
vt 0.329617 0.589591
vt 0.329617 0.604865
vt 0.338908 0.589591
vt 0.338908 0.604865
vt 0.348198 0.589591
vt 0.348198 0.604865
vt 0.357489 0.604865
vt 0.357489 0.589591
vt 0.36684 0.604865
vt 0.36684 0.589591
vt 0.376131 0.589591
vt 0.376131 0.604865
vt 0.385421 0.589591
vt 0.385421 0.604865
vt 0.394712 0.604865
vt 0.394712 0.589591
vt 0.404003 0.604865
vt 0.404003 0.589591
vt 0.941417 0.061095
vt 0.929955 0.057697
vt 0.940995 0.064372
vt 0.927541 0.078564
vt 0.943167 0.075076
vt 0.937375 0.085149
vt 0.9346 0.091733
vt 0.910227 0.091763
vt 0.91264 0.078925
vt 0.904254 0.09014
vt 0.899971 0.08563
vt 0.869746 0.026306
vt 0.884708 0.026216
vt 0.459687 0.986392
vt 0.459687 0.980258
vt 0.437425 0.986392
vt 0.437486 0.980258
vt 0.413414 0.986392
vt 0.413897 0.980258
vt 0.387955 0.986392
vt 0.391454 0.980258
vt -0.004427 0.982363
vt 0.005346 0.980258
vt 0.13602 0.173397
vt 0.122023 0.157341
vt 0.103321 0.178568
vt 0.069416 0.157341
vt 0.07382 0.193722
vt 0.050111 0.17484
vt 0.050111 0.197661
vt 0.051921 0.215311
vt 0.042328 0.207283
vt 0.907814 0.1617
vt 0.920845 0.174329
vt 0.910046 0.147509
vt 0.96573 0.118223
vt 0.93466 0.17505
vt 0.953543 0.17505
vt 0.96573 0.188581
vt 0.85955 0.719543
vt 0.85955 0.670683
vt 0.871737 0.706012
vt 0.85955 0.649185
vt 0.89056 0.706012
vt 0.904435 0.705291
vt 0.873728 0.653725
vt 0.911252 0.665812
vt 0.915234 0.690948
vt 0.459687 0.986392
vt 0.437425 0.986392
vt 0.459687 0.980258
vt 0.437486 0.980258
vt 0.413414 0.986392
vt 0.413897 0.980258
vt 0.387955 0.986392
vt 0.391454 0.980258
vt -0.004427 0.982363
vt 0.005346 0.980258
vt 0.00245 0.586825
vt 0.457515 0.586825
vt 0.00245 0.573655
vt 0.468917 0.573655
vt 0.484301 0.591064
vt 0.512113 0.573655
vt 0.508554 0.603482
vt 0.52798 0.587997
vt 0.52798 0.606729
vt 0.526472 0.621222
vt 0.534375 0.614637
vt 0.907814 0.1617
vt 0.910046 0.147509
vt 0.920845 0.174329
vt 0.96573 0.118223
vt 0.93466 0.17505
vt 0.953543 0.17505
vt 0.96573 0.188581
vt 0.85955 0.719543
vt 0.85955 0.670683
vt 0.871737 0.706012
vt 0.85955 0.649185
vt 0.89056 0.706012
vt 0.904435 0.705291
vt 0.873728 0.653725
vt 0.911252 0.665812
vt 0.915234 0.690948
vt 0.964765 0.253346
vt 0.964041 0.251211
vt 0.96579 0.253346
vt 0.987026 0.251211
vt 0.969048 0.263028
vt 0.987871 0.252173
vt 0.969772 0.265193
vt 0.987871 0.276438
vt 0.97303 0.274874
vt 0.977012 0.286721
vt 0.973754 0.277039
vt 0.972728 0.277039
vt 0.972004 0.274874
vt 0.968746 0.265193
vt 0.968022 0.263028
vt 0.987871 0.300732
vt 0.980692 0.300732
vt 0.975986 0.286751
vt 0.974478 0.348329
vt 0.973754 0.350464
vt 0.975503 0.348329
vt 0.996679 0.350464
vt 0.978761 0.338648
vt 0.997524 0.349502
vt 0.979485 0.336483
vt 0.997524 0.325207
vt 0.982683 0.326801
vt 0.986664 0.314924
vt 0.983406 0.324636
vt 0.982381 0.324636
vt 0.981657 0.326801
vt 0.978459 0.336483
vt 0.977736 0.338648
vt 0.997524 0.300943
vt 0.990344 0.300943
vt 0.985639 0.314924
vt 0.74052 0.341504
vt 0.740581 0.346074
vt 0.729661 0.341504
vt 0.729601 0.346014
vt 0.684655 0.341474
vt 0.684655 0.346014
vt 0.679769 0.341474
vt 0.679769 0.346014
vt 0.675425 0.341474
vt 0.675425 0.346014
vt 0.656662 0.346014
vt 0.656662 0.341474
vt 0.652439 0.346014
vt 0.652439 0.341474
vt 0.647915 0.345984
vt 0.647854 0.341474
vt 0.611898 0.345984
vt 0.611777 0.341534
vt 0.208113 0.076128
vt 0.207993 0.071648
vt 0.202503 0.078504
vt 0.195866 0.078504
vt 0.193996 0.056464
vt 0.1911 0.078504
vt 0.189472 0.053938
vt 0.186334 0.078504
vt 0.184585 0.05457
vt 0.122506 0.077391
vt 0.112793 0.068882
vt 0.020851 0.037161
vt 0.021394 0.046873
vt 0.036295 0.037161
vt 0.036597 0.046873
vt 0.043293 0.037131
vt 0.042871 0.046782
vt 0.054696 0.037161
vt 0.054575 0.046812
vt 0.085946 0.046782
vt 0.089445 0.037191
vt 0.017352 0.661242
vt 0.217404 0.661242
vt 0.019101 0.666023
vt 0.229048 0.666203
vt 0.019101 0.679944
vt 0.229048 0.679944
vt 0.229048 0.693685
vt 0.019101 0.693865
vt 0.217404 0.698676
vt 0.017352 0.698676
vt 0.787939 0.349352
vt 0.597178 0.342316
vt 0.787939 0.365829
vt 0.578295 0.365738
vt 0.578295 0.341324
vt 0.57009 0.34884
vt 0.57009 0.365708
vt 1.787899 0.349352
vt 1.597137 0.342316
vt 1.787899 0.365829
vt 1.578254 0.365738
vt 1.578254 0.341324
vt 1.57005 0.34884
vt 1.57005 0.365708
vt 0.844106 0.947484
vt 0.844106 0.971448
vt 0.850018 0.947484
vt 0.850018 0.971478
vt 0.894722 0.947545
vt 0.894722 0.971418
vt 0.900031 0.947484
vt 0.900031 0.971478
vt 0.92724 0.947484
vt 0.92724 0.971478
vt 0.932488 0.947484
vt 0.932488 0.971478
vt 0.953664 0.947484
vt 0.953664 0.971478
vt 0.979304 0.947484
vt 0.979304 0.971478
vt 0.984854 0.947484
vt 0.984854 0.971478
vt 1.049286 0.971869
vt 1.049286 0.947094
vt 0.732135 0.041761
vt 0.730023 0.026216
vt 0.760429 0.040979
vt 0.765557 0.034244
vt 0.818104 0.026216
vt 0.799824 0.034244
vt 0.804892 0.040919
vt 0.821905 0.03662
vt 0.827214 0.042603
vt 0.83572 0.040348
vt 0.83572 0.055442
vt 0.829325 0.055442
vt 0.296556 0.91859
vt 0.493471 0.918559
vt 0.296556 0.904157
vt 0.493471 0.904127
vt 0.296677 0.890597
vt 0.493471 0.890597
vt 0.423851 0.034064
vt 0.424394 0.030756
vt 0.416008 0.034725
vt 0.415586 0.030756
vt 0.414621 0.036559
vt 0.404546 0.030756
vt 0.40527 0.036559
vt 0.403882 0.034725
vt 0.398332 0.034485
vt 0.732135 0.041761
vt 0.730023 0.026216
vt 0.760429 0.040979
vt 0.765557 0.034244
vt 0.818104 0.026216
vt 0.799824 0.034244
vt 0.804892 0.040919
vt 0.821905 0.03662
vt 0.827214 0.042603
vt 0.83572 0.040348
vt 0.83572 0.055442
vt 0.829325 0.055442
vt 1.423871 0.034064
vt 1.424414 0.030756
vt 1.416029 0.034725
vt 1.415606 0.030756
vt 1.414641 0.036559
vt 1.404566 0.030756
vt 1.40529 0.036559
vt 1.403902 0.034725
vt 1.398352 0.034485
vt 0.422222 0.890597
vt 0.512716 0.890597
vt 0.422222 0.918409
vt 0.512716 0.918409
vt 0.55917 0.890597
vt 0.55917 0.918409
vt 0.631927 0.890597
vt 0.631927 0.918409
vt 0.641882 0.890597
vt 0.641882 0.918409
vt 0.649182 0.890597
vt 0.649182 0.918409
vt 0.669935 0.918409
vt 0.669935 0.890597
vt 0.362255 0.260201
vt 0.362255 0.251692
vt 0.393626 0.261194
vt 0.44563 0.251692
vt 0.407321 0.261104
vt 0.437968 0.293186
vt 0.44563 0.290269
vt 0.464574 0.263329
vt 0.465117 0.285939
vt 0.495764 0.298928
vt 0.00245 0.028862
vt 0.017955 0.012205
vt 0.00245 0.002433
vt 0.017774 0.002433
vt 0.06652 0.012205
vt 0.06652 0.002463
vt 0.076957 0.002463
vt 0.076957 0.012235
vt 0.337701 0.370669
vt 0.337701 0.381283
vt 0.371485 0.370669
vt 0.373416 0.381734
vt 0.39423 0.370669
vt 0.39423 0.381404
vt 0.477363 0.370669
vt 0.477363 0.381283
vt 0.397246 0.325388
vt 0.330582 0.325358
vt 0.3961 0.320126
vt 0.39616 0.298087
vt 0.330642 0.293486
vt 0.397246 0.293516
vt 1.718882 0.966126
vt 1.718882 0.978364
vt 1.705489 0.96778
vt 1.705489 0.97668
vt 1.69282 0.966126
vt 1.69282 0.978364
vt 1.454217 0.978364
vt 1.454217 0.966126
vt 0.583302 0.542084
vt 0.597298 0.542084
vt 0.583302 0.551044
vt 0.598022 0.551044
vt 0.635125 0.542084
vt 0.635125 0.551044
vt 0.646346 0.550533
vt 0.646527 0.542084
vt 0.676511 0.542385
vt 0.678321 0.550593
vt 0.67645 0.228901
vt 0.67645 0.209658
vt 0.807546 0.228901
vt 0.807788 0.209658
vt 0.816535 0.228901
vt 0.817078 0.209658
vt 0.844468 0.220182
vt 0.843744 0.210289
vt 0.865462 0.21495
vt 0.889051 0.182357
vt 0.889172 0.208936
vt 0.901238 0.207102
vt 0.898101 0.182236
vt 0.930618 0.182687
vt 0.930558 0.206922
vt 0.583302 0.542084
vt 0.597298 0.542084
vt 0.583302 0.551044
vt 0.598022 0.551044
vt 0.635125 0.542084
vt 0.635125 0.551044
vt 0.646346 0.550533
vt 0.646527 0.542084
vt 0.676511 0.542385
vt 0.678321 0.550593
vt 0.477303 0.228991
vt 0.509338 0.228991
vt 0.50246 0.212334
vt 0.553982 0.21068
vt 0.561825 0.228991
vt 0.688396 0.446379
vt 0.669392 0.446379
vt 0.688396 0.463638
vt 0.669392 0.463638
vt 0.688396 0.474072
vt 0.669392 0.474072
vt 0.669392 0.488203
vt 0.688396 0.488203
vt 0.467228 0.028862
vt 0.467228 0.002433
vt 0.454137 0.028862
vt 0.454137 0.002433
vt 0.442553 0.028862
vt 0.442553 0.002433
vt 0.430186 0.028862
vt 0.430246 0.002433
vt 0.405089 0.002433
vt 0.405089 0.028862
vt 0.397367 0.002433
vt 0.397367 0.028862
vt 0.35399 0.028862
vt 0.35399 0.002433
vt 0.348078 0.006612
vt 0.348078 0.028862
vt 1.011218 0.04555
vt 1.024431 0.027629
vt 1.002471 0.039085
vt 1.018096 0.017797
vt 1.03173 0.025525
vt 1.084941 0.017797
vt 1.075107 0.025525
vt 1.081804 0.029463
vt 1.106901 0.029463
vt 1.104126 0.017797
vt 1.114804 0.021526
vt 1.114804 0.00995
vt 1.104126 0.002433
vt 1.912962 0.786623
vt 1.914651 0.787886
vt 1.906507 0.792186
vt 1.908015 0.796726
vt 1.898181 0.795433
vt 1.901499 0.803371
vt 1.890338 0.803371
vt 1.889373 0.795373
vt 1.657105 0.686529
vt 1.657105 0.692753
vt 1.708626 0.686529
vt 1.708626 0.692722
vt 1.658372 0.697834
vt 1.708626 0.697834
vt 1.666456 0.719362
vt 1.708626 0.719362
vt 1.667723 0.724474
vt 1.708626 0.724474
vt 1.667723 0.730668
vt 1.708626 0.730668
vt 1.83761 0.052946
vt 1.84117 0.049609
vt 1.83761 0.05914
vt 1.867715 0.05914
vt 1.864155 0.049609
vt 1.867715 0.052946
vt 0.418361 0.822253
vt 0.418603 0.847269
vt 0.495764 0.822494
vt 0.507227 0.826793
vt 0.519413 0.8473
vt 0.531419 0.826613
vt 0.596816 0.844954
vt 0.542821 0.822404
vt 0.594101 0.822584
vt 0.626015 0.847179
vt 0.623602 0.823546
vt 0.661428 0.819517
vt 0.673374 0.847059
vt 0.677054 0.289698
vt 0.658834 0.289698
vt 0.677054 0.251722
vt 0.658834 0.251722
vt 0.650449 0.289698
vt 0.650449 0.251722
vt 0.587404 0.289698
vt 0.542459 0.251692
vt 0.183137 0.479634
vt 0.212698 0.471005
vt 0.24051 0.487722
vt 0.243889 0.461894
vt 0.305545 0.498035
vt 0.375527 0.480656
vt 0.369796 0.503508
vt 0.454318 0.507296
vt 0.477363 0.476417
vt 0.514647 0.505943
vt 0.515733 0.476958
vt 0.651474 0.489617
vt 0.650087 0.478973
vt 0.632651 0.463638
vt 0.398332 0.474132
vt 0.387774 0.442561
vt 0.389464 0.463728
vt 0.38705 0.470794
vt 0.380233 0.473621
vt 0.31194 0.465683
vt 0.263858 0.456091
vt 0.988896 0.857252
vt 0.972125 0.857252
vt 0.988896 0.864017
vt 0.972125 0.863927
vt 0.966092 0.857252
vt 0.966092 0.864017
vt 0.960059 0.857222
vt 0.960059 0.864047
vt 0.905099 0.864017
vt 0.905099 0.857252
vt 0.866005 0.862213
vt 0.866005 0.855809
vt 0.132159 0.569205
vt 0.185309 0.569536
vt 0.132219 0.544399
vt 0.18561 0.541964
vt 0.232245 0.569536
vt 0.232366 0.543016
vt 0.277251 0.542926
vt 0.278397 0.569536
vt 0.301081 0.541303
vt 0.303615 0.569536
vt 0.366659 0.532132
vt 0.369917 0.569536
vt 0.383431 0.530358
vt 0.385542 0.569536
vt 0.402253 0.529336
vt 0.402977 0.569536
vt 0.424937 0.569536
vt 0.426023 0.529666
vt 0.451422 0.569536
vt 0.454318 0.531561
vt 0.483095 0.569536
vt 0.487438 0.5355
vt 0.549517 0.569536
vt 0.553801 0.547406
vt 0.603874 0.569536
vt 0.605503 0.556727
vt 0.666134 0.569536
vt 0.665712 0.558531
vt 0.690326 0.557148
vt 0.690869 0.569536
vt 0.722361 0.569536
vt 0.722361 0.552307
vt 0.338727 0.33976
vt 0.332935 0.343308
vt 0.338727 0.333656
vt 0.326721 0.341203
vt 0.274234 0.336182
vt 0.278276 0.343669
vt 0.149654 0.807009
vt 0.149654 0.823546
vt 0.15979 0.797959
vt 0.187722 0.823546
vt 0.187722 0.796876
vt 0.215172 0.799823
vt 0.215172 0.823546
vt 0.221567 0.800845
vt 0.221567 0.823546
vt 0.259454 0.805506
vt 0.259454 0.823546
vt 0.274415 0.808031
vt 0.274415 0.823546
vt 0.279905 0.808212
vt 0.279905 0.823546
vt 0.310492 0.823546
vt 0.310492 0.804784
vt 0.34844 0.823546
vt 0.34844 0.801386
vt 0.386326 0.823546
vt 0.386387 0.798891
vt 0.403762 0.823546
vt 0.424334 0.797387
vt 0.41637 0.811309
vt 0.462221 0.811339
vt 0.462281 0.797057
vt 0.55543 0.797087
vt 0.55543 0.811369
vt 0.205097 0.595093
vt 0.207088 0.615178
vt 0.20938 0.588719
vt 0.217585 0.625642
vt 0.292695 0.608924
vt 0.292756 0.625672
vt 0.312001 0.610758
vt 0.312182 0.625672
vt 0.377096 0.613645
vt 0.387171 0.620681
vt 0.444122 0.625672
vt 0.442915 0.620681
vt 0.456731 0.606489
vt 0.463246 0.606489
vt 0.756749 0.619478
vt 0.755422 0.613675
vt 0.77521 0.620711
vt 0.780458 0.584389
vt 0.808934 0.587005
vt 0.816535 0.585442
vt 0.805435 0.543618
vt 0.82655 0.573896
vt 0.823715 0.499479
vt 0.83385 0.578797
vt 0.848631 0.59828
vt 0.856896 0.576512
vt 0.882475 0.564394
vt 0.868962 0.564485
vt 0.868962 0.478191
vt 0.882475 0.478191
vt 0.882475 0.462706
vt 0.868962 0.462706
vt 0.868962 0.310625
vt 0.882475 0.251632
vt 0.838616 0.280377
vt 0.838616 0.251632
vt 0.849717 0.478191
vt 0.828843 0.478191
vt 0.832523 0.462706
vt 0.851768 0.462706
vt 0.838616 0.405367
vt 0.855146 0.387537
vt 0.86323 0.311978
vt 0.86323 0.375961
vt 0.838616 0.288044
vt 0.540649 0.254008
vt 0.542157 0.275927
vt 0.533771 0.252444
vt 0.498961 0.282181
vt 0.502099 0.316007
vt 0.500228 0.325057
vt 0.450577 0.311857
vt 0.486534 0.336934
vt 0.492325 0.345653
vt 0.515492 0.363183
vt 0.48961 0.373045
vt 0.485387 0.391987
vt 0.475312 0.387357
vt 0.354472 0.387207
vt 0.473502 0.407051
vt 0.354352 0.412102
vt 0.373114 0.42861
vt 0.473502 0.42861
vt 0.17457 0.386605
vt 0.105372 0.411501
vt 0.063745 0.38862
vt 0.012405 0.409066
vt 0.002028 0.387988
vt 0.137709 0.351276
vt 0.061875 0.351276
vt 0.398091 0.361138
vt 0.398091 0.333566
vt 0.342889 0.346826
vt 0.342889 0.368475
vt 0.28624 0.351276
vt 0.265064 0.37094
vt 0.175294 0.380562
vt 0.251309 0.380562
vt 0.146819 0.351276
vt 0.205097 0.595093
vt 0.207088 0.615178
vt 0.20938 0.588719
vt 0.217585 0.625642
vt 0.292695 0.608924
vt 0.292756 0.625672
vt 0.312001 0.610758
vt 0.312182 0.625672
vt 0.377096 0.613645
vt 0.387171 0.620681
vt 0.444122 0.625672
vt 0.442915 0.620681
vt 0.456731 0.606489
vt 0.463246 0.606489
vt 0.00245 0.352058
vt 0.006734 0.358522
vt 0.004441 0.331702
vt 0.015059 0.321058
vt 0.072493 0.340542
vt 0.105553 0.321058
vt 0.114784 0.334919
vt 0.171312 0.333266
vt 0.181568 0.326109
vt 0.239304 0.321058
vt 0.238097 0.326109
vt 0.252093 0.340512
vt 0.258669 0.340512
vt 0.95843 0.586644
vt 0.944856 0.586644
vt 0.95843 0.631385
vt 0.944856 0.631385
vt 0.938883 0.586644
vt 0.938883 0.631385
vt 0.909805 0.586644
vt 0.909805 0.631385
vt 0.903832 0.586644
vt 0.903832 0.631385
vt 0.890198 0.631385
vt 0.890198 0.586644
vt 0.520318 0.082442
vt 0.530333 0.055532
vt 0.522188 0.055652
vt 0.522128 0.042483
vt 0.530453 0.042453
vt 0.95843 0.586644
vt 0.95843 0.631385
vt 0.944856 0.586644
vt 0.944856 0.631385
vt 0.938883 0.586644
vt 0.938883 0.631385
vt 0.909805 0.586644
vt 0.909805 0.631385
vt 0.903832 0.586644
vt 0.903832 0.631385
vt 0.890198 0.631385
vt 0.890198 0.586644
vt 0.487921 0.352388
vt 0.488223 0.364385
vt 0.481707 0.352388
vt 0.481707 0.364385
vt 0.473321 0.352388
vt 0.473321 0.364385
vt 0.461316 0.364385
vt 0.461316 0.352388
vt 0.45293 0.364385
vt 0.45293 0.352388
vt 0.446475 0.364385
vt 0.446716 0.352388
vt 1.524803 0.100513
vt 1.530836 0.100513
vt 1.519373 0.105985
vt 1.519373 0.11711
vt 1.530896 0.122583
vt 1.524803 0.122583
vt 0.035451 0.614276
vt 0.035451 0.647802
vt 0.041484 0.614276
vt 0.041484 0.652192
vt 0.0629 0.614276
vt 0.063262 0.652192
vt 0.083654 0.614276
vt 0.083955 0.652192
vt 0.096263 0.614276
vt 0.096564 0.652192
vt 0.119067 0.643893
vt 0.119067 0.652192
vt 0.119067 0.614276
vt 0.306631 0.422265
vt 0.287326 0.422265
vt 0.306631 0.413967
vt 0.287326 0.413967
vt 0.246845 0.422265
vt 0.246845 0.413967
vt 0.202382 0.413967
vt 0.202382 0.422265
vt 0.166607 0.422265
vt 0.166607 0.413967
vt 0.141751 0.422265
vt 0.141751 0.413967
vt 0.111586 0.413967
vt 0.111586 0.422265
vt 0.035451 0.614276
vt 0.035451 0.647802
vt 0.041484 0.614276
vt 0.041484 0.652192
vt 0.0629 0.614276
vt 0.063262 0.652192
vt 0.083654 0.614276
vt 0.083955 0.652192
vt 0.096263 0.614276
vt 0.096564 0.652192
vt 0.119067 0.643893
vt 0.119067 0.652192
vt 0.119067 0.614276
vt 0.306631 0.422265
vt 0.287326 0.422265
vt 0.306631 0.413967
vt 0.287326 0.413967
vt 0.246845 0.422265
vt 0.246845 0.413967
vt 0.202382 0.413967
vt 0.202382 0.422265
vt 0.166607 0.422265
vt 0.166607 0.413967
vt 0.141751 0.422265
vt 0.141751 0.413967
vt 0.111586 0.413967
vt 0.111586 0.422265
vt 0.441528 0.45095
vt 0.51513 0.451521
vt 0.441528 0.46
vt 0.515492 0.460211
vt 0.639589 0.451521
vt 0.650449 0.460211
vt 0.645019 0.45125
vt 0.666556 0.445447
vt 0.645924 0.445387
vt 0.667401 0.460211
vt 0.518568 0.939246
vt 0.518327 0.929835
vt 0.429402 0.939366
vt 0.428979 0.929715
vt 0.350129 0.939216
vt 0.350129 0.929654
vt 0.253783 0.939216
vt 0.2533 0.929684
vt 0.208536 0.939306
vt 0.208053 0.929684
vt 0.170769 0.939426
vt 0.170468 0.929684
vt 0.126729 0.939456
vt 0.126367 0.929684
vt 0.089566 0.938855
vt 0.089747 0.929715
vt 0.023445 0.929654
vt 0.023445 0.939306
vt 0.33746 0.751174
vt 0.33746 0.747776
vt 0.36503 0.751174
vt 0.36503 0.747776
vt 0.435917 0.751174
vt 0.435917 0.747776
vt 0.501797 0.751114
vt 0.501737 0.747776
vt 0.590059 0.747806
vt 0.591869 0.751204
vt 0.638322 0.747836
vt 0.638322 0.751234
vt 0.642485 0.751174
vt 0.642485 0.747776
vt 0.646829 0.747776
vt 0.646829 0.751174
vt 0.652258 0.747776
vt 0.652258 0.751174
vt 0.032313 0.035176
vt 0.12329 0.032621
vt 0.032494 0.031418
vt 0.121903 0.031358
vt 0.120817 0.025976
vt 0.043354 0.785751
vt 0.043293 0.79417
vt 0.0591 0.785751
vt 0.058979 0.79417
vt 0.164314 0.785751
vt 0.164314 0.79417
vt 0.170106 0.785751
vt 0.170106 0.79417
vt 0.210225 0.785751
vt 0.210285 0.79417
vt 0.257825 0.785751
vt 0.257885 0.79417
vt 0.325997 0.785751
vt 0.325876 0.79417
vt 0.395255 0.79429
vt 0.395195 0.785541
vt 0.100546 0.345293
vt 0.115447 0.337054
vt 0.115447 0.345353
vt 0.180844 0.337054
vt 0.180844 0.345353
vt 0.244854 0.345353
vt 0.244854 0.337024
vt 0.730385 0.896941
vt 0.726584 0.931007
vt 0.717112 0.896009
vt 0.715061 0.943305
vt 0.703297 0.901211
vt 0.703719 0.953077
vt 0.696239 0.953077
vt 0.695334 0.849164
vt 0.675485 0.953047
vt 0.675304 0.797057
vt 0.944494 0.225293
vt 0.886698 0.225293
vt 0.950165 0.236087
vt 0.835961 0.236057
vt 0.835841 0.225443
vt 0.441528 0.45095
vt 0.51513 0.451521
vt 0.441528 0.46
vt 0.515492 0.460211
vt 0.639589 0.451521
vt 0.650449 0.460211
vt 0.645019 0.45125
vt 0.666556 0.445447
vt 0.645924 0.445387
vt 0.667401 0.460211
vt 0.028211 0.259991
vt 0.093487 0.260653
vt 0.028151 0.244416
vt 0.116533 0.182868
vt 0.159186 0.260653
vt 0.122265 0.182627
vt 0.159186 0.200337
vt 0.208113 0.208275
vt 0.215836 0.263148
vt 0.284611 0.203915
vt 0.294384 0.252985
vt 0.332211 0.251783
vt 0.370037 0.209417
vt 0.367142 0.249798
vt 0.421076 0.247032
vt 0.434409 0.225834
vt 0.45836 0.249798
vt 0.464875 0.232209
vt 0.497393 0.249798
vt 0.497453 0.236719
vt 0.523938 0.240958
vt 0.524963 0.249798
vt 0.557059 0.242822
vt 0.558627 0.249798
vt 0.595549 0.249798
vt 0.630962 0.243424
vt 0.632048 0.249798
vt 0.665953 0.249798
vt 0.692136 0.242041
vt 0.695153 0.250249
vt 0.739857 0.249798
vt 0.763325 0.234464
vt 0.756146 0.251001
vt 0.817078 0.250189
vt 0.8064 0.270034
vt 0.774787 0.269372
vt 0.782992 0.276258
vt 0.832945 0.275957
vt 0.835841 0.268681
vt 0.836263 0.2728
vt 0.158945 0.275055
vt 0.833307 0.238854
vt 0.827576 0.249738
vt 0.824318 0.251993
vt 0.824861 0.255962
vt 0.956741 0.249768
vt 0.956681 0.239966
vt 0.972487 0.240086
vt 0.969832 0.248686
vt 0.215956 0.275175
vt 0.163349 0.289307
vt 0.055239 0.276017
vt 0.298306 0.269192
vt 0.215836 0.289367
vt 0.328591 0.293727
vt 0.215715 0.297395
vt 0.328651 0.300582
vt 0.215293 0.319164
vt 0.328591 0.319164
vt 0.163289 0.297245
vt 0.163168 0.319164
vt 0.411544 0.269402
vt 0.421136 0.291592
vt 0.00239 0.319074
vt 0.00245 0.296613
vt 0.00245 0.288705
vt 0.012163 0.276829
vt 0.024531 0.26399
vt 0.054937 0.263659
vt 0.518568 0.939246
vt 0.518327 0.929835
vt 0.429402 0.939366
vt 0.428979 0.929715
vt 0.350129 0.939216
vt 0.350129 0.929654
vt 0.253783 0.939216
vt 0.2533 0.929684
vt 0.208536 0.939306
vt 0.208053 0.929684
vt 0.170769 0.939426
vt 0.170468 0.929684
vt 0.126729 0.939456
vt 0.126367 0.929684
vt 0.089566 0.938855
vt 0.089747 0.929715
vt 0.023445 0.929654
vt 0.023445 0.939306
vt 0.33746 0.751174
vt 0.33746 0.747776
vt 0.36503 0.751174
vt 0.36503 0.747776
vt 0.435917 0.751174
vt 0.435917 0.747776
vt 0.501797 0.751114
vt 0.501737 0.747776
vt 0.590059 0.747806
vt 0.591869 0.751204
vt 0.638322 0.747836
vt 0.638322 0.751234
vt 0.642485 0.751174
vt 0.642485 0.747776
vt 0.646829 0.747776
vt 0.646829 0.751174
vt 0.652258 0.747776
vt 0.652258 0.751174
vt 0.100546 0.345293
vt 0.115447 0.345353
vt 0.115447 0.337054
vt 0.180844 0.337054
vt 0.180844 0.345353
vt 0.244854 0.345353
vt 0.244854 0.337024
vt 0.730385 0.896941
vt 0.726584 0.931007
vt 0.717112 0.896009
vt 0.715061 0.943305
vt 0.703297 0.901211
vt 0.703719 0.953077
vt 0.696239 0.953077
vt 0.695334 0.849164
vt 0.675485 0.953047
vt 0.675304 0.797057
vt 0.197857 0.42416
vt 0.227057 0.427918
vt 0.227057 0.42416
vt 0.243889 0.427918
vt 0.243889 0.42416
vt 0.26054 0.427918
vt 0.260359 0.42446
vt 0.267236 0.425663
vt 0.268081 0.427918
vt 0.287869 0.42416
vt 0.28811 0.427557
vt 0.278578 0.657934
vt 0.235925 0.636707
vt 0.231823 0.657934
vt 0.200934 0.640826
vt 0.168055 0.610338
vt 0.169322 0.628829
vt 0.146577 0.620681
vt 0.146276 0.657995
vt 0.16896 0.657934
vt 0.149835 0.606068
vt 0.075871 0.603512
vt 0.080698 0.589801
vt 0.030202 0.591485
vt 0.02622 0.607361
vt 0.013189 0.597318
vt 0.017955 0.616471
vt 0.00245 0.607391
vt 0.023324 0.659197
vt 0.029719 0.648914
vt 0.884587 0.264591
vt 0.90715 0.264621
vt 0.884587 0.296733
vt 0.921147 0.296733
vt 0.884587 0.308129
vt 0.927119 0.309061
vt 0.884587 0.359003
vt 0.935746 0.358973
vt 0.932006 0.432458
vt 0.884466 0.432488
vt 0.907452 0.449897
vt 0.884587 0.449927
vt 0.907452 0.460361
vt 0.147 0.03244
vt 0.146638 0.055652
vt 0.090411 0.054389
vt 0.095539 0.068341
vt 0.00414 0.06332
vt 0.346871 0.142938
vt 0.358575 0.144983
vt 0.346871 0.158002
vt 0.358575 0.164467
vt 0.382405 0.144923
vt 0.382405 0.166962
vt 0.394109 0.158002
vt 0.394109 0.142938
vt 0.986182 0.352358
vt 0.98401 0.364055
vt 0.971099 0.352358
vt 0.962352 0.364055
vt 0.984191 0.387898
vt 0.962171 0.387898
vt 0.971099 0.399594
vt 0.986182 0.399594
vt 0.00245 0.751595
vt 0.00245 0.740169
vt 0.329375 0.751595
vt 0.338003 0.740199
vt 0.00245 0.717047
vt 0.338063 0.716987
vt 0.329375 0.705621
vt 0.00245 0.705621
vt 1.001867 0.753549
vt 1.001867 0.766117
vt 1.349123 0.753429
vt 1.350149 0.766358
vt 1.379952 0.753429
vt 1.380072 0.766358
vt 1.408427 0.766328
vt 1.408367 0.753399
vt 1.436058 0.766328
vt 1.436782 0.753399
vt 1.464473 0.766298
vt 1.465137 0.753399
vt 1.476298 0.765997
vt 1.476298 0.753399
vt 1.408427 0.781993
vt 1.42363 0.782023
vt 1.436842 0.782023
vt 1.452045 0.782023
vt 1.476298 0.782083
vt 1.465257 0.782083
vt 0.346871 0.142938
vt 0.346871 0.158002
vt 0.358575 0.145013
vt 0.358575 0.166722
vt 0.382345 0.144923
vt 0.382345 0.166902
vt 0.394049 0.158002
vt 0.394049 0.142938
vt 0.986182 0.352298
vt 0.984191 0.364025
vt 0.971099 0.352298
vt 0.962291 0.363995
vt 0.984191 0.387868
vt 0.962171 0.387868
vt 0.971099 0.399594
vt 0.986182 0.399594
vt 0.473321 0.268049
vt 0.473321 0.251692
vt 0.478268 0.27298
vt 0.489731 0.272439
vt 0.514768 0.251722
vt 0.289075 0.456693
vt 0.288231 0.446169
vt 0.291609 0.458707
vt 0.290222 0.443583
vt 0.302288 0.45543
vt 0.301986 0.443703
vt 0.312001 0.449506
vt 0.322257 0.460812
vt 0.325937 0.454107
vt 0.345121 0.460692
vt 0.341381 0.454077
vt 0.355196 0.449296
vt 0.36503 0.455099
vt 0.365151 0.443403
vt 0.376975 0.443132
vt 0.375708 0.458316
vt 0.378182 0.456272
vt 0.378966 0.445688
vt 0.098435 0.483874
vt 0.102416 0.483844
vt 0.098435 0.498937
vt 0.102477 0.498967
vt 0.114663 0.483874
vt 0.114542 0.498967
vt 0.127875 0.498937
vt 0.125583 0.483874
vt 0.138674 0.483874
vt 0.164495 0.498937
vt 0.153696 0.483874
vt 0.166788 0.483874
vt 0.177768 0.483874
vt 0.177888 0.498937
vt 0.190015 0.498937
vt 0.189954 0.483844
vt 0.194057 0.498937
vt 0.193936 0.483874
vt 1.236247 0.064402
vt 1.233532 0.062117
vt 1.23679 0.074895
vt 1.234558 0.077722
vt 1.223095 0.065394
vt 1.222492 0.077662
vt 1.210547 0.071047
vt 1.210547 0.057998
vt 0.16172 0.442561
vt 0.169141 0.442561
vt 0.161961 0.454347
vt 0.167874 0.454407
vt 0.190256 0.442561
vt 0.190618 0.454558
vt 0.213362 0.454227
vt 0.211612 0.442561
vt 0.222653 0.454317
vt 0.224101 0.442561
vt 0.240872 0.455009
vt 0.241777 0.442561
vt 0.324247 0.104933
vt 0.306088 0.109894
vt 0.325937 0.102227
vt 0.286542 0.102467
vt 0.291187 0.12147
vt 0.286481 0.118584
vt 1.241737 0.442561
vt 1.240892 0.455009
vt 1.224121 0.442561
vt 1.222673 0.454317
vt 1.211572 0.442561
vt 1.213382 0.454227
vt 1.190276 0.442561
vt 1.190638 0.454558
vt 1.167833 0.454407
vt 1.169161 0.442561
vt 1.161921 0.454347
vt 1.16168 0.442561
vt 0.380595 0.327643
vt 0.380595 0.331431
vt 0.31562 0.327613
vt 0.31562 0.331431
vt 0.309406 0.331431
vt 0.309406 0.327613
vt 0.303132 0.331431
vt 0.303192 0.327613
vt 0.279061 0.331401
vt 0.279121 0.327703
vt 0.272183 0.331762
vt 0.252998 0.327282
vt 0.256136 0.331341
vt 0.252998 0.33095
vt 0.263737 0.338708
vt 0.311277 0.857192
vt 0.301624 0.838279
vt 0.320869 0.849164
vt 0.30814 0.82544
vt 0.283646 0.82544
vt 0.286119 0.838279
vt 0.277673 0.827094
vt 0.27345 0.831664
vt 0.243708 0.891138
vt 0.255472 0.899286
vt 0.232426 0.910441
vt 0.291609 0.910441
vt 0.279302 0.899286
vt 0.380595 0.327643
vt 0.31562 0.327613
vt 0.380595 0.331431
vt 0.31562 0.331431
vt 0.309406 0.331431
vt 0.309406 0.327613
vt 0.303132 0.331431
vt 0.303192 0.327613
vt 0.279061 0.331401
vt 0.279121 0.327703
vt 0.272183 0.331762
vt 0.252998 0.327282
vt 0.256136 0.331341
vt 0.252998 0.33095
vt 0.263737 0.338708
vt 0.279302 0.899286
vt 0.291609 0.910441
vt 0.255472 0.899286
vt 0.232426 0.910441
vt 0.243708 0.891138
vt 0.286119 0.838279
vt 0.27345 0.831664
vt 0.277673 0.827094
vt 0.283646 0.82544
vt 0.301624 0.838279
vt 0.30814 0.82544
vt 0.320869 0.849164
vt 0.311277 0.857192
vt 0.250103 0.093327
vt 0.247267 0.093327
vt 0.249379 0.091162
vt 0.241717 0.091162
vt 0.24588 0.104271
vt 0.250465 0.103009
vt 0.251189 0.105143
vt 0.25336 0.103009
vt 0.254084 0.105143
vt 0.249922 0.11708
vt 0.254326 0.114855
vt 0.25505 0.11702
vt 0.257342 0.114855
vt 0.258066 0.11702
vt 0.258247 0.126702
vt 0.254567 0.131573
vt 0.254808 0.134038
vt 0.261324 0.126702
vt 0.26603 0.140713
vt 0.254024 0.136293
vt 0.252335 0.137887
vt 0.250163 0.140713
vt 0.250163 0.138488
vt 0.225549 0.140713
vt 0.225549 0.138488
vt 0.200874 0.138488
vt 0.200874 0.140713
vt 0.198702 0.137887
vt 0.185068 0.140713
vt 0.197073 0.136293
vt 0.196228 0.134038
vt 0.189713 0.126702
vt 0.19279 0.126702
vt 0.19647 0.131573
vt 0.201115 0.11708
vt 0.195987 0.11702
vt 0.196711 0.114855
vt 0.193695 0.114855
vt 0.192971 0.11702
vt 0.199848 0.105143
vt 0.205157 0.104271
vt 0.200572 0.103009
vt 0.20377 0.093327
vt 0.20932 0.091162
vt 0.201658 0.091162
vt 0.200934 0.093327
vt 0.197676 0.103009
vt 0.196952 0.105143
vt 0.389946 0.639293
vt 0.389946 0.695098
vt 0.359781 0.639293
vt 0.359781 0.695098
vt 0.329979 0.695098
vt 0.329979 0.639293
vt 0.286964 0.639293
vt 0.286964 0.695098
vt 0.593618 0.170149
vt 0.590119 0.151718
vt 0.607132 0.170089
vt 0.607132 0.151718
vt 0.624145 0.151718
vt 0.620646 0.170149
vt 0.549517 0.291532
vt 0.560799 0.314443
vt 0.704866 0.291712
vt 0.70565 0.314353
vt 0.729239 0.270845
vt 0.724654 0.252083
vt 0.743959 0.252083
vt 0.737866 0.270725
vt 0.782992 0.324396
vt 0.769901 0.329868
vt 0.785888 0.342496
vt 0.772193 0.340001
vt 0.75506 0.251993
vt 0.794033 0.324005
vt 0.713131 0.339189
vt 0.704685 0.316247
vt 0.57196 0.340151
vt 0.507709 0.316217
vt 0.53347 0.381313
vt 0.503305 0.325658
vt 0.544751 0.381253
vt 1.549538 0.291532
vt 1.560819 0.314443
vt 1.704825 0.291712
vt 1.70567 0.314353
vt 1.729259 0.270875
vt 1.724674 0.252083
vt 1.737886 0.270635
vt 1.743979 0.252083
vt 1.783012 0.324396
vt 1.75508 0.251993
vt 1.793992 0.324005
vt 1.785908 0.342496
vt 1.769861 0.329868
vt 1.772213 0.340001
vt 1.713151 0.339159
vt 1.704705 0.316247
vt 1.571859 0.339971
vt 1.507669 0.316217
vt 1.533792 0.381313
vt 1.503325 0.325658
vt 1.545073 0.381133
vt 0.952457 0.530719
vt 0.970134 0.514542
vt 0.923318 0.530328
vt 0.919216 0.526088
vt 0.96941 0.472959
vt 0.919216 0.452333
vt 0.924223 0.449296
vt 0.972366 0.50913
vt 0.972366 0.47798
vt 1.952417 0.530719
vt 1.923278 0.530328
vt 1.970154 0.514542
vt 1.919236 0.526088
vt 1.96943 0.472959
vt 1.919236 0.452333
vt 1.924243 0.449296
vt 1.972386 0.50913
vt 1.972386 0.47798
vt 0.147543 0.800334
vt 0.147543 0.861221
vt 0.040398 0.800154
vt 0.004441 0.861221
vt 0.004321 0.785751
vt 0.040398 0.785751
vt 1.147563 0.800334
vt 1.147563 0.861221
vt 1.040418 0.800154
vt 1.004461 0.861221
vt 1.004341 0.785751
vt 1.040418 0.785751
vt 0.728635 0.887019
vt 0.773762 0.887019
vt 0.728635 0.914981
vt 0.773762 0.914981
vt 0.825886 0.914981
vt 0.825886 0.887019
vt 0.921026 0.887019
vt 0.921026 0.914981
vt 0.409614 0.141044
vt 0.342105 0.118824
vt 0.317611 0.141044
vt 0.314595 0.136233
vt 0.307235 0.124657
vt 0.333056 0.104572
vt 0.409614 0.141044
vt 0.317611 0.141044
vt 0.342105 0.118824
vt 0.314595 0.136233
vt 0.307235 0.124657
vt 0.333056 0.104542
vt 0.803866 0.426805
vt 0.786793 0.426655
vt 0.803866 0.368204
vt 0.786009 0.368204
vt 0.72767 0.368204
vt 0.72393 0.427046
vt 0.66728 0.417334
vt 0.692257 0.451461
vt 0.666074 0.440667
vt 0.475614 0.430504
vt 0.095177 0.440667
vt 0.095177 0.430504
vt 0.475614 0.410178
vt 0.801151 0.506875
vt 0.796868 0.506905
vt 0.801151 0.493766
vt 0.797049 0.489316
vt 0.812192 0.488263
vt 0.816535 0.492593
vt 0.812192 0.442531
vt 0.812192 0.442531
vt 0.78625 0.441358
vt 0.801936 0.430895
vt 0.754818 0.430925
vt 0.760248 0.442531
vt 0.755965 0.492593
vt 0.760248 0.488294
vt 0.771288 0.493766
vt 0.775632 0.489436
vt 0.775632 0.506875
vt 0.771288 0.506875
vt 0.04088 0.115727
vt 0.041846 0.103129
vt 0.003416 0.115727
vt 0.00245 0.094439
vt 0.041846 0.08575
vt 0.003416 0.073182
vt 0.04088 0.073182
vt 0.056083 0.103129
vt 0.056083 0.08575
vt 1.803886 0.426805
vt 1.786753 0.426655
vt 1.803886 0.368204
vt 1.785969 0.368204
vt 1.72763 0.368204
vt 1.72389 0.427046
vt 1.667301 0.417364
vt 1.692277 0.451491
vt 1.666034 0.440667
vt 1.475634 0.430504
vt 1.095137 0.440667
vt 1.095137 0.430504
vt 1.475694 0.410298
vt 0.285033 0.66915
vt 0.285033 0.637398
vt 0.280569 0.66915
vt 0.280569 0.635083
vt 0.409915 0.63382
vt 0.409614 0.637278
vt 0.414862 0.6337
vt 0.409614 0.66936
vt 0.417396 0.62943
vt 0.446173 0.632167
vt 0.447018 0.636827
vt 0.466745 0.63391
vt 0.452568 0.646449
vt 0.487076 0.655529
vt 0.489309 0.636196
vt 0.49504 0.642389
vt 0.495342 0.66915
vt 0.488585 0.66915
vt 0.280569 0.635414
vt 0.409915 0.63382
vt 0.285033 0.636556
vt 0.409614 0.636316
vt 0.414862 0.63364
vt 0.414802 0.704238
vt 0.417396 0.62943
vt 0.446173 0.632167
vt 0.447018 0.636857
vt 0.466745 0.63391
vt 0.452568 0.646449
vt 0.487076 0.655529
vt 0.489309 0.636196
vt 0.49504 0.642389
vt 0.495342 0.66915
vt 0.488585 0.66915
vt 0.633194 0.612653
vt 0.630841 0.630723
vt 0.609605 0.606308
vt 0.603573 0.6294
vt 0.629937 0.671705
vt 0.607253 0.677538
vt 0.618595 0.68274
vt 0.609002 0.701923
vt 0.635789 0.698856
vt 0.624809 0.71816
vt 0.649483 0.659528
vt 0.644054 0.689806
vt 0.655275 0.684634
vt 0.673434 0.662625
vt 0.673977 0.684634
vt 0.717294 0.684634
vt 0.719948 0.662204
vt 0.671926 0.641066
vt 0.732436 0.634392
vt 0.62692 0.091493
vt 0.601944 0.095642
vt 0.62686 0.086953
vt 0.601582 0.078443
vt 0.582638 0.083826
vt 0.581975 0.061125
vt 0.565143 0.068341
vt 0.55555 0.045249
vt 0.563031 0.083134
vt 0.556395 0.091433
vt 0.535219 0.074535
vt 0.532625 0.040829
vt 0.633194 0.612653
vt 0.630841 0.630723
vt 0.609605 0.606308
vt 0.603573 0.6294
vt 0.629937 0.671705
vt 0.607253 0.677538
vt 0.618595 0.68274
vt 0.609002 0.701923
vt 0.635789 0.698856
vt 0.624809 0.71816
vt 0.649483 0.659528
vt 0.644054 0.689806
vt 0.655275 0.684634
vt 0.673434 0.662625
vt 0.673977 0.684634
vt 0.717294 0.684634
vt 0.719948 0.662204
vt 0.671926 0.641066
vt 0.732436 0.634392
vt 0.62692 0.091493
vt 0.601944 0.095642
vt 0.62686 0.086953
vt 0.601582 0.078443
vt 0.582638 0.083826
vt 0.581975 0.061125
vt 0.565143 0.068341
vt 0.55555 0.045249
vt 0.563031 0.083134
vt 0.556395 0.091433
vt 0.535219 0.074535
vt 0.532625 0.040829
vt 0.858826 0.218979
vt 0.966514 0.219791
vt 0.857801 0.222677
vt 0.972607 0.22391
vt 0.972427 0.163685
vt 0.969712 0.163865
vt 0.858826 0.218979
vt 0.857801 0.222677
vt 0.966514 0.219791
vt 0.972607 0.22391
vt 0.972427 0.163685
vt 0.969712 0.163865
vt 0.407864 0.211432
vt 0.407743 0.215882
vt 0.420654 0.211552
vt 0.420232 0.215882
vt 0.424334 0.215882
vt 0.453352 0.211312
vt 0.451301 0.215882
vt 0.455343 0.215882
vt 0.467831 0.215882
vt 0.467831 0.211312
vt 0.407864 0.211432
vt 0.407743 0.215882
vt 0.420654 0.211552
vt 0.420232 0.215882
vt 0.424334 0.215882
vt 0.453352 0.211312
vt 0.451301 0.215882
vt 0.455343 0.215882
vt 0.467831 0.215882
vt 0.467831 0.211312
vt 0.122747 0.863115
vt 0.127453 0.863115
vt 0.122747 0.889815
vt 0.127453 0.897151
vt 0.011198 0.895377
vt 0.014456 0.889815
vt 0.00245 0.863115
vt 0.014335 0.863115
vt 0.00245 0.893844
vt 0.122747 0.863115
vt 0.122747 0.889815
vt 0.127453 0.863115
vt 0.127453 0.897151
vt 0.011198 0.895377
vt 0.014456 0.889815
vt 0.00245 0.863115
vt 0.014335 0.863115
vt 0.00245 0.893844
vt 0.967359 0.039235
vt 0.946545 0.039175
vt 0.946968 0.01437
vt 0.934359 0.024322
vt 0.83578 0.015482
vt 0.933454 0.002523
vt 0.835056 0.002433
vt 0.80278 0.002433
vt 0.80097 0.015392
vt 0.778528 0.002433
vt 0.776175 0.015452
vt 0.754155 0.002433
vt 0.751923 0.015482
vt 0.730204 0.002433
vt 0.728877 0.015602
vt 0.706314 0.002433
vt 0.706917 0.015993
vt 0.672831 0.015542
vt 0.670176 0.002523
vt 0.666315 0.01476
vt 0.665169 0.002433
vt 0.661368 0.01446
vt 0.661368 0.002433
vt 0.661368 0.024322
vt 0.668185 0.024322
vt 0.675727 0.024322
vt 0.707158 0.024562
vt 0.727549 0.024322
vt 0.74969 0.024322
vt 0.774003 0.024322
vt 0.799281 0.024322
vt 0.834936 0.024322
vt 0.517 0.509912
vt 0.415345 0.509912
vt 0.494376 0.527441
vt 0.419146 0.527441
vt 0.370098 0.527441
vt 0.36497 0.509912
vt 0.330763 0.527441
vt 0.32847 0.509912
vt 0.3155 0.527441
vt 0.317068 0.509912
vt 0.310854 0.509912
vt 0.306993 0.527441
vt 0.30265 0.509912
vt 0.298366 0.527441
vt 0.266693 0.527441
vt 0.267236 0.509912
vt 0.248293 0.527441
vt 0.24594 0.509912
vt 0.228022 0.527441
vt 0.22392 0.509912
vt 0.205519 0.527441
vt 0.201236 0.509912
vt 0.181086 0.527441
vt 0.177768 0.509912
vt 0.145733 0.527441
vt 0.145491 0.509912
vt 0.045586 0.509912
vt 0.041604 0.527441
vt 0.0299 0.517639
vt 0.026281 0.543768
vt 0.005407 0.541333
vt 0.026522 0.549782
vt 0.002873 0.555104
vt 0.031831 0.551706
vt 0.157799 0.566499
vt 0.018981 0.565236
vt 0.162504 0.582465
vt 0.004683 0.56253
vt 0.506865 0.945109
vt 0.506865 0.94123
vt 0.492868 0.945109
vt 0.492868 0.94123
vt 0.460109 0.94123
vt 0.459928 0.945109
vt 0.445932 0.944869
vt 0.445992 0.94123
vt 0.437425 0.94129
vt 0.437787 0.945109
vt 0.423791 0.94126
vt 0.423912 0.945109
vt 0.287447 0.94129
vt 0.287628 0.945259
vt 0.282861 0.945109
vt 0.282861 0.94123
vt 0.278457 0.945109
vt 0.278457 0.94123
vt 0.260841 0.945109
vt 0.260841 0.94123
vt 0.256377 0.945109
vt 0.256377 0.94123
vt 0.251913 0.94123
vt 0.251913 0.945109
vt 0.199004 0.945049
vt 0.199245 0.94123
vt 0.183378 0.94123
vt 0.183378 0.945139
vt 0.179155 0.945139
vt 0.179155 0.94123
vt 0.582759 0.125289
vt 0.580768 0.120087
vt 0.542761 0.125289
vt 0.581311 0.115787
vt 0.585474 0.104422
vt 0.585112 0.114284
vt 0.62505 0.104392
vt 0.634099 0.114314
vt 0.642726 0.104392
vt 0.691653 0.104332
vt 0.729058 0.114404
vt 0.727911 0.104332
vt 0.767126 0.104843
vt 0.695213 0.087073
vt 0.532806 0.104302
vt 0.798557 0.114404
vt 0.827274 0.105264
vt 0.822991 0.087794
vt 0.899126 0.089779
vt 0.840727 0.079766
vt 0.890258 0.081631
vt 0.880183 0.063169
vt 0.841632 0.061846
vt 0.809477 0.060192
vt 0.805555 0.07679
vt 0.771952 0.056194
vt 0.874995 0.114404
vt 0.900695 0.106436
vt 0.901962 0.110135
vt 0.767005 0.08602
vt 0.729359 0.086562
vt 0.70933 0.059982
vt 0.729661 0.064101
vt 0.748001 0.06783
vt 0.734608 0.048737
vt 0.766583 0.071588
vt 0.69829 0.038995
vt 0.691171 0.056314
vt 0.674641 0.050872
vt 0.641701 0.065394
vt 0.658352 0.045489
vt 0.64333 0.040438
vt 0.664385 0.02787
vt 0.631746 0.016955
vt 0.627885 0.035236
vt 0.61226 0.029975
vt 0.627282 0.060824
vt 0.599289 0.007905
vt 0.568521 0.019752
vt 0.572805 0.043746
vt 0.532143 0.038634
vt 0.523757 0.021766
vt 0.554464 0.002433
vt 0.509519 0.007815
vt 0.509398 0.024051
vt 0.479475 0.029313
vt 0.50976 0.046993
vt 0.51525 0.088486
vt 0.461919 0.065093
vt 0.407502 0.061666
vt 0.517784 0.040649
vt 0.342346 0.507777
vt 0.282439 0.507988
vt 0.314293 0.500892
vt 0.282198 0.500892
vt 0.247931 0.500892
vt 0.212638 0.507988
vt 0.212397 0.500892
vt 0.144587 0.507988
vt 0.144285 0.500892
vt 0.096685 0.500892
vt 0.096504 0.507988
vt 0.062659 0.49109
vt 0.05542 0.507988
vt 0.050412 0.504921
vt 0.002692 0.407863
vt 0.008725 0.408615
vt 0.777623 0.877517
vt 0.79168 0.844774
vt 0.777623 0.844804
vt 0.798135 0.811459
vt 0.754336 0.811489
vt 0.754396 0.844834
vt 0.754336 0.801326
vt 0.777321 0.801296
vt 0.777321 0.790953
vt 0.967359 0.039235
vt 0.946968 0.01437
vt 0.946545 0.039175
vt 0.934359 0.024322
vt 0.83578 0.015482
vt 0.933454 0.002523
vt 0.835056 0.002433
vt 0.80278 0.002433
vt 0.80097 0.015392
vt 0.778528 0.002433
vt 0.776175 0.015452
vt 0.754155 0.002433
vt 0.751923 0.015482
vt 0.730204 0.002433
vt 0.728877 0.015602
vt 0.706314 0.002433
vt 0.706917 0.015993
vt 0.672831 0.015542
vt 0.670176 0.002523
vt 0.666315 0.01476
vt 0.665169 0.002433
vt 0.661368 0.01446
vt 0.661368 0.002433
vt 0.661368 0.024322
vt 0.668185 0.024322
vt 0.675727 0.024322
vt 0.707158 0.024562
vt 0.727549 0.024322
vt 0.74969 0.024322
vt 0.774003 0.024322
vt 0.799281 0.024322
vt 0.834936 0.024322
vt 0.517 0.509912
vt 0.415345 0.509912
vt 0.494376 0.527441
vt 0.419146 0.527441
vt 0.370098 0.527441
vt 0.36497 0.509912
vt 0.330763 0.527441
vt 0.32847 0.509912
vt 0.3155 0.527441
vt 0.317068 0.509912
vt 0.310854 0.509912
vt 0.306993 0.527441
vt 0.30265 0.509912
vt 0.298366 0.527441
vt 0.266693 0.527441
vt 0.267236 0.509912
vt 0.248293 0.527441
vt 0.24594 0.509912
vt 0.228022 0.527441
vt 0.22392 0.509912
vt 0.205519 0.527441
vt 0.201236 0.509912
vt 0.181086 0.527441
vt 0.177768 0.509912
vt 0.145733 0.527441
vt 0.145491 0.509912
vt 0.045586 0.509912
vt 0.041604 0.527441
vt 0.0299 0.517639
vt 0.026281 0.543768
vt 0.005407 0.541333
vt 0.026522 0.549782
vt 0.002873 0.555104
vt 0.031831 0.551706
vt 0.157799 0.566499
vt 0.018981 0.565236
vt 0.004683 0.56253
vt 0.162504 0.582465
vt 0.506865 0.945109
vt 0.492868 0.945109
vt 0.506865 0.94123
vt 0.492868 0.94123
vt 0.460109 0.94123
vt 0.459928 0.945109
vt 0.445932 0.944869
vt 0.445992 0.94123
vt 0.437425 0.94129
vt 0.437787 0.945109
vt 0.423791 0.94126
vt 0.423912 0.945109
vt 0.287447 0.94129
vt 0.287628 0.945259
vt 0.282861 0.945109
vt 0.282861 0.94123
vt 0.278457 0.945109
vt 0.278457 0.94123
vt 0.260841 0.945109
vt 0.260841 0.94123
vt 0.256377 0.945109
vt 0.256377 0.94123
vt 0.251913 0.94123
vt 0.251913 0.945109
vt 0.199004 0.945049
vt 0.199245 0.94123
vt 0.183378 0.94123
vt 0.183378 0.945139
vt 0.179155 0.945139
vt 0.179155 0.94123
vt 0.582759 0.125289
vt 0.580768 0.120087
vt 0.542761 0.125289
vt 0.581311 0.115787
vt 0.585474 0.104422
vt 0.532806 0.104302
vt 0.585112 0.114284
vt 0.62505 0.104392
vt 0.634099 0.114314
vt 0.642726 0.104392
vt 0.691653 0.104332
vt 0.729058 0.114404
vt 0.727911 0.104332
vt 0.767126 0.104843
vt 0.798557 0.114404
vt 0.695213 0.087073
vt 0.454619 0.044287
vt 0.442614 0.036048
vt 0.418723 0.052946
vt 0.405632 0.042092
vt 0.901962 0.110135
vt 0.900695 0.106436
vt 0.874995 0.114404
vt 0.827274 0.105264
vt 0.822991 0.087794
vt 0.899126 0.089779
vt 0.840727 0.079766
vt 0.890258 0.081631
vt 0.880183 0.063169
vt 0.841632 0.061846
vt 0.809477 0.060192
vt 0.805555 0.07679
vt 0.771952 0.056194
vt 0.766583 0.071588
vt 0.748001 0.06783
vt 0.767005 0.08602
vt 0.729359 0.086562
vt 0.70933 0.059982
vt 0.729661 0.064101
vt 0.734608 0.048737
vt 0.69829 0.038995
vt 0.691171 0.056314
vt 0.674641 0.050872
vt 0.641701 0.065394
vt 0.658352 0.045489
vt 0.64333 0.040438
vt 0.664385 0.02787
vt 0.631746 0.016955
vt 0.627885 0.035236
vt 0.61226 0.029975
vt 0.627282 0.060824
vt 0.572805 0.043746
vt 0.568521 0.019752
vt 0.599289 0.007905
vt 0.554464 0.002433
vt 0.523757 0.021766
vt 0.509519 0.007815
vt 0.509398 0.024051
vt 0.479475 0.029313
vt 0.50976 0.046993
vt 0.517784 0.040649
vt 0.532143 0.038634
vt 0.51525 0.088486
vt 0.461919 0.065093
vt 0.407502 0.061666
vt 0.418723 0.052946
vt 0.405632 0.042092
vt 0.442614 0.036048
vt 0.454619 0.044287
vt 0.342346 0.507777
vt 0.314293 0.500892
vt 0.282439 0.507988
vt 0.282198 0.500892
vt 0.247931 0.500892
vt 0.212638 0.507988
vt 0.212397 0.500892
vt 0.144587 0.507988
vt 0.144285 0.500892
vt 0.096685 0.500892
vt 0.096504 0.507988
vt 0.062659 0.49109
vt 0.05542 0.507988
vt 0.050412 0.504921
vt 0.002692 0.407863
vt 0.008725 0.408615
vt 0.777623 0.877517
vt 0.79168 0.844774
vt 0.777623 0.844804
vt 0.798135 0.811459
vt 0.754336 0.811489
vt 0.777321 0.801296
vt 0.754336 0.801326
vt 0.754396 0.844834
vt 0.777321 0.790953
vt 0.553318 0.378156
vt 0.543967 0.385463
vt 0.559653 0.387808
vt 0.520137 0.385463
vt 0.504451 0.387808
vt 0.510786 0.378156
vt 0.557481 0.399414
vt 0.506744 0.399414
vt 0.447199 0.293516
vt 0.435495 0.295411
vt 0.447199 0.30425
vt 0.435495 0.30425
vt 0.42355 0.30425
vt 0.411665 0.295441
vt 0.411665 0.30425
vt 0.399961 0.30425
vt 0.399961 0.293486
vt 0.23683 0.074895
vt 0.236227 0.064402
vt 0.234538 0.077752
vt 0.233512 0.062117
vt 0.223135 0.065394
vt 0.222472 0.077662
vt 0.210527 0.071047
vt 0.210587 0.057998
vt 0.870048 0.777393
vt 0.949743 0.777393
vt 0.87409 0.772882
vt 0.94745 0.772762
vt 0.874271 0.768192
vt 0.94733 0.768252
vt 0.953604 0.74934
vt 0.865101 0.749219
vt 0.863894 0.744048
vt 0.955474 0.74519
vt 0.893033 0.736441
vt 0.957887 0.74071
vt 0.932549 0.705652
vt 0.979183 0.706523
vt 0.977012 0.694947
vt 0.924344 0.694647
vt 0.950587 0.777393
vt 0.866488 0.740019
vt 0.791438 0.609045
vt 0.791076 0.619237
vt 0.796928 0.608894
vt 0.799703 0.634331
vt 0.837108 0.609045
vt 0.836565 0.634181
vt 0.837289 0.643051
vt 0.793007 0.641036
vt 1.791458 0.609045
vt 1.796948 0.608894
vt 1.791096 0.619237
vt 1.799663 0.634331
vt 1.792967 0.641036
vt 1.837248 0.643051
vt 1.836585 0.634181
vt 1.837067 0.609045
vt 0.13421 0.89643
vt 0.222351 0.896189
vt 0.136442 0.884974
vt 0.222351 0.884794
vt 0.14332 0.872857
vt 0.231581 0.888221
vt 0.231581 0.876615
vt 0.240752 0.887921
vt 0.240752 0.860559
vt 0.231581 0.860559
vt 0.222351 0.872977
vt 0.222351 0.860649
vt 0.15249 0.859958
vt 0.161599 0.847239
vt 0.222351 0.848442
vt 0.168296 0.835603
vt 0.222351 0.836776
vt 0.171131 0.8252
vt 0.222351 0.82544
vt 0.231581 0.832687
vt 0.231581 0.844443
vt 0.240752 0.833078
vt 0.13421 0.89643
vt 0.222351 0.896189
vt 0.136442 0.884974
vt 0.222351 0.884794
vt 0.14332 0.872857
vt 0.231581 0.888221
vt 0.231581 0.876615
vt 0.240752 0.887921
vt 0.240752 0.860559
vt 0.231581 0.860559
vt 0.231581 0.844443
vt 0.240752 0.833078
vt 0.231581 0.832687
vt 0.222351 0.836776
vt 0.222351 0.82544
vt 0.171131 0.8252
vt 0.168296 0.835603
vt 0.222351 0.848442
vt 0.161599 0.847239
vt 0.222351 0.860649
vt 0.15249 0.859958
vt 0.222351 0.872977
vt 0.812855 0.768042
vt 0.834212 0.775498
vt 0.8137 0.855839
vt 0.833307 0.853313
vt 0.81738 0.872466
vt 0.838495 0.873218
vt 0.81744 0.877818
vt 0.838254 0.878419
vt 0.830592 0.884583
vt 0.858102 0.877277
vt 0.851707 0.854786
vt 0.851949 0.791915
vt 0.815027 0.885124
vt 0.812855 0.768042
vt 0.834212 0.775498
vt 0.8137 0.855839
vt 0.833307 0.853313
vt 0.81738 0.872466
vt 0.838495 0.873218
vt 0.851707 0.854786
vt 0.858102 0.877277
vt 0.838254 0.878419
vt 0.830592 0.884583
vt 0.81744 0.877818
vt 0.815027 0.885124
vt 0.851949 0.791915
vt 0.493773 0.63358
vt 0.529971 0.62014
vt 0.508614 0.639353
vt 0.532625 0.628137
vt 0.519111 0.644584
vt 0.536245 0.637549
vt 0.569426 0.617373
vt 0.56641 0.608564
vt 0.603935 0.591996
vt 0.606167 0.58036
vt 0.635668 0.59792
vt 0.617328 0.578135
vt 0.610269 0.572873
vt 0.713251 0.584359
vt 0.724292 0.57143
vt 0.728213 0.578075
vt 0.725921 0.598912
vt 0.700643 0.613314
vt 0.71844 0.618155
vt 0.711743 0.629581
vt 0.683569 0.623267
vt 0.683569 0.633339
vt 0.655094 0.622214
vt 0.654732 0.61145
vt 0.634039 0.609466
vt 0.563031 0.600415
vt 0.600978 0.571581
vt 0.683207 0.616742
vt 0.657929 0.605978
vt 0.631565 0.587907
vt 0.702332 0.58914
vt 0.695153 0.610157
vt 0.493773 0.63358
vt 0.508614 0.639353
vt 0.529971 0.62014
vt 0.532625 0.628137
vt 0.563031 0.600415
vt 0.56641 0.608564
vt 0.600978 0.571581
vt 0.606167 0.58036
vt 0.610269 0.572873
vt 0.519111 0.644584
vt 0.536245 0.637549
vt 0.569426 0.617373
vt 0.603935 0.591996
vt 0.635668 0.59792
vt 0.617328 0.578135
vt 0.713251 0.584359
vt 0.724292 0.57143
vt 0.728213 0.578075
vt 0.725921 0.598912
vt 0.700643 0.613314
vt 0.71844 0.618155
vt 0.711743 0.629581
vt 0.683569 0.623267
vt 0.683569 0.633339
vt 0.655094 0.622214
vt 0.654732 0.61145
vt 0.634039 0.609466
vt 0.631565 0.587907
vt 0.657929 0.605978
vt 0.702332 0.58914
vt 0.695153 0.610157
vt 0.683207 0.616742
vt 0.00245 0.971117
vt 0.009931 0.971117
vt 0.00245 0.958399
vt 0.011801 0.958249
vt 0.00245 0.948837
vt 0.012948 0.948837
vt 0.044922 0.957858
vt 0.047577 0.948837
vt 0.095237 0.957918
vt 0.097168 0.948837
vt 0.175294 0.948837
vt 0.17819 0.958098
vt 0.093367 0.971117
vt 0.198702 0.971117
vt 0.042208 0.971117
vt 0.667341 0.5223
vt 0.667341 0.54019
vt 0.596031 0.50441
vt 0.538417 0.512498
vt 0.545415 0.505582
vt 0.553379 0.54019
vt 0.00245 0.971117
vt 0.009931 0.971117
vt 0.00245 0.958399
vt 0.011801 0.958249
vt 0.00245 0.948837
vt 0.012948 0.948837
vt 0.044922 0.957858
vt 0.047577 0.948837
vt 0.095237 0.957918
vt 0.097168 0.948837
vt 0.175294 0.948837
vt 0.17819 0.958098
vt 0.093367 0.971117
vt 0.198702 0.971117
vt 0.042208 0.971117
vt 0.667341 0.5223
vt 0.667341 0.54019
vt 0.596031 0.50441
vt 0.538417 0.512498
vt 0.545415 0.505582
vt 0.553379 0.54019
vt 0.841813 0.026336
vt 0.837108 0.036349
vt 0.851406 0.033523
vt 0.863291 0.047714
vt 0.863291 0.033523
vt 0.837832 0.047714
vt 1.841833 0.026306
vt 1.851426 0.033523
vt 1.837128 0.036349
vt 1.863371 0.047714
vt 1.837852 0.047714
vt 1.863371 0.033523
vt 0.870048 0.777393
vt 0.87409 0.772882
vt 0.949743 0.777393
vt 0.94745 0.772762
vt 0.950587 0.777393
vt 0.874271 0.768192
vt 0.94733 0.768252
vt 0.953604 0.74934
vt 0.865101 0.749219
vt 0.863894 0.744048
vt 0.955474 0.74519
vt 0.893033 0.736441
vt 0.957887 0.74071
vt 0.932549 0.705652
vt 0.979183 0.706523
vt 0.977012 0.694947
vt 0.924344 0.694647
vt 0.866488 0.740019
vt 0.966756 0.04113
vt 0.961386 0.044497
vt 0.972185 0.044407
vt 0.966937 0.064492
vt 0.977615 0.063019
vt 0.98956 0.078353
vt 0.983889 0.087764
vt 0.967057 0.087764
vt 0.950165 0.087764
vt 0.944494 0.078564
vt 0.956379 0.063199
vt 0.669814 0.397069
vt 0.666979 0.39337
vt 0.668427 0.401489
vt 0.61775 0.384621
vt 0.663721 0.406239
vt 0.583905 0.406239
vt 0.579803 0.38438
vt 0.577571 0.39746
vt 0.578415 0.37518
vt 0.558024 0.367753
vt 0.611777 0.367633
vt 0.619982 0.37536
vt 0.626256 0.100303
vt 0.642847 0.100393
vt 0.631384 0.09032
vt 0.646165 0.093838
vt 0.643269 0.082442
vt 0.654189 0.088997
vt 0.659619 0.078955
vt 0.664988 0.087253
vt 0.67645 0.08145
vt 0.675666 0.089147
vt 0.68918 0.089448
vt 0.683569 0.094018
vt 0.694791 0.100122
vt 0.687008 0.100393
vt 0.664928 0.100393
vt 0.626256 0.100303
vt 0.631384 0.09032
vt 0.642847 0.100393
vt 0.646165 0.093838
vt 0.654189 0.088997
vt 0.643269 0.082442
vt 0.659619 0.078955
vt 0.664988 0.087253
vt 0.67645 0.08145
vt 0.675666 0.089147
vt 0.68918 0.089448
vt 0.683569 0.094018
vt 0.694791 0.100122
vt 0.687008 0.100393
vt 0.664928 0.100393
vt 0.660101 0.813263
vt 0.662756 0.825741
vt 0.623361 0.813263
vt 0.623904 0.833829
vt 0.594523 0.813263
vt 0.593739 0.831935
vt 0.5427 0.831514
vt 0.596816 0.844954
vt 0.626015 0.847179
vt 0.673374 0.847059
vt 0.542881 0.813263
vt 0.530936 0.813263
vt 0.531841 0.839963
vt 0.506382 0.840324
vt 0.519413 0.8473
vt 0.508071 0.813263
vt 0.495462 0.831725
vt 0.496066 0.813263
vt 0.418361 0.813263
vt 0.418361 0.831213
vt 0.418603 0.847269
vt 0.716751 0.436126
vt 0.738288 0.482671
vt 0.723206 0.436126
vt 0.744623 0.489286
vt 0.730204 0.436126
vt 0.752767 0.491842
vt 0.746493 0.54912
vt 0.752707 0.550022
vt 0.746915 0.600866
vt 0.752707 0.601317
vt 0.747036 0.65174
vt 0.752707 0.65132
vt 0.746915 0.676997
vt 0.752707 0.678651
vt 0.749208 0.751625
vt 0.739314 0.747235
vt 0.739314 0.675193
vt 0.739314 0.651771
vt 0.739314 0.600626
vt 0.739314 0.550142
vt 0.739314 0.499689
vt 0.669392 0.510664
vt 0.669392 0.502395
vt 0.669392 0.52242
vt 0.716751 0.436126
vt 0.723206 0.436126
vt 0.738288 0.482671
vt 0.744623 0.489286
vt 0.730204 0.436126
vt 0.752767 0.491842
vt 0.746493 0.54912
vt 0.752707 0.550022
vt 0.746915 0.600866
vt 0.752707 0.601317
vt 0.747036 0.65174
vt 0.752707 0.65132
vt 0.746915 0.676997
vt 0.752707 0.678651
vt 0.749208 0.751625
vt 0.739314 0.747235
vt 0.739314 0.675193
vt 0.739314 0.651771
vt 0.739314 0.600626
vt 0.739314 0.550142
vt 0.739314 0.499689
vt 0.669392 0.510664
vt 0.669392 0.502395
vt 0.669392 0.52242
vt 0.624628 0.144051
vt 0.631264 0.149673
vt 0.611596 0.140503
vt 0.570814 0.132685
vt 0.599229 0.136865
vt 0.585051 0.133016
vt 0.597178 0.130009
vt 0.621249 0.120688
vt 0.607615 0.127724
vt 0.618715 0.125198
vt 0.625351 0.142968
vt 0.631264 0.149673
vt 0.624628 0.144051
vt 0.611596 0.140503
vt 0.631264 0.149673
vt 0.570814 0.132685
vt 0.599229 0.136865
vt 0.585051 0.133016
vt 0.597178 0.130009
vt 0.621249 0.120688
vt 0.607615 0.127724
vt 0.618715 0.125198
vt 0.625351 0.142968
vt 0.631264 0.149673
vt 0.669814 0.397069
vt 0.668427 0.401489
vt 0.666979 0.39337
vt 0.61775 0.384621
vt 0.663721 0.406239
vt 0.583905 0.406239
vt 0.579803 0.38438
vt 0.577571 0.39746
vt 0.578415 0.37518
vt 0.558024 0.367753
vt 0.611777 0.367633
vt 0.619982 0.37536
vt 0.507589 0.711996
vt 0.521766 0.711364
vt 0.597479 0.715724
vt 0.600435 0.712687
vt 0.515914 0.651921
vt 0.529186 0.654717
vt 0.558084 0.680455
vt 0.589637 0.647832
vt 0.584328 0.64245
vt 0.507589 0.711996
vt 0.521766 0.711364
vt 0.597479 0.715724
vt 0.600435 0.712687
vt 0.515914 0.651921
vt 0.529186 0.654717
vt 0.558084 0.680455
vt 0.589637 0.647832
vt 0.584328 0.64245
vt 0.997463 0.245889
vt 0.99499 0.25052
vt 0.993542 0.248535
vt 0.990465 0.250339
vt 0.994447 0.201901
vt 0.996619 0.198353
vt 0.98775 0.196218
vt 0.988233 0.19273
vt 0.987871 0.191978
vt 0.973331 0.22848
vt 0.975443 0.231487
vt 0.972909 0.233411
vt 0.977072 0.235787
vt 0.975141 0.23747
vt 0.990465 0.250339
vt 0.99499 0.25052
vt 0.993542 0.248535
vt 0.997463 0.245889
vt 0.994447 0.201901
vt 0.996619 0.198353
vt 0.98775 0.196218
vt 0.988233 0.19273
vt 0.987871 0.191978
vt 0.973331 0.22848
vt 0.975443 0.231487
vt 0.972909 0.233411
vt 0.977072 0.235787
vt 0.975141 0.23747
vt 0.512777 0.109353
vt 0.527135 0.091222
vt 0.521887 0.093447
vt 0.472235 0.090681
vt 0.510002 0.108782
vt 0.508373 0.111067
vt 0.502641 0.106015
vt 0.466926 0.096724
vt 0.49685 0.104121
vt 0.505417 0.093447
vt 0.51332 0.093116
vt 0.492747 0.093146
vt 0.484784 0.093447
vt 0.486835 0.100423
vt 0.480923 0.098498
vt 0.471753 0.095071
vt 0.47302 0.093267
vt 0.721336 0.039717
vt 0.721999 0.029313
vt 0.724412 0.027148
vt 0.707882 0.028832
vt 0.704805 0.02769
vt 0.722542 0.042753
vt 0.842779 0.641578
vt 0.960662 0.661061
vt 0.972427 0.680936
vt 0.972306 0.56259
vt 0.960361 0.577444
vt 0.882717 0.568123
vt 0.891344 0.581232
vt 0.864256 0.632738
vt 0.842779 0.641578
vt 0.972427 0.680936
vt 0.960662 0.661061
vt 0.972306 0.56259
vt 0.960361 0.577444
vt 0.882717 0.568123
vt 0.891344 0.581232
vt 0.864256 0.632738
vt 0.512777 0.109353
vt 0.521887 0.093447
vt 0.527135 0.091222
vt 0.472235 0.090681
vt 0.510002 0.108782
vt 0.508373 0.111067
vt 0.502641 0.106015
vt 0.466926 0.096724
vt 0.49685 0.104121
vt 0.505417 0.093447
vt 0.51332 0.093116
vt 0.492747 0.093146
vt 0.484784 0.093447
vt 0.486835 0.100423
vt 0.480923 0.098498
vt 0.471753 0.095071
vt 0.47302 0.093267
vt 0.810925 0.315225
vt 0.802418 0.316187
vt 0.80459 0.297094
vt 0.794334 0.313361
vt 0.788301 0.307317
vt 0.785466 0.299259
vt 0.786431 0.29075
vt 0.790956 0.283504
vt 0.798195 0.278964
vt 0.806702 0.278001
vt 0.814786 0.280828
vt 0.820819 0.286871
vt 0.823654 0.294929
vt 0.822689 0.303439
vt 0.818164 0.310685
vt 0.810925 0.315225
vt 0.80459 0.297094
vt 0.818164 0.310685
vt 0.822689 0.303439
vt 0.823654 0.294929
vt 0.820819 0.286871
vt 0.814786 0.280828
vt 0.806702 0.278001
vt 0.798195 0.278964
vt 0.790956 0.283504
vt 0.786431 0.29075
vt 0.785466 0.299259
vt 0.788301 0.307317
vt 0.794334 0.313361
vt 0.802418 0.316187
vn 0.251782 -0.149295 -0.956199
vn 0.437163 -0.02774 -0.898954
vn 0.452579 -0.205065 -0.867825
vn 0.251782 -0.149295 -0.956199
vn 0.341999 -0.350381 -0.871934
vn 0.452579 -0.205065 -0.867825
vn -0.844434 0.286341 0.452702
vn -0.844434 0.286341 0.452702
vn -0.844434 0.286341 0.452702
vn -0.93877 0.235748 -0.251263
vn -0.93877 0.235748 -0.251263
vn -0.93877 0.235748 -0.251263
vn -0.383112 0.188216 0.904323
vn -0.383112 0.188216 0.904323
vn -0.383112 0.188216 0.904323
vn -0.124398 -0.045033 -0.99121
vn -0.124398 -0.045033 -0.99121
vn -0.124398 -0.045033 -0.99121
vn -0.383112 0.188216 0.904323
vn -0.383112 0.188216 0.904323
vn -0.383112 0.188216 0.904323
vn -0.124398 -0.045033 -0.99121
vn -0.124398 -0.045033 -0.99121
vn -0.124398 -0.045033 -0.99121
vn 0.878763 -0.28994 -0.379093
vn 0.878763 -0.28994 -0.379093
vn 0.878763 -0.28994 -0.379093
vn 0.930904 -0.246666 0.269394
vn 0.930904 -0.246666 0.269394
vn 0.930904 -0.246666 0.269394
vn -0.00223 -0.910813 -0.412812
vn -0.00223 -0.910813 -0.412812
vn -0.00223 -0.910813 -0.412812
vn 0.327299 0.561504 -0.759992
vn 0.327299 0.561504 -0.759992
vn 0.327299 0.561504 -0.759992
vn 0.878763 -0.28994 -0.379093
vn 0.878763 -0.28994 -0.379093
vn 0.878763 -0.28994 -0.379093
vn 0.930904 -0.246666 0.269394
vn 0.930904 -0.246666 0.269394
vn 0.930904 -0.246666 0.269394
vn 0.473866 0.690361 -0.546674
vn 0.473866 0.690361 -0.546674
vn 0.473866 0.690361 -0.546674
vn -0.063828 -0.757399 -0.649825
vn -0.063828 -0.757399 -0.649825
vn -0.063828 -0.757399 -0.649825
vn 0.782035 0.613663 0.108805
vn 0.782035 0.613663 0.108805
vn 0.782035 0.613663 0.108805
vn -0.437757 0.039502 -0.898225
vn -0.437757 0.039502 -0.898225
vn -0.437757 0.039502 -0.898225
vn -0.780301 -0.614864 0.114336
vn -0.765681 -0.638022 0.081616
vn -0.532136 -0.843946 0.067728
vn -0.263361 -0.960998 0.084409
vn -0.263361 -0.960998 0.084409
vn -0.263361 -0.960998 0.084409
vn 0.333687 -0.90674 0.257829
vn 0.333687 -0.90674 0.257829
vn 0.333687 -0.90674 0.257829
vn -0.437757 0.039502 -0.898225
vn -0.437757 0.039502 -0.898225
vn -0.437757 0.039502 -0.898225
vn -0.316203 0.948621 -0.011539
vn 0.009443 0.996064 -0.088137
vn -0.292738 0.954823 -0.051153
vn 0.301473 0.950626 -0.073653
vn 0.301473 0.950626 -0.073653
vn 0.301473 0.950626 -0.073653
vn 0.880639 -0.44361 -0.166388
vn 0.880639 -0.44361 -0.166388
vn 0.703104 -0.425756 -0.56954
vn 0.703104 -0.425756 -0.56954
vn 0.795859 -0.10932 -0.595532
vn 0.973913 -0.127122 -0.187974
vn 0.795859 -0.10932 -0.595532
vn 0.973913 -0.127122 -0.187974
vn -0.76555 0.348933 0.540535
vn -0.793711 0.126736 0.594946
vn -0.673334 0.366639 0.642026
vn -0.749137 0.183637 0.636453
vn -0.673334 0.366639 0.642026
vn -0.726715 0.205571 0.655458
vn -0.691627 0.32674 0.644122
vn -0.715975 0.243391 0.654325
vn -0.659863 0.467226 0.588456
vn -0.715975 0.243391 0.654325
vn -0.601107 0.433692 0.671254
vn -0.703376 0.289531 0.64918
vn -0.250899 -0.967773 0.021576
vn -0.250899 -0.967773 0.021576
vn -0.250899 -0.967773 0.021576
vn -0.250899 -0.967773 0.021576
vn 0.310201 0.940555 -0.138317
vn 0.310201 0.940555 -0.138317
vn 0.310201 0.940555 -0.138317
vn 0.310201 0.940555 -0.138317
vn -0.928253 0.251548 -0.273989
vn -0.928253 0.251548 -0.273989
vn -0.924975 0.248902 -0.287175
vn -0.924975 0.248902 -0.287175
vn -0.229973 0.147458 0.961961
vn 0.226505 -0.677453 0.699824
vn -0.229973 0.147458 0.961961
vn 0.844377 -0.429128 0.320744
vn -0.928253 0.251548 -0.273989
vn -0.928253 0.251548 -0.273989
vn -0.928253 0.251548 -0.273989
vn -0.924975 0.248902 -0.287175
vn -0.229973 0.147458 0.961961
vn -0.229973 0.147458 0.961961
vn 0.584397 0.546879 0.599503
vn 0.955368 -0.044148 0.292102
vn -0.142593 -0.989781 0.000554
vn -0.142593 -0.989781 0.000554
vn -0.111748 -0.99338 0.026638
vn -0.104769 -0.994068 0.029193
vn -0.082957 -0.991814 0.097072
vn -0.08403 -0.991301 0.101301
vn -0.082957 -0.991814 0.097072
vn -0.082957 -0.991814 0.097072
vn 0.01713 -0.960047 0.279313
vn 0.01713 -0.960047 0.279313
vn 0.0238 -0.958969 0.28251
vn 0.01713 -0.960047 0.279313
vn -0.069257 -0.983311 0.168238
vn -0.070356 -0.982499 0.172468
vn -0.062878 -0.98292 0.172961
vn -0.062878 -0.98292 0.172961
vn 0.41397 0.896964 -0.155192
vn 0.444036 0.886123 -0.132733
vn 0.41397 0.896964 -0.155192
vn 0.444036 0.886123 -0.132733
vn 0.470226 0.880621 -0.058262
vn 0.470226 0.880621 -0.058262
vn 0.466575 0.88265 -0.056894
vn 0.470226 0.880621 -0.058262
vn 0.547431 0.82681 0.129245
vn 0.551053 0.824267 0.130096
vn 0.547431 0.82681 0.129245
vn 0.547431 0.82681 0.129245
vn 0.479199 0.877522 0.017977
vn 0.48652 0.873535 0.015344
vn 0.479199 0.877522 0.017977
vn 0.48652 0.873535 0.015344
vn -0.931928 0.253939 -0.258891
vn -0.931928 0.253939 -0.258891
vn -0.931928 0.253939 -0.258891
vn -0.931928 0.253939 -0.258891
vn -0.229973 0.147458 0.961961
vn -0.229973 0.147458 0.961961
vn -0.229973 0.147458 0.961961
vn -0.229973 0.147458 0.961961
vn 0.251006 0.007569 0.967956
vn 0.251006 0.007569 0.967956
vn 0.251006 0.007569 0.967956
vn 0.251006 0.007569 0.967956
vn -0.281454 -0.956426 0.077672
vn -0.281454 -0.956426 0.077672
vn -0.281454 -0.956426 0.077672
vn -0.281454 -0.956426 0.077672
vn 0.282394 0.956234 -0.076623
vn 0.282394 0.956234 -0.076623
vn 0.282394 0.956234 -0.076623
vn 0.282394 0.956234 -0.076623
vn 0.229973 -0.147458 -0.961961
vn 0.229973 -0.147458 -0.961961
vn 0.229973 -0.147458 -0.961961
vn 0.229973 -0.147458 -0.961961
vn -0.934135 0.25303 -0.251729
vn -0.934135 0.25303 -0.251729
vn -0.934135 0.25303 -0.251729
vn -0.934135 0.25303 -0.251729
vn -0.321455 0.173103 0.930968
vn -0.321455 0.173103 0.930968
vn -0.321455 0.173103 0.930968
vn -0.321455 0.173103 0.930968
vn -0.931928 0.253939 -0.258891
vn -0.931928 0.253939 -0.258891
vn -0.931928 0.253939 -0.258891
vn -0.931928 0.253939 -0.258891
vn -0.931928 0.253939 -0.258891
vn -0.931928 0.253939 -0.258891
vn -0.931928 0.253939 -0.258891
vn -0.931928 0.253939 -0.258891
vn 0.883968 -0.224981 0.40986
vn 0.883968 -0.224981 0.40986
vn 0.883968 -0.224981 0.40986
vn 0.883968 -0.224981 0.40986
vn 0.229973 -0.147458 -0.961961
vn 0.229973 -0.147458 -0.961961
vn 0.229973 -0.147458 -0.961961
vn 0.229973 -0.147458 -0.961961
vn 0.257396 0.962621 -0.08431
vn 0.257396 0.962621 -0.08431
vn 0.257396 0.962621 -0.08431
vn 0.257396 0.962621 -0.08431
vn -0.634062 -0.772611 -0.032215
vn -0.634062 -0.772611 -0.032215
vn -0.634062 -0.772611 -0.032215
vn -0.634062 -0.772611 -0.032215
vn -0.306901 -0.948893 0.073577
vn -0.306901 -0.948893 0.073577
vn -0.306901 -0.948893 0.073577
vn -0.306901 -0.948893 0.073577
vn -0.114732 0.977353 -0.177815
vn -0.114732 0.977353 -0.177815
vn -0.114732 0.977353 -0.177815
vn -0.114732 0.977353 -0.177815
vn 0.940747 -0.199676 0.274088
vn 0.940747 -0.199676 0.274088
vn 0.940747 -0.199676 0.274088
vn 0.940747 -0.199676 0.274088
vn -0.943548 0.048619 -0.327647
vn 0.554692 -0.36614 -0.747167
vn -0.496248 -0.10625 -0.861654
vn 0.413646 -0.312262 -0.855213
vn 0.912249 -0.29554 0.283649
vn 0.912249 -0.29554 0.283649
vn 0.912249 -0.29554 0.283649
vn 0.912249 -0.29554 0.283649
vn 0.478779 -0.08999 -0.873311
vn 0.6299 -0.107456 -0.769207
vn -0.398191 0.230255 -0.887934
vn -0.831782 0.425304 -0.356728
vn 0.186945 -0.135361 -0.973
vn 0.229973 -0.147458 -0.961961
vn 0.093472 -0.098502 -0.990737
vn 0.229973 -0.147458 -0.961961
vn 0.186945 -0.135361 -0.973
vn 0.093472 -0.098502 -0.990737
vn 0.229973 -0.147458 -0.961961
vn 0.229973 -0.147458 -0.961961
vn 0.931928 -0.253939 0.258891
vn 0.931928 -0.253939 0.258891
vn 0.931928 -0.253939 0.258891
vn 0.931928 -0.253939 0.258891
vn 0.931928 -0.253939 0.258891
vn 0.931928 -0.253939 0.258891
vn 0.931928 -0.253939 0.258891
vn 0.931928 -0.253939 0.258891
vn -0.652071 0.71269 -0.258603
vn -0.652071 0.71269 -0.258603
vn -0.757732 0.599138 -0.258603
vn -0.757732 0.599138 -0.258603
vn -0.650919 -0.758614 0.028442
vn -0.657163 -0.73853 -0.150697
vn -0.379224 -0.919822 0.100579
vn -0.438144 -0.895731 -0.07547
vn 0.931928 -0.253939 0.258891
vn 0.931928 -0.253939 0.258891
vn 0.931928 -0.253939 0.258891
vn 0.931928 -0.253939 0.258891
vn 0.931928 -0.253939 0.258891
vn 0.931928 -0.253939 0.258891
vn 0.931928 -0.253939 0.258891
vn 0.931928 -0.253939 0.258891
vn 0.021084 -0.987333 0.157252
vn 0.021084 -0.987333 0.157252
vn -0.512689 -0.858521 -0.009627
vn -0.512689 -0.858521 -0.009627
vn -0.703256 -0.706638 -0.078061
vn -0.862214 -0.439689 -0.251515
vn -0.809964 -0.572264 -0.128344
vn -0.862214 -0.439689 -0.251515
vn -0.809964 -0.572264 -0.128344
vn -0.726176 -0.687358 -0.014392
vn -0.703256 -0.706638 -0.078061
vn -0.658964 -0.752013 -0.015578
vn -0.726176 -0.687358 -0.014392
vn -0.650919 -0.758614 0.028442
vn -0.658964 -0.752013 -0.015578
vn -0.650919 -0.758614 0.028442
vn -0.658964 -0.752013 -0.015578
vn -0.650919 -0.758614 0.028442
vn -0.658964 -0.752013 -0.015578
vn -0.650919 -0.758614 0.028442
vn -0.658964 -0.752013 -0.015578
vn -0.658964 -0.752013 -0.015578
vn -0.658964 -0.752013 -0.015578
vn -0.658964 -0.752013 -0.015578
vn -0.703256 -0.706638 -0.078061
vn -0.658964 -0.752013 -0.015578
vn -0.703256 -0.706638 -0.078061
vn -0.658964 -0.752013 -0.015578
vn -0.762744 -0.637749 -0.107232
vn -0.703256 -0.706638 -0.078061
vn -0.762744 -0.637749 -0.107232
vn -0.703256 -0.706638 -0.078061
vn -0.762744 -0.637749 -0.107232
vn -0.847203 -0.520162 -0.108065
vn -0.762744 -0.637749 -0.107232
vn -0.847203 -0.520162 -0.108065
vn -0.847203 -0.520162 -0.108065
vn -0.953701 -0.29637 -0.05117
vn -0.847203 -0.520162 -0.108065
vn -0.901822 -0.431387 -0.02495
vn -0.98455 -0.011656 0.174717
vn -0.953156 -0.258651 0.156821
vn -0.953701 -0.29637 -0.05117
vn -0.901822 -0.431387 -0.02495
vn -0.971602 -0.125778 -0.200421
vn -0.936181 -0.309806 -0.166089
vn -0.971602 -0.125778 -0.200421
vn -0.936181 -0.309806 -0.166089
vn 0.109765 0.967532 -0.227669
vn -0.162124 0.943089 -0.290342
vn 0.179081 0.982325 -0.054473
vn -0.136722 0.983362 -0.119613
vn 0.931928 -0.253939 0.258891
vn 0.931928 -0.253939 0.258891
vn 0.931928 -0.253939 0.258891
vn 0.931928 -0.253939 0.258891
vn 0.931928 -0.253939 0.258891
vn 0.931928 -0.253939 0.258891
vn 0.931928 -0.253939 0.258891
vn 0.931928 -0.253939 0.258891
vn 0.030173 0.985936 -0.164374
vn 0.54856 0.835958 0.01601
vn 0.030173 0.985936 -0.164374
vn 0.54856 0.835958 0.01601
vn -0.209289 0.953039 -0.218894
vn -0.375364 0.891288 -0.254377
vn -0.498423 0.793198 -0.349874
vn -0.498423 0.793198 -0.349874
vn -0.375364 0.891288 -0.254377
vn -0.209289 0.953039 -0.218894
vn -0.239681 0.959301 -0.149316
vn -0.147488 0.976215 -0.158906
vn -0.239681 0.959301 -0.149316
vn -0.147488 0.976215 -0.158906
vn -0.136722 0.983362 -0.119613
vn -0.136722 0.983362 -0.119613
vn -0.136722 0.983362 -0.119613
vn -0.136722 0.983362 -0.119613
vn -0.147488 0.976215 -0.158906
vn -0.147488 0.976215 -0.158906
vn -0.147488 0.976215 -0.158906
vn -0.147488 0.976215 -0.158906
vn -0.147488 0.976215 -0.158906
vn -0.147488 0.976215 -0.158906
vn -0.147488 0.976215 -0.158906
vn -0.147488 0.976215 -0.158906
vn -0.209289 0.953039 -0.218894
vn -0.209289 0.953039 -0.218894
vn -0.209289 0.953039 -0.218894
vn -0.209289 0.953039 -0.218894
vn -0.297795 0.923413 -0.242129
vn -0.297795 0.923413 -0.242129
vn -0.436826 0.87183 -0.221575
vn -0.436826 0.87183 -0.221575
vn -0.297795 0.923413 -0.242129
vn -0.297795 0.923413 -0.242129
vn -0.52709 0.839505 -0.131938
vn -0.645646 0.751198 -0.137269
vn -0.436826 0.87183 -0.221575
vn -0.436826 0.87183 -0.221575
vn -0.812008 0.569496 0.127736
vn -0.645646 0.751198 -0.137269
vn -0.654106 0.752579 0.075965
vn -0.52709 0.839505 -0.131938
vn -0.556483 -0.196082 0.80739
vn -0.752194 -0.597275 0.278328
vn -0.445102 -0.894716 0.036976
vn -0.714804 -0.696818 -0.059158
vn -0.714804 -0.696818 -0.059158
vn -0.714804 -0.696818 -0.059158
vn -0.714804 -0.696818 -0.059158
vn -0.445102 -0.894716 0.036976
vn -0.714804 -0.696818 -0.059158
vn -0.445102 -0.894716 0.036976
vn -0.714804 -0.696818 -0.059158
vn -0.445102 -0.894716 0.036976
vn -0.106805 -0.985448 0.132235
vn -0.106805 -0.985448 0.132235
vn -0.106805 -0.985448 0.132235
vn -0.106805 -0.985448 0.132235
vn -0.106805 -0.985448 0.132235
vn -0.106805 -0.985448 0.132235
vn -0.106805 -0.985448 0.132235
vn -0.106805 -0.985448 0.132235
vn -0.445102 -0.894716 0.036976
vn -0.163325 -0.980079 0.113009
vn -0.445102 -0.894716 0.036976
vn -0.163325 -0.980079 0.113009
vn -0.6857 -0.726275 -0.048375
vn -0.6857 -0.726275 -0.048375
vn -0.714804 -0.696818 -0.059158
vn -0.714804 -0.696818 -0.059158
vn -0.714804 -0.696818 -0.059158
vn -0.714804 -0.696818 -0.059158
vn -0.714804 -0.696818 -0.059158
vn -0.445102 -0.894716 0.036976
vn -0.714804 -0.696818 -0.059158
vn -0.6857 -0.726275 -0.048375
vn -0.230325 0.952882 -0.197399
vn -0.230325 0.952882 -0.197399
vn -0.230325 0.952882 -0.197399
vn 0.104732 0.98676 -0.123842
vn -0.187824 0.963049 -0.193026
vn -0.187824 0.963049 -0.193026
vn -0.230325 0.952882 -0.197399
vn -0.230325 0.952882 -0.197399
vn -0.187824 0.963049 -0.193026
vn -0.187824 0.963049 -0.193026
vn -0.187824 0.963049 -0.193026
vn -0.187824 0.963049 -0.193026
vn -0.673334 0.366639 0.642026
vn -0.749137 0.183637 0.636453
vn -0.700374 0.438157 0.563466
vn -0.800974 0.232224 0.551827
vn -0.691627 0.32674 0.644122
vn -0.726715 0.205571 0.655458
vn -0.673334 0.366639 0.642026
vn -0.749137 0.183637 0.636453
vn -0.715975 0.243391 0.654325
vn -0.698434 0.092985 0.709609
vn -0.691627 0.32674 0.644122
vn -0.775382 0.082176 0.626123
vn -0.214104 -0.970751 0.108636
vn -0.214104 -0.970751 0.108636
vn -0.214104 -0.970751 0.108636
vn -0.214104 -0.970751 0.108636
vn -0.930427 0.258363 -0.259912
vn -0.948835 0.231117 -0.215167
vn -0.930427 0.258363 -0.259912
vn -0.930774 0.291768 -0.220296
vn 0.90141 -0.260452 0.345869
vn 0.914593 -0.216736 0.341388
vn 0.914593 -0.216736 0.341388
vn 0.914593 -0.216736 0.341388
vn 0.358072 0.930186 -0.080859
vn 0.358072 0.930186 -0.080859
vn 0.358072 0.930186 -0.080859
vn 0.358072 0.930186 -0.080859
vn 0.880639 -0.44361 -0.166388
vn 0.872569 -0.406693 0.270598
vn 0.880639 -0.44361 -0.166388
vn 0.872569 -0.406693 0.270598
vn 0.683467 -0.316096 0.657994
vn 0.683467 -0.316096 0.657994
vn 0.35394 -0.196658 0.914359
vn 0.35394 -0.196658 0.914359
vn -0.062176 -0.069435 0.995647
vn -0.062176 -0.069435 0.995647
vn -0.473127 0.040851 0.880047
vn -0.472886 0.045224 0.879962
vn -0.795102 0.113619 0.595738
vn -0.795102 0.113619 0.595738
vn -0.972179 0.130507 0.194513
vn -0.972179 0.130507 0.194513
vn -0.965841 0.094852 -0.241152
vn -0.965841 0.094852 -0.241152
vn -0.778556 0.004049 -0.627562
vn -0.778556 0.004049 -0.627562
vn -0.43992 -0.11331 -0.89086
vn -0.43992 -0.11331 -0.89086
vn -0.026763 -0.242934 -0.969674
vn -0.026763 -0.242934 -0.969674
vn 0.382787 -0.354983 -0.852914
vn 0.382787 -0.354983 -0.852914
vn 0.703104 -0.425756 -0.56954
vn 0.703104 -0.425756 -0.56954
vn -0.281454 -0.956426 0.077672
vn -0.281454 -0.956426 0.077672
vn -0.281454 -0.956426 0.077672
vn -0.281454 -0.956426 0.077672
vn -0.281454 -0.956426 0.077672
vn -0.281454 -0.956426 0.077672
vn -0.281454 -0.956426 0.077672
vn -0.281454 -0.956426 0.077672
vn -0.281454 -0.956426 0.077672
vn -0.281454 -0.956426 0.077672
vn -0.281454 -0.956426 0.077672
vn -0.281454 -0.956426 0.077672
vn -0.281454 -0.956426 0.077672
vn -0.138021 -0.970115 0.199568
vn -0.281454 -0.956426 0.077672
vn 0.186602 -0.750679 0.633767
vn -0.641806 -0.729751 0.235686
vn -0.281454 -0.956426 0.077672
vn -0.281454 -0.956426 0.077672
vn -0.281454 -0.956426 0.077672
vn -0.281454 -0.956426 0.077672
vn -0.281454 -0.956426 0.077672
vn -0.281454 -0.956426 0.077672
vn -0.281454 -0.956426 0.077672
vn -0.281454 -0.956426 0.077672
vn -0.281454 -0.956426 0.077672
vn -0.281454 -0.956426 0.077672
vn -0.281454 -0.956426 0.077672
vn -0.281454 -0.956426 0.077672
vn -0.281454 -0.956426 0.077672
vn -0.281454 -0.956426 0.077672
vn -0.281454 -0.956426 0.077672
vn -0.281454 -0.956426 0.077672
vn -0.608014 0.240688 0.756564
vn -0.608014 0.240688 0.756564
vn -0.608014 0.240688 0.756564
vn -0.608014 0.240688 0.756564
vn -0.608014 0.240688 0.756564
vn -0.608014 0.240688 0.756564
vn -0.608014 0.240688 0.756564
vn -0.608014 0.240688 0.756564
vn -0.665541 0.03382 0.745594
vn -0.665541 0.03382 0.745594
vn -0.665541 0.03382 0.745594
vn -0.614345 0.193334 0.764985
vn -0.608014 0.240688 0.756564
vn -0.702948 0.262856 0.660887
vn -0.608014 0.240688 0.756564
vn -0.494079 0.214804 0.842464
vn -0.608014 0.240688 0.756564
vn -0.702948 0.262856 0.660887
vn -0.582331 0.293195 0.75824
vn -0.541222 0.448039 0.711576
vn -0.541222 0.448039 0.711576
vn -0.541222 0.448039 0.711576
vn -0.930427 0.258363 -0.259912
vn -0.930427 0.258363 -0.259912
vn -0.930427 0.258363 -0.259912
vn -0.930427 0.258363 -0.259912
vn -0.930427 0.258363 -0.259912
vn 0.034859 0.987822 -0.15163
vn -0.405828 0.881076 -0.242918
vn 0.034859 0.987822 -0.15163
vn -0.405828 0.881076 -0.242918
vn -0.776392 0.564802 -0.279668
vn -0.776392 0.564802 -0.279668
vn -0.281454 -0.956426 0.077672
vn -0.281454 -0.956426 0.077672
vn -0.281454 -0.956426 0.077672
vn -0.281454 -0.956426 0.077672
vn -0.281454 -0.956426 0.077672
vn -0.281454 -0.956426 0.077672
vn -0.281454 -0.956426 0.077672
vn -0.281454 -0.956426 0.077672
vn -0.281454 -0.956426 0.077672
vn -0.281454 -0.956426 0.077672
vn -0.281454 -0.956426 0.077672
vn -0.281454 -0.956426 0.077672
vn -0.281454 -0.956426 0.077672
vn -0.281454 -0.956426 0.077672
vn -0.281454 -0.956426 0.077672
vn -0.281454 -0.956426 0.077672
vn -0.281454 -0.956426 0.077672
vn 0.282394 0.956234 -0.076623
vn 0.282394 0.956234 -0.076623
vn 0.282394 0.956234 -0.076623
vn 0.282394 0.956234 -0.076623
vn 0.282394 0.956234 -0.076623
vn 0.282394 0.956234 -0.076623
vn 0.282394 0.956234 -0.076623
vn 0.282394 0.956234 -0.076623
vn 0.282394 0.956234 -0.076623
vn 0.282394 0.956234 -0.076623
vn 0.282394 0.956234 -0.076623
vn 0.282394 0.956234 -0.076623
vn 0.282394 0.956234 -0.076623
vn 0.282394 0.956234 -0.076623
vn 0.282394 0.956234 -0.076623
vn 0.282394 0.956234 -0.076623
vn 0.282394 0.956234 -0.076623
vn 0.282394 0.956234 -0.076623
vn -0.529953 0.814687 -0.235446
vn -0.311706 0.927634 -0.205752
vn -0.005644 0.98843 -0.151573
vn -0.005644 0.98843 -0.151573
vn 0.282394 0.956234 -0.076623
vn 0.282394 0.956234 -0.076623
vn 0.307435 0.944292 -0.117458
vn 0.307435 0.944292 -0.117458
vn 0.307435 0.944292 -0.117458
vn -0.984826 0.165834 -0.051151
vn -0.984826 0.165834 -0.051151
vn -0.984826 0.165834 -0.051151
vn -0.984826 0.165834 -0.051151
vn -0.958052 0.276745 -0.074491
vn -0.958052 0.276745 -0.074491
vn -0.918494 0.388988 -0.071109
vn -0.918494 0.388988 -0.071109
vn -0.918494 0.388988 -0.071109
vn -0.918494 0.388988 -0.071109
vn -0.361542 -0.931697 0.035047
vn -0.361542 -0.931697 0.035047
vn -0.361542 -0.931697 0.035047
vn -0.361542 -0.931697 0.035047
vn -0.332626 -0.942473 -0.033242
vn -0.338294 -0.94101 0.007603
vn -0.428916 -0.895355 0.119877
vn -0.382228 -0.917443 0.11045
vn -0.554333 -0.76505 0.32774
vn -0.521887 -0.84087 0.143426
vn -0.551942 -0.794873 0.252065
vn -0.475173 0.014702 0.879769
vn -0.475173 0.014702 0.879769
vn -0.398374 0.176852 0.900012
vn -0.398374 0.176852 0.900012
vn -0.723385 -0.244064 0.645869
vn 0.487841 -0.249189 0.83661
vn -0.064608 -0.504111 0.861219
vn 0.615846 -0.63028 0.472738
vn 0.77815 -0.489695 0.393297
vn -0.81957 0.282937 0.498249
vn -0.824613 0.211561 0.524647
vn -0.81957 0.282937 0.498249
vn -0.832775 -0.307238 0.460533
vn -0.295114 -0.950205 0.100091
vn -0.295114 -0.950205 0.100091
vn -0.295114 -0.950205 0.100091
vn -0.295114 -0.950205 0.100091
vn -0.295114 -0.950205 0.100091
vn -0.295114 -0.950205 0.100091
vn -0.295114 -0.950205 0.100091
vn -0.295114 -0.950205 0.100091
vn -0.295114 -0.950205 0.100091
vn 0.724136 -0.26741 -0.635704
vn 0.724136 -0.26741 -0.635704
vn 0.925475 -0.295271 -0.2373
vn 0.925475 -0.295271 -0.2373
vn 0.775323 -0.177259 0.60618
vn 0.775323 -0.177259 0.60618
vn -0.003929 0.084901 0.996382
vn -0.003929 0.084901 0.996382
vn -0.342043 0.179513 0.922378
vn -0.342043 0.179513 0.922378
vn -0.300669 0.166752 0.939038
vn -0.300669 0.166752 0.939038
vn -0.229973 0.147458 0.961961
vn -0.229973 0.147458 0.961961
vn -0.229973 0.147458 0.961961
vn -0.229973 0.147458 0.961961
vn -0.281454 -0.956426 0.077672
vn -0.281454 -0.956426 0.077672
vn -0.281454 -0.956426 0.077672
vn -0.281454 -0.956426 0.077672
vn -0.281454 -0.956426 0.077672
vn -0.281454 -0.956426 0.077672
vn -0.281454 -0.956426 0.077672
vn -0.281454 -0.956426 0.077672
vn -0.931928 0.253939 -0.258891
vn -0.971836 -0.079242 -0.221935
vn -0.931928 0.253939 -0.258891
vn -0.971836 -0.079242 -0.221935
vn -0.391041 -0.919058 0.049191
vn -0.363712 -0.929795 0.056523
vn -0.141696 -0.982924 0.117401
vn -0.083634 -0.987713 0.132015
vn 0.787639 -0.552658 0.272387
vn 0.806848 -0.522563 0.275543
vn 0.931928 -0.253939 0.258891
vn 0.931928 -0.253939 0.258891
vn -0.109515 -0.049852 -0.992734
vn -0.109402 -0.04549 -0.992956
vn -0.109515 -0.049852 -0.992734
vn -0.109515 -0.049852 -0.992734
vn -0.109402 -0.04549 -0.992956
vn -0.109515 -0.049852 -0.992734
vn -0.281454 -0.956426 0.077672
vn -0.281454 -0.956426 0.077672
vn -0.281454 -0.956426 0.077672
vn -0.281454 -0.956426 0.077672
vn -0.250029 -0.964463 0.085421
vn -0.281454 -0.956426 0.077672
vn -0.281454 -0.956426 0.077672
vn -0.281454 -0.956426 0.077672
vn -0.281454 -0.956426 0.077672
vn -0.281454 -0.956426 0.077672
vn -0.281454 -0.956426 0.077672
vn -0.281454 -0.956426 0.077672
vn -0.281454 -0.956426 0.077672
vn -0.281454 -0.956426 0.077672
vn -0.958465 0.283963 0.026647
vn -0.930572 0.250648 -0.266856
vn -0.930572 0.250648 -0.266856
vn -0.930572 0.250648 -0.266856
vn -0.134471 -0.979245 0.151644
vn -0.091633 -0.981906 0.165724
vn -0.091633 -0.981906 0.165724
vn -0.134471 -0.979245 0.151644
vn -0.374229 -0.9273 0.008159
vn -0.374229 -0.9273 0.008159
vn -0.173619 -0.980383 0.093299
vn 0.272451 -0.159807 -0.948806
vn 0.432727 -0.202631 -0.878458
vn 0.272451 -0.159807 -0.948806
vn 0.432727 -0.202631 -0.878458
vn 0.878763 -0.28994 -0.379093
vn 0.891964 -0.291021 -0.345988
vn 0.867914 -0.216337 0.447128
vn 0.867914 -0.216337 0.447128
vn 0.830748 -0.202699 0.518432
vn 0.830748 -0.202699 0.518432
vn 0.810303 -0.193444 0.553163
vn 0.810303 -0.193444 0.553163
vn 0.796274 -0.550125 0.251613
vn 0.83718 -0.451819 0.308205
vn 0.9198 -0.242904 0.308165
vn 0.9198 -0.242904 0.308165
vn 0.930017 -0.250866 0.268578
vn 0.930017 -0.250866 0.268578
vn 0.937961 -0.255163 0.23478
vn 0.937961 -0.255163 0.23478
vn 0.877814 -0.218258 0.426387
vn 0.877814 -0.218258 0.426387
vn 0.9198 -0.242904 0.308165
vn 0.9198 -0.242904 0.308165
vn 0.944411 -0.291115 -0.152772
vn 0.944411 -0.291115 -0.152772
vn 0.95931 -0.282215 -0.008947
vn 0.95931 -0.282215 -0.008947
vn 0.951861 -0.265885 0.152532
vn 0.951861 -0.265885 0.152532
vn 0.9198 -0.242904 0.308165
vn 0.9198 -0.242904 0.308165
vn 0.853579 -0.211007 0.476319
vn 0.853579 -0.211007 0.476319
vn 0.853579 -0.211007 0.476319
vn 0.853579 -0.211007 0.476319
vn 0.853579 -0.211007 0.476319
vn 0.853579 -0.211007 0.476319
vn 0.877814 -0.218258 0.426387
vn 0.877814 -0.218258 0.426387
vn 0.899312 -0.196638 0.390605
vn 0.899312 -0.196638 0.390605
vn 0.899312 -0.196638 0.390605
vn 0.899312 -0.196638 0.390605
vn 0.261135 -0.163148 -0.951415
vn 0.261135 -0.163148 -0.951415
vn 0.261135 -0.163148 -0.951415
vn 0.261135 -0.163148 -0.951415
vn 0.261135 -0.163148 -0.951415
vn 0.261135 -0.163148 -0.951415
vn 0.282394 0.956234 -0.076623
vn 0.282394 0.956234 -0.076623
vn 0.282394 0.956234 -0.076623
vn 0.282394 0.956234 -0.076623
vn 0.282394 0.956234 -0.076623
vn 0.282394 0.956234 -0.076623
vn 0.282394 0.956234 -0.076623
vn 0.282394 0.956234 -0.076623
vn 0.282394 0.956234 -0.076623
vn 0.282394 0.956234 -0.076623
vn 0.282394 0.956234 -0.076623
vn 0.282394 0.956234 -0.076623
vn 0.282394 0.956234 -0.076623
vn 0.282394 0.956234 -0.076623
vn 0.314428 0.923064 -0.221558
vn 0.314428 0.923064 -0.221558
vn 0.297831 0.941875 -0.15546
vn 0.303421 0.940904 -0.150448
vn 0.282394 0.956234 -0.076623
vn 0.282394 0.956234 -0.076623
vn 0.282394 0.956234 -0.076623
vn 0.282394 0.956234 -0.076623
vn 0.3355 0.877708 -0.342152
vn 0.356039 0.782132 -0.511377
vn 0.330187 0.893699 -0.303775
vn 0.320669 0.910202 -0.262115
vn 0.282394 0.956234 -0.076623
vn 0.282394 0.956234 -0.076623
vn 0.282394 0.956234 -0.076623
vn 0.282394 0.956234 -0.076623
vn 0.282394 0.956234 -0.076623
vn -0.136654 -0.982269 0.128346
vn -0.136654 -0.982269 0.128346
vn -0.136654 -0.982269 0.128346
vn -0.136654 -0.982269 0.128346
vn -0.136654 -0.982269 0.128346
vn -0.136654 -0.982269 0.128346
vn -0.136654 -0.982269 0.128346
vn -0.136654 -0.982269 0.128346
vn -0.198146 -0.971018 0.13365
vn -0.240238 -0.965589 0.099613
vn -0.281454 -0.956426 0.077672
vn -0.824909 -0.550714 -0.127432
vn -0.372996 -0.925556 0.064967
vn -0.901635 -0.399914 -0.164692
vn -0.962267 -0.157718 -0.221736
vn -0.931542 -0.316333 -0.179338
vn -0.931928 0.253939 -0.258891
vn -0.931928 0.253939 -0.258891
vn -0.855443 -0.502997 -0.123337
vn -0.921526 -0.357012 -0.152749
vn -0.69538 -0.716936 -0.049492
vn -0.931542 -0.316333 -0.179338
vn -0.931542 -0.316333 -0.179338
vn -0.281454 -0.956426 0.077672
vn -0.281454 -0.956426 0.077672
vn -0.198146 -0.971018 0.13365
vn -0.171204 -0.978619 0.11399
vn -0.240238 -0.965589 0.099613
vn -0.240238 -0.965589 0.099613
vn -0.281454 -0.956426 0.077672
vn -0.281454 -0.956426 0.077672
vn -0.281454 -0.956426 0.077672
vn -0.335126 -0.940051 0.063203
vn -0.281454 -0.956426 0.077672
vn -0.186971 -0.97903 -0.080886
vn -0.281454 -0.956426 0.077672
vn -0.19216 -0.980686 -0.03647
vn -0.281454 -0.956426 0.077672
vn -0.281454 -0.956426 0.077672
vn -0.335126 -0.940051 0.063203
vn -0.335126 -0.940051 0.063203
vn -0.335126 -0.940051 0.063203
vn -0.335126 -0.940051 0.063203
vn -0.335126 -0.940051 0.063203
vn -0.335126 -0.940051 0.063203
vn -0.335126 -0.940051 0.063203
vn -0.335126 -0.940051 0.063203
vn -0.81957 0.282937 0.498249
vn -0.81957 0.282937 0.498249
vn -0.81957 0.282937 0.498249
vn -0.468338 0.211416 0.857882
vn -0.468338 0.211416 0.857882
vn 0.054704 0.064891 0.996392
vn 0.054704 0.064891 0.996392
vn -0.763774 0.27221 0.585279
vn -0.763774 0.27221 0.585279
vn -0.731629 0.269084 0.626348
vn -0.731629 0.269084 0.626348
vn 0.054704 0.064891 0.996392
vn 0.054704 0.064891 0.996392
vn 0.896611 -0.293243 -0.33181
vn 0.896611 -0.293243 -0.33181
vn 0.896611 -0.293243 -0.33181
vn 0.896611 -0.293243 -0.33181
vn 0.935904 -0.293226 -0.195196
vn 0.935904 -0.293226 -0.195196
vn 0.957235 -0.284631 -0.051829
vn 0.957235 -0.284631 -0.051829
vn 0.960029 -0.278652 0.026407
vn 0.961497 -0.245017 0.124462
vn 0.961497 -0.245017 0.124462
vn 0.934015 -0.268181 0.235998
vn 0.934015 -0.268181 0.235998
vn 0.934015 -0.268181 0.235998
vn 0.934015 -0.268181 0.235998
vn -0.281454 -0.956426 0.077672
vn -0.912472 -0.376296 -0.160615
vn -0.857407 -0.498684 -0.127147
vn -0.931928 0.253939 -0.258891
vn -0.931928 0.253939 -0.258891
vn 0.229973 -0.147458 -0.961961
vn 0.229973 -0.147458 -0.961961
vn 0.229973 -0.147458 -0.961961
vn 0.229973 -0.147458 -0.961961
vn 0.229973 -0.147458 -0.961961
vn 0.229973 -0.147458 -0.961961
vn -0.888907 0.227835 -0.39741
vn -0.669218 0.610713 -0.423293
vn -0.888907 0.227835 -0.39741
vn -0.669218 0.610713 -0.423293
vn 0.009071 0.947361 -0.32004
vn 0.009071 0.947361 -0.32004
vn 0.595619 0.787711 -0.157318
vn 0.595619 0.787711 -0.157318
vn 0.987641 0.152693 0.035353
vn 0.987641 0.152693 0.035353
vn 0.954603 -0.273959 0.116959
vn 0.954603 -0.273959 0.116959
vn -0.955299 -0.236693 -0.177144
vn -0.955299 -0.236693 -0.177144
vn -0.955299 -0.236693 -0.177144
vn -0.955299 -0.236693 -0.177144
vn -0.955299 -0.236693 -0.177144
vn -0.955299 -0.236693 -0.177144
vn -0.955299 -0.236693 -0.177144
vn -0.975058 -0.207179 -0.079619
vn -0.965713 -0.253052 -0.057987
vn -0.977479 -0.192102 0.087355
vn -0.962488 -0.253833 0.095845
vn -0.942424 -0.269264 0.198328
vn -0.953156 -0.258651 0.156821
vn -0.96196 -0.202152 0.18376
vn -0.953156 -0.258651 0.156821
vn -0.840407 -0.529863 0.11385
vn -0.901822 -0.431387 -0.02495
vn -0.798333 -0.601625 0.026681
vn -0.847203 -0.520162 -0.108065
vn -0.755606 -0.65492 0.011847
vn -0.726176 -0.687358 -0.014392
vn -0.762744 -0.637749 -0.107232
vn -0.658964 -0.752013 -0.015578
vn -0.703256 -0.706638 -0.078061
vn -0.658964 -0.752013 -0.015578
vn -0.620191 -0.782653 0.053087
vn -0.658964 -0.752013 -0.015578
vn -0.650919 -0.758614 0.028442
vn -0.56987 -0.821707 0.006712
vn -0.658964 -0.752013 -0.015578
vn -0.703256 -0.706638 -0.078061
vn -0.512689 -0.858521 -0.009627
vn -0.462335 -0.886613 0.012809
vn -0.462335 -0.886613 0.012809
vn -0.389354 -0.920058 0.043547
vn -0.129525 -0.98293 0.130657
vn -0.793104 -0.602454 -0.089636
vn -0.389354 -0.920058 0.043547
vn -0.389354 -0.920058 0.043547
vn -0.389354 -0.920058 0.043547
vn -0.912472 -0.376296 -0.160615
vn -0.658964 -0.752013 -0.015578
vn -0.676015 -0.735277 -0.048708
vn -0.321092 -0.935883 0.144993
vn -0.389354 -0.920058 0.043547
vn -0.676015 -0.735277 -0.048708
vn -0.676015 -0.735277 -0.048708
vn -0.703256 -0.706638 -0.078061
vn -0.703256 -0.706638 -0.078061
vn -0.920399 -0.385116 -0.067468
vn -0.966762 0.077575 -0.243624
vn -0.869739 -0.474679 -0.135034
vn -0.648671 -0.760931 -0.014499
vn -0.96589 0.144135 -0.215132
vn -0.703256 -0.706638 -0.078061
vn -0.87188 0.406925 -0.272465
vn -0.87188 0.406925 -0.272465
vn -0.931928 0.253939 -0.258891
vn -0.931928 0.253939 -0.258891
vn -0.87188 0.406925 -0.272465
vn -0.931928 0.253939 -0.258891
vn -0.512689 -0.858521 -0.009627
vn -0.512689 -0.858521 -0.009627
vn -0.930427 0.258363 -0.259912
vn -0.874458 0.406049 -0.26542
vn -0.804091 0.529584 -0.270146
vn -0.703256 -0.706638 -0.078061
vn -0.339218 -0.93898 0.056986
vn -0.339218 -0.93898 0.056986
vn 0.911444 -0.314451 0.265313
vn 0.896163 -0.418953 -0.146184
vn 0.896163 -0.418953 -0.146184
vn 0.739947 -0.475496 -0.475795
vn 0.707266 -0.496587 -0.503167
vn 0.173435 -0.495188 -0.851299
vn 0.125989 -0.555414 -0.821975
vn 0.230948 -0.138837 -0.963009
vn 0.230948 -0.138837 -0.963009
vn 0.230948 -0.138837 -0.963009
vn 0.230948 -0.138837 -0.963009
vn -0.762744 -0.637749 -0.107232
vn -0.809964 -0.572264 -0.128344
vn -0.897489 -0.395919 -0.194326
vn -0.862214 -0.439689 -0.251515
vn -0.77093 -0.617312 -0.156819
vn -0.832219 -0.519665 -0.193289
vn -0.832219 -0.519665 -0.193289
vn -0.64232 -0.765151 -0.044373
vn -0.512689 -0.858521 -0.009627
vn -0.698071 -0.698789 -0.156176
vn -0.837341 -0.480823 -0.260132
vn -0.623532 -0.766244 -0.15517
vn -0.623532 -0.766244 -0.15517
vn -0.832219 -0.519665 -0.193289
vn -0.635696 -0.741282 -0.215386
vn -0.656218 -0.733162 0.178468
vn -0.635696 -0.741282 -0.215386
vn -0.512689 -0.858521 -0.009627
vn -0.494145 -0.690275 0.528527
vn 0.22906 0.012201 0.973336
vn 0.22906 0.012201 0.973336
vn -0.106518 0.116734 0.987435
vn -0.289368 0.200373 0.936011
vn -0.950457 0.27029 -0.153537
vn -0.944939 0.266511 -0.189899
vn -0.885645 0.228638 -0.404174
vn -0.885645 0.228638 -0.404174
vn -0.814626 0.192777 -0.547011
vn -0.768571 0.173875 -0.615684
vn 0.228253 -0.129906 -0.964896
vn 0.228253 -0.129906 -0.964896
vn 0.228253 -0.129906 -0.964896
vn -0.953156 -0.258651 0.156821
vn -0.98455 -0.011656 0.174717
vn -0.96196 -0.202152 0.18376
vn -0.951152 0.088842 0.295664
vn -0.942424 -0.269264 0.198328
vn -0.599165 -0.025438 0.800221
vn -0.916456 -0.368961 -0.154844
vn -0.916456 -0.368961 -0.154844
vn -0.936181 -0.309806 -0.166089
vn -0.936181 -0.309806 -0.166089
vn 0.228253 -0.129906 -0.964896
vn 0.670498 0.442236 -0.595701
vn 0.228253 -0.129906 -0.964896
vn 0.670498 0.442236 -0.595701
vn 0.704321 0.520237 -0.482996
vn 0.704321 0.520237 -0.482996
vn 0.551701 0.718469 0.42359
vn 0.5473 0.721192 0.424671
vn 0.590407 0.726971 0.350617
vn 0.587308 0.726149 0.357458
vn 0.684526 0.719306 0.118416
vn 0.684526 0.719306 0.118416
vn 0.740824 0.668955 -0.060651
vn 0.740824 0.668955 -0.060651
vn 0.804331 0.556096 -0.209306
vn 0.819597 0.52768 -0.223194
vn 0.030173 0.985936 -0.164374
vn 0.479838 0.877083 -0.021922
vn 0.324801 0.94453 -0.048656
vn 0.54856 0.835958 0.01601
vn 0.54856 0.835958 0.01601
vn 0.505232 0.862912 0.01114
vn 0.781778 0.612618 0.116282
vn 0.505232 0.862912 0.01114
vn 0.505232 0.862912 0.01114
vn 0.011054 0.989318 -0.145357
vn 0.011054 0.989318 -0.145357
vn -0.606613 0.753126 -0.254602
vn -0.606613 0.753126 -0.254602
vn -0.737761 0.618579 -0.27031
vn -0.737761 0.618579 -0.27031
vn -0.901321 -0.405661 -0.151855
vn -0.692702 -0.692754 -0.200641
vn -0.151646 -0.980188 0.127418
vn -0.182984 -0.980429 0.072633
vn 0.416535 -0.876335 0.241943
vn 0.179721 -0.962402 0.203674
vn 0.781778 0.612618 0.116282
vn 0.715325 -0.640829 0.278655
vn 0.931928 -0.253939 0.258891
vn 0.931928 -0.253939 0.258891
vn 0.931928 -0.253939 0.258891
vn 0.931928 -0.253939 0.258891
vn 0.931928 -0.253939 0.258891
vn -0.930427 0.258363 -0.259912
vn -0.930427 0.258363 -0.259912
vn -0.930427 0.258363 -0.259912
vn -0.930427 0.258363 -0.259912
vn -0.930427 0.258363 -0.259912
vn -0.506784 0.054965 -0.860319
vn -0.506784 0.054965 -0.860319
vn -0.506784 0.054965 -0.860319
vn -0.357515 0.005716 -0.93389
vn -0.206321 -0.04749 -0.977331
vn 0.366245 -0.182039 -0.912538
vn 0.497854 -0.210951 -0.841214
vn 0.929264 -0.303446 -0.210686
vn 0.929264 -0.303446 -0.210686
vn 0.932773 -0.343036 -0.110727
vn 0.833149 0.551038 0.047111
vn -0.35867 0.215934 0.908146
vn -0.35867 0.215934 0.908146
vn -0.423133 -0.013409 0.905968
vn -0.423133 -0.013409 0.905968
vn -0.468235 -0.841361 0.269941
vn -0.468235 -0.841361 0.269941
vn -0.229138 -0.873918 -0.428676
vn -0.229138 -0.873918 -0.428676
vn -0.152538 -0.81164 -0.563891
vn -0.152538 -0.81164 -0.563891
vn 0.370889 0.928325 -0.025575
vn 0.505232 0.862912 0.01114
vn 0.370889 0.928325 -0.025575
vn 0.566466 0.823431 0.032826
vn 0.894103 -0.346256 0.284053
vn 0.894103 -0.346256 0.284053
vn 0.90141 -0.260452 0.345869
vn 0.931928 -0.253939 0.258891
vn 0.914593 -0.216736 0.341388
vn 0.931952 -0.194954 0.305709
vn 0.90141 -0.260452 0.345869
vn 0.903319 -0.290941 0.315226
vn 0.914593 -0.216736 0.341388
vn 0.931928 -0.253939 0.258891
vn 0.952141 -0.146587 0.268215
vn 0.952141 -0.146587 0.268215
vn 0.036524 -0.982151 0.184513
vn -0.044394 -0.980665 0.190592
vn -0.1907 -0.972615 0.13287
vn -0.1907 -0.972615 0.13287
vn 0.953974 -0.289086 -0.079764
vn 0.953974 -0.289086 -0.079764
vn 0.953974 -0.289086 -0.079764
vn 0.953974 -0.289086 -0.079764
vn 0.953974 -0.289086 -0.079764
vn 0.953974 -0.289086 -0.079764
vn 0.795859 -0.10932 -0.595532
vn 0.473127 -0.040851 -0.880047
vn 0.795859 -0.10932 -0.595532
vn 0.473127 -0.040851 -0.880047
vn 0.066384 0.073565 -0.995079
vn 0.066384 0.073565 -0.995079
vn -0.350131 0.200966 -0.914888
vn -0.350131 0.200966 -0.914888
vn -0.683563 0.320145 -0.655934
vn -0.682762 0.324271 -0.65474
vn -0.872251 0.410238 -0.266238
vn -0.872251 0.410238 -0.266238
vn -0.87852 0.447343 0.167593
vn -0.87852 0.447343 0.167593
vn -0.702695 0.430018 0.566837
vn -0.702695 0.430018 0.566837
vn -0.379653 0.354617 0.854465
vn -0.379653 0.354617 0.854465
vn 0.030532 0.242767 0.969604
vn 0.030532 0.242767 0.969604
vn 0.444526 0.117766 0.887991
vn 0.444526 0.117766 0.887991
vn 0.778342 0.000307 0.62784
vn 0.778342 0.000307 0.62784
vn 0.966099 -0.090535 0.241777
vn 0.966099 -0.090535 0.241777
vn 0.973913 -0.127122 -0.187974
vn 0.973913 -0.127122 -0.187974
vn 0.282394 0.956234 -0.076623
vn 0.282394 0.956234 -0.076623
vn 0.411785 0.91032 0.041832
vn 0.282394 0.956234 -0.076623
vn 0.58605 0.618935 0.522939
vn -0.132144 0.986316 0.098581
vn 0.282394 0.956234 -0.076623
vn 0.282394 0.956234 -0.076623
vn 0.282394 0.956234 -0.076623
vn 0.282394 0.956234 -0.076623
vn 0.282394 0.956234 -0.076623
vn 0.282394 0.956234 -0.076623
vn 0.282394 0.956234 -0.076623
vn -0.502566 0.076898 -0.861112
vn -0.502566 0.076898 -0.861112
vn -0.624274 0.118571 -0.772155
vn -0.624274 0.118571 -0.772155
vn -0.817118 0.196578 -0.541919
vn -0.817118 0.196578 -0.541919
vn -0.930572 0.250648 -0.266856
vn -0.930572 0.250648 -0.266856
vn -0.930572 0.250648 -0.266856
vn -0.930572 0.250648 -0.266856
vn 0.282394 0.956234 -0.076623
vn 0.282394 0.956234 -0.076623
vn 0.282394 0.956234 -0.076623
vn 0.282394 0.956234 -0.076623
vn 0.282394 0.956234 -0.076623
vn 0.282394 0.956234 -0.076623
vn 0.282394 0.956234 -0.076623
vn 0.282394 0.956234 -0.076623
vn 0.282394 0.956234 -0.076623
vn 0.282394 0.956234 -0.076623
vn 0.282394 0.956234 -0.076623
vn 0.282394 0.956234 -0.076623
vn 0.282394 0.956234 -0.076623
vn 0.282394 0.956234 -0.076623
vn 0.282394 0.956234 -0.076623
vn 0.282394 0.956234 -0.076623
vn -0.281454 -0.956426 0.077672
vn -0.185342 -0.976341 0.111386
vn -0.281454 -0.956426 0.077672
vn -0.181359 -0.970867 0.156605
vn -0.281454 -0.956426 0.077672
vn -0.281454 -0.956426 0.077672
vn -0.181359 -0.970867 0.156605
vn -0.281454 -0.956426 0.077672
vn -0.281454 -0.956426 0.077672
vn -0.502566 0.076898 -0.861112
vn -0.624274 0.118571 -0.772155
vn -0.502566 0.076898 -0.861112
vn -0.624274 0.118571 -0.772155
vn -0.817118 0.196578 -0.541919
vn -0.817118 0.196578 -0.541919
vn -0.930572 0.250648 -0.266856
vn -0.930572 0.250648 -0.266856
vn -0.930572 0.250648 -0.266856
vn -0.930572 0.250648 -0.266856
vn 0.282394 0.956234 -0.076623
vn 0.282394 0.956234 -0.076623
vn 0.282394 0.956234 -0.076623
vn 0.282394 0.956234 -0.076623
vn 0.282394 0.956234 -0.076623
vn 0.282394 0.956234 -0.076623
vn 0.282394 0.956234 -0.076623
vn 0.282394 0.956234 -0.076623
vn 0.282394 0.956234 -0.076623
vn 0.282394 0.956234 -0.076623
vn 0.282394 0.956234 -0.076623
vn -0.281454 -0.956426 0.077672
vn -0.281454 -0.956426 0.077672
vn -0.281454 -0.956426 0.077672
vn -0.281454 -0.956426 0.077672
vn -0.281454 -0.956426 0.077672
vn -0.281454 -0.956426 0.077672
vn -0.281454 -0.956426 0.077672
vn 0.282394 0.956234 -0.076623
vn 0.373555 0.926396 -0.047403
vn 0.282394 0.956234 -0.076623
vn 0.382649 0.923892 0.001879
vn 0.282394 0.956234 -0.076623
vn 0.282394 0.956234 -0.076623
vn 0.382649 0.923892 0.001879
vn 0.282394 0.956234 -0.076623
vn 0.282394 0.956234 -0.076623
vn -0.608014 0.240688 0.756564
vn -0.608014 0.240688 0.756564
vn -0.608014 0.240688 0.756564
vn -0.608014 0.240688 0.756564
vn -0.608014 0.240688 0.756564
vn -0.608014 0.240688 0.756564
vn -0.608014 0.240688 0.756564
vn -0.608014 0.240688 0.756564
vn -0.608014 0.240688 0.756564
vn -0.608014 0.240688 0.756564
vn -0.608014 0.240688 0.756564
vn -0.608014 0.240688 0.756564
vn -0.608014 0.240688 0.756564
vn -0.608014 0.240688 0.756564
vn -0.608014 0.240688 0.756564
vn -0.608014 0.240688 0.756564
vn -0.608014 0.240688 0.756564
vn -0.608014 0.240688 0.756564
vn -0.608014 0.240688 0.756564
vn -0.608014 0.240688 0.756564
vn -0.608014 0.240688 0.756564
vn -0.608014 0.240688 0.756564
vn -0.608014 0.240688 0.756564
vn -0.608014 0.240688 0.756564
vn -0.608014 0.240688 0.756564
vn -0.608014 0.240688 0.756564
vn -0.608014 0.240688 0.756564
vn -0.608014 0.240688 0.756564
vn -0.607329 0.24496 0.755742
vn -0.615323 0.30317 0.727644
vn -0.615323 0.30317 0.727644
vn -0.615323 0.30317 0.727644
vn -0.615323 0.30317 0.727644
vn -0.608014 0.240688 0.756564
vn -0.608014 0.240688 0.756564
vn -0.615323 0.30317 0.727644
vn 0.963547 0.187763 0.190584
vn 0.322782 -0.90769 0.268163
vn 0.684959 0.727476 0.040121
vn 0.838109 0.535914 0.101826
vn 0.384908 0.915929 -0.113665
vn 0.415531 0.907953 -0.05437
vn -0.218935 0.906408 -0.361237
vn -0.54179 0.79615 -0.269459
vn -0.96955 -0.148255 -0.194921
vn -0.96955 -0.148255 -0.194921
vn -0.930999 -0.332702 -0.150167
vn -0.930999 -0.332702 -0.150167
vn -0.539879 -0.841073 0.033575
vn -0.539879 -0.841073 0.033575
vn -0.044394 -0.980665 0.190592
vn -0.044394 -0.980665 0.190592
vn 0.322782 -0.90769 0.268163
vn -0.044394 -0.980665 0.190592
vn -0.506784 0.054965 -0.860319
vn -0.506784 0.054965 -0.860319
vn -0.506784 0.054965 -0.860319
vn -0.357515 0.005716 -0.93389
vn -0.206321 -0.04749 -0.977331
vn 0.355618 -0.211284 -0.910437
vn 0.48361 -0.243848 -0.84063
vn 0.929264 -0.303446 -0.210686
vn 0.929264 -0.303446 -0.210686
vn 0.962986 -0.240645 -0.121444
vn 0.401926 -0.897077 0.1836
vn -0.35867 0.215934 0.908146
vn -0.35867 0.215934 0.908146
vn -0.298741 0.415827 0.858977
vn -0.298741 0.415827 0.858977
vn 0.083437 0.992802 0.085924
vn 0.083437 0.992802 0.085924
vn 0.258175 0.766213 -0.588442
vn 0.258175 0.766213 -0.588442
vn 0.278779 0.647727 -0.709036
vn 0.278779 0.647727 -0.709036
vn -0.639726 -0.522947 0.563274
vn -0.639726 -0.522947 0.563274
vn -0.698868 0.026557 0.714757
vn -0.66482 0.153404 0.731082
vn -0.650797 0.257023 0.714425
vn -0.650797 0.257023 0.714425
vn -0.613255 0.346184 0.709982
vn -0.571721 0.465887 0.67534
vn -0.22964 0.865828 0.44453
vn -0.22964 0.865828 0.44453
vn 0.63756 -0.25021 -0.728638
vn 0.63756 -0.25021 -0.728638
vn 0.63756 -0.25021 -0.728638
vn 0.667691 -0.251383 -0.700711
vn 0.751538 -0.273711 -0.600228
vn 0.878763 -0.28994 -0.379093
vn 0.878763 -0.28994 -0.379093
vn 0.63756 -0.25021 -0.728638
vn 0.63756 -0.25021 -0.728638
vn 0.63756 -0.25021 -0.728638
vn 0.667691 -0.251383 -0.700711
vn 0.751538 -0.273711 -0.600228
vn 0.878763 -0.28994 -0.379093
vn 0.878763 -0.28994 -0.379093
vn -0.286092 0.001432 -0.958201
vn -0.286092 0.001432 -0.958201
vn 0.569156 -0.23878 -0.786794
vn 0.566845 -0.234047 -0.789879
vn 0.667691 -0.251383 -0.700711
vn 0.667691 -0.251383 -0.700711
vn 0.945508 -0.262574 0.192532
vn 0.945508 -0.262574 0.192532
vn 0.911971 -0.241491 0.33165
vn 0.911971 -0.241491 0.33165
vn 0.527509 -0.084653 0.845321
vn 0.527509 -0.084653 0.845321
vn 0.084298 0.059422 0.994667
vn 0.084298 0.059422 0.994667
vn -0.356004 0.180957 0.916796
vn -0.356004 0.180957 0.916796
vn -0.942423 0.260516 -0.209691
vn -0.942423 0.260516 -0.209691
vn -0.931928 0.253939 -0.258891
vn -0.931928 0.253939 -0.258891
vn 0.413116 -0.316445 -0.853931
vn -0.147295 -0.985175 -0.087941
vn 0.237764 -0.204406 -0.949572
vn 0.183884 -0.298014 -0.936683
vn -0.275961 -0.960424 0.037821
vn 0.183884 -0.298014 -0.936683
vn 0.157024 -0.198081 -0.967526
vn 0.130923 -0.251856 -0.958868
vn 0.130923 -0.251856 -0.958868
vn -0.924975 0.248902 -0.287175
vn -0.924975 0.248902 -0.287175
vn 0.147089 -0.123773 -0.981349
vn -0.509032 -0.860734 0.004815
vn -0.509032 -0.860734 0.004815
vn -0.827553 -0.547564 -0.123814
vn -0.827553 -0.547564 -0.123814
vn -0.970492 -0.087646 -0.224641
vn -0.970492 -0.087646 -0.224641
vn 0.177435 0.114418 -0.977459
vn 0.147089 -0.123773 -0.981349
vn 0.133959 0.143399 -0.980557
vn 0.191114 -0.131326 -0.972743
vn 0.29654 0.148196 -0.943452
vn 0.251782 -0.149295 -0.956199
vn 0.29654 0.148196 -0.943452
vn 0.465797 0.203544 -0.861163
vn 0.437163 -0.02774 -0.898954
vn 0.478779 -0.08999 -0.873311
vn 0.405453 0.881457 -0.242159
vn 0.27138 -0.10302 -0.956943
vn 0.277787 0.010371 -0.960587
vn 0.285334 0.950664 -0.121749
vn 0.277787 0.010371 -0.960587
vn 0.190775 -0.06144 -0.979709
vn 0.203079 -0.005424 -0.979147
vn 0.203079 -0.005424 -0.979147
vn 0.203079 -0.005424 -0.979147
vn -0.924975 0.248902 -0.287175
vn 0.147089 -0.123773 -0.981349
vn 0.04568 -0.338667 -0.939797
vn 0.147089 -0.123773 -0.981349
vn -0.007768 -0.339984 -0.940399
vn 0.191114 -0.131326 -0.972743
vn 0.124386 -0.424814 -0.896694
vn 0.251782 -0.149295 -0.956199
vn 0.124386 -0.424814 -0.896694
vn 0.245733 -0.547353 -0.800012
vn 0.341999 -0.350381 -0.871934
vn -0.537258 0.225225 0.81279
vn 0.33559 -0.01894 0.941818
vn -0.537258 0.225225 0.81279
vn 0.33559 -0.01894 0.941818
vn 0.931928 -0.253939 0.258891
vn 0.931928 -0.253939 0.258891
vn 0.883968 -0.224981 0.40986
vn 0.883968 -0.224981 0.40986
vn 0.934682 -0.292128 -0.202559
vn 0.934682 -0.292128 -0.202559
vn 0.352369 -0.180578 -0.918274
vn 0.352369 -0.180578 -0.918274
vn 0.229973 -0.147458 -0.961961
vn 0.229973 -0.147458 -0.961961
vn -0.257162 -0.965498 0.041007
vn -0.257162 -0.965498 0.041007
vn -0.257162 -0.965498 0.041007
vn -0.545112 -0.838363 -0.000141
vn -0.277989 -0.956581 0.087609
vn -0.277989 -0.956581 0.087609
vn -0.545112 -0.838363 -0.000141
vn -0.895576 -0.423859 -0.13523
vn -0.771157 -0.632508 -0.072469
vn -0.277989 -0.956581 0.087609
vn -0.844434 0.286341 0.452702
vn -0.844434 0.286341 0.452702
vn -0.844434 0.286341 0.452702
vn -0.844434 0.286341 0.452702
vn -0.89234 0.291197 0.344867
vn -0.89234 0.291197 0.344867
vn -0.931928 0.253939 -0.258891
vn -0.931928 0.253939 -0.258891
vn 0.502996 -0.220376 -0.835721
vn 0.502996 -0.220376 -0.835721
vn 0.132188 -0.122757 -0.983594
vn 0.132188 -0.122757 -0.983594
vn 0.502996 -0.220376 -0.835721
vn 0.502996 -0.220376 -0.835721
vn 0.695047 -0.261221 -0.669831
vn 0.695047 -0.261221 -0.669831
vn -0.229479 0.151764 0.961409
vn -0.229479 0.151764 0.961409
vn -0.229479 0.151764 0.961409
vn -0.229479 0.151764 0.961409
vn -0.229479 0.151764 0.961409
vn -0.229479 0.151764 0.961409
vn -0.883943 0.292163 0.365082
vn -0.883943 0.292163 0.365082
vn -0.954117 0.289621 0.076029
vn -0.954117 0.289621 0.076029
vn -0.93877 0.235748 -0.251263
vn -0.93877 0.235748 -0.251263
vn -0.93877 0.235748 -0.251263
vn -0.93877 0.235748 -0.251263
vn 0.055458 0.026104 -0.99812
vn 0.225075 0.771843 -0.594643
vn -0.803684 0.264861 -0.532861
vn -0.630799 0.706727 -0.320359
vn 0.239742 0.867738 -0.435378
vn 0.235421 0.870177 -0.432861
vn 0.173294 0.834073 -0.523729
vn 0.173294 0.834073 -0.523729
vn 0.194467 0.964507 -0.178629
vn 0.194467 0.964507 -0.178629
vn 0.197526 0.971761 -0.129093
vn 0.197526 0.971761 -0.129093
vn 0.197526 0.971761 -0.129093
vn 0.197526 0.971761 -0.129093
vn 0.194467 0.964507 -0.178629
vn 0.224249 0.963261 -0.147785
vn 0.130156 0.990777 -0.037682
vn 0.180799 0.982349 -0.047976
vn 0.023992 0.999653 -0.010916
vn -0.040528 0.98277 0.180334
vn -0.021842 0.994631 0.101155
vn -0.361865 0.377556 0.852352
vn -0.361865 0.377556 0.852352
vn -0.398374 0.176852 0.900012
vn -0.398374 0.176852 0.900012
vn -0.012858 -0.196642 -0.980391
vn -0.253637 -0.852073 -0.457864
vn -0.842608 0.13743 -0.520696
vn -0.926864 -0.292191 -0.235685
vn -0.291721 -0.910171 -0.294087
vn -0.291721 -0.910171 -0.294087
vn -0.331887 -0.862621 -0.381753
vn -0.331887 -0.862621 -0.381753
vn -0.332626 -0.942473 -0.033242
vn -0.332626 -0.942473 -0.033242
vn -0.44386 0.690765 0.570817
vn 0.581755 0.075182 0.809882
vn 0.265371 0.573051 0.775365
vn 0.882035 0.250545 0.399051
vn 0.934353 0.053839 0.352258
vn 0.046132 0.056506 0.997336
vn 0.046132 0.056506 0.997336
vn 0.62245 -0.157464 0.766656
vn 0.62245 -0.157464 0.766656
vn -0.058089 -0.099614 -0.993329
vn -0.058089 -0.099614 -0.993329
vn -0.642179 0.104362 -0.759418
vn -0.642179 0.104362 -0.759418
vn 0.724136 -0.26741 -0.635704
vn 0.724136 -0.26741 -0.635704
vn 0.925475 -0.295271 -0.2373
vn 0.925475 -0.295271 -0.2373
vn 0.775323 -0.177259 0.60618
vn 0.775323 -0.177259 0.60618
vn -0.003929 0.084901 0.996382
vn -0.003929 0.084901 0.996382
vn -0.342043 0.179513 0.922378
vn -0.342043 0.179513 0.922378
vn -0.300669 0.166752 0.939038
vn -0.300669 0.166752 0.939038
vn -0.229973 0.147458 0.961961
vn -0.229973 0.147458 0.961961
vn -0.229973 0.147458 0.961961
vn -0.229973 0.147458 0.961961
vn -0.81957 0.282937 0.498249
vn -0.781027 0.353274 0.51497
vn -0.81957 0.282937 0.498249
vn -0.50995 0.775528 0.372166
vn 0.282394 0.956234 -0.076623
vn 0.282394 0.956234 -0.076623
vn 0.282394 0.956234 -0.076623
vn 0.282394 0.956234 -0.076623
vn 0.282394 0.956234 -0.076623
vn 0.282394 0.956234 -0.076623
vn 0.282394 0.956234 -0.076623
vn 0.282394 0.956234 -0.076623
vn 0.282394 0.956234 -0.076623
vn 0.282394 0.956234 -0.076623
vn 0.282394 0.956234 -0.076623
vn 0.282394 0.956234 -0.076623
vn 0.282394 0.956234 -0.076623
vn 0.282394 0.956234 -0.076623
vn 0.282394 0.956234 -0.076623
vn 0.282394 0.956234 -0.076623
vn 0.282394 0.956234 -0.076623
vn 0.931928 -0.253939 0.258891
vn 0.973124 0.039082 0.226941
vn 0.931928 -0.253939 0.258891
vn 0.973454 0.075636 0.216026
vn 0.466457 0.884191 -0.024966
vn 0.418099 0.907545 -0.039428
vn 0.198807 0.974574 -0.103353
vn 0.167138 0.979643 -0.111194
vn -0.76338 0.58608 -0.271589
vn -0.76338 0.58608 -0.271589
vn -0.931928 0.253939 -0.258891
vn -0.931928 0.253939 -0.258891
vn -0.109515 -0.049852 -0.992734
vn -0.109515 -0.049852 -0.992734
vn -0.109402 -0.04549 -0.992956
vn -0.109402 -0.04549 -0.992956
vn -0.109515 -0.049852 -0.992734
vn -0.109515 -0.049852 -0.992734
vn 0.594632 0.803974 0.006224
vn 0.594632 0.803974 0.006224
vn 0.594632 0.803974 0.006224
vn 0.438811 0.898349 -0.02036
vn 0.277341 0.957253 -0.082155
vn 0.438811 0.898349 -0.02036
vn 0.582954 0.81199 -0.028933
vn 0.589309 0.806931 0.039724
vn 0.582954 0.81199 -0.028933
vn 0.685878 0.691707 -0.226081
vn 0.685878 0.691707 -0.226081
vn 0.766113 0.584329 -0.26764
vn 0.766113 0.584329 -0.26764
vn 0.443712 -0.05682 0.894366
vn 0.243688 0.007649 0.969823
vn 0.443712 -0.05682 0.894366
vn 0.243688 0.007649 0.969823
vn -0.946375 0.2621 -0.188887
vn -0.946375 0.2621 -0.188887
vn -0.930572 0.250648 -0.266856
vn -0.930572 0.250648 -0.266856
vn 0.281479 0.955893 -0.0839
vn 0.281479 0.955893 -0.0839
vn 0.281479 0.955893 -0.0839
vn 0.281479 0.955893 -0.0839
vn 0.317256 0.945459 -0.073867
vn 0.281479 0.955893 -0.0839
vn 0.281479 0.955893 -0.0839
vn 0.281479 0.955893 -0.0839
vn 0.281479 0.955893 -0.0839
vn 0.281479 0.955893 -0.0839
vn 0.281479 0.955893 -0.0839
vn 0.281479 0.955893 -0.0839
vn 0.281479 0.955893 -0.0839
vn 0.281479 0.955893 -0.0839
vn 0.423381 0.905941 -0.004384
vn 0.460031 0.88788 0.006426
vn 0.460031 0.88788 0.006426
vn 0.423381 0.905941 -0.004384
vn 0.187449 0.970914 -0.148961
vn 0.187449 0.970914 -0.148961
vn 0.386927 0.919794 -0.06532
vn 0.272451 -0.159807 -0.948806
vn 0.432727 -0.202631 -0.878458
vn 0.272451 -0.159807 -0.948806
vn 0.432727 -0.202631 -0.878458
vn 0.878763 -0.28994 -0.379093
vn 0.891964 -0.291021 -0.345988
vn 0.867914 -0.216337 0.447128
vn 0.867914 -0.216337 0.447128
vn 0.830748 -0.202699 0.518432
vn 0.834825 -0.201998 0.512117
vn 0.810303 -0.193444 0.553163
vn 0.810303 -0.193444 0.553163
vn 0.976915 0.068675 0.202289
vn 0.962282 -0.023842 0.271009
vn 0.9198 -0.242904 0.308165
vn 0.9198 -0.242904 0.308165
vn 0.930017 -0.250866 0.268578
vn 0.930017 -0.250866 0.268578
vn 0.937961 -0.255163 0.23478
vn 0.937961 -0.255163 0.23478
vn 0.877814 -0.218258 0.426387
vn 0.877814 -0.218258 0.426387
vn 0.9198 -0.242904 0.308165
vn 0.9198 -0.242904 0.308165
vn 0.944411 -0.291115 -0.152772
vn 0.944411 -0.291115 -0.152772
vn 0.95931 -0.282215 -0.008947
vn 0.95931 -0.282215 -0.008947
vn 0.951861 -0.265885 0.152532
vn 0.951861 -0.265885 0.152532
vn 0.9198 -0.242904 0.308165
vn 0.9198 -0.242904 0.308165
vn 0.853579 -0.211007 0.476319
vn 0.853579 -0.211007 0.476319
vn 0.853579 -0.211007 0.476319
vn 0.853579 -0.211007 0.476319
vn 0.853579 -0.211007 0.476319
vn 0.853579 -0.211007 0.476319
vn 0.877814 -0.218258 0.426387
vn 0.877814 -0.218258 0.426387
vn 0.880803 -0.258 0.397016
vn 0.880803 -0.258 0.397016
vn 0.880803 -0.258 0.397016
vn 0.880803 -0.258 0.397016
vn 0.261135 -0.163148 -0.951415
vn 0.261135 -0.163148 -0.951415
vn 0.261135 -0.163148 -0.951415
vn 0.261135 -0.163148 -0.951415
vn 0.261135 -0.163148 -0.951415
vn 0.261135 -0.163148 -0.951415
vn -0.81957 0.282937 0.498249
vn -0.81957 0.282937 0.498249
vn -0.81957 0.282937 0.498249
vn -0.468338 0.211416 0.857882
vn -0.468338 0.211416 0.857882
vn 0.054704 0.064891 0.996392
vn 0.054704 0.064891 0.996392
vn -0.763774 0.27221 0.585279
vn -0.763774 0.27221 0.585279
vn -0.731629 0.269084 0.626348
vn -0.731629 0.269084 0.626348
vn 0.054704 0.064891 0.996392
vn 0.054704 0.064891 0.996392
vn 0.896611 -0.293243 -0.33181
vn 0.896611 -0.293243 -0.33181
vn 0.896611 -0.293243 -0.33181
vn 0.896611 -0.293243 -0.33181
vn 0.935904 -0.293226 -0.195196
vn 0.935904 -0.293226 -0.195196
vn 0.957235 -0.284631 -0.051829
vn 0.957235 -0.284631 -0.051829
vn 0.960029 -0.278652 0.026407
vn 0.94728 -0.292737 0.130255
vn 0.94728 -0.292737 0.130255
vn 0.934015 -0.268181 0.235998
vn 0.934015 -0.268181 0.235998
vn 0.934015 -0.268181 0.235998
vn 0.934015 -0.268181 0.235998
vn 0.282394 0.956234 -0.076623
vn 0.282394 0.956234 -0.076623
vn 0.282394 0.956234 -0.076623
vn 0.282394 0.956234 -0.076623
vn 0.304342 0.939833 -0.155211
vn 0.297831 0.941875 -0.15546
vn 0.3355 0.877708 -0.342152
vn 0.3355 0.877708 -0.342152
vn 0.282394 0.956234 -0.076623
vn 0.282394 0.956234 -0.076623
vn 0.282394 0.956234 -0.076623
vn 0.282394 0.956234 -0.076623
vn 0.282394 0.956234 -0.076623
vn 0.282394 0.956234 -0.076623
vn -0.281454 -0.956426 0.077672
vn -0.281454 -0.956426 0.077672
vn -0.281454 -0.956426 0.077672
vn -0.281454 -0.956426 0.077672
vn -0.281454 -0.956426 0.077672
vn -0.281454 -0.956426 0.077672
vn -0.281454 -0.956426 0.077672
vn -0.281454 -0.956426 0.077672
vn -0.281454 -0.956426 0.077672
vn -0.281454 -0.956426 0.077672
vn -0.281454 -0.956426 0.077672
vn -0.281454 -0.956426 0.077672
vn -0.281454 -0.956426 0.077672
vn -0.281454 -0.956426 0.077672
vn -0.243743 -0.96794 -0.060682
vn -0.243743 -0.96794 -0.060682
vn -0.263715 -0.964595 0.003351
vn -0.263715 -0.964595 0.003351
vn -0.281454 -0.956426 0.077672
vn -0.281454 -0.956426 0.077672
vn -0.281454 -0.956426 0.077672
vn -0.281454 -0.956426 0.077672
vn -0.206449 -0.959875 -0.189786
vn -0.144817 -0.917227 -0.37111
vn -0.21485 -0.965662 -0.14607
vn -0.2299 -0.967252 -0.107566
vn -0.281454 -0.956426 0.077672
vn -0.281454 -0.956426 0.077672
vn -0.281454 -0.956426 0.077672
vn -0.281454 -0.956426 0.077672
vn -0.281454 -0.956426 0.077672
vn 0.421084 0.906437 -0.032577
vn 0.421084 0.906437 -0.032577
vn 0.421084 0.906437 -0.032577
vn 0.421084 0.906437 -0.032577
vn 0.421084 0.906437 -0.032577
vn 0.421084 0.906437 -0.032577
vn 0.421084 0.906437 -0.032577
vn 0.421084 0.906437 -0.032577
vn 0.361949 0.931858 -0.025172
vn 0.324649 0.94415 -0.056425
vn 0.282394 0.956234 -0.076623
vn -0.401002 0.881669 -0.248712
vn 0.189014 0.977437 -0.094289
vn -0.548291 0.792897 -0.265878
vn -0.732121 0.61714 -0.288335
vn -0.618284 0.739126 -0.267241
vn -0.931928 0.253939 -0.258891
vn -0.931928 0.253939 -0.258891
vn -0.452666 0.859185 -0.238526
vn -0.58862 0.770183 -0.245651
vn -0.20289 0.961151 -0.187146
vn -0.618284 0.739126 -0.267241
vn -0.618284 0.739126 -0.267241
vn 0.282394 0.956234 -0.076623
vn 0.282394 0.956234 -0.076623
vn 0.361949 0.931858 -0.025172
vn 0.393637 0.91821 -0.044054
vn 0.324649 0.94415 -0.056425
vn 0.324649 0.94415 -0.056425
vn 0.282394 0.956234 -0.076623
vn 0.282394 0.956234 -0.076623
vn 0.282394 0.956234 -0.076623
vn 0.228578 0.96911 -0.092617
vn 0.282394 0.956234 -0.076623
vn -0.281454 -0.956426 0.077672
vn -0.281454 -0.956426 0.077672
vn -0.281454 -0.956426 0.077672
vn -0.281454 -0.956426 0.077672
vn -0.263715 -0.964595 0.003351
vn -0.263715 -0.964595 0.003351
vn -0.206449 -0.959875 -0.189786
vn -0.206449 -0.959875 -0.189786
vn -0.281454 -0.956426 0.077672
vn -0.281454 -0.956426 0.077672
vn -0.281454 -0.956426 0.077672
vn -0.281454 -0.956426 0.077672
vn -0.281454 -0.956426 0.077672
vn -0.281454 -0.956426 0.077672
vn 0.369643 0.899517 -0.232882
vn 0.282394 0.956234 -0.076623
vn 0.3668 0.909184 -0.197084
vn 0.282394 0.956234 -0.076623
vn 0.228578 0.96911 -0.092617
vn 0.228578 0.96911 -0.092617
vn 0.228578 0.96911 -0.092617
vn 0.228578 0.96911 -0.092617
vn 0.228578 0.96911 -0.092617
vn 0.228578 0.96911 -0.092617
vn 0.228578 0.96911 -0.092617
vn 0.228578 0.96911 -0.092617
vn 0.228578 0.96911 -0.092617
vn 0.931928 -0.253939 0.258891
vn 0.860211 -0.431285 0.272084
vn 0.931928 -0.253939 0.258891
vn 0.832339 -0.483142 0.271635
vn -0.105786 -0.986112 0.128036
vn -0.190877 -0.976173 0.103212
vn -0.363712 -0.929795 0.056523
vn -0.442774 -0.896056 0.032154
vn -0.972168 0.010264 -0.23406
vn -0.969133 0.063663 -0.238175
vn -0.931928 0.253939 -0.258891
vn -0.931928 0.253939 -0.258891
vn 0.282394 0.956234 -0.076623
vn -0.571315 0.7801 -0.255035
vn -0.455275 0.85702 -0.241334
vn -0.931928 0.253939 -0.258891
vn -0.931928 0.253939 -0.258891
vn 0.931928 -0.253939 0.258891
vn 0.931928 -0.253939 0.258891
vn 0.969262 -0.059336 0.238768
vn 0.972074 -0.005929 0.234601
vn 0.448246 0.89344 -0.028993
vn 0.369936 0.92749 -0.053942
vn 0.198807 0.974574 -0.103353
vn 0.113084 0.985525 -0.126305
vn -0.832977 0.482945 -0.270026
vn -0.857164 0.435653 -0.274729
vn -0.931928 0.253939 -0.258891
vn -0.931928 0.253939 -0.258891
vn 0.954603 -0.273959 0.116959
vn 0.954603 -0.273959 0.116959
vn 0.753035 -0.650048 0.101862
vn 0.753035 -0.650048 0.101862
vn 0.065148 -0.997858 -0.005859
vn 0.065148 -0.997858 -0.005859
vn -0.515554 -0.840306 -0.167603
vn -0.515554 -0.840306 -0.167603
vn -0.912155 -0.200574 -0.357413
vn -0.912155 -0.200574 -0.357413
vn -0.888907 0.227835 -0.39741
vn -0.888907 0.227835 -0.39741
vn 0.229973 -0.147458 -0.961961
vn 0.229973 -0.147458 -0.961961
vn 0.229973 -0.147458 -0.961961
vn 0.229973 -0.147458 -0.961961
vn 0.229973 -0.147458 -0.961961
vn 0.229973 -0.147458 -0.961961
vn 0.390423 -0.03596 0.919933
vn 0.390423 -0.03596 0.919933
vn -0.243553 0.157287 0.957049
vn -0.307277 0.171727 0.935997
vn -0.506153 0.22081 0.833698
vn -0.506153 0.22081 0.833698
vn -0.640003 0.255049 0.724808
vn -0.640003 0.255049 0.724808
vn -0.92498 0.294914 0.239661
vn -0.912513 0.296896 0.281377
vn -0.947261 0.268778 -0.174515
vn -0.853579 0.211007 -0.476319
vn -0.957747 0.282468 -0.054153
vn -0.938996 0.290742 0.183726
vn -0.912513 0.296896 0.281377
vn -0.938996 0.290742 0.183726
vn -0.912513 0.296896 0.281377
vn -0.875076 0.293127 0.385122
vn -0.875076 0.293127 0.385122
vn -0.955182 0.279759 -0.096756
vn -0.955182 0.279759 -0.096756
vn -0.680042 0.144562 -0.71878
vn -0.680042 0.144562 -0.71878
vn -0.741403 0.168562 -0.649545
vn -0.741403 0.168562 -0.649545
vn -0.947261 0.268778 -0.174515
vn -0.853579 0.211007 -0.476319
vn 0.390423 -0.03596 0.919933
vn 0.390423 -0.03596 0.919933
vn -0.243553 0.157287 0.957049
vn -0.307277 0.171727 0.935997
vn -0.506153 0.22081 0.833698
vn -0.506153 0.22081 0.833698
vn -0.640003 0.255049 0.724808
vn -0.640003 0.255049 0.724808
vn -0.92498 0.294914 0.239661
vn -0.912513 0.296896 0.281377
vn -0.947261 0.268778 -0.174515
vn -0.853579 0.211007 -0.476319
vn -0.957747 0.282468 -0.054153
vn -0.938996 0.290742 0.183726
vn -0.912513 0.296896 0.281377
vn -0.938996 0.290742 0.183726
vn -0.912513 0.296896 0.281377
vn -0.875076 0.293127 0.385122
vn -0.875076 0.293127 0.385122
vn -0.955182 0.279759 -0.096756
vn -0.955182 0.279759 -0.096756
vn -0.680042 0.144562 -0.71878
vn -0.680042 0.144562 -0.71878
vn -0.741403 0.168562 -0.649545
vn -0.741403 0.168562 -0.649545
vn -0.947261 0.268778 -0.174515
vn -0.853579 0.211007 -0.476319
vn 0.294081 -0.908177 0.297878
vn 0.247826 -0.945809 0.20983
vn 0.294081 -0.908177 0.297878
vn 0.247826 -0.945809 0.20983
vn 0.247826 -0.945809 0.20983
vn 0.160247 -0.973921 0.160618
vn 0.035902 -0.9961 0.080593
vn -0.052411 -0.996512 0.064933
vn -0.096657 -0.994946 0.02721
vn 0.035902 -0.9961 0.080593
vn 0.294081 -0.908177 0.297878
vn 0.294081 -0.908177 0.297878
vn 0.302692 -0.849232 0.432645
vn 0.302692 -0.849232 0.432645
vn 0.343294 -0.781636 0.520763
vn 0.343294 -0.781636 0.520763
vn 0.421487 -0.745158 0.516806
vn 0.421487 -0.745158 0.516806
vn 0.61411 -0.690305 0.382555
vn 0.61411 -0.690305 0.382555
vn 0.705402 -0.690812 0.158703
vn 0.705402 -0.690812 0.158703
vn 0.687683 -0.724902 -0.040116
vn 0.687683 -0.724902 -0.040116
vn 0.522482 -0.83611 -0.167132
vn 0.522482 -0.83611 -0.167132
vn 0.396065 -0.912364 -0.103559
vn 0.366324 -0.92632 -0.087972
vn -0.886952 0.456872 -0.067713
vn -0.886952 0.456872 -0.067713
vn -0.916735 0.364287 -0.163988
vn -0.931928 0.253939 -0.258891
vn -0.931928 0.253939 -0.258891
vn -0.931928 0.253939 -0.258891
vn -0.904721 0.335222 -0.262879
vn -0.904721 0.335222 -0.262879
vn -0.87188 0.406925 -0.272465
vn -0.838562 0.471457 -0.273023
vn -0.794604 0.556546 -0.242615
vn -0.794604 0.556546 -0.242615
vn -0.541288 0.541901 0.642924
vn -0.541288 0.541901 0.642924
vn -0.045707 0.182421 0.982158
vn -0.045707 0.182421 0.982158
vn 0.120651 0.045144 0.991668
vn 0.121195 0.049494 0.991394
vn -0.652071 0.71269 -0.258603
vn -0.561632 0.792564 -0.237513
vn -0.652071 0.71269 -0.258603
vn -0.561632 0.792564 -0.237513
vn -0.450656 0.470767 0.758477
vn 0.228253 -0.129906 -0.964896
vn 0.228253 -0.129906 -0.964896
vn 0.295514 -0.819695 -0.490684
vn 0.299653 -0.817509 -0.49182
vn 0.289903 -0.882972 -0.369212
vn 0.289903 -0.882972 -0.369212
vn 0.093949 -0.8274 0.553699
vn 0.093949 -0.8274 0.553699
vn 0.119352 -0.865128 0.487142
vn 0.119352 -0.865128 0.487142
vn 0.191327 -0.944999 0.265274
vn 0.191327 -0.944999 0.265274
vn 0.260826 -0.96219 0.07849
vn 0.260826 -0.96219 0.07849
vn 0.366324 -0.92632 -0.087972
vn 0.396065 -0.912364 -0.103559
vn 0.238858 -0.195871 -0.951095
vn -0.149543 0.92493 -0.349488
vn -0.147144 0.90939 -0.389047
vn -0.209621 0.955333 -0.20832
vn -0.204548 0.956749 -0.206859
vn -0.209289 0.953039 -0.218894
vn -0.209289 0.953039 -0.218894
vn 0.267231 0.962309 0.050489
vn 0.267231 0.962309 0.050489
vn 0.708605 0.691932 0.138234
vn 0.849282 0.49463 0.184556
vn 0.948167 -0.144112 0.283215
vn 0.886138 -0.363396 0.28758
vn 0.823237 -0.498767 0.271131
vn 0.823237 -0.498767 0.271131
vn 0.931928 -0.253939 0.258891
vn 0.931928 -0.253939 0.258891
vn -0.512689 -0.858521 -0.009627
vn -0.236726 -0.964951 0.11327
vn -0.086059 -0.990225 0.109767
vn 0.021084 -0.987333 0.157252
vn 0.021084 -0.987333 0.157252
vn 0.749947 0.638934 0.171299
vn 0.727626 0.682069 0.073098
vn 0.749947 0.638934 0.171299
vn 0.727626 0.682069 0.073098
vn 0.727626 0.682069 0.073098
vn 0.665865 0.744695 0.045307
vn 0.569749 0.818674 -0.07183
vn 0.499358 0.861958 -0.087582
vn 0.456637 0.8794 -0.134681
vn 0.569749 0.818674 -0.07183
vn -0.683351 0.68552 -0.251183
vn -0.683351 0.68552 -0.251183
vn -0.683351 0.68552 -0.251183
vn -0.683351 0.68552 -0.251183
vn -0.683351 0.68552 -0.251183
vn -0.683351 0.68552 -0.251183
vn -0.683351 0.68552 -0.251183
vn -0.7112 0.686563 -0.151079
vn -0.676575 0.723476 -0.137216
vn -0.713383 0.700653 0.013031
vn -0.667935 0.744163 0.009118
vn -0.634708 0.764429 0.11311
vn -0.654106 0.752579 0.075965
vn -0.687146 0.718875 0.105115
vn -0.654106 0.752579 0.075965
vn -0.417581 0.90862 -0.006053
vn -0.52709 0.839505 -0.131938
vn -0.374155 0.921963 -0.099963
vn -0.436826 0.87183 -0.221575
vn -0.28018 0.95207 -0.122727
vn -0.239681 0.959301 -0.149316
vn -0.297795 0.923413 -0.242129
vn -0.147488 0.976215 -0.158906
vn -0.209289 0.953039 -0.218894
vn -0.147488 0.976215 -0.158906
vn -0.100601 0.990189 -0.096977
vn -0.147488 0.976215 -0.158906
vn -0.136722 0.983362 -0.119613
vn -0.035125 0.988846 -0.144739
vn -0.147488 0.976215 -0.158906
vn -0.209289 0.953039 -0.218894
vn 0.030173 0.985936 -0.164374
vn 0.086458 0.98569 -0.144709
vn 0.086458 0.98569 -0.144709
vn 0.174786 0.978195 -0.112179
vn 0.427696 0.903518 -0.02704
vn -0.342569 0.913392 -0.219912
vn 0.174786 0.978195 -0.112179
vn 0.174786 0.978195 -0.112179
vn 0.174786 0.978195 -0.112179
vn -0.560212 0.79075 -0.246734
vn -0.147488 0.976215 -0.158906
vn -0.173498 0.965813 -0.192626
vn 0.239921 0.97068 -0.014795
vn 0.174786 0.978195 -0.112179
vn -0.173498 0.965813 -0.192626
vn -0.173498 0.965813 -0.192626
vn -0.209289 0.953039 -0.218894
vn -0.209289 0.953039 -0.218894
vn -0.565689 0.807028 -0.169418
vn -0.87188 0.406925 -0.272465
vn -0.478198 0.842577 -0.247773
vn -0.135192 0.978371 -0.15657
vn -0.897003 0.373581 -0.236269
vn -0.209289 0.953039 -0.218894
vn -0.966762 0.077575 -0.243624
vn -0.966762 0.077575 -0.243624
vn -0.931928 0.253939 -0.258891
vn -0.931928 0.253939 -0.258891
vn -0.966762 0.077575 -0.243624
vn -0.931928 0.253939 -0.258891
vn 0.030173 0.985936 -0.164374
vn 0.030173 0.985936 -0.164374
vn -0.930427 0.258363 -0.259912
vn -0.966099 0.090535 -0.241777
vn -0.973247 -0.043656 -0.225575
vn -0.209289 0.953039 -0.218894
vn 0.223597 0.969346 -0.101847
vn 0.223597 0.969346 -0.101847
vn 0.749947 0.638934 0.171299
vn 0.749947 0.638934 0.171299
vn 0.732155 0.607569 0.30791
vn 0.732155 0.607569 0.30791
vn 0.733232 0.543045 0.409234
vn 0.733232 0.543045 0.409234
vn 0.782284 0.465311 0.414145
vn 0.782284 0.465311 0.414145
vn 0.903963 0.304635 0.300081
vn 0.903963 0.304635 0.300081
vn 0.96955 0.226936 0.09205
vn 0.96955 0.226936 0.09205
vn 0.966326 0.227349 -0.120529
vn 0.966326 0.227349 -0.120529
vn 0.883312 0.382308 -0.271294
vn 0.883312 0.382308 -0.271294
vn 0.819597 0.52768 -0.223194
vn 0.804331 0.556096 -0.209306
vn -0.994844 0.093995 -0.038084
vn -0.994844 0.093995 -0.038084
vn -0.973396 0.174645 -0.148322
vn -0.931928 0.253939 -0.258891
vn -0.931928 0.253939 -0.258891
vn -0.931928 0.253939 -0.258891
vn -0.950537 0.175638 -0.256187
vn -0.950537 0.175638 -0.256187
vn -0.966762 0.077575 -0.243624
vn -0.970996 0.023978 -0.237889
vn -0.980422 -0.066534 -0.185329
vn -0.980422 -0.066534 -0.185329
vn -0.720283 -0.052968 0.691655
vn -0.720283 -0.052968 0.691655
vn -0.093017 0.02419 0.995371
vn -0.05426 0.035084 0.99791
vn 0.120651 0.045144 0.991668
vn 0.120651 0.045144 0.991668
vn 0.2705 -0.111684 -0.95622
vn -0.627792 -0.736487 -0.251921
vn -0.642805 -0.735918 -0.212667
vn -0.703256 -0.706638 -0.078061
vn -0.703256 -0.706638 -0.078061
vn -0.703256 -0.706638 -0.078061
vn -0.703256 -0.706638 -0.078061
vn -0.290595 -0.932651 0.213813
vn -0.290595 -0.932651 0.213813
vn 0.226369 -0.933744 0.277271
vn 0.465756 -0.83449 0.294447
vn 0.886138 -0.363396 0.28758
vn 0.948167 -0.144112 0.283215
vn 0.973676 0.012599 0.227589
vn 0.973676 0.012599 0.227589
vn 0.931928 -0.253939 0.258891
vn 0.931928 -0.253939 0.258891
vn 0.949394 -0.180138 0.257295
vn 0.976294 -0.159424 -0.146405
vn 0.976294 -0.159424 -0.146405
vn 0.857371 -0.076265 -0.509018
vn 0.840388 -0.04468 -0.54014
vn 0.372957 0.192478 -0.907665
vn 0.370561 0.26888 -0.889038
vn 0.230948 -0.138837 -0.963009
vn 0.230948 -0.138837 -0.963009
vn 0.230948 -0.138837 -0.963009
vn 0.230948 -0.138837 -0.963009
vn -0.297795 0.923413 -0.242129
vn -0.375364 0.891288 -0.254377
vn -0.549164 0.78168 -0.295627
vn -0.498423 0.793198 -0.349874
vn -0.321532 0.902899 -0.285291
vn -0.399879 0.855807 -0.328163
vn -0.399879 0.855807 -0.328163
vn -0.131666 0.97327 -0.188172
vn 0.030173 0.985936 -0.164374
vn -0.213733 0.93132 -0.294892
vn -0.453483 0.81194 -0.367567
vn -0.118725 0.947901 -0.295614
vn -0.118725 0.947901 -0.295614
vn -0.436902 0.837799 -0.327427
vn -0.145395 0.923311 -0.355468
vn -0.148098 0.988454 0.032013
vn -0.145395 0.923311 -0.355468
vn 0.030173 0.985936 -0.164374
vn -0.015345 0.919269 0.39333
vn 0.22906 0.012201 0.973336
vn 0.22906 0.012201 0.973336
vn -0.106518 0.116734 0.987435
vn -0.296949 0.135917 0.945171
vn -0.950457 0.27029 -0.153537
vn -0.944939 0.266511 -0.189899
vn -0.885645 0.228638 -0.404174
vn -0.885645 0.228638 -0.404174
vn -0.814626 0.192777 -0.547011
vn -0.768571 0.173875 -0.615684
vn 0.228253 -0.129906 -0.964896
vn 0.228253 -0.129906 -0.964896
vn 0.228253 -0.129906 -0.964896
vn -0.654106 0.752579 0.075965
vn -0.812008 0.569496 0.127736
vn -0.687146 0.718875 0.105115
vn -0.832569 0.486604 0.264659
vn -0.634708 0.764429 0.11311
vn -0.919293 -0.366412 -0.143678
vn -0.973091 -0.061692 -0.222009
vn -0.919293 -0.366412 -0.143678
vn -0.973091 -0.061692 -0.222009
vn -0.786896 0.555883 -0.267935
vn -0.786896 0.555883 -0.267935
vn -0.575154 0.779366 -0.248568
vn -0.575154 0.779366 -0.248568
vn -0.919293 -0.366412 -0.143678
vn -0.973711 -0.02151 -0.22677
vn -0.919293 -0.366412 -0.143678
vn -0.973091 -0.061692 -0.222009
vn -0.814357 0.51094 -0.275249
vn -0.786896 0.555883 -0.267935
vn -0.575154 0.779366 -0.248568
vn -0.575154 0.779366 -0.248568
vn -0.919293 -0.366412 -0.143678
vn -0.973091 -0.061692 -0.222009
vn -0.919293 -0.366412 -0.143678
vn -0.973711 -0.02151 -0.22677
vn -0.786896 0.555883 -0.267935
vn -0.814357 0.51094 -0.275249
vn -0.575154 0.779366 -0.248568
vn -0.575154 0.779366 -0.248568
vn 0.397458 0.916493 -0.045469
vn 0.397458 0.916493 -0.045469
vn 0.397458 0.916493 -0.045469
vn 0.397458 0.916493 -0.045469
vn 0.442537 0.896487 -0.021715
vn 0.442537 0.896487 -0.021715
vn 0.104732 0.98676 -0.123842
vn 0.442537 0.896487 -0.021715
vn 0.104732 0.98676 -0.123842
vn 0.442537 0.896487 -0.021715
vn 0.104732 0.98676 -0.123842
vn 0.442537 0.896487 -0.021715
vn 0.059846 0.98972 -0.129894
vn 0.442537 0.896487 -0.021715
vn -0.230325 0.952882 -0.197399
vn -0.230325 0.952882 -0.197399
vn -0.230325 0.952882 -0.197399
vn -0.230325 0.952882 -0.197399
vn -0.230325 0.952882 -0.197399
vn -0.230325 0.952882 -0.197399
vn -0.919293 -0.366412 -0.143678
vn -0.919293 -0.366412 -0.143678
vn -0.973091 -0.061692 -0.222009
vn -0.973091 -0.061692 -0.222009
vn -0.786896 0.555883 -0.267935
vn -0.786896 0.555883 -0.267935
vn -0.575154 0.779366 -0.248568
vn -0.575154 0.779366 -0.248568
vn -0.919293 -0.366412 -0.143678
vn -0.973091 -0.061692 -0.222009
vn -0.919293 -0.366412 -0.143678
vn -0.973091 -0.061692 -0.222009
vn -0.786896 0.555883 -0.267935
vn -0.786896 0.555883 -0.267935
vn -0.575154 0.779366 -0.248568
vn -0.575154 0.779366 -0.248568
vn 0.931928 -0.253939 0.258891
vn 0.931928 -0.253939 0.258891
vn 0.931928 -0.253939 0.258891
vn 0.931928 -0.253939 0.258891
vn 0.931928 -0.253939 0.258891
vn -0.422706 0.201434 0.883597
vn -0.422706 0.201434 0.883597
vn -0.422706 0.201434 0.883597
vn -0.422706 0.201434 0.883597
vn -0.422706 0.201434 0.883597
vn -0.422706 0.201434 0.883597
vn -0.422706 0.201434 0.883597
vn -0.422706 0.201434 0.883597
vn -0.422706 0.201434 0.883597
vn -0.422706 0.201434 0.883597
vn -0.422706 0.201434 0.883597
vn -0.422706 0.201434 0.883597
vn -0.422706 0.201434 0.883597
vn -0.422706 0.201434 0.883597
vn -0.422706 0.201434 0.883597
vn -0.422706 0.201434 0.883597
vn -0.422706 0.201434 0.883597
vn -0.449818 0.143528 0.881512
vn -0.793043 -0.604567 -0.074713
vn -0.974423 0.060823 -0.216333
vn -0.793043 -0.604567 -0.074713
vn -0.974423 0.060823 -0.216333
vn -0.847467 0.487316 -0.210529
vn -0.847467 0.487316 -0.210529
vn -0.930774 0.291768 -0.220296
vn -0.762482 0.624106 -0.170623
vn -0.955604 0.286333 0.069534
vn -0.948835 0.231117 -0.215167
vn -0.955604 0.286333 0.069534
vn -0.985602 -0.129403 -0.108827
vn -0.982455 0.043021 -0.181472
vn -0.982455 0.043021 -0.181472
vn -0.900336 0.358322 -0.246983
vn -0.900677 0.361697 -0.240741
vn -0.334809 0.919828 -0.204498
vn -0.334809 0.919828 -0.204498
vn 0.44325 -0.199556 -0.873903
vn 0.44325 -0.199556 -0.873903
vn 0.44325 -0.199556 -0.873903
vn 0.44325 -0.199556 -0.873903
vn 0.44325 -0.199556 -0.873903
vn 0.44325 -0.199556 -0.873903
vn 0.44325 -0.199556 -0.873903
vn 0.44325 -0.199556 -0.873903
vn 0.085163 -0.495216 0.864586
vn -0.061003 -0.876777 0.477013
vn 0.085163 -0.495216 0.864586
vn -0.061003 -0.876777 0.477013
vn -0.061003 -0.876777 0.477013
vn -0.061003 -0.876777 0.477013
vn -0.069431 -0.938859 0.337228
vn -0.069431 -0.938859 0.337228
vn -0.03231 -0.411759 -0.91072
vn -0.020215 -0.368028 -0.929595
vn 0.048408 -0.095897 -0.994213
vn 0.048408 -0.095897 -0.994213
vn 0.953974 -0.289086 -0.079764
vn 0.953974 -0.289086 -0.079764
vn 0.953974 -0.289086 -0.079764
vn 0.953974 -0.289086 -0.079764
vn 0.953974 -0.289086 -0.079764
vn 0.953974 -0.289086 -0.079764
vn 0.048408 -0.095897 -0.994213
vn 0.048408 -0.095897 -0.994213
vn 0.142736 0.173045 -0.974516
vn 0.155302 0.219342 -0.963208
vn 0.460325 0.863368 0.206633
vn 0.460325 0.863368 0.206633
vn 0.44071 0.832347 0.336114
vn 0.44071 0.832347 0.336114
vn 0.44071 0.832347 0.336114
vn 0.44071 0.832347 0.336114
vn 0.374537 0.496661 0.782975
vn 0.374537 0.496661 0.782975
vn -0.608014 0.240688 0.756564
vn -0.608014 0.240688 0.756564
vn -0.634544 0.254068 0.729934
vn -0.634544 0.254068 0.729934
vn -0.91546 0.293692 0.275097
vn -0.91546 0.293692 0.275097
vn -0.942825 0.263992 -0.203446
vn -0.942825 0.263992 -0.203446
vn -0.8914 0.231253 -0.38978
vn -0.79311 0.229386 -0.564233
vn -0.220642 0.105486 -0.969634
vn -0.220642 0.105486 -0.969634
vn -0.220642 0.105486 -0.969634
vn -0.33203 0.018951 -0.943078
vn -0.255542 0.027429 -0.966409
vn -0.281454 -0.956426 0.077672
vn -0.281454 -0.956426 0.077672
vn -0.281454 -0.956426 0.077672
vn -0.281454 -0.956426 0.077672
vn -0.281454 -0.956426 0.077672
vn -0.281454 -0.956426 0.077672
vn -0.281454 -0.956426 0.077672
vn -0.281454 -0.956426 0.077672
vn -0.2439 -0.954737 0.170263
vn -0.181359 -0.970867 0.156605
vn -0.065219 -0.966114 0.249741
vn -0.185342 -0.976341 0.111386
vn -0.181359 -0.970867 0.156605
vn -0.608014 0.240688 0.756564
vn -0.634544 0.254068 0.729934
vn -0.608014 0.240688 0.756564
vn -0.634544 0.254068 0.729934
vn -0.91546 0.293692 0.275097
vn -0.91546 0.293692 0.275097
vn -0.942825 0.263992 -0.203446
vn -0.942825 0.263992 -0.203446
vn -0.8914 0.231253 -0.38978
vn -0.812267 0.155133 -0.562278
vn -0.282657 -0.116287 -0.952146
vn -0.282657 -0.116287 -0.952146
vn -0.282657 -0.116287 -0.952146
vn -0.33203 0.018951 -0.943078
vn -0.271094 -0.029238 -0.962109
vn 0.382649 0.923892 0.001879
vn 0.373555 0.926396 -0.047403
vn 0.382649 0.923892 0.001879
vn 0.479579 0.871693 0.100773
vn 0.319948 0.947354 0.012395
vn 0.282394 0.956234 -0.076623
vn 0.282394 0.956234 -0.076623
vn 0.282394 0.956234 -0.076623
vn 0.282394 0.956234 -0.076623
vn 0.282394 0.956234 -0.076623
vn 0.282394 0.956234 -0.076623
vn 0.282394 0.956234 -0.076623
vn 0.282394 0.956234 -0.076623
vn -0.608014 0.240688 0.756564
vn -0.608014 0.240688 0.756564
vn -0.608014 0.240688 0.756564
vn -0.608014 0.240688 0.756564
vn -0.608014 0.240688 0.756564
vn -0.608014 0.240688 0.756564
vn -0.608014 0.240688 0.756564
vn -0.608014 0.240688 0.756564
vn -0.608014 0.240688 0.756564
vn -0.608014 0.240688 0.756564
vn -0.608014 0.240688 0.756564
vn -0.608014 0.240688 0.756564
vn -0.608014 0.240688 0.756564
vn -0.608014 0.240688 0.756564
vn -0.608014 0.240688 0.756564
vn -0.608014 0.240688 0.756564
vn -0.608014 0.240688 0.756564
vn -0.608014 0.240688 0.756564
vn -0.608014 0.240688 0.756564
vn -0.608014 0.240688 0.756564
vn -0.608014 0.240688 0.756564
vn -0.608014 0.240688 0.756564
vn -0.608014 0.240688 0.756564
vn -0.608014 0.240688 0.756564
vn -0.608014 0.240688 0.756564
vn -0.608014 0.240688 0.756564
vn -0.608014 0.240688 0.756564
vn -0.608014 0.240688 0.756564
vn -0.608014 0.240688 0.756564
vn -0.608014 0.240688 0.756564
vn -0.608014 0.240688 0.756564
vn -0.608014 0.240688 0.756564
vn -0.608014 0.240688 0.756564
vn -0.608014 0.240688 0.756564
vn -0.608014 0.240688 0.756564
vn -0.608014 0.240688 0.756564
vn -0.608014 0.240688 0.756564
vn -0.608014 0.240688 0.756564
vn -0.608014 0.240688 0.756564
vn -0.608014 0.240688 0.756564
vn -0.608014 0.240688 0.756564
vn -0.608014 0.240688 0.756564
vn -0.608014 0.240688 0.756564
vn -0.608014 0.240688 0.756564
vn -0.634544 0.254068 0.729934
vn -0.634544 0.254068 0.729934
vn -0.608014 0.240688 0.756564
vn -0.608014 0.240688 0.756564
vn -0.608014 0.240688 0.756564
vn -0.608014 0.240688 0.756564
vn -0.91546 0.293692 0.275097
vn -0.91546 0.293692 0.275097
vn -0.768571 0.173875 -0.615684
vn -0.768571 0.173875 -0.615684
vn -0.588695 0.107753 -0.801141
vn -0.588695 0.107753 -0.801141
vn 0.264968 0.003072 0.964252
vn 0.264968 0.003072 0.964252
vn 0.264968 0.003072 0.964252
vn 0.264968 0.003072 0.964252
vn 0.264968 0.003072 0.964252
vn 0.264968 0.003072 0.964252
vn -0.285789 -0.953902 0.091625
vn -0.362664 -0.915814 0.172508
vn -0.250899 -0.967773 0.021576
vn -0.39018 -0.893011 0.224255
vn -0.274976 -0.949214 0.152908
vn -0.250899 -0.967773 0.021576
vn 0.031834 -0.984512 0.172403
vn -0.285789 -0.953902 0.091625
vn 0.085475 -0.964508 0.249835
vn -0.328504 -0.928684 0.172135
vn -0.66482 0.153404 0.731082
vn -0.639726 -0.522947 0.563274
vn 0.477721 -0.840755 0.254782
vn 0.430936 -0.840507 0.328394
vn -0.362664 -0.915814 0.172508
vn -0.472117 -0.825732 0.308662
vn -0.39018 -0.893011 0.224255
vn -0.39018 -0.893011 0.224255
vn -0.274976 -0.949214 0.152908
vn -0.961393 -0.201027 -0.187911
vn -0.274976 -0.949214 0.152908
vn 0.277105 0.958296 -0.069863
vn 0.195325 0.980662 0.012244
vn 0.310201 0.940555 -0.138317
vn 0.162307 0.984244 0.070148
vn 0.277105 0.958296 -0.069863
vn 0.310201 0.940555 -0.138317
vn 0.277105 0.958296 -0.069863
vn 0.543533 0.839328 0.010011
vn 0.604624 0.789835 0.102909
vn 0.867189 0.477791 0.140354
vn 0.831245 0.513234 0.213594
vn -0.613255 0.346184 0.709982
vn 0.235843 0.97165 0.016542
vn -0.22964 0.865828 0.44453
vn 0.195325 0.980662 0.012244
vn 0.061911 0.985989 0.154898
vn 0.162307 0.984244 0.070148
vn 0.162307 0.984244 0.070148
vn 0.291853 0.956217 0.021683
vn -0.703625 0.65988 -0.263573
vn 0.291853 0.956217 0.021683
vn -0.285789 -0.953902 0.091625
vn -0.285789 -0.953902 0.091625
vn -0.285789 -0.953902 0.091625
vn -0.285789 -0.953902 0.091625
vn -0.285789 -0.953902 0.091625
vn -0.285789 -0.953902 0.091625
vn -0.285789 -0.953902 0.091625
vn -0.285789 -0.953902 0.091625
vn -0.285789 -0.953902 0.091625
vn 0.277105 0.958296 -0.069863
vn 0.277105 0.958296 -0.069863
vn 0.277105 0.958296 -0.069863
vn 0.277105 0.958296 -0.069863
vn 0.277105 0.958296 -0.069863
vn 0.277105 0.958296 -0.069863
vn 0.277105 0.958296 -0.069863
vn 0.277105 0.958296 -0.069863
vn 0.277105 0.958296 -0.069863
vn -0.286362 -0.955406 0.072086
vn -0.286362 -0.955406 0.072086
vn -0.275961 -0.960424 0.037821
vn -0.275961 -0.960424 0.037821
vn -0.147295 -0.985175 -0.087941
vn -0.275961 -0.960424 0.037821
vn 0.277341 0.957253 -0.082155
vn 0.277341 0.957253 -0.082155
vn 0.285334 0.950664 -0.121749
vn 0.285334 0.950664 -0.121749
vn 0.405453 0.881457 -0.242159
vn 0.285334 0.950664 -0.121749
vn 0.552768 -0.092241 0.828214
vn 0.706658 -0.15076 0.691307
vn 0.552768 -0.092241 0.828214
vn 0.706658 -0.15076 0.691307
vn 0.883968 -0.224981 0.40986
vn 0.883968 -0.224981 0.40986
vn 0.918958 -0.24711 0.307333
vn 0.918958 -0.24711 0.307333
vn -0.277989 -0.956581 0.087609
vn -0.18695 -0.958911 -0.213399
vn -0.277989 -0.956581 0.087609
vn -0.144544 -0.935648 -0.321979
vn 0.237764 -0.204406 -0.949572
vn 0.237764 -0.204406 -0.949572
vn 0.282394 0.956234 -0.076623
vn 0.282394 0.956234 -0.076623
vn 0.351176 0.862685 -0.363937
vn 0.362035 0.80582 -0.468598
vn 0.27138 -0.10302 -0.956943
vn 0.27138 -0.10302 -0.956943
vn -0.265058 0.093717 0.959667
vn -0.355453 -0.87134 0.33826
vn -0.265058 0.093717 0.959667
vn -0.355453 -0.87134 0.33826
vn -0.338788 -0.9362 0.093555
vn -0.338788 -0.9362 0.093555
vn -0.541894 -0.839513 0.039611
vn -0.609352 -0.789177 0.076753
vn -0.575561 -0.817254 0.028731
vn -0.541894 -0.839513 0.039611
vn -0.511623 -0.859155 0.009731
vn -0.511623 -0.859155 0.009731
vn -0.575561 -0.817254 0.028731
vn -0.907397 0.281965 -0.31165
vn -0.927063 0.274871 -0.254952
vn -0.927063 0.274871 -0.254952
vn -0.93877 0.235748 -0.251263
vn -0.93877 0.235748 -0.251263
vn -0.93877 0.235748 -0.251263
vn -0.93877 0.235748 -0.251263
vn -0.93877 0.235748 -0.251263
vn -0.93877 0.235748 -0.251263
vn -0.93877 0.235748 -0.251263
vn -0.907397 0.281965 -0.31165
vn -0.927063 0.274871 -0.254952
vn -0.927063 0.274871 -0.254952
vn -0.927063 0.274871 -0.254952
vn -0.93877 0.235748 -0.251263
vn -0.93877 0.235748 -0.251263
vn -0.93877 0.235748 -0.251263
vn -0.930423 0.211526 -0.299283
vn -0.927063 0.274871 -0.254952
vn -0.93877 0.235748 -0.251263
vn -0.927063 0.274871 -0.254952
vn -0.93877 0.235748 -0.251263
vn -0.93877 0.235748 -0.251263
vn -0.93877 0.235748 -0.251263
vn -0.93877 0.235748 -0.251263
vn -0.93877 0.235748 -0.251263
vn -0.927063 0.274871 -0.254952
vn -0.228835 0.216568 0.949069
vn 0.180873 0.965771 0.185932
vn -0.228835 0.216568 0.949069
vn 0.180873 0.965771 0.185932
vn 0.224144 0.97253 -0.062808
vn 0.224144 0.97253 -0.062808
vn -0.003177 0.993661 -0.112372
vn -0.085289 0.993842 -0.070744
vn -0.038904 0.99133 -0.125507
vn -0.003177 0.993661 -0.112372
vn 0.036603 0.989039 -0.143043
vn 0.036603 0.989039 -0.143043
vn -0.038904 0.99133 -0.125507
vn -0.934135 0.25303 -0.251729
vn -0.934135 0.25303 -0.251729
vn -0.934135 0.25303 -0.251729
vn -0.934135 0.25303 -0.251729
vn -0.934135 0.25303 -0.251729
vn -0.943394 0.25633 -0.210483
vn -0.943767 0.320111 -0.08266
vn -0.953204 0.271764 -0.132461
vn -0.934283 0.355009 -0.032917
vn -0.946872 0.320632 -0.025072
vn -0.961453 0.27398 -0.023328
vn -0.974595 0.222703 -0.023815
vn -0.974595 0.222703 -0.023815
vn -0.630799 0.706727 -0.320359
vn -0.974595 0.222703 -0.023815
vn -0.965163 0.252577 0.068304
vn -0.951434 0.283166 0.120792
vn -0.803684 0.264861 -0.532861
vn -0.934135 0.25303 -0.251729
vn -0.934135 0.25303 -0.251729
vn -0.934135 0.25303 -0.251729
vn -0.943394 0.25633 -0.210483
vn -0.967066 0.239759 -0.085431
vn -0.953204 0.271764 -0.132461
vn -0.974595 0.222703 -0.023815
vn -0.974595 0.222703 -0.023815
vn -0.946872 0.320632 -0.025072
vn -0.934283 0.355009 -0.032917
vn -0.934283 0.355009 -0.032917
vn -0.926864 -0.292191 -0.235685
vn -0.934283 0.355009 -0.032917
vn -0.943652 0.32533 0.060682
vn -0.951434 0.283166 0.120792
vn -0.842608 0.13743 -0.520696
vn 0.874605 -0.469898 -0.119421
vn 0.26418 -0.95666 0.122514
vn 0.853615 -0.487326 -0.183997
vn 0.207188 -0.971395 0.116034
vn -0.290947 -0.845731 0.447312
vn -0.16194 -0.958018 0.236596
vn -0.143329 -0.551283 0.821915
vn 0.058806 -0.404477 0.912656
vn -0.06242 -0.35048 0.934488
vn 0.080463 -0.348464 0.933862
vn -0.669951 -0.631247 0.39076
vn -0.479883 -0.273345 0.833664
vn -0.783054 -0.173307 0.59732
vn -0.669951 -0.631247 0.39076
vn -0.823267 -0.172206 0.540903
vn -0.783054 -0.173307 0.59732
vn -0.559635 -0.752452 0.34731
vn -0.298539 -0.950135 0.090097
vn -0.335373 -0.93038 0.148046
vn 0.77815 -0.489695 0.393297
vn 0.615846 -0.63028 0.472738
vn 0.627394 -0.560395 -0.54068
vn 0.088211 -0.984244 -0.153238
vn -0.257114 -0.951954 0.166361
vn -0.298539 -0.950135 0.090097
vn -0.335373 -0.93038 0.148046
vn -0.733253 -0.358084 0.578027
vn -0.317854 -0.917447 0.239292
vn -0.064608 -0.504111 0.861219
vn -0.723385 -0.244064 0.645869
vn -0.747846 -0.267787 0.607468
vn 0.983919 -0.097842 -0.149435
vn 0.74383 0.668268 -0.011599
vn 0.972998 -0.083635 -0.215126
vn 0.703945 0.709691 -0.02829
vn 0.23517 0.925922 0.295573
vn 0.390346 0.91714 0.080527
vn 0.215429 0.659029 0.720605
vn 0.309871 0.445511 0.83994
vn 0.176643 0.469755 0.864944
vn 0.293413 0.393887 0.87107
vn -0.201806 0.944653 0.258661
vn -0.217335 0.617431 0.756005
vn -0.534391 0.661699 0.52591
vn -0.201806 0.944653 0.258661
vn -0.577897 0.668828 0.467659
vn -0.534391 0.661699 0.52591
vn -0.04859 0.978358 0.201135
vn 0.261622 0.962321 -0.074114
vn 0.228391 0.973531 -0.008631
vn 0.934353 0.053839 0.352258
vn 0.882035 0.250545 0.399051
vn 0.807999 0.047349 -0.587278
vn 0.596012 0.732643 -0.32864
vn 0.33285 0.942919 0.010673
vn 0.261622 0.962321 -0.074114
vn 0.213124 0.975119 -0.061004
vn -0.401937 0.778358 0.482292
vn 0.231512 0.960975 0.151425
vn 0.265371 0.573051 0.775365
vn -0.44386 0.690765 0.570817
vn -0.455221 0.717898 0.526684
vn -0.292678 0.933377 -0.207718
vn -0.095134 0.905549 -0.413437
vn -0.292678 0.933377 -0.207718
vn -0.144092 0.919951 -0.364593
vn 0.357863 0.568996 -0.74039
vn 0.357863 0.568996 -0.74039
vn -0.757145 -0.648495 -0.078648
vn -0.757145 -0.648495 -0.078648
vn -0.586433 -0.76095 -0.277581
vn -0.634297 -0.74031 -0.22273
vn -0.033688 -0.77827 -0.627025
vn -0.033688 -0.77827 -0.627025
vn 0.186945 -0.135361 -0.973
vn -0.057952 -0.0604 -0.996491
vn 0.093472 -0.098502 -0.990737
vn -0.057952 -0.0604 -0.996491
vn -0.100687 -0.032666 -0.994382
vn -0.100687 -0.032666 -0.994382
vn -0.100687 -0.032666 -0.994382
vn -0.100687 -0.032666 -0.994382
vn -0.100687 -0.032666 -0.994382
vn -0.100687 -0.032666 -0.994382
vn 0.186945 -0.135361 -0.973
vn -0.057952 -0.0604 -0.996491
vn 0.093472 -0.098502 -0.990737
vn -0.057952 -0.0604 -0.996491
vn -0.126743 -0.071141 -0.989381
vn -0.100687 -0.032666 -0.994382
vn -0.126743 -0.071141 -0.989381
vn -0.100687 -0.032666 -0.994382
vn -0.100687 -0.032666 -0.994382
vn -0.100687 -0.032666 -0.994382
vn 0.931928 -0.253939 0.258891
vn 0.931928 -0.253939 0.258891
vn 0.931928 -0.253939 0.258891
vn 0.931928 -0.253939 0.258891
vn 0.972041 0.102528 0.211243
vn 0.931928 -0.253939 0.258891
vn 0.931928 -0.253939 0.258891
vn 0.931928 -0.253939 0.258891
vn 0.949892 0.194103 -0.24501
vn 0.931928 -0.253939 0.258891
vn 0.931928 -0.253939 0.258891
vn 0.931928 -0.253939 0.258891
vn 0.931928 -0.253939 0.258891
vn 0.772729 -0.574735 0.269388
vn 0.931928 -0.253939 0.258891
vn 0.931928 -0.253939 0.258891
vn 0.931928 -0.253939 0.258891
vn 0.687292 -0.706975 -0.166781
vn -0.052411 -0.996512 0.064933
vn -0.096657 -0.994946 0.02721
vn 0.194266 -0.967524 0.161735
vn -0.22581 -0.971453 0.072726
vn 0.291241 -0.92955 0.226088
vn 0.651688 -0.710313 0.266005
vn 0.651688 -0.710313 0.266005
vn 0.675208 -0.625292 0.391285
vn 0.294081 -0.908177 0.297878
vn 0.628523 -0.596597 0.49903
vn 0.276826 -0.883751 0.377294
vn 0.565373 -0.56514 0.600808
vn 0.239036 -0.864407 0.442338
vn 0.474312 -0.534886 0.699232
vn 0.190865 -0.837816 0.511503
vn 0.387001 -0.477967 0.788529
vn 0.165213 -0.789622 0.590933
vn 0.242573 -0.693337 0.678559
vn 0.387001 -0.477967 0.788529
vn 0.327297 -0.805542 0.493943
vn 0.565373 -0.56514 0.600808
vn 0.394597 -0.893739 0.213363
vn 0.698195 -0.674203 0.240777
vn -0.236726 -0.964951 0.11327
vn -0.22581 -0.971453 0.072726
vn -0.22581 -0.971453 0.072726
vn -0.22581 -0.971453 0.072726
vn -0.22581 -0.971453 0.072726
vn -0.22581 -0.971453 0.072726
vn -0.22581 -0.971453 0.072726
vn -0.263361 -0.960998 0.084409
vn -0.263361 -0.960998 0.084409
vn -0.374155 0.921963 -0.099963
vn -0.374649 0.925016 -0.063125
vn -0.374155 0.921963 -0.099963
vn -0.374155 0.921963 -0.099963
vn -0.374649 0.925016 -0.063125
vn -0.374649 0.925016 -0.063125
vn -0.374649 0.925016 -0.063125
vn -0.374649 0.925016 -0.063125
vn -0.342569 0.913392 -0.219912
vn -0.342569 0.913392 -0.219912
vn -0.26489 0.852767 -0.450134
vn -0.26489 0.852767 -0.450134
vn -0.177309 0.789681 -0.587338
vn -0.170311 0.756337 -0.631623
vn -0.15271 0.810551 -0.565408
vn -0.15271 0.810551 -0.565408
vn -0.20399 0.830532 -0.518271
vn -0.20399 0.830532 -0.518271
vn -0.26489 0.852767 -0.450134
vn -0.26489 0.852767 -0.450134
vn -0.310239 0.87021 -0.382735
vn -0.310239 0.87021 -0.382735
vn -0.331652 0.888207 -0.317956
vn -0.321532 0.902899 -0.285291
vn -0.375364 0.891288 -0.254377
vn -0.375364 0.891288 -0.254377
vn -0.375364 0.891288 -0.254377
vn -0.342569 0.913392 -0.219912
vn -0.073467 0.97512 -0.209152
vn 0.046794 0.970251 -0.237538
vn 0.046794 0.970251 -0.237538
vn 0.183737 0.969047 -0.16489
vn 0.479838 0.877083 -0.021922
vn 0.324801 0.94453 -0.048656
vn 0.54856 0.835958 0.01601
vn 0.54856 0.835958 0.01601
vn 0.54856 0.835958 0.01601
vn 0.665865 0.744695 0.045307
vn 0.502701 0.450949 0.737521
vn 0.502701 0.450949 0.737521
vn 0.457627 0.293715 0.839231
vn 0.457627 0.293715 0.839231
vn 0.2484 0.194199 0.948991
vn 0.255697 0.194129 0.947066
vn -0.289368 0.200373 0.936011
vn -0.289368 0.200373 0.936011
vn -0.742161 0.625814 0.239904
vn -0.742161 0.625814 0.239904
vn -0.757732 0.599138 -0.258603
vn -0.757732 0.599138 -0.258603
vn -0.757732 0.599138 -0.258603
vn -0.757732 0.599138 -0.258603
vn -0.534197 0.362866 0.763519
vn -0.534197 0.362866 0.763519
vn 0.319816 -0.04081 0.9466
vn 0.319816 -0.04081 0.9466
vn 0.319816 -0.04081 0.9466
vn 0.319816 -0.04081 0.9466
vn -0.585102 0.276249 0.762458
vn -0.585102 0.276249 0.762458
vn -0.923325 0.316775 -0.21708
vn -0.923325 0.316775 -0.21708
vn -0.945197 0.323142 0.046714
vn -0.934408 0.314528 -0.167195
vn -0.05426 0.035084 0.99791
vn -0.05426 0.035084 0.99791
vn 0.023505 -0.034342 0.999134
vn 0.023505 -0.034342 0.999134
vn -0.512689 -0.858521 -0.009627
vn -0.512689 -0.858521 -0.009627
vn -0.512689 -0.858521 -0.009627
vn -0.56987 -0.821707 0.006712
vn -0.236726 -0.964951 0.11327
vn -0.56987 -0.821707 0.006712
vn -0.64232 -0.765151 -0.044373
vn -0.512689 -0.858521 -0.009627
vn -0.512689 -0.858521 -0.009627
vn -0.512689 -0.858521 -0.009627
vn -0.512689 -0.858521 -0.009627
vn -0.762744 -0.637749 -0.107232
vn -0.793104 -0.602454 -0.089636
vn -0.809964 -0.572264 -0.128344
vn -0.512689 -0.858521 -0.009627
vn -0.462335 -0.886613 0.012809
vn -0.793104 -0.602454 -0.089636
vn -0.847203 -0.520162 -0.108065
vn -0.793104 -0.602454 -0.089636
vn 0.16453 -0.957347 0.237521
vn -0.129525 -0.98293 0.130657
vn 0.484225 -0.832003 0.270734
vn 0.484225 -0.832003 0.270734
vn 0.414704 -0.837807 0.355106
vn -0.041848 -0.968365 0.246003
vn 0.363832 -0.848193 0.384961
vn -0.462335 -0.886613 0.012809
vn -0.793104 -0.602454 -0.089636
vn -0.462335 -0.886613 0.012809
vn -0.847203 -0.520162 -0.108065
vn -0.847203 -0.520162 -0.108065
vn -0.392684 -0.905144 0.162831
vn -0.290595 -0.932651 0.213813
vn -0.290595 -0.932651 0.213813
vn 0.302692 -0.849232 0.432645
vn -0.097049 -0.961984 0.255282
vn 0.302692 -0.849232 0.432645
vn -0.45076 -0.883217 0.129396
vn -0.45076 -0.883217 0.129396
vn -0.77093 -0.617312 -0.156819
vn -0.264403 -0.94997 0.166277
vn -0.140902 -0.967061 0.211988
vn 0.302692 -0.849232 0.432645
vn 0.276826 -0.883751 0.377294
vn -0.236726 -0.964951 0.11327
vn -0.199413 -0.973942 0.108036
vn -0.695166 -0.702189 -0.153866
vn 0.333687 -0.90674 0.257829
vn -0.052411 -0.996512 0.064933
vn -0.623532 -0.766244 -0.15517
vn -0.623532 -0.766244 -0.15517
vn -0.24473 -0.958937 -0.143342
vn 0.32592 -0.939961 0.10124
vn 0.396065 -0.912364 -0.103559
vn -0.143624 -0.947927 -0.284266
vn -0.535104 -0.84348 -0.046951
vn -0.635696 -0.741282 -0.215386
vn -0.512689 -0.858521 -0.009627
vn -0.462335 -0.886613 0.012809
vn -0.648671 -0.760931 -0.014499
vn -0.635696 -0.741282 -0.215386
vn 0.882205 0.406102 -0.238317
vn 0.882205 0.406102 -0.238317
vn 0.882205 0.406102 -0.238317
vn 0.882205 0.406102 -0.238317
vn 0.882205 0.406102 -0.238317
vn 0.94321 0.314903 -0.10579
vn 0.94321 0.314903 -0.10579
vn 0.96955 0.226936 0.09205
vn 0.96955 0.226936 0.09205
vn 0.954729 0.236197 0.180843
vn 0.954729 0.236197 0.180843
vn 0.954729 0.236197 0.180843
vn 0.954729 0.236197 0.180843
vn 0.954729 0.236197 0.180843
vn 0.954729 0.236197 0.180843
vn 0.954729 0.236197 0.180843
vn -0.814626 0.192777 -0.547011
vn -0.814626 0.192777 -0.547011
vn -0.814626 0.192777 -0.547011
vn -0.885645 0.228638 -0.404174
vn -0.931928 0.253939 -0.258891
vn -0.814626 0.192777 -0.547011
vn -0.229973 0.147458 0.961961
vn -0.229973 0.147458 0.961961
vn -0.229973 0.147458 0.961961
vn 0.499358 0.861958 -0.087582
vn 0.695289 0.718515 0.017579
vn 0.456637 0.8794 -0.134681
vn 0.335773 0.937567 -0.090693
vn 0.75725 0.646157 0.095151
vn 0.942897 0.278218 0.183139
vn 0.942897 0.278218 0.183139
vn 0.919929 0.21725 0.326395
vn 0.749947 0.638934 0.171299
vn 0.870246 0.238249 0.431171
vn 0.727208 0.637907 0.253462
vn 0.808442 0.256144 0.529917
vn 0.689839 0.653064 0.312458
vn 0.720714 0.295333 0.627176
vn 0.636506 0.669655 0.382651
vn 0.618089 0.310715 0.722095
vn 0.588207 0.656251 0.472595
vn 0.609684 0.545835 0.574761
vn 0.618089 0.310715 0.722095
vn 0.728574 0.567236 0.383957
vn 0.808442 0.256144 0.529917
vn 0.821351 0.562779 0.093072
vn 0.954729 0.236197 0.180843
vn 0.324801 0.94453 -0.048656
vn 0.335773 0.937567 -0.090693
vn 0.335773 0.937567 -0.090693
vn 0.335773 0.937567 -0.090693
vn 0.335773 0.937567 -0.090693
vn 0.335773 0.937567 -0.090693
vn 0.335773 0.937567 -0.090693
vn 0.301473 0.950626 -0.073653
vn 0.301473 0.950626 -0.073653
vn -0.798333 -0.601625 0.026681
vn -0.798333 -0.601625 0.026681
vn -0.798333 -0.601625 0.026681
vn -0.798333 -0.601625 0.026681
vn -0.814864 -0.57548 0.069419
vn -0.814864 -0.57548 0.069419
vn -0.814864 -0.57548 0.069419
vn -0.814864 -0.57548 0.069419
vn -0.793104 -0.602454 -0.089636
vn -0.793104 -0.602454 -0.089636
vn -0.718393 -0.628984 -0.297136
vn -0.698128 -0.634486 -0.33173
vn -0.600982 -0.647224 -0.468958
vn -0.575172 -0.632286 -0.51903
vn -0.588111 -0.670944 -0.451619
vn -0.588111 -0.670944 -0.451619
vn -0.640943 -0.659002 -0.393583
vn -0.640943 -0.659002 -0.393583
vn -0.698128 -0.634486 -0.33173
vn -0.698128 -0.634486 -0.33173
vn -0.74026 -0.615821 -0.269777
vn -0.74026 -0.615821 -0.269777
vn -0.772112 -0.605601 -0.192588
vn -0.77093 -0.617312 -0.156819
vn -0.809964 -0.572264 -0.128344
vn -0.809964 -0.572264 -0.128344
vn -0.809964 -0.572264 -0.128344
vn -0.793104 -0.602454 -0.089636
vn -0.595362 -0.801098 -0.061534
vn -0.497515 -0.863522 -0.082517
vn -0.497515 -0.863522 -0.082517
vn -0.374937 -0.927039 -0.004605
vn -0.086059 -0.990225 0.109767
vn -0.236726 -0.964951 0.11327
vn 0.021084 -0.987333 0.157252
vn 0.021084 -0.987333 0.157252
vn 0.160247 -0.973921 0.160618
vn 0.021084 -0.987333 0.157252
vn 0.21286 -0.527885 0.82221
vn 0.265593 -0.360178 0.894277
vn 0.21286 -0.527885 0.82221
vn 0.265593 -0.360178 0.894277
vn 0.152106 -0.147519 0.977293
vn 0.152106 -0.147519 0.977293
vn -0.296949 0.135917 0.945171
vn -0.296949 0.135917 0.945171
vn -0.949889 -0.07982 0.302225
vn -0.949889 -0.07982 0.302225
vn -0.971602 -0.125778 -0.200421
vn -0.971602 -0.125778 -0.200421
vn -0.971602 -0.125778 -0.200421
vn -0.971602 -0.125778 -0.200421
vn -0.612232 0.108999 0.783129
vn -0.612232 0.108999 0.783129
vn 0.337549 0.011652 0.941236
vn 0.337549 0.011652 0.941236
vn 0.337549 0.011652 0.941236
vn 0.337549 0.011652 0.941236
vn -0.601141 0.204381 0.772566
vn -0.601141 0.204381 0.772566
vn -0.956065 0.208336 -0.206244
vn -0.956065 0.208336 -0.206244
vn -0.96667 0.250525 0.052789
vn -0.962029 0.223471 -0.156717
vn -0.018835 0.155118 0.987716
vn -0.018835 0.155118 0.987716
vn 0.081637 0.172326 0.981651
vn 0.081637 0.172326 0.981651
vn 0.030173 0.985936 -0.164374
vn 0.030173 0.985936 -0.164374
vn 0.030173 0.985936 -0.164374
vn -0.035125 0.988846 -0.144739
vn 0.324801 0.94453 -0.048656
vn 0.030173 0.985936 -0.164374
vn -0.035125 0.988846 -0.144739
vn -0.131666 0.97327 -0.188172
vn 0.030173 0.985936 -0.164374
vn 0.030173 0.985936 -0.164374
vn 0.030173 0.985936 -0.164374
vn 0.030173 0.985936 -0.164374
vn -0.297795 0.923413 -0.242129
vn -0.342569 0.913392 -0.219912
vn 0.086458 0.98569 -0.144709
vn -0.375364 0.891288 -0.254377
vn -0.704743 -0.696807 0.13341
vn -0.942424 -0.269264 0.198328
vn -0.780301 -0.614864 0.114336
vn -0.962488 -0.253833 0.095845
vn 0.086458 0.98569 -0.144709
vn -0.342569 0.913392 -0.219912
vn 0.086458 0.98569 -0.144709
vn -0.342569 0.913392 -0.219912
vn -0.436826 0.87183 -0.221575
vn -0.342569 0.913392 -0.219912
vn 0.665372 0.73993 0.098913
vn 0.427696 0.903518 -0.02704
vn 0.867465 0.471392 0.159042
vn 0.849282 0.49463 0.184556
vn 0.81673 0.524445 0.240645
vn 0.498514 0.861479 0.096637
vn 0.781852 0.564694 0.26425
vn 0.448646 0.887618 0.104165
vn 0.267231 0.962309 0.050489
vn -0.436826 0.87183 -0.221575
vn -0.436826 0.87183 -0.221575
vn 0.163255 0.986574 0.004411
vn 0.267231 0.962309 0.050489
vn 0.732155 0.607569 0.30791
vn 0.732155 0.607569 0.30791
vn 0.097783 0.994711 -0.031427
vn 0.097783 0.994711 -0.031427
vn -0.321532 0.902899 -0.285291
vn 0.298525 0.954381 0.006394
vn 0.409592 0.910874 0.050427
vn 0.732155 0.607569 0.30791
vn 0.727208 0.637907 0.253462
vn 0.324801 0.94453 -0.048656
vn 0.360765 0.931125 -0.053425
vn -0.213733 0.93132 -0.294892
vn -0.118725 0.947901 -0.295614
vn 0.499358 0.861958 -0.087582
vn 0.782035 0.613663 0.108805
vn 0.784164 0.619818 -0.03021
vn 0.306703 0.904801 -0.295413
vn 0.819597 0.52768 -0.223194
vn 0.376356 0.820017 -0.431194
vn 0.000636 0.980581 -0.196113
vn -0.145395 0.923311 -0.355468
vn -0.145395 0.923311 -0.355468
vn -0.118725 0.947901 -0.295614
vn 0.030173 0.985936 -0.164374
vn 0.086458 0.98569 -0.144709
vn -0.135192 0.978371 -0.15657
vn -0.316203 0.948621 -0.011539
vn -0.667935 0.744163 0.009118
vn -0.634708 0.764429 0.11311
vn -0.206239 0.978486 -0.005621
vn 0.509414 -0.849898 -0.134799
vn 0.509414 -0.849898 -0.134799
vn 0.522482 -0.83611 -0.167132
vn 0.522482 -0.83611 -0.167132
vn 0.509414 -0.849898 -0.134799
vn 0.621086 -0.783606 -0.014612
vn 0.621086 -0.783606 -0.014612
vn 0.705402 -0.690812 0.158703
vn 0.705402 -0.690812 0.158703
vn 0.698195 -0.674203 0.240777
vn 0.698195 -0.674203 0.240777
vn 0.698195 -0.674203 0.240777
vn 0.698195 -0.674203 0.240777
vn 0.698195 -0.674203 0.240777
vn 0.698195 -0.674203 0.240777
vn 0.698195 -0.674203 0.240777
vn -0.814626 0.192777 -0.547011
vn -0.814626 0.192777 -0.547011
vn -0.814626 0.192777 -0.547011
vn -0.885645 0.228638 -0.404174
vn -0.931928 0.253939 -0.258891
vn -0.229973 0.147458 0.961961
vn -0.229973 0.147458 0.961961
vn -0.814626 0.192777 -0.547011
vn -0.229973 0.147458 0.961961
vn -0.752194 -0.597275 0.278328
vn -0.229973 0.147458 0.961961
vn -0.556483 -0.196082 0.80739
vn -0.229973 0.147458 0.961961
vn -0.229973 0.147458 0.961961
vn -0.229973 0.147458 0.961961
vn -0.229973 0.147458 0.961961
vn -0.229973 0.147458 0.961961
vn -0.575154 0.779366 -0.248568
vn -0.786896 0.555883 -0.267935
vn -0.575154 0.779366 -0.248568
vn -0.714274 0.654548 -0.247749
vn -0.936926 0.255624 -0.238382
vn -0.973091 -0.061692 -0.222009
vn -0.965044 -0.193989 -0.176233
vn -0.919293 -0.366412 -0.143678
vn -0.919293 -0.366412 -0.143678
vn 0.44325 -0.199556 -0.873903
vn 0.44325 -0.199556 -0.873903
vn 0.44325 -0.199556 -0.873903
vn 0.44325 -0.199556 -0.873903
vn 0.44325 -0.199556 -0.873903
vn 0.44325 -0.199556 -0.873903
vn 0.44325 -0.199556 -0.873903
vn 0.44325 -0.199556 -0.873903
vn 0.301227 0.947664 -0.105806
vn 0.358072 0.930186 -0.080859
vn -0.506842 0.820581 -0.264119
vn -0.54179 0.79615 -0.269459
vn -0.96955 -0.148255 -0.194921
vn -0.96955 -0.148255 -0.194921
vn -0.930999 -0.332702 -0.150167
vn -0.930999 -0.332702 -0.150167
vn -0.729065 -0.683022 -0.044102
vn -0.539879 -0.841073 0.033575
vn -0.102443 -0.98391 0.146376
vn -0.044394 -0.980665 0.190592
vn 0.401926 -0.897077 0.1836
vn 0.322782 -0.90769 0.268163
vn 0.838109 0.535914 0.101826
vn 0.962986 -0.240645 -0.121444
vn -0.578943 0.63349 0.513338
vn -0.013403 -0.992749 0.119454
vn 0.251782 -0.149295 -0.956199
vn 0.413116 -0.316445 -0.853931
vn 0.951861 -0.265885 0.152532
vn 0.865656 -0.478992 0.145623
vn 0.931928 -0.253939 0.258891
vn 0.844377 -0.429128 0.320744
vn 0.226505 -0.677453 0.699824
vn -0.147295 -0.985175 -0.087941
vn 0.251782 -0.149295 -0.956199
vn 0.951861 -0.265885 0.152532
vn 0.478779 -0.08999 -0.873311
vn 0.993457 -0.041742 0.106301
vn 0.405453 0.881457 -0.242159
vn 0.584397 0.546879 0.599503
vn 0.955368 -0.044148 0.292102
vn 0.931928 -0.253939 0.258891
vn 0.131797 -0.425348 -0.895382
vn 0.161951 -0.124821 -0.978873
vn 0.062388 -0.597771 -0.799236
vn -0.017336 -0.638034 -0.769813
vn -0.115335 -0.889233 -0.442676
vn -0.386945 0.036004 -0.9214
vn -0.595901 -0.53651 -0.597544
vn -0.289023 -0.672433 -0.681395
vn -0.514175 -0.85756 0.014643
vn -0.765682 -0.638265 -0.079682
vn -0.214048 -0.896546 -0.3878
vn -0.360105 -0.931762 0.046306
vn -0.256055 -0.966513 -0.016955
vn -0.283859 -0.826449 0.486217
vn -0.423592 -0.783194 0.455168
vn -0.281417 -0.454613 0.845063
vn -0.42398 -0.397501 0.813778
vn -0.143367 0.123516 0.981932
vn -0.335549 0.174507 0.925718
vn -0.745334 0.27224 0.608575
vn -0.830759 -0.386638 0.400439
vn -0.607716 -0.467925 0.64166
vn 0.303735 0.147548 -0.941262
vn 0.161951 -0.124821 -0.978873
vn 0.338613 0.342238 -0.876478
vn 0.29738 0.418155 -0.858319
vn 0.36064 0.733571 -0.576032
vn -0.386945 0.036004 -0.9214
vn -0.241478 0.677445 -0.694806
vn 0.089035 0.611255 -0.78641
vn 0.029062 0.989342 -0.142682
vn -0.306468 0.928157 -0.21119
vn -0.476241 0.827948 0.296137
vn -0.228176 0.814993 0.532656
vn -0.745334 0.27224 0.608575
vn -0.101619 0.685109 0.721318
vn -0.335549 0.174507 0.925718
vn -0.143367 0.123516 0.981932
vn 0.050764 0.659765 0.749756
vn 0.083123 0.947148 0.30984
vn 0.22824 0.911421 0.342372
vn 0.197758 0.97359 -0.114081
vn 0.306357 0.935612 -0.175427
vn 0.28542 0.797457 -0.5316
vn 0.527597 -0.559264 -0.639425
vn 0.44545 -0.676713 -0.586203
vn 0.47408 -0.542095 -0.693816
vn 0.313246 -0.765441 -0.562118
vn 0.273484 -0.453441 -0.848291
vn -0.046853 -0.89517 -0.443256
vn 0.853615 -0.487326 -0.183997
vn 0.290452 -0.888607 -0.354985
vn 0.26418 -0.95666 0.122514
vn -0.669951 -0.631247 0.39076
vn -0.298539 -0.950135 0.090097
vn -0.280425 -0.958423 0.052787
vn 0.874605 -0.469898 -0.119421
vn 0.716363 0.084211 -0.692627
vn 0.713126 0.233638 -0.660957
vn 0.661597 0.089693 -0.744476
vn 0.651401 0.381335 -0.655942
vn 0.43546 0.103798 -0.894204
vn 0.422402 0.700279 -0.575487
vn 0.261622 0.962321 -0.074114
vn -0.201806 0.944653 0.258661
vn 0.703309 0.52716 -0.476926
vn 0.74383 0.668268 -0.011599
vn 0.972998 -0.083635 -0.215126
vn 0.983919 -0.097842 -0.149435
vn 0.281431 0.953477 -0.108061
vn 0.923881 0.338517 -0.178468
vn 0.928986 0.280267 -0.241736
vn 0.844624 0.507679 -0.169918
vn 0.677087 0.711869 -0.186535
vn 0.282394 0.956234 -0.076623
vn 0.282394 0.956234 -0.076623
vn 0.282394 0.956234 -0.076623
vn 0.676417 0.690101 -0.257334
vn 0.282394 0.956234 -0.076623
vn 0.677087 0.711869 -0.186535
vn 0.508044 0.829368 0.232466
vn 0.522648 0.849873 0.067484
vn 0.97052 0.101563 0.218577
vn 0.358773 0.923727 -0.134201
vn 0.658727 0.752354 -0.006496
vn 0.472548 0.878338 -0.072259
vn 0.282394 0.956234 -0.076623
vn 0.44855 0.863719 -0.229765
vn 0.282394 0.956234 -0.076623
vn 0.282394 0.956234 -0.076623
vn 0.542942 0.839368 0.025977
vn 0.282394 0.956234 -0.076623
vn 0.282394 0.956234 -0.076623
vn 0.577193 0.778062 0.247925
vn 0.282394 0.956234 -0.076623
vn 0.891375 0.26961 -0.364364
vn 0.949892 0.194103 -0.24501
vn 0.916959 0.321112 0.236799
vn 0.752319 0.368616 0.546021
vn -0.158497 0.984599 -0.073778
vn -0.198518 0.835387 -0.512562
vn 0.773607 0.175389 -0.608909
vn 0.588844 -0.804457 -0.078172
vn 0.430677 -0.900994 -0.052224
vn 0.619534 -0.76952 -0.154973
vn 0.177709 -0.98313 -0.043309
vn 0.588916 -0.759615 -0.275978
vn 0.187369 -0.97546 -0.115629
vn 0.687292 -0.706975 -0.166781
vn 0.177709 -0.98313 -0.043309
vn 0.772729 -0.574735 0.269388
vn -0.283074 -0.955572 0.082164
vn -0.283074 -0.955572 0.082164
vn -0.283074 -0.955572 0.082164
vn -0.283074 -0.955572 0.082164
vn -0.010554 -0.925892 0.377641
vn -0.013354 -0.975619 0.219062
vn -0.206129 -0.978159 0.026743
vn 0.150271 -0.978458 0.141554
vn -0.078871 -0.993662 0.0801
vn -0.283074 -0.955572 0.082164
vn -0.099818 -0.992068 -0.076408
vn -0.283074 -0.955572 0.082164
vn -0.283074 -0.955572 0.082164
vn 0.002419 -0.983969 0.178322
vn -0.283074 -0.955572 0.082164
vn -0.283074 -0.955572 0.082164
vn 0.073582 -0.917905 0.389918
vn -0.283074 -0.955572 0.082164
vn -0.671221 -0.737922 0.070244
vn 0.458647 -0.622982 0.633668
vn -0.638697 -0.662373 -0.391572
vn 0.528126 -0.656456 -0.538655
vn 0.612271 -0.722922 0.32017
vn 0.698195 -0.674203 0.240777
vn 0.73169 -0.681535 0.011841
vn 0.394597 -0.893739 0.213363
vn 0.426532 -0.902857 0.054038
vn -0.236726 -0.964951 0.11327
vn -0.236726 -0.964951 0.11327
vn 0.387136 -0.920377 0.055065
vn -0.236726 -0.964951 0.11327
vn 0.40039 -0.910635 0.102139
vn -0.236726 -0.964951 0.11327
vn -0.236726 -0.964951 0.11327
vn 0.558621 -0.820272 0.122869
vn 0.728223 -0.6807 0.079615
vn 0.727787 -0.675668 0.117471
vn 0.73169 -0.681535 0.011841
vn -0.263361 -0.960998 0.084409
vn -0.263361 -0.960998 0.084409
vn -0.263361 -0.960998 0.084409
vn -0.263361 -0.960998 0.084409
vn -0.263361 -0.960998 0.084409
vn -0.263361 -0.960998 0.084409
vn 0.954729 0.236197 0.180843
vn 0.982292 0.175762 -0.064885
vn 0.821351 0.562779 0.093072
vn 0.847809 0.526302 -0.065005
vn 0.324801 0.94453 -0.048656
vn 0.324801 0.94453 -0.048656
vn 0.825114 0.560709 -0.069228
vn 0.324801 0.94453 -0.048656
vn 0.830047 0.557286 -0.021317
vn 0.324801 0.94453 -0.048656
vn 0.324801 0.94453 -0.048656
vn 0.916263 0.400135 0.01882
vn 0.982389 0.186488 0.011577
vn 0.980609 0.190009 0.047989
vn 0.982292 0.175762 -0.064885
vn 0.301473 0.950626 -0.073653
vn 0.301473 0.950626 -0.073653
vn 0.301473 0.950626 -0.073653
vn 0.301473 0.950626 -0.073653
vn 0.301473 0.950626 -0.073653
vn 0.301473 0.950626 -0.073653
vn 0.229973 -0.147458 -0.961961
vn 0.229973 -0.147458 -0.961961
vn 0.229973 -0.147458 -0.961961
vn 0.229973 -0.147458 -0.961961
vn 0.229973 -0.147458 -0.961961
vn 0.229973 -0.147458 -0.961961
vn 0.229973 -0.147458 -0.961961
vn 0.229973 -0.147458 -0.961961
vn 0.229973 -0.147458 -0.961961
vn 0.229973 -0.147458 -0.961961
vn 0.229973 -0.147458 -0.961961
vn 0.229973 -0.147458 -0.961961
vn -0.264886 -0.960178 0.088849
vn -0.885817 -0.443314 -0.137115
vn -0.214104 -0.970751 0.108636
vn -0.901321 -0.405661 -0.151855
vn -0.800752 -0.109717 0.588862
vn -0.737761 0.618579 -0.27031
vn -0.737761 0.618579 -0.27031
vn -0.606613 0.753126 -0.254602
vn -0.606613 0.753126 -0.254602
vn -0.240975 0.948684 -0.204767
vn 0.011054 0.989318 -0.145357
vn 0.456609 0.888766 -0.040038
vn 0.505232 0.862912 0.01114
vn 0.833149 0.551038 0.047111
vn 0.781778 0.612618 0.116282
vn 0.416535 -0.876335 0.241943
vn 0.932773 -0.343036 -0.110727
vn 0.526381 0.849349 -0.039118
vn -0.95342 0.299283 0.037671
vn -0.95342 0.299283 0.037671
vn -0.95342 0.299283 0.037671
vn -0.955604 0.286333 0.069534
vn -0.974986 0.221666 -0.016348
vn -0.921348 0.3639 0.136726
vn -0.921348 0.3639 0.136726
vn -0.94579 0.292957 0.140207
vn -0.964334 0.23095 0.129311
vn -0.964334 0.23095 0.129311
vn -0.938151 0.345428 -0.023503
vn 0.456609 0.888766 -0.040038
vn 0.456609 0.888766 -0.040038
vn 0.456609 0.888766 -0.040038
vn 0.456609 0.888766 -0.040038
vn 0.301227 0.947664 -0.105806
vn 0.358072 0.930186 -0.080859
vn 0.456609 0.888766 -0.040038
vn 0.415531 0.907953 -0.05437
vn 0.490261 0.870703 -0.038999
vn 0.838109 0.535914 0.101826
vn 0.526381 0.849349 -0.039118
vn 0.526381 0.849349 -0.039118
vn -0.143367 0.123516 0.981932
vn 0.40427 -0.040128 0.913759
vn -0.281417 -0.454613 0.845063
vn 0.373556 -0.243314 0.895128
vn -0.283859 -0.826449 0.486217
vn 0.399108 -0.395567 0.827187
vn 0.206095 -0.736112 0.64472
vn 0.467313 -0.479415 0.742819
vn 0.357928 -0.848575 0.389624
vn 0.571243 -0.496401 0.653657
vn 0.653479 -0.748293 0.114119
vn 0.712973 -0.427019 0.55617
vn 0.821972 -0.568657 -0.031482
vn 0.846459 -0.20822 0.490053
vn 0.618364 -0.118956 0.776837
vn -0.143367 0.123516 0.981932
vn 0.050764 0.659765 0.749756
vn 0.40427 -0.040128 0.913759
vn 0.486574 0.140692 0.862236
vn 0.583135 0.240118 0.776078
vn 0.22824 0.911421 0.342372
vn 0.599882 0.598268 0.53124
vn 0.684732 0.261144 0.680402
vn 0.777057 0.567082 0.27313
vn 0.775273 0.206772 0.596822
vn 0.957494 0.287274 0.026041
vn 0.852858 0.060304 0.518648
vn 0.996752 0.023738 -0.076951
vn 0.846459 -0.20822 0.490053
vn 0.618364 -0.118956 0.776837
vn 0.847642 -0.287445 -0.445958
vn 0.718614 -0.588804 -0.370007
vn 0.901008 -0.290601 -0.322079
vn 0.745599 -0.607037 -0.274934
vn 0.957065 -0.27487 0.092054
vn 0.800081 -0.588518 0.116258
vn 0.800081 -0.588518 0.116258
vn 0.038909 -0.993959 0.102625
vn 0.201499 -0.975109 -0.092526
vn 0.319233 -0.937304 -0.139825
vn 0.957065 -0.27487 0.092054
vn 0.957065 -0.27487 0.092054
vn 0.70563 -0.696818 0.128575
vn 0.579093 -0.717247 0.387567
vn -0.288027 -0.954554 0.076601
vn 0.883968 -0.224981 0.40986
vn 0.755382 -0.541317 0.369289
vn 0.883968 -0.224981 0.40986
vn 0.931928 -0.253939 0.258891
vn 0.818584 -0.506522 0.270844
vn 0.06236 -0.986107 0.153963
vn -0.344139 -0.912813 -0.219867
vn -0.113508 -0.945648 -0.30474
vn -0.061195 -0.949059 -0.309099
vn 0.066047 -0.997522 -0.024227
vn 0.266628 -0.885726 -0.379998
vn 0.796274 -0.550125 0.251613
vn -0.312692 -0.945301 0.092894
vn 0.83718 -0.451819 0.308205
vn -0.351821 -0.933024 0.075418
vn 0.082806 -0.978766 0.18751
vn -0.356364 -0.933653 0.036016
vn 0.132702 -0.980789 0.142979
vn -0.375968 -0.924116 -0.068249
vn 0.132702 -0.980789 0.142979
vn -0.593437 -0.784349 -0.180639
vn -0.593437 -0.784349 -0.180639
vn -0.624077 -0.76727 -0.14773
vn -0.666077 -0.744365 -0.047576
vn -0.646013 -0.763077 -0.019512
vn -0.646013 -0.763077 -0.019512
vn -0.126143 -0.857907 0.498079
vn 0.128997 -0.928336 0.348642
vn -0.00529 -0.937595 -0.347688
vn 0.179459 -0.702551 0.688634
vn 0.19497 0.909129 -0.368063
vn 0.451623 0.769252 -0.451982
vn 0.401594 0.798245 -0.448918
vn 0.592218 0.787203 -0.172015
vn 0.684023 0.531303 -0.49983
vn 0.976915 0.068675 0.202289
vn 0.246828 0.966464 -0.070875
vn 0.962282 -0.023842 0.271009
vn 0.212028 0.973664 -0.083796
vn 0.607232 0.79349 0.040531
vn 0.203095 0.971673 -0.120848
vn 0.646074 0.763274 -0.001213
vn 0.175401 0.95782 -0.227629
vn 0.646074 0.763274 -0.001213
vn -0.083141 0.942169 -0.32466
vn -0.083141 0.942169 -0.32466
vn -0.118725 0.947901 -0.295614
vn -0.158941 0.968453 -0.19193
vn -0.134631 0.976741 -0.166888
vn -0.134631 0.976741 -0.166888
vn 0.378425 0.855756 0.352812
vn 0.623017 0.753074 0.211491
vn 0.486632 0.725008 -0.487394
vn 0.561166 0.589918 0.580594
vn -0.438144 -0.895731 -0.07547
vn -0.462335 -0.886613 0.012809
vn -0.379224 -0.919822 0.100579
vn -0.780301 -0.614864 0.114336
vn -0.532136 -0.843946 0.067728
vn -0.780301 -0.614864 0.114336
vn -0.765681 -0.638022 0.081616
vn -0.704743 -0.696807 0.13341
vn -0.650919 -0.758614 0.028442
vn -0.657163 -0.73853 -0.150697
vn -0.438144 -0.895731 -0.07547
vn -0.462335 -0.886613 0.012809
vn 0.109765 0.967532 -0.227669
vn 0.179081 0.982325 -0.054473
vn 0.086458 0.98569 -0.144709
vn -0.316203 0.948621 -0.011539
vn 0.009443 0.996064 -0.088137
vn -0.316203 0.948621 -0.011539
vn -0.292738 0.954823 -0.051153
vn -0.206239 0.978486 -0.005621
vn -0.136722 0.983362 -0.119613
vn -0.162124 0.943089 -0.290342
vn 0.109765 0.967532 -0.227669
vn 0.086458 0.98569 -0.144709
vn -0.102443 -0.98391 0.146376
vn -0.102443 -0.98391 0.146376
vn -0.102443 -0.98391 0.146376
vn -0.102443 -0.98391 0.146376
vn -0.264886 -0.960178 0.088849
vn -0.214104 -0.970751 0.108636
vn -0.102443 -0.98391 0.146376
vn -0.151646 -0.980188 0.127418
vn -0.063232 -0.987743 0.142707
vn 0.416535 -0.876335 0.241943
vn -0.013403 -0.992749 0.119454
vn -0.063232 -0.987743 0.142707
vn 0.409248 -0.910803 0.054355
vn 0.623818 -0.779329 0.059135
vn 0.554692 -0.36614 -0.747167
vn 0.413646 -0.312262 -0.855213
vn -0.375087 -0.90638 0.194385
vn -0.375968 -0.924116 -0.068249
vn -0.00529 -0.937595 -0.347688
vn -0.496248 -0.10625 -0.861654
vn -0.943548 0.048619 -0.327647
vn 0.836386 0.544664 -0.061645
vn 0.946529 0.320965 -0.032626
vn 0.6299 -0.107456 -0.769207
vn 0.478779 -0.08999 -0.873311
vn 0.183065 0.982341 0.038646
vn 0.175401 0.95782 -0.227629
vn 0.486632 0.725008 -0.487394
vn -0.398191 0.230255 -0.887934
vn -0.831782 0.425304 -0.356728
vn -0.749137 0.183637 0.636453
vn -0.644619 0.180833 0.742809
vn -0.678948 0.21371 0.702394
vn -0.59777 0.339108 0.726414
vn -0.749137 0.183637 0.636453
vn -0.749137 0.183637 0.636453
vn -0.738413 0.35524 0.573194
vn -0.673334 0.366639 0.642026
vn -0.673334 0.366639 0.642026
vn -0.673334 0.366639 0.642026
vn -0.639068 0.508993 0.576643
vn -0.673334 0.366639 0.642026
vn -0.45009 0.409303 0.793656
vn -0.59777 0.339108 0.726414
vn -0.644619 0.180833 0.742809
vn -0.59777 0.339108 0.726414
vn -0.650543 0.322765 0.687471
vn -0.673334 0.366639 0.642026
vn -0.673334 0.366639 0.642026
vn -0.673334 0.366639 0.642026
vn -0.77724 0.217117 0.590557
vn -0.749137 0.183637 0.636453
vn -0.726715 0.205571 0.655458
vn -0.749137 0.183637 0.636453
vn -0.779292 0.038553 0.625473
vn -0.726715 0.205571 0.655458
vn -0.556139 0.056308 0.82918
vn -0.644619 0.180833 0.742809
vn -0.45009 0.409303 0.793656
vn -0.678948 0.21371 0.702394
vn -0.602975 0.080988 0.793638
vn -0.749137 0.183637 0.636453
vn -0.601107 0.433692 0.671254
vn -0.639068 0.508993 0.576643
vn -0.659863 0.467226 0.588456
vn -0.738413 0.35524 0.573194
vn -0.691627 0.32674 0.644122
vn -0.715975 0.243391 0.654325
vn -0.715975 0.243391 0.654325
vn -0.726715 0.205571 0.655458
vn -0.749137 0.183637 0.636453
vn -0.673334 0.366639 0.642026
vn -0.673334 0.366639 0.642026
vn -0.76555 0.348933 0.540535
vn -0.793711 0.126736 0.594946
vn 0.551271 0.787421 0.275804
vn 0.22445 0.774588 -0.591301
vn 0.22445 0.774588 -0.591301
vn -0.009724 0.991291 0.131329
vn -0.009724 0.991291 0.131329
vn 0.551271 0.787421 0.275804
vn 0.4198 -0.907529 0.012592
vn 0.554692 -0.36614 -0.747167
vn 0.341481 -0.620943 -0.705564
vn -0.492729 -0.54692 -0.676829
vn -0.492729 -0.54692 -0.676829
vn -0.584787 -0.792914 0.171208
vn -0.584787 -0.792914 0.171208
vn 0.409248 -0.910803 0.054355
vn 0.842339 0.528563 -0.105293
vn 0.587929 0.22536 -0.776886
vn 0.6299 -0.107456 -0.769207
vn -0.150686 0.616715 -0.77263
vn -0.150686 0.616715 -0.77263
vn -0.034895 0.998877 0.032064
vn -0.034895 0.998877 0.032064
vn 0.836386 0.544664 -0.061645
vn -0.556139 0.056308 0.82918
vn -0.502011 0.404296 0.764546
vn -0.650543 0.322765 0.687471
vn -0.673334 0.366639 0.642026
vn -0.698434 0.092985 0.709609
vn -0.779292 0.038553 0.625473
vn -0.775382 0.082176 0.626123
vn -0.77724 0.217117 0.590557
vn -0.726715 0.205571 0.655458
vn -0.691627 0.32674 0.644122
vn -0.691627 0.32674 0.644122
vn -0.673334 0.366639 0.642026
vn -0.673334 0.366639 0.642026
vn -0.749137 0.183637 0.636453
vn -0.749137 0.183637 0.636453
vn -0.800974 0.232224 0.551827
vn -0.700374 0.438157 0.563466
vn -0.206129 -0.978159 0.026743
vn -0.186838 -0.980582 0.059589
vn -0.283074 -0.955572 0.082164
vn -0.185342 -0.976341 0.111386
vn -0.181359 -0.970867 0.156605
vn -0.2439 -0.954737 0.170263
vn -0.281796 -0.942575 0.179287
vn -0.320802 -0.932109 0.168103
vn -0.353435 -0.924858 0.140431
vn -0.373215 -0.922109 0.102101
vn -0.369463 -0.92763 0.054773
vn -0.35351 -0.935323 0.014203
vn -0.319077 -0.947671 -0.010441
vn -0.2806 -0.95966 -0.01779
vn -0.236403 -0.971653 -0.001995
vn 0.358773 0.923727 -0.134201
vn 0.282394 0.956234 -0.076623
vn 0.327127 0.930968 -0.162131
vn 0.281327 0.943628 -0.174418
vn 0.243378 0.955694 -0.165578
vn 0.211696 0.967176 -0.140556
vn 0.187952 0.976555 -0.104947
vn 0.1906 0.98002 -0.056861
vn 0.20805 0.977939 -0.018718
vn 0.241562 0.970338 0.009584
vn 0.28269 0.958958 0.022063
vn 0.319948 0.947354 0.012395
vn 0.382649 0.923892 0.001879
vn 0.373555 0.926396 -0.047403
vn 0.376313 0.921333 -0.097639
f 1/1/1 2/2/2 3/3/3
f 5/5/5 4/4/4 6/6/6
f 7/7/7 8/8/8 9/9/9
f 11/11/11 10/10/10 12/12/12
f 13/13/13 14/14/14 15/15/15
f 17/17/17 16/16/16 18/18/18
f 19/19/19 20/20/20 21/21/21
f 23/23/23 22/22/22 24/24/24
f 25/25/25 26/26/26 27/27/27
f 29/29/29 28/28/28 30/30/30
f 31/31/31 32/32/32 33/33/33
f 35/35/35 34/34/34 36/36/36
f 37/37/37 38/38/38 39/39/39
f 41/41/41 40/40/40 42/42/42
f 43/43/43 44/44/44 45/45/45
f 47/47/47 46/46/46 48/48/48
f 49/49/49 50/50/50 51/51/51
f 53/53/53 52/52/52 54/54/54
f 55/55/55 56/56/56 57/57/57
f 59/59/59 58/58/58 60/60/60
f 61/61/61 62/62/62 63/63/63
f 65/65/65 64/64/64 66/66/66
f 67/67/67 68/68/68 69/69/69
f 71/71/71 70/70/70 72/72/72
f 73/73/73 74/74/74 75/75/75
f 75/75/75 74/74/74 76/76/76
f 77/77/77 78/78/78 79/79/79
f 79/79/79 78/78/78 80/80/80
f 81/81/81 82/82/82 83/83/83
f 83/83/83 82/82/82 84/84/84
f 85/85/85 86/86/86 87/87/87
f 87/87/87 86/86/86 88/88/88
f 89/89/89 90/90/90 91/91/91
f 91/91/91 90/90/90 92/92/92
f 93/93/93 94/94/94 95/95/95
f 95/95/95 94/94/94 96/96/96
f 97/97/97 98/98/98 99/99/99
f 99/99/99 98/98/98 100/100/100
f 101/101/101 102/102/102 103/103/103
f 103/103/103 102/102/102 104/104/104
f 105/105/105 106/106/106 107/107/107
f 107/107/107 106/106/106 108/108/108
f 109/109/109 110/110/110 111/111/111
f 111/111/111 110/110/110 112/112/112
f 113/113/113 114/114/114 115/115/115
f 115/115/115 114/114/114 116/116/116
f 117/117/117 118/118/118 119/119/119
f 119/119/119 118/118/118 120/120/120
f 121/121/121 122/122/122 123/123/123
f 123/123/123 122/122/122 124/124/124
f 125/125/125 126/126/126 127/127/127
f 127/127/127 126/126/126 128/128/128
f 129/129/129 130/130/130 131/131/131
f 131/131/131 130/130/130 132/132/132
f 133/133/133 134/134/134 135/135/135
f 135/135/135 134/134/134 136/136/136
f 137/137/137 138/138/138 139/139/139
f 139/139/139 138/138/138 140/140/140
f 141/141/141 142/142/142 143/143/143
f 143/143/143 142/142/142 144/144/144
f 145/145/145 146/146/146 147/147/147
f 147/147/147 146/146/146 148/148/148
f 149/149/149 150/150/150 151/151/151
f 151/151/151 150/150/150 152/152/152
f 153/153/153 154/154/154 155/155/155
f 155/155/155 154/154/154 156/156/156
f 157/157/157 158/158/158 159/159/159
f 159/159/159 158/158/158 160/160/160
f 161/161/161 162/162/162 163/163/163
f 163/163/163 162/162/162 164/164/164
f 165/165/165 166/166/166 167/167/167
f 167/167/167 166/166/166 168/168/168
f 169/169/169 170/170/170 171/171/171
f 171/171/171 170/170/170 172/172/172
f 173/173/173 174/174/174 175/175/175
f 175/175/175 174/174/174 176/176/176
f 177/177/177 178/178/178 179/179/179
f 179/179/179 178/178/178 180/180/180
f 181/181/181 182/182/182 183/183/183
f 183/183/183 182/182/182 184/184/184
f 185/185/185 186/186/186 187/187/187
f 187/187/187 186/186/186 188/188/188
f 189/189/189 190/190/190 191/191/191
f 191/191/191 190/190/190 192/192/192
f 193/193/193 194/194/194 195/195/195
f 195/195/195 194/194/194 196/196/196
f 197/197/197 198/198/198 199/199/199
f 199/199/199 198/198/198 200/200/200
f 201/201/201 202/202/202 203/203/203
f 203/203/203 202/202/202 204/204/204
f 205/205/205 206/206/206 207/207/207
f 207/207/207 206/206/206 208/208/208
f 209/209/209 210/210/210 211/211/211
f 211/211/211 210/210/210 212/212/212
f 213/213/213 214/214/214 215/215/215
f 215/215/215 214/214/214 216/216/216
f 217/217/217 218/218/218 219/219/219
f 219/219/219 218/218/218 220/220/220
f 221/221/221 222/222/222 223/223/223
f 223/223/223 222/222/222 224/224/224
f 225/225/225 226/226/226 227/227/227
f 227/227/227 226/226/226 228/228/228
f 229/229/229 230/230/230 231/231/231
f 231/231/231 230/230/230 232/232/232
f 233/233/233 234/234/234 235/235/235
f 235/235/235 234/234/234 236/236/236
f 237/237/237 238/238/238 239/239/239
f 239/239/239 238/238/238 240/240/240
f 241/241/241 242/242/242 243/243/243
f 243/243/243 242/242/242 244/244/244
f 245/245/245 246/246/246 247/247/247
f 247/247/247 246/246/246 248/248/248
f 249/249/249 250/250/250 251/251/251
f 251/251/251 250/250/250 252/252/252
f 253/253/253 254/254/254 255/255/255
f 255/255/255 254/254/254 256/256/256
f 257/257/257 258/258/258 259/259/259
f 259/259/259 258/258/258 260/260/260
f 261/261/261 262/262/262 263/263/263
f 263/263/263 262/262/262 264/264/264
f 265/265/265 266/266/266 267/267/267
f 267/267/267 266/266/266 268/268/268
f 269/269/269 270/270/270 271/271/271
f 271/271/271 270/270/270 272/272/272
f 273/273/273 274/274/274 275/275/275
f 275/275/275 274/274/274 276/276/276
f 277/277/277 278/278/278 279/279/279
f 279/279/279 278/278/278 280/280/280
f 281/281/281 282/282/282 283/283/283
f 283/283/283 282/282/282 284/284/284
f 285/285/285 286/286/286 287/287/287
f 287/287/287 286/286/286 288/288/288
f 289/289/289 290/290/290 291/291/291
f 291/291/291 290/290/290 292/292/292
f 293/293/293 294/294/294 295/295/295
f 295/295/295 294/294/294 296/296/296
f 297/297/297 298/298/298 299/299/299
f 299/299/299 298/298/298 300/300/300
f 301/301/301 302/302/302 303/303/303
f 303/303/303 302/302/302 304/304/304
f 305/305/305 306/306/306 307/307/307
f 307/307/307 306/306/306 308/308/308
f 309/309/309 310/310/310 311/311/311
f 311/311/311 310/310/310 312/312/312
f 313/313/313 314/314/314 315/315/315
f 315/315/315 314/314/314 316/316/316
f 317/317/317 318/318/318 319/319/319
f 319/319/319 318/318/318 320/320/320
f 321/321/321 322/322/322 323/323/323
f 323/323/323 322/322/322 324/324/324
f 325/325/325 326/326/326 327/327/327
f 327/327/327 326/326/326 328/328/328
f 329/329/329 330/330/330 331/331/331
f 331/331/331 330/330/330 332/332/332
f 333/333/333 334/334/334 335/335/335
f 335/335/335 334/334/334 336/336/336
f 337/337/337 338/338/338 339/339/339
f 339/339/339 338/338/338 340/340/340
f 341/341/341 342/342/342 343/343/343
f 343/343/343 342/342/342 344/344/344
f 345/345/345 346/346/346 347/347/347
f 347/347/347 346/346/346 348/348/348
f 349/349/349 350/350/350 351/351/351
f 351/351/351 350/350/350 352/352/352
f 353/353/353 354/354/354 355/355/355
f 355/355/355 354/354/354 356/356/356
f 357/357/357 358/358/358 359/359/359
f 359/359/359 358/358/358 360/360/360
f 361/361/361 362/362/362 363/363/363
f 363/363/363 362/362/362 364/364/364
f 365/365/365 366/366/366 367/367/367
f 367/367/367 366/366/366 368/368/368
f 369/369/369 370/370/370 371/371/371
f 371/371/371 370/370/370 372/372/372
f 373/373/373 374/374/374 375/375/375
f 375/375/375 374/374/374 376/376/376
f 376/376/376 374/374/374 377/377/377
f 376/376/376 377/377/377 378/378/378
f 376/376/376 378/378/378 379/379/379
f 379/379/379 378/378/378 380/380/380
f 377/377/377 374/374/374 381/381/381
f 381/381/381 374/374/374 382/382/382
f 381/381/381 382/382/382 383/383/383
f 383/383/383 382/382/382 384/384/384
f 383/383/383 384/384/384 385/385/385
f 383/383/383 385/385/385 386/386/386
f 386/386/386 385/385/385 387/387/387
f 386/386/386 387/387/387 388/388/388
f 387/387/387 385/385/385 389/389/389
f 387/387/387 389/389/389 390/390/390
f 392/392/392 391/391/391 393/393/393
f 392/392/392 393/393/393 394/394/394
f 396/396/396 395/395/395 397/397/397
f 396/396/396 397/397/397 398/398/398
f 400/400/400 399/399/399 401/401/401
f 400/400/400 401/401/401 402/402/402
f 404/404/404 403/403/403 405/405/405
f 404/404/404 405/405/405 406/406/406
f 408/408/408 407/407/407 409/409/409
f 408/408/408 409/409/409 410/410/410
f 412/412/412 411/411/411 413/413/413
f 412/412/412 413/413/413 414/414/414
f 416/416/416 415/415/415 417/417/417
f 416/416/416 417/417/417 418/418/418
f 420/420/420 419/419/419 421/421/421
f 420/420/420 421/421/421 422/422/422
f 424/424/424 423/423/423 425/425/425
f 424/424/424 425/425/425 426/426/426
f 428/428/428 427/427/427 429/429/429
f 428/428/428 429/429/429 430/430/430
f 432/432/432 431/431/431 433/433/433
f 432/432/432 433/433/433 434/434/434
f 436/436/436 435/435/435 437/437/437
f 436/436/436 437/437/437 438/438/438
f 440/440/440 439/439/439 441/441/441
f 440/440/440 441/441/441 442/442/442
f 440/440/440 442/442/442 443/443/443
f 443/443/443 442/442/442 444/444/444
f 443/443/443 444/444/444 445/445/445
f 443/443/443 445/445/445 446/446/446
f 446/446/446 445/445/445 447/447/447
f 446/446/446 447/447/447 448/448/448
f 448/448/448 447/447/447 449/449/449
f 449/449/449 447/447/447 450/450/450
f 449/449/449 450/450/450 451/451/451
f 451/451/451 450/450/450 452/452/452
f 451/451/451 452/452/452 453/453/453
f 451/451/451 453/453/453 454/454/454
f 454/454/454 453/453/453 455/455/455
f 454/454/454 455/455/455 456/456/456
f 456/456/456 455/455/455 457/457/457
f 456/456/456 457/457/457 458/458/458
f 458/458/458 457/457/457 459/459/459
f 458/458/458 459/459/459 460/460/460
f 460/460/460 459/459/459 461/461/461
f 460/460/460 461/461/461 462/462/462
f 462/462/462 461/461/461 463/463/463
f 463/463/463 461/461/461 464/464/464
f 463/463/463 464/464/464 465/465/465
f 465/465/465 464/464/464 466/466/466
f 467/467/467 468/468/468 469/469/469
f 469/469/469 468/468/468 470/470/470
f 469/469/469 470/470/470 471/471/471
f 471/471/471 470/470/470 472/472/472
f 471/471/471 472/472/472 473/473/473
f 473/473/473 472/472/472 474/474/474
f 473/473/473 474/474/474 475/475/475
f 473/473/473 475/475/475 476/476/476
f 476/476/476 475/475/475 477/477/477
f 478/478/478 479/479/479 480/480/480
f 480/480/480 479/479/479 481/481/481
f 480/480/480 481/481/481 482/482/482
f 482/482/482 481/481/481 483/483/483
f 483/483/483 481/481/481 484/484/484
f 484/484/484 481/481/481 485/485/485
f 485/485/485 481/481/481 486/486/486
f 485/485/485 486/486/486 487/487/487
f 487/487/487 486/486/486 488/488/488
f 488/488/488 486/486/486 489/489/489
f 489/489/489 486/486/486 490/490/490
f 491/491/491 492/492/492 493/493/493
f 493/493/493 492/492/492 494/494/494
f 493/493/493 494/494/494 495/495/495
f 495/495/495 494/494/494 496/496/496
f 495/495/495 496/496/496 497/497/497
f 495/495/495 497/497/497 498/498/498
f 498/498/498 497/497/497 499/499/499
f 500/500/500 501/501/501 502/502/502
f 502/502/502 501/501/501 503/503/503
f 502/502/502 503/503/503 504/504/504
f 504/504/504 503/503/503 505/505/505
f 504/504/504 505/505/505 506/506/506
f 506/506/506 505/505/505 507/507/507
f 508/508/508 509/509/509 510/510/510
f 510/510/510 509/509/509 511/511/511
f 510/510/510 511/511/511 512/512/512
f 512/512/512 511/511/511 513/513/513
f 512/512/512 513/513/513 514/514/514
f 512/512/512 514/514/514 515/515/515
f 515/515/515 514/514/514 516/516/516
f 516/516/516 514/514/514 517/517/517
f 516/516/516 517/517/517 518/518/518
f 516/516/516 518/518/518 519/519/519
f 519/519/519 518/518/518 520/520/520
f 519/519/519 520/520/520 521/521/521
f 523/523/523 522/522/522 524/524/524
f 523/523/523 524/524/524 525/525/525
f 523/523/523 525/525/525 526/526/526
f 528/528/528 527/527/527 529/529/529
f 528/528/528 529/529/529 530/530/530
f 528/528/528 530/530/530 531/531/531
f 531/531/531 530/530/530 532/532/532
f 533/533/533 534/534/534 535/535/535
f 535/535/535 534/534/534 536/536/536
f 536/536/536 534/534/534 537/537/537
f 538/538/538 539/539/539 540/540/540
f 540/540/540 539/539/539 541/541/541
f 540/540/540 541/541/541 542/542/542
f 540/540/540 542/542/542 543/543/543
f 543/543/543 542/542/542 544/544/544
f 543/543/543 544/544/544 545/545/545
f 540/540/540 543/543/543 546/546/546
f 540/540/540 546/546/546 547/547/547
f 540/540/540 547/547/547 548/548/548
f 540/540/540 548/548/548 549/549/549
f 551/551/551 550/550/550 552/552/552
f 551/551/551 552/552/552 553/553/553
f 551/551/551 553/553/553 554/554/554
f 556/556/556 555/555/555 557/557/557
f 556/556/556 557/557/557 558/558/558
f 558/558/558 557/557/557 559/559/559
f 559/559/559 557/557/557 560/560/560
f 559/559/559 560/560/560 561/561/561
f 561/561/561 560/560/560 562/562/562
f 560/560/560 557/557/557 563/563/563
f 563/563/563 557/557/557 564/564/564
f 564/564/564 557/557/557 565/565/565
f 565/565/565 557/557/557 566/566/566
f 567/567/567 568/568/568 569/569/569
f 569/569/569 568/568/568 570/570/570
f 570/570/570 568/568/568 571/571/571
f 570/570/570 571/571/571 572/572/572
f 572/572/572 571/571/571 573/573/573
f 573/573/573 571/571/571 574/574/574
f 574/574/574 571/571/571 575/575/575
f 574/574/574 575/575/575 576/576/576
f 578/578/578 577/577/577 579/579/579
f 578/578/578 579/579/579 580/580/580
f 578/578/578 580/580/580 581/581/581
f 581/581/581 580/580/580 582/582/582
f 581/581/581 582/582/582 583/583/583
f 581/581/581 583/583/583 584/584/584
f 584/584/584 583/583/583 585/585/585
f 584/584/584 585/585/585 586/586/586
f 588/588/588 587/587/587 589/589/589
f 588/588/588 589/589/589 590/590/590
f 588/588/588 590/590/590 591/591/591
f 591/591/591 590/590/590 592/592/592
f 591/591/591 592/592/592 593/593/593
f 593/593/593 592/592/592 594/594/594
f 594/594/594 592/592/592 595/595/595
f 593/593/593 594/594/594 596/596/596
f 596/596/596 594/594/594 595/595/595
f 596/596/596 595/595/595 597/597/597
f 597/597/597 595/595/595 598/598/598
f 598/598/598 595/595/595 599/599/599
f 598/598/598 599/599/599 600/600/600
f 598/598/598 600/600/600 601/601/601
f 603/603/603 602/602/602 604/604/604
f 603/603/603 604/604/604 605/605/605
f 603/603/603 605/605/605 606/606/606
f 608/608/608 607/607/607 609/609/609
f 608/608/608 609/609/609 610/610/610
f 608/608/608 610/610/610 611/611/611
f 611/611/611 610/610/610 612/612/612
f 611/611/611 612/612/612 613/613/613
f 613/613/613 612/612/612 614/614/614
f 614/614/614 612/612/612 615/615/615
f 615/615/615 612/612/612 616/616/616
f 615/615/615 616/616/616 617/617/617
f 617/617/617 616/616/616 618/618/618
f 618/618/618 616/616/616 619/619/619
f 620/620/620 621/621/621 622/622/622
f 622/622/622 621/621/621 623/623/623
f 622/622/622 623/623/623 624/624/624
f 624/624/624 623/623/623 625/625/625
f 624/624/624 625/625/625 626/626/626
f 626/626/626 625/625/625 627/627/627
f 626/626/626 627/627/627 628/628/628
f 626/626/626 628/628/628 629/629/629
f 629/629/629 628/628/628 630/630/630
f 629/629/629 630/630/630 631/631/631
f 631/631/631 630/630/630 632/632/632
f 632/632/632 630/630/630 633/633/633
f 632/632/632 633/633/633 634/634/634
f 632/632/632 634/634/634 635/635/635
f 637/637/637 636/636/636 638/638/638
f 637/637/637 638/638/638 639/639/639
f 637/637/637 639/639/639 640/640/640
f 640/640/640 639/639/639 641/641/641
f 640/640/640 641/641/641 642/642/642
f 640/640/640 642/642/642 643/643/643
f 645/645/645 644/644/644 646/646/646
f 645/645/645 646/646/646 647/647/647
f 645/645/645 647/647/647 648/648/648
f 648/648/648 647/647/647 649/649/649
f 648/648/648 649/649/649 650/650/650
f 650/650/650 649/649/649 651/651/651
f 650/650/650 651/651/651 652/652/652
f 652/652/652 651/651/651 653/653/653
f 652/652/652 653/653/653 654/654/654
f 654/654/654 653/653/653 655/655/655
f 656/656/656 657/657/657 658/658/658
f 658/658/658 657/657/657 659/659/659
f 659/659/659 657/657/657 660/660/660
f 659/659/659 660/660/660 661/661/661
f 663/663/663 662/662/662 664/664/664
f 663/663/663 664/664/664 665/665/665
f 663/663/663 665/665/665 666/666/666
f 666/666/666 665/665/665 667/667/667
f 666/666/666 667/667/667 668/668/668
f 668/668/668 667/667/667 669/669/669
f 669/669/669 667/667/667 670/670/670
f 669/669/669 670/670/670 671/671/671
f 671/671/671 670/670/670 672/672/672
f 671/671/671 672/672/672 673/673/673
f 673/673/673 672/672/672 674/674/674
f 674/674/674 672/672/672 675/675/675
f 513/513/513 676/676/676 514/514/514
f 514/514/514 676/676/676 517/517/517
f 517/517/517 676/676/676 677/677/677
f 677/677/677 676/676/676 678/678/678
f 678/678/678 676/676/676 679/679/679
f 679/679/679 676/676/676 513/513/513
f 667/667/667 680/680/680 670/670/670
f 670/670/670 680/680/680 681/681/681
f 681/681/681 680/680/680 682/682/682
f 682/682/682 680/680/680 683/683/683
f 683/683/683 680/680/680 684/684/684
f 684/684/684 680/680/680 667/667/667
f 684/684/684 667/667/667 685/685/685
f 685/685/685 667/667/667 665/665/665
f 685/685/685 665/665/665 686/686/686
f 688/688/688 687/687/687 689/689/689
f 688/688/688 689/689/689 690/690/690
f 688/688/688 690/690/690 691/691/691
f 691/691/691 690/690/690 692/692/692
f 691/691/691 692/692/692 693/693/693
f 693/693/693 692/692/692 694/694/694
f 693/693/693 694/694/694 695/695/695
f 693/693/693 695/695/695 696/696/696
f 696/696/696 695/695/695 697/697/697
f 696/696/696 697/697/697 698/698/698
f 700/700/700 699/699/699 701/701/701
f 700/700/700 701/701/701 702/702/702
f 700/700/700 702/702/702 703/703/703
f 703/703/703 702/702/702 704/704/704
f 703/703/703 704/704/704 705/705/705
f 703/703/703 705/705/705 706/706/706
f 706/706/706 705/705/705 707/707/707
f 706/706/706 707/707/707 708/708/708
f 708/708/708 707/707/707 709/709/709
f 708/708/708 709/709/709 710/710/710
f 710/710/710 709/709/709 711/711/711
f 710/710/710 711/711/711 712/712/712
f 712/712/712 711/711/711 713/713/713
f 712/712/712 713/713/713 714/714/714
f 714/714/714 713/713/713 715/715/715
f 715/715/715 713/713/713 716/716/716
f 715/715/715 716/716/716 717/717/717
f 717/717/717 716/716/716 718/718/718
f 717/717/717 718/718/718 719/719/719
f 719/719/719 718/718/718 720/720/720
f 719/719/719 720/720/720 721/721/721
f 721/721/721 720/720/720 722/722/722
f 721/721/721 722/722/722 723/723/723
f 723/723/723 722/722/722 724/724/724
f 723/723/723 724/724/724 725/725/725
f 725/725/725 724/724/724 726/726/726
f 725/725/725 726/726/726 727/727/727
f 725/725/725 727/727/727 728/728/728
f 728/728/728 727/727/727 729/729/729
f 729/729/729 727/727/727 730/730/730
f 731/731/731 732/732/732 733/733/733
f 733/733/733 732/732/732 734/734/734
f 733/733/733 734/734/734 735/735/735
f 735/735/735 734/734/734 736/736/736
f 737/737/737 738/738/738 739/739/739
f 739/739/739 738/738/738 740/740/740
f 739/739/739 740/740/740 741/741/741
f 741/741/741 740/740/740 742/742/742
f 742/742/742 740/740/740 743/743/743
f 742/742/742 743/743/743 744/744/744
f 744/744/744 743/743/743 745/745/745
f 744/744/744 746/746/746 742/742/742
f 742/742/742 746/746/746 747/747/747
f 747/747/747 746/746/746 748/748/748
f 747/747/747 748/748/748 749/749/749
f 749/749/749 748/748/748 750/750/750
f 749/749/749 750/750/750 751/751/751
f 749/749/749 751/751/751 752/752/752
f 752/752/752 751/751/751 753/753/753
f 753/753/753 751/751/751 754/754/754
f 753/753/753 754/754/754 755/755/755
f 753/753/753 755/755/755 756/756/756
f 756/756/756 755/755/755 757/757/757
f 756/756/756 757/757/757 758/758/758
f 759/759/759 744/744/744 745/745/745
f 759/759/759 745/745/745 760/760/760
f 759/759/759 760/760/760 761/761/761
f 759/759/759 761/761/761 762/762/762
f 762/762/762 761/761/761 763/763/763
f 762/762/762 763/763/763 764/764/764
f 764/764/764 763/763/763 765/765/765
f 764/764/764 765/765/765 766/766/766
f 765/765/765 763/763/763 767/767/767
f 768/768/768 769/769/769 770/770/770
f 770/770/770 769/769/769 771/771/771
f 771/771/771 769/769/769 772/772/772
f 771/771/771 772/772/772 773/773/773
f 771/771/771 773/773/773 774/774/774
f 774/774/774 773/773/773 775/775/775
f 775/775/775 773/773/773 776/776/776
f 776/776/776 773/773/773 777/777/777
f 776/776/776 777/777/777 778/778/778
f 778/778/778 777/777/777 779/779/779
f 778/778/778 779/779/779 780/780/780
f 780/780/780 779/779/779 781/781/781
f 781/781/781 779/779/779 782/782/782
f 781/781/781 782/782/782 783/783/783
f 783/783/783 782/782/782 784/784/784
f 784/784/784 782/782/782 785/785/785
f 781/781/781 783/783/783 786/786/786
f 786/786/786 783/783/783 787/787/787
f 786/786/786 787/787/787 788/788/788
f 788/788/788 787/787/787 789/789/789
f 788/788/788 789/789/789 790/790/790
f 791/791/791 786/786/786 788/788/788
f 791/791/791 788/788/788 792/792/792
f 774/774/774 775/775/775 793/793/793
f 774/774/774 793/793/793 794/794/794
f 794/794/794 793/793/793 795/795/795
f 795/795/795 793/793/793 796/796/796
f 795/795/795 796/796/796 797/797/797
f 797/797/797 796/796/796 798/798/798
f 797/797/797 798/798/798 799/799/799
f 799/799/799 798/798/798 800/800/800
f 799/799/799 801/801/801 797/797/797
f 803/803/803 802/802/802 804/804/804
f 803/803/803 804/804/804 805/805/805
f 803/803/803 805/805/805 806/806/806
f 806/806/806 805/805/805 807/807/807
f 806/806/806 807/807/807 808/808/808
f 808/808/808 807/807/807 809/809/809
f 809/809/809 807/807/807 810/810/810
f 810/810/810 807/807/807 811/811/811
f 810/810/810 811/811/811 812/812/812
f 812/812/812 811/811/811 813/813/813
f 813/813/813 811/811/811 814/814/814
f 815/815/815 816/816/816 817/817/817
f 817/817/817 816/816/816 818/818/818
f 817/817/817 818/818/818 819/819/819
f 819/819/819 818/818/818 820/820/820
f 820/820/820 818/818/818 821/821/821
f 820/820/820 821/821/821 822/822/822
f 822/822/822 821/821/821 823/823/823
f 822/822/822 823/823/823 824/824/824
f 824/824/824 823/823/823 825/825/825
f 824/824/824 825/825/825 826/826/826
f 826/826/826 825/825/825 827/827/827
f 826/826/826 827/827/827 828/828/828
f 828/828/828 827/827/827 829/829/829
f 828/828/828 829/829/829 830/830/830
f 828/828/828 830/830/830 831/831/831
f 831/831/831 830/830/830 832/832/832
f 831/831/831 832/832/832 833/833/833
f 833/833/833 832/832/832 834/834/834
f 833/833/833 834/834/834 835/835/835
f 835/835/835 834/834/834 836/836/836
f 835/835/835 836/836/836 837/837/837
f 837/837/837 836/836/836 838/838/838
f 837/837/837 838/838/838 839/839/839
f 837/837/837 839/839/839 840/840/840
f 840/840/840 839/839/839 841/841/841
f 841/841/841 839/839/839 842/842/842
f 843/843/843 844/844/844 845/845/845
f 845/845/845 844/844/844 846/846/846
f 846/846/846 844/844/844 847/847/847
f 848/848/848 849/849/849 850/850/850
f 850/850/850 849/849/849 851/851/851
f 851/851/851 849/849/849 852/852/852
f 851/851/851 852/852/852 853/853/853
f 855/855/855 854/854/854 856/856/856
f 855/855/855 856/856/856 857/857/857
f 855/855/855 857/857/857 858/858/858
f 858/858/858 857/857/857 859/859/859
f 858/858/858 859/859/859 860/860/860
f 860/860/860 859/859/859 861/861/861
f 860/860/860 861/861/861 862/862/862
f 860/860/860 862/862/862 863/863/863
f 863/863/863 862/862/862 864/864/864
f 863/863/863 864/864/864 865/865/865
f 867/867/867 866/866/866 868/868/868
f 867/867/867 868/868/868 869/869/869
f 867/867/867 869/869/869 870/870/870
f 870/870/870 869/869/869 871/871/871
f 870/870/870 871/871/871 872/872/872
f 870/870/870 872/872/872 873/873/873
f 870/870/870 873/873/873 874/874/874
f 874/874/874 873/873/873 875/875/875
f 874/874/874 875/875/875 876/876/876
f 876/876/876 875/875/875 877/877/877
f 877/877/877 875/875/875 878/878/878
f 877/877/877 878/878/878 879/879/879
f 879/879/879 878/878/878 880/880/880
f 880/880/880 878/878/878 881/881/881
f 880/880/880 881/881/881 882/882/882
f 882/882/882 881/881/881 883/883/883
f 882/882/882 883/883/883 884/884/884
f 884/884/884 883/883/883 885/885/885
f 884/884/884 885/885/885 886/886/886
f 884/884/884 886/886/886 887/887/887
f 887/887/887 886/886/886 888/888/888
f 887/887/887 888/888/888 889/889/889
f 889/889/889 888/888/888 890/890/890
f 890/890/890 888/888/888 891/891/891
f 890/890/890 891/891/891 892/892/892
f 892/892/892 891/891/891 893/893/893
f 893/893/893 891/891/891 894/894/894
f 893/893/893 894/894/894 895/895/895
f 895/895/895 894/894/894 896/896/896
f 896/896/896 894/894/894 897/897/897
f 896/896/896 897/897/897 898/898/898
f 898/898/898 897/897/897 899/899/899
f 898/898/898 899/899/899 900/900/900
f 898/898/898 900/900/900 901/901/901
f 901/901/901 900/900/900 902/902/902
f 902/902/902 900/900/900 903/903/903
f 903/903/903 900/900/900 904/904/904
f 903/903/903 904/904/904 905/905/905
f 870/870/870 874/874/874 906/906/906
f 897/897/897 907/907/907 899/899/899
f 899/899/899 907/907/907 908/908/908
f 899/899/899 908/908/908 909/909/909
f 899/899/899 909/909/909 910/910/910
f 899/899/899 910/910/910 900/900/900
f 900/900/900 910/910/910 904/904/904
f 908/908/908 907/907/907 911/911/911
f 911/911/911 907/907/907 912/912/912
f 911/911/911 912/912/912 913/913/913
f 911/911/911 913/913/913 914/914/914
f 874/874/874 876/876/876 915/915/915
f 874/874/874 915/915/915 906/906/906
f 906/906/906 915/915/915 916/916/916
f 906/906/906 916/916/916 917/917/917
f 915/915/915 876/876/876 918/918/918
f 915/915/915 918/918/918 919/919/919
f 919/919/919 918/918/918 920/920/920
f 919/919/919 920/920/920 921/921/921
f 921/921/921 920/920/920 922/922/922
f 921/921/921 922/922/922 923/923/923
f 923/923/923 922/922/922 924/924/924
f 915/915/915 919/919/919 916/916/916
f 916/916/916 919/919/919 925/925/925
f 925/925/925 919/919/919 921/921/921
f 925/925/925 921/921/921 926/926/926
f 926/926/926 921/921/921 923/923/923
f 918/918/918 927/927/927 920/920/920
f 920/920/920 927/927/927 928/928/928
f 926/926/926 929/929/929 925/925/925
f 925/925/925 929/929/929 930/930/930
f 925/925/925 930/930/930 916/916/916
f 916/916/916 930/930/930 931/931/931
f 916/916/916 931/931/931 917/917/917
f 917/917/917 931/931/931 932/932/932
f 917/917/917 932/932/932 933/933/933
f 917/917/917 933/933/933 934/934/934
f 936/936/936 935/935/935 937/937/937
f 936/936/936 937/937/937 938/938/938
f 938/938/938 937/937/937 939/939/939
f 938/938/938 939/939/939 940/940/940
f 940/940/940 939/939/939 941/941/941
f 940/940/940 941/941/941 942/942/942
f 940/940/940 942/942/942 943/943/943
f 943/943/943 942/942/942 944/944/944
f 943/943/943 944/944/944 945/945/945
f 947/947/947 946/946/946 948/948/948
f 947/947/947 948/948/948 949/949/949
f 947/947/947 949/949/949 950/950/950
f 950/950/950 949/949/949 951/951/951
f 950/950/950 951/951/951 952/952/952
f 952/952/952 951/951/951 953/953/953
f 953/953/953 951/951/951 954/954/954
f 950/950/950 952/952/952 955/955/955
f 955/955/955 952/952/952 956/956/956
f 955/955/955 956/956/956 957/957/957
f 957/957/957 956/956/956 958/958/958
f 958/958/958 956/956/956 959/959/959
f 958/958/958 959/959/959 960/960/960
f 960/960/960 959/959/959 961/961/961
f 960/960/960 961/961/961 962/962/962
f 962/962/962 961/961/961 963/963/963
f 963/963/963 961/961/961 964/964/964
f 965/965/965 966/966/966 967/967/967
f 967/967/967 966/966/966 968/968/968
f 967/967/967 968/968/968 969/969/969
f 969/969/969 968/968/968 970/970/970
f 969/969/969 970/970/970 971/971/971
f 971/971/971 970/970/970 972/972/972
f 971/971/971 972/972/972 973/973/973
f 971/971/971 973/973/973 974/974/974
f 974/974/974 973/973/973 975/975/975
f 974/974/974 975/975/975 976/976/976
f 977/977/977 975/975/975 973/973/973
f 978/978/978 979/979/979 980/980/980
f 980/980/980 979/979/979 981/981/981
f 980/980/980 981/981/981 982/982/982
f 984/984/984 983/983/983 985/985/985
f 984/984/984 985/985/985 986/986/986
f 984/984/984 986/986/986 987/987/987
f 989/989/989 988/988/988 990/990/990
f 989/989/989 990/990/990 991/991/991
f 989/989/989 991/991/991 992/992/992
f 992/992/992 991/991/991 993/993/993
f 992/992/992 993/993/993 994/994/994
f 994/994/994 993/993/993 995/995/995
f 994/994/994 995/995/995 996/996/996
f 996/996/996 995/995/995 997/997/997
f 996/996/996 997/997/997 998/998/998
f 998/998/998 997/997/997 999/999/999
f 998/998/998 999/999/999 1000/1000/1000
f 1000/1000/1000 999/999/999 1001/1001/1001
f 1000/1000/1000 1001/1001/1001 1002/1002/1002
f 1000/1000/1000 1002/1002/1002 1003/1003/1003
f 1005/1005/1005 1004/1004/1004 1006/1006/1006
f 1005/1005/1005 1006/1006/1006 1007/1007/1007
f 1007/1007/1007 1006/1006/1006 1008/1008/1008
f 1009/1009/1009 1010/1010/1010 1011/1011/1011
f 1011/1011/1011 1010/1010/1010 1012/1012/1012
f 1011/1011/1011 1012/1012/1012 1013/1013/1013
f 1013/1013/1013 1012/1012/1012 1014/1014/1014
f 1013/1013/1013 1014/1014/1014 1015/1015/1015
f 1015/1015/1015 1014/1014/1014 1016/1016/1016
f 1015/1015/1015 1016/1016/1016 1017/1017/1017
f 1017/1017/1017 1016/1016/1016 1018/1018/1018
f 1017/1017/1017 1018/1018/1018 1019/1019/1019
f 1017/1017/1017 1019/1019/1019 1020/1020/1020
f 1020/1020/1020 1019/1019/1019 1021/1021/1021
f 1020/1020/1020 1021/1021/1021 1022/1022/1022
f 1022/1022/1022 1021/1021/1021 1023/1023/1023
f 1022/1022/1022 1023/1023/1023 1024/1024/1024
f 1024/1024/1024 1023/1023/1023 1025/1025/1025
f 1024/1024/1024 1025/1025/1025 1026/1026/1026
f 1028/1028/1028 1027/1027/1027 1029/1029/1029
f 1028/1028/1028 1029/1029/1029 1030/1030/1030
f 1028/1028/1028 1030/1030/1030 1031/1031/1031
f 1033/1033/1033 1032/1032/1032 1034/1034/1034
f 1033/1033/1033 1034/1034/1034 1035/1035/1035
f 1033/1033/1033 1035/1035/1035 1036/1036/1036
f 1038/1038/1038 1037/1037/1037 1039/1039/1039
f 1038/1038/1038 1039/1039/1039 1040/1040/1040
f 1040/1040/1040 1039/1039/1039 1041/1041/1041
f 1040/1040/1040 1041/1041/1041 1042/1042/1042
f 1042/1042/1042 1041/1041/1041 1043/1043/1043
f 1042/1042/1042 1043/1043/1043 1044/1044/1044
f 1044/1044/1044 1043/1043/1043 1045/1045/1045
f 1044/1044/1044 1045/1045/1045 1046/1046/1046
f 1046/1046/1046 1045/1045/1045 1047/1047/1047
f 1048/1048/1048 1049/1049/1049 1050/1050/1050
f 1050/1050/1050 1049/1049/1049 1051/1051/1051
f 1050/1050/1050 1051/1051/1051 1052/1052/1052
f 1052/1052/1052 1051/1051/1051 1053/1053/1053
f 1052/1052/1052 1053/1053/1053 1054/1054/1054
f 1054/1054/1054 1053/1053/1053 1055/1055/1055
f 1054/1054/1054 1055/1055/1055 1056/1056/1056
f 1054/1054/1054 1056/1056/1056 1057/1057/1057
f 1059/1059/1059 1058/1058/1058 1060/1060/1060
f 1059/1059/1059 1060/1060/1060 1061/1061/1061
f 1059/1059/1059 1061/1061/1061 1062/1062/1062
f 1062/1062/1062 1061/1061/1061 1063/1063/1063
f 1062/1062/1062 1063/1063/1063 1064/1064/1064
f 1062/1062/1062 1064/1064/1064 1065/1065/1065
f 1065/1065/1065 1064/1064/1064 1066/1066/1066
f 1066/1066/1066 1064/1064/1064 1067/1067/1067
f 1066/1066/1066 1067/1067/1067 1068/1068/1068
f 1068/1068/1068 1067/1067/1067 1069/1069/1069
f 1068/1068/1068 1069/1069/1069 1070/1070/1070
f 1068/1068/1068 1070/1070/1070 1071/1071/1071
f 1071/1071/1071 1070/1070/1070 1072/1072/1072
f 1072/1072/1072 1070/1070/1070 1073/1073/1073
f 1072/1072/1072 1073/1073/1073 1074/1074/1074
f 1072/1072/1072 1074/1074/1074 1075/1075/1075
f 1075/1075/1075 1074/1074/1074 1076/1076/1076
f 1075/1075/1075 1076/1076/1076 1077/1077/1077
f 1079/1079/1079 1078/1078/1078 1080/1080/1080
f 1079/1079/1079 1080/1080/1080 1081/1081/1081
f 1079/1079/1079 1081/1081/1081 1082/1082/1082
f 1082/1082/1082 1081/1081/1081 1083/1083/1083
f 1084/1084/1084 1085/1085/1085 1086/1086/1086
f 1086/1086/1086 1085/1085/1085 1087/1087/1087
f 1087/1087/1087 1085/1085/1085 1088/1088/1088
f 1087/1087/1087 1088/1088/1088 1089/1089/1089
f 1089/1089/1089 1088/1088/1088 1090/1090/1090
f 1090/1090/1090 1088/1088/1088 1091/1091/1091
f 1090/1090/1090 1091/1091/1091 1092/1092/1092
f 1092/1092/1092 1091/1091/1091 1093/1093/1093
f 1092/1092/1092 1093/1093/1093 1094/1094/1094
f 1094/1094/1094 1093/1093/1093 1095/1095/1095
f 1094/1094/1094 1095/1095/1095 1096/1096/1096
f 1096/1096/1096 1095/1095/1095 1097/1097/1097
f 1096/1096/1096 1097/1097/1097 1098/1098/1098
f 1098/1098/1098 1097/1097/1097 1099/1099/1099
f 1098/1098/1098 1099/1099/1099 1100/1100/1100
f 1098/1098/1098 1100/1100/1100 1101/1101/1101
f 1101/1101/1101 1100/1100/1100 1102/1102/1102
f 1101/1101/1101 1102/1102/1102 1103/1103/1103
f 1103/1103/1103 1102/1102/1102 1104/1104/1104
f 1104/1104/1104 1102/1102/1102 1105/1105/1105
f 1104/1104/1104 1105/1105/1105 1106/1106/1106
f 1106/1106/1106 1105/1105/1105 1107/1107/1107
f 1106/1106/1106 1107/1107/1107 1108/1108/1108
f 1106/1106/1106 1108/1108/1108 1109/1109/1109
f 1109/1109/1109 1108/1108/1108 1110/1110/1110
f 1109/1109/1109 1110/1110/1110 1111/1111/1111
f 1113/1113/1113 1112/1112/1112 1114/1114/1114
f 1113/1113/1113 1114/1114/1114 1115/1115/1115
f 1115/1115/1115 1114/1114/1114 1116/1116/1116
f 1115/1115/1115 1116/1116/1116 1117/1117/1117
f 1115/1115/1115 1117/1117/1117 1118/1118/1118
f 1115/1115/1115 1118/1118/1118 1119/1119/1119
f 1115/1115/1115 1119/1119/1119 1120/1120/1120
f 1120/1120/1120 1119/1119/1119 1121/1121/1121
f 1120/1120/1120 1121/1121/1121 1122/1122/1122
f 1120/1120/1120 1122/1122/1122 1123/1123/1123
f 1120/1120/1120 1123/1123/1123 1124/1124/1124
f 1126/1126/1126 1125/1125/1125 1127/1127/1127
f 1126/1126/1126 1127/1127/1127 1128/1128/1128
f 1128/1128/1128 1127/1127/1127 1129/1129/1129
f 1128/1128/1128 1129/1129/1129 1130/1130/1130
f 1130/1130/1130 1129/1129/1129 1131/1131/1131
f 1130/1130/1130 1131/1131/1131 1132/1132/1132
f 1132/1132/1132 1131/1131/1131 1133/1133/1133
f 1132/1132/1132 1133/1133/1133 1134/1134/1134
f 1136/1136/1136 1135/1135/1135 1137/1137/1137
f 1136/1136/1136 1137/1137/1137 1138/1138/1138
f 1138/1138/1138 1137/1137/1137 1139/1139/1139
f 1138/1138/1138 1139/1139/1139 1140/1140/1140
f 1140/1140/1140 1139/1139/1139 1141/1141/1141
f 1141/1141/1141 1139/1139/1139 1142/1142/1142
f 1141/1141/1141 1142/1142/1142 1143/1143/1143
f 1145/1145/1145 1144/1144/1144 1146/1146/1146
f 1145/1145/1145 1146/1146/1146 1147/1147/1147
f 1145/1145/1145 1147/1147/1147 1148/1148/1148
f 1148/1148/1148 1147/1147/1147 1149/1149/1149
f 1149/1149/1149 1147/1147/1147 1150/1150/1150
f 1151/1151/1151 1152/1152/1152 1153/1153/1153
f 1153/1153/1153 1152/1152/1152 1154/1154/1154
f 1153/1153/1153 1154/1154/1154 1155/1155/1155
f 1155/1155/1155 1154/1154/1154 1156/1156/1156
f 1156/1156/1156 1154/1154/1154 1157/1157/1157
f 1156/1156/1156 1157/1157/1157 1158/1158/1158
f 1156/1156/1156 1158/1158/1158 1159/1159/1159
f 1161/1161/1161 1160/1160/1160 1162/1162/1162
f 1161/1161/1161 1162/1162/1162 1163/1163/1163
f 1161/1161/1161 1163/1163/1163 1164/1164/1164
f 1164/1164/1164 1163/1163/1163 1165/1165/1165
f 1164/1164/1164 1165/1165/1165 1166/1166/1166
f 1166/1166/1166 1165/1165/1165 1167/1167/1167
f 1166/1166/1166 1167/1167/1167 1168/1168/1168
f 1168/1168/1168 1167/1167/1167 1169/1169/1169
f 1170/1170/1170 1171/1171/1171 1172/1172/1172
f 1172/1172/1172 1171/1171/1171 1173/1173/1173
f 1173/1173/1173 1171/1171/1171 1174/1174/1174
f 1173/1173/1173 1174/1174/1174 1175/1175/1175
f 1175/1175/1175 1174/1174/1174 1176/1176/1176
f 1175/1175/1175 1176/1176/1176 1177/1177/1177
f 1177/1177/1177 1176/1176/1176 1178/1178/1178
f 1178/1178/1178 1176/1176/1176 1179/1179/1179
f 1178/1178/1178 1179/1179/1179 1180/1180/1180
f 1182/1182/1182 1181/1181/1181 1183/1183/1183
f 1182/1182/1182 1183/1183/1183 1184/1184/1184
f 1184/1184/1184 1183/1183/1183 1185/1185/1185
f 1184/1184/1184 1185/1185/1185 1186/1186/1186
f 1184/1184/1184 1186/1186/1186 1187/1187/1187
f 1189/1189/1189 1188/1188/1188 1190/1190/1190
f 1189/1189/1189 1190/1190/1190 1191/1191/1191
f 1191/1191/1191 1190/1190/1190 1192/1192/1192
f 1191/1191/1191 1192/1192/1192 1193/1193/1193
f 1191/1191/1191 1193/1193/1193 1194/1194/1194
f 1194/1194/1194 1193/1193/1193 1195/1195/1195
f 1195/1195/1195 1193/1193/1193 1196/1196/1196
f 1197/1197/1197 1198/1198/1198 1199/1199/1199
f 1199/1199/1199 1198/1198/1198 1200/1200/1200
f 1199/1199/1199 1200/1200/1200 1201/1201/1201
f 1201/1201/1201 1200/1200/1200 1202/1202/1202
f 1201/1201/1201 1202/1202/1202 1203/1203/1203
f 1203/1203/1203 1202/1202/1202 1204/1204/1204
f 1203/1203/1203 1204/1204/1204 1205/1205/1205
f 1205/1205/1205 1204/1204/1204 1206/1206/1206
f 1205/1205/1205 1206/1206/1206 1207/1207/1207
f 1205/1205/1205 1207/1207/1207 1208/1208/1208
f 1205/1205/1205 1208/1208/1208 1209/1209/1209
f 1201/1201/1201 1203/1203/1203 1210/1210/1210
f 1201/1201/1201 1210/1210/1210 1211/1211/1211
f 1206/1206/1206 1204/1204/1204 1212/1212/1212
f 1206/1206/1206 1212/1212/1212 1213/1213/1213
f 1206/1206/1206 1213/1213/1213 1214/1214/1214
f 1216/1216/1216 1215/1215/1215 1217/1217/1217
f 1216/1216/1216 1217/1217/1217 1218/1218/1218
f 1218/1218/1218 1217/1217/1217 1219/1219/1219
f 1218/1218/1218 1219/1219/1219 1220/1220/1220
f 1220/1220/1220 1219/1219/1219 1221/1221/1221
f 1220/1220/1220 1221/1221/1221 1222/1222/1222
f 1222/1222/1222 1221/1221/1221 1223/1223/1223
f 1222/1222/1222 1223/1223/1223 1224/1224/1224
f 1224/1224/1224 1223/1223/1223 1225/1225/1225
f 1225/1225/1225 1223/1223/1223 1226/1226/1226
f 1226/1226/1226 1223/1223/1223 1227/1227/1227
f 1221/1221/1221 1219/1219/1219 1228/1228/1228
f 1228/1228/1228 1219/1219/1219 1229/1229/1229
f 1222/1222/1222 1224/1224/1224 1230/1230/1230
f 1230/1230/1230 1224/1224/1224 1231/1231/1231
f 1231/1231/1231 1224/1224/1224 1232/1232/1232
f 1233/1233/1233 1234/1234/1234 1235/1235/1235
f 1235/1235/1235 1234/1234/1234 1236/1236/1236
f 1235/1235/1235 1236/1236/1236 1237/1237/1237
f 1237/1237/1237 1236/1236/1236 1238/1238/1238
f 1237/1237/1237 1238/1238/1238 1239/1239/1239
f 1239/1239/1239 1238/1238/1238 1240/1240/1240
f 1239/1239/1239 1240/1240/1240 1241/1241/1241
f 1241/1241/1241 1240/1240/1240 1242/1242/1242
f 1241/1241/1241 1242/1242/1242 1243/1243/1243
f 1241/1241/1241 1243/1243/1243 1244/1244/1244
f 1244/1244/1244 1243/1243/1243 1245/1245/1245
f 1244/1244/1244 1245/1245/1245 1246/1246/1246
f 1246/1246/1246 1245/1245/1245 1247/1247/1247
f 1246/1246/1246 1247/1247/1247 1248/1248/1248
f 1248/1248/1248 1247/1247/1247 1249/1249/1249
f 1248/1248/1248 1249/1249/1249 1250/1250/1250
f 1252/1252/1252 1251/1251/1251 1253/1253/1253
f 1252/1252/1252 1253/1253/1253 1254/1254/1254
f 1252/1252/1252 1254/1254/1254 1255/1255/1255
f 1255/1255/1255 1254/1254/1254 1256/1256/1256
f 1255/1255/1255 1256/1256/1256 1257/1257/1257
f 1257/1257/1257 1256/1256/1256 1258/1258/1258
f 1257/1257/1257 1258/1258/1258 1259/1259/1259
f 1259/1259/1259 1258/1258/1258 1260/1260/1260
f 1259/1259/1259 1260/1260/1260 1261/1261/1261
f 1263/1263/1263 1262/1262/1262 1264/1264/1264
f 1263/1263/1263 1264/1264/1264 1265/1265/1265
f 1265/1265/1265 1264/1264/1264 1266/1266/1266
f 1265/1265/1265 1266/1266/1266 1267/1267/1267
f 1267/1267/1267 1266/1266/1266 1268/1268/1268
f 1267/1267/1267 1268/1268/1268 1269/1269/1269
f 1269/1269/1269 1268/1268/1268 1270/1270/1270
f 1270/1270/1270 1268/1268/1268 1271/1271/1271
f 1272/1272/1272 1273/1273/1273 1274/1274/1274
f 1274/1274/1274 1273/1273/1273 1275/1275/1275
f 1274/1274/1274 1275/1275/1275 1276/1276/1276
f 1276/1276/1276 1275/1275/1275 1277/1277/1277
f 1276/1276/1276 1277/1277/1277 1278/1278/1278
f 1276/1276/1276 1278/1278/1278 1279/1279/1279
f 1279/1279/1279 1278/1278/1278 1280/1280/1280
f 1279/1279/1279 1280/1280/1280 1281/1281/1281
f 1283/1283/1283 1282/1282/1282 1284/1284/1284
f 1283/1283/1283 1284/1284/1284 1285/1285/1285
f 1283/1283/1283 1285/1285/1285 1286/1286/1286
f 1286/1286/1286 1285/1285/1285 1287/1287/1287
f 1287/1287/1287 1285/1285/1285 1288/1288/1288
f 1289/1289/1289 1290/1290/1290 1291/1291/1291
f 1291/1291/1291 1290/1290/1290 1292/1292/1292
f 1292/1292/1292 1290/1290/1290 1293/1293/1293
f 1292/1292/1292 1293/1293/1293 1294/1294/1294
f 1292/1292/1292 1294/1294/1294 1295/1295/1295
f 1297/1297/1297 1296/1296/1296 1298/1298/1298
f 1297/1297/1297 1298/1298/1298 1299/1299/1299
f 1299/1299/1299 1298/1298/1298 1300/1300/1300
f 1299/1299/1299 1300/1300/1300 1301/1301/1301
f 1301/1301/1301 1300/1300/1300 1302/1302/1302
f 1301/1301/1301 1302/1302/1302 1303/1303/1303
f 1303/1303/1303 1302/1302/1302 1304/1304/1304
f 1303/1303/1303 1304/1304/1304 1305/1305/1305
f 1305/1305/1305 1304/1304/1304 1306/1306/1306
f 1305/1305/1305 1306/1306/1306 1307/1307/1307
f 1307/1307/1307 1306/1306/1306 1308/1308/1308
f 1307/1307/1307 1308/1308/1308 1309/1309/1309
f 1309/1309/1309 1308/1308/1308 1310/1310/1310
f 1309/1309/1309 1310/1310/1310 1311/1311/1311
f 1311/1311/1311 1310/1310/1310 1312/1312/1312
f 1311/1311/1311 1312/1312/1312 1313/1313/1313
f 1313/1313/1313 1312/1312/1312 1314/1314/1314
f 1314/1314/1314 1312/1312/1312 1315/1315/1315
f 1316/1316/1316 1317/1317/1317 1318/1318/1318
f 1318/1318/1318 1317/1317/1317 1319/1319/1319
f 1319/1319/1319 1317/1317/1317 1320/1320/1320
f 1319/1319/1319 1320/1320/1320 1321/1321/1321
f 1321/1321/1321 1320/1320/1320 1322/1322/1322
f 1322/1322/1322 1320/1320/1320 1323/1323/1323
f 1322/1322/1322 1323/1323/1323 1324/1324/1324
f 1324/1324/1324 1323/1323/1323 1325/1325/1325
f 1324/1324/1324 1325/1325/1325 1326/1326/1326
f 1324/1324/1324 1326/1326/1326 1327/1327/1327
f 1329/1329/1329 1328/1328/1328 1330/1330/1330
f 1329/1329/1329 1330/1330/1330 1331/1331/1331
f 1331/1331/1331 1330/1330/1330 1332/1332/1332
f 1331/1331/1331 1332/1332/1332 1333/1333/1333
f 1335/1335/1335 1334/1334/1334 1336/1336/1336
f 1335/1335/1335 1336/1336/1336 1337/1337/1337
f 1337/1337/1337 1336/1336/1336 1338/1338/1338
f 1337/1337/1337 1338/1338/1338 1339/1339/1339
f 1339/1339/1339 1338/1338/1338 1340/1340/1340
f 1339/1339/1339 1340/1340/1340 1341/1341/1341
f 1339/1339/1339 1341/1341/1341 1342/1342/1342
f 1344/1344/1344 1343/1343/1343 1345/1345/1345
f 1344/1344/1344 1345/1345/1345 1346/1346/1346
f 1344/1344/1344 1346/1346/1346 1347/1347/1347
f 1347/1347/1347 1346/1346/1346 1348/1348/1348
f 1347/1347/1347 1348/1348/1348 1349/1349/1349
f 1347/1347/1347 1349/1349/1349 1350/1350/1350
f 1350/1350/1350 1349/1349/1349 1351/1351/1351
f 1350/1350/1350 1351/1351/1351 1352/1352/1352
f 1352/1352/1352 1351/1351/1351 1353/1353/1353
f 1353/1353/1353 1351/1351/1351 1354/1354/1354
f 1355/1355/1355 1356/1356/1356 1357/1357/1357
f 1357/1357/1357 1356/1356/1356 1358/1358/1358
f 1357/1357/1357 1358/1358/1358 1359/1359/1359
f 1359/1359/1359 1358/1358/1358 1360/1360/1360
f 1359/1359/1359 1360/1360/1360 1361/1361/1361
f 1361/1361/1361 1360/1360/1360 1362/1362/1362
f 1362/1362/1362 1360/1360/1360 1363/1363/1363
f 1364/1364/1364 1365/1365/1365 1366/1366/1366
f 1366/1366/1366 1365/1365/1365 1367/1367/1367
f 1367/1367/1367 1365/1365/1365 1368/1368/1368
f 1367/1367/1367 1368/1368/1368 1369/1369/1369
f 1369/1369/1369 1368/1368/1368 1370/1370/1370
f 1369/1369/1369 1370/1370/1370 1371/1371/1371
f 1371/1371/1371 1370/1370/1370 1372/1372/1372
f 1371/1371/1371 1372/1372/1372 1373/1373/1373
f 1373/1373/1373 1372/1372/1372 1374/1374/1374
f 1373/1373/1373 1374/1374/1374 1375/1375/1375
f 1375/1375/1375 1374/1374/1374 1376/1376/1376
f 1376/1376/1376 1374/1374/1374 1377/1377/1377
f 1378/1378/1378 1379/1379/1379 1380/1380/1380
f 1380/1380/1380 1379/1379/1379 1381/1381/1381
f 1380/1380/1380 1381/1381/1381 1382/1382/1382
f 1382/1382/1382 1381/1381/1381 1383/1383/1383
f 1383/1383/1383 1381/1381/1381 1384/1384/1384
f 1384/1384/1384 1381/1381/1381 1385/1385/1385
f 1384/1384/1384 1385/1385/1385 1386/1386/1386
f 1386/1386/1386 1385/1385/1385 1387/1387/1387
f 1388/1388/1388 1389/1389/1389 1390/1390/1390
f 1390/1390/1390 1389/1389/1389 1391/1391/1391
f 1391/1391/1391 1389/1389/1389 1392/1392/1392
f 1391/1391/1391 1392/1392/1392 1393/1393/1393
f 1393/1393/1393 1392/1392/1392 1394/1394/1394
f 1394/1394/1394 1392/1392/1392 1395/1395/1395
f 1396/1396/1396 1397/1397/1397 1398/1398/1398
f 1398/1398/1398 1397/1397/1397 1399/1399/1399
f 1398/1398/1398 1399/1399/1399 1400/1400/1400
f 1400/1400/1400 1399/1399/1399 1401/1401/1401
f 1400/1400/1400 1401/1401/1401 1402/1402/1402
f 1402/1402/1402 1401/1401/1401 1403/1403/1403
f 1404/1404/1404 1405/1405/1405 1406/1406/1406
f 1406/1406/1406 1405/1405/1405 1407/1407/1407
f 1407/1407/1407 1405/1405/1405 1408/1408/1408
f 1407/1407/1407 1408/1408/1408 1409/1409/1409
f 1411/1411/1411 1410/1410/1410 1412/1412/1412
f 1411/1411/1411 1412/1412/1412 1413/1413/1413
f 1413/1413/1413 1412/1412/1412 1414/1414/1414
f 1413/1413/1413 1414/1414/1414 1415/1415/1415
f 1415/1415/1415 1414/1414/1414 1416/1416/1416
f 1416/1416/1416 1414/1414/1414 1417/1417/1417
f 1418/1418/1418 1419/1419/1419 1420/1420/1420
f 1420/1420/1420 1419/1419/1419 1421/1421/1421
f 1421/1421/1421 1419/1419/1419 1422/1422/1422
f 1421/1421/1421 1422/1422/1422 1423/1423/1423
f 1423/1423/1423 1422/1422/1422 1424/1424/1424
f 1424/1424/1424 1422/1422/1422 1425/1425/1425
f 1424/1424/1424 1425/1425/1425 1426/1426/1426
f 1424/1424/1424 1426/1426/1426 1427/1427/1427
f 1429/1429/1429 1428/1428/1428 1430/1430/1430
f 1429/1429/1429 1430/1430/1430 1431/1431/1431
f 1431/1431/1431 1430/1430/1430 1432/1432/1432
f 1431/1431/1431 1432/1432/1432 1433/1433/1433
f 1433/1433/1433 1432/1432/1432 1434/1434/1434
f 1433/1433/1433 1434/1434/1434 1435/1435/1435
f 1435/1435/1435 1434/1434/1434 1436/1436/1436
f 1435/1435/1435 1436/1436/1436 1437/1437/1437
f 1437/1437/1437 1436/1436/1436 1438/1438/1438
f 1437/1437/1437 1438/1438/1438 1439/1439/1439
f 1437/1437/1437 1439/1439/1439 1440/1440/1440
f 1440/1440/1440 1439/1439/1439 1441/1441/1441
f 1441/1441/1441 1439/1439/1439 1442/1442/1442
f 1437/1437/1437 1433/1433/1433 1435/1435/1435
f 1444/1444/1444 1443/1443/1443 1445/1445/1445
f 1444/1444/1444 1445/1445/1445 1446/1446/1446
f 1444/1444/1444 1446/1446/1446 1447/1447/1447
f 1447/1447/1447 1446/1446/1446 1448/1448/1448
f 1447/1447/1447 1448/1448/1448 1449/1449/1449
f 1447/1447/1447 1449/1449/1449 1450/1450/1450
f 1450/1450/1450 1449/1449/1449 1451/1451/1451
f 1451/1451/1451 1449/1449/1449 1452/1452/1452
f 1453/1453/1453 1454/1454/1454 1455/1455/1455
f 1455/1455/1455 1454/1454/1454 1456/1456/1456
f 1456/1456/1456 1454/1454/1454 1457/1457/1457
f 1458/1458/1458 1459/1459/1459 1460/1460/1460
f 1460/1460/1460 1459/1459/1459 1461/1461/1461
f 1460/1460/1460 1461/1461/1461 1462/1462/1462
f 1462/1462/1462 1461/1461/1461 1463/1463/1463
f 1462/1462/1462 1463/1463/1463 1464/1464/1464
f 1462/1462/1462 1464/1464/1464 1465/1465/1465
f 1467/1467/1467 1466/1466/1466 1468/1468/1468
f 1467/1467/1467 1468/1468/1468 1469/1469/1469
f 1469/1469/1469 1468/1468/1468 1470/1470/1470
f 1469/1469/1469 1470/1470/1470 1471/1471/1471
f 1471/1471/1471 1470/1470/1470 1472/1472/1472
f 1471/1471/1471 1472/1472/1472 1473/1473/1473
f 1473/1473/1473 1472/1472/1472 1474/1474/1474
f 1474/1474/1474 1472/1472/1472 1475/1475/1475
f 1474/1474/1474 1475/1475/1475 1476/1476/1476
f 1476/1476/1476 1475/1475/1475 1477/1477/1477
f 1476/1476/1476 1477/1477/1477 1478/1478/1478
f 1476/1476/1476 1478/1478/1478 1479/1479/1479
f 1479/1479/1479 1478/1478/1478 1480/1480/1480
f 1480/1480/1480 1478/1478/1478 1481/1481/1481
f 1482/1482/1482 1483/1483/1483 1484/1484/1484
f 1484/1484/1484 1483/1483/1483 1485/1485/1485
f 1485/1485/1485 1483/1483/1483 1486/1486/1486
f 1485/1485/1485 1486/1486/1486 1487/1487/1487
f 1487/1487/1487 1486/1486/1486 1488/1488/1488
f 1487/1487/1487 1488/1488/1488 1489/1489/1489
f 1487/1487/1487 1489/1489/1489 1490/1490/1490
f 1487/1487/1487 1490/1490/1490 1491/1491/1491
f 1491/1491/1491 1490/1490/1490 1492/1492/1492
f 1491/1491/1491 1492/1492/1492 1493/1493/1493
f 1491/1491/1491 1493/1493/1493 1494/1494/1494
f 1496/1496/1496 1495/1495/1495 1497/1497/1497
f 1496/1496/1496 1497/1497/1497 1498/1498/1498
f 1498/1498/1498 1497/1497/1497 1499/1499/1499
f 1498/1498/1498 1499/1499/1499 1500/1500/1500
f 1500/1500/1500 1499/1499/1499 1501/1501/1501
f 1501/1501/1501 1499/1499/1499 1502/1502/1502
f 1503/1503/1503 1504/1504/1504 1505/1505/1505
f 1505/1505/1505 1504/1504/1504 1506/1506/1506
f 1506/1506/1506 1504/1504/1504 1507/1507/1507
f 1506/1506/1506 1507/1507/1507 1508/1508/1508
f 1508/1508/1508 1507/1507/1507 1509/1509/1509
f 1508/1508/1508 1509/1509/1509 1510/1510/1510
f 1510/1510/1510 1509/1509/1509 1511/1511/1511
f 1510/1510/1510 1511/1511/1511 1512/1512/1512
f 1512/1512/1512 1511/1511/1511 1513/1513/1513
f 1512/1512/1512 1513/1513/1513 1514/1514/1514
f 1516/1516/1516 1515/1515/1515 1517/1517/1517
f 1516/1516/1516 1517/1517/1517 1518/1518/1518
f 1516/1516/1516 1518/1518/1518 1519/1519/1519
f 1519/1519/1519 1518/1518/1518 1520/1520/1520
f 1521/1521/1521 1522/1522/1522 1523/1523/1523
f 1523/1523/1523 1522/1522/1522 1524/1524/1524
f 1524/1524/1524 1522/1522/1522 1525/1525/1525
f 1524/1524/1524 1525/1525/1525 1526/1526/1526
f 1526/1526/1526 1525/1525/1525 1527/1527/1527
f 1526/1526/1526 1527/1527/1527 1528/1528/1528
f 1528/1528/1528 1527/1527/1527 1529/1529/1529
f 1529/1529/1529 1527/1527/1527 1530/1530/1530
f 1529/1529/1529 1530/1530/1530 1531/1531/1531
f 1531/1531/1531 1530/1530/1530 1532/1532/1532
f 1532/1532/1532 1530/1530/1530 1533/1533/1533
f 1534/1534/1534 1535/1535/1535 1536/1536/1536
f 1536/1536/1536 1535/1535/1535 1537/1537/1537
f 1537/1537/1537 1535/1535/1535 1538/1538/1538
f 1537/1537/1537 1538/1538/1538 1539/1539/1539
f 1539/1539/1539 1538/1538/1538 1540/1540/1540
f 1539/1539/1539 1540/1540/1540 1541/1541/1541
f 1543/1543/1543 1542/1542/1542 1544/1544/1544
f 1543/1543/1543 1544/1544/1544 1545/1545/1545
f 1545/1545/1545 1544/1544/1544 1546/1546/1546
f 1545/1545/1545 1546/1546/1546 1547/1547/1547
f 1547/1547/1547 1546/1546/1546 1548/1548/1548
f 1547/1547/1547 1548/1548/1548 1549/1549/1549
f 1547/1547/1547 1549/1549/1549 1550/1550/1550
f 1550/1550/1550 1549/1549/1549 1551/1551/1551
f 1550/1550/1550 1551/1551/1551 1552/1552/1552
f 1552/1552/1552 1551/1551/1551 1553/1553/1553
f 1552/1552/1552 1553/1553/1553 1554/1554/1554
f 1552/1552/1552 1554/1554/1554 1555/1555/1555
f 1556/1556/1556 1547/1547/1547 1550/1550/1550
f 1556/1556/1556 1550/1550/1550 1557/1557/1557
f 1556/1556/1556 1557/1557/1557 1558/1558/1558
f 1556/1556/1556 1558/1558/1558 1559/1559/1559
f 1556/1556/1556 1559/1559/1559 1560/1560/1560
f 1556/1556/1556 1560/1560/1560 1547/1547/1547
f 1547/1547/1547 1560/1560/1560 1561/1561/1561
f 1547/1547/1547 1561/1561/1561 1545/1545/1545
f 1545/1545/1545 1561/1561/1561 1562/1562/1562
f 1563/1563/1563 1564/1564/1564 1565/1565/1565
f 1565/1565/1565 1564/1564/1564 1566/1566/1566
f 1566/1566/1566 1564/1564/1564 1567/1567/1567
f 1566/1566/1566 1567/1567/1567 1568/1568/1568
f 1568/1568/1568 1567/1567/1567 1569/1569/1569
f 1568/1568/1568 1569/1569/1569 1570/1570/1570
f 1570/1570/1570 1569/1569/1569 1571/1571/1571
f 1571/1571/1571 1569/1569/1569 1572/1572/1572
f 1571/1571/1571 1572/1572/1572 1573/1573/1573
f 1573/1573/1573 1572/1572/1572 1574/1574/1574
f 1575/1575/1575 1576/1576/1576 1577/1577/1577
f 1577/1577/1577 1576/1576/1576 1578/1578/1578
f 1578/1578/1578 1576/1576/1576 1579/1579/1579
f 1578/1578/1578 1579/1579/1579 1580/1580/1580
f 1580/1580/1580 1579/1579/1579 1581/1581/1581
f 1581/1581/1581 1579/1579/1579 1582/1582/1582
f 1581/1581/1581 1582/1582/1582 1583/1583/1583
f 1583/1583/1583 1582/1582/1582 1584/1584/1584
f 1583/1583/1583 1584/1584/1584 1585/1585/1585
f 1585/1585/1585 1584/1584/1584 1586/1586/1586
f 1585/1585/1585 1586/1586/1586 1587/1587/1587
f 1587/1587/1587 1586/1586/1586 1588/1588/1588
f 1587/1587/1587 1588/1588/1588 1589/1589/1589
f 1589/1589/1589 1588/1588/1588 1590/1590/1590
f 1589/1589/1589 1590/1590/1590 1591/1591/1591
f 1589/1589/1589 1591/1591/1591 1592/1592/1592
f 1592/1592/1592 1591/1591/1591 1593/1593/1593
f 1592/1592/1592 1593/1593/1593 1594/1594/1594
f 1594/1594/1594 1593/1593/1593 1595/1595/1595
f 1594/1594/1594 1595/1595/1595 1596/1596/1596
f 1596/1596/1596 1595/1595/1595 1597/1597/1597
f 1596/1596/1596 1597/1597/1597 1598/1598/1598
f 1598/1598/1598 1597/1597/1597 1599/1599/1599
f 1598/1598/1598 1599/1599/1599 1600/1600/1600
f 1600/1600/1600 1599/1599/1599 1601/1601/1601
f 1600/1600/1600 1601/1601/1601 1602/1602/1602
f 1602/1602/1602 1601/1601/1601 1603/1603/1603
f 1603/1603/1603 1601/1601/1601 1604/1604/1604
f 1603/1603/1603 1604/1604/1604 1605/1605/1605
f 1603/1603/1603 1605/1605/1605 1606/1606/1606
f 1608/1608/1608 1607/1607/1607 1609/1609/1609
f 1608/1608/1608 1609/1609/1609 1610/1610/1610
f 1610/1610/1610 1609/1609/1609 1611/1611/1611
f 1610/1610/1610 1611/1611/1611 1612/1612/1612
f 1614/1614/1614 1613/1613/1613 1615/1615/1615
f 1614/1614/1614 1615/1615/1615 1616/1616/1616
f 1616/1616/1616 1615/1615/1615 1617/1617/1617
f 1616/1616/1616 1617/1617/1617 1618/1618/1618
f 1616/1616/1616 1618/1618/1618 1619/1619/1619
f 1619/1619/1619 1618/1618/1618 1620/1620/1620
f 1619/1619/1619 1620/1620/1620 1621/1621/1621
f 1621/1621/1621 1620/1620/1620 1622/1622/1622
f 1621/1621/1621 1622/1622/1622 1623/1623/1623
f 1623/1623/1623 1622/1622/1622 1624/1624/1624
f 1623/1623/1623 1624/1624/1624 1625/1625/1625
f 1625/1625/1625 1624/1624/1624 1626/1626/1626
f 1625/1625/1625 1626/1626/1626 1627/1627/1627
f 1627/1627/1627 1626/1626/1626 1628/1628/1628
f 1628/1628/1628 1626/1626/1626 1629/1629/1629
f 1628/1628/1628 1629/1629/1629 1630/1630/1630
f 1630/1630/1630 1629/1629/1629 1631/1631/1631
f 1630/1630/1630 1631/1631/1631 1632/1632/1632
f 1632/1632/1632 1631/1631/1631 1633/1633/1633
f 1632/1632/1632 1633/1633/1633 1634/1634/1634
f 1634/1634/1634 1633/1633/1633 1635/1635/1635
f 1634/1634/1634 1635/1635/1635 1636/1636/1636
f 1636/1636/1636 1635/1635/1635 1637/1637/1637
f 1637/1637/1637 1635/1635/1635 1638/1638/1638
f 1637/1637/1637 1638/1638/1638 1639/1639/1639
f 1637/1637/1637 1639/1639/1639 1640/1640/1640
f 1642/1642/1642 1641/1641/1641 1643/1643/1643
f 1642/1642/1642 1643/1643/1643 1644/1644/1644
f 1644/1644/1644 1643/1643/1643 1645/1645/1645
f 1644/1644/1644 1645/1645/1645 1646/1646/1646
f 1646/1646/1646 1645/1645/1645 1647/1647/1647
f 1646/1646/1646 1647/1647/1647 1648/1648/1648
f 1648/1648/1648 1647/1647/1647 1649/1649/1649
f 1648/1648/1648 1649/1649/1649 1650/1650/1650
f 1648/1648/1648 1650/1650/1650 1651/1651/1651
f 1651/1651/1651 1650/1650/1650 1652/1652/1652
f 1651/1651/1651 1652/1652/1652 1653/1653/1653
f 1651/1651/1651 1653/1653/1653 1654/1654/1654
f 1656/1656/1656 1655/1655/1655 1657/1657/1657
f 1656/1656/1656 1657/1657/1657 1658/1658/1658
f 1658/1658/1658 1657/1657/1657 1659/1659/1659
f 1658/1658/1658 1659/1659/1659 1660/1660/1660
f 1658/1658/1658 1660/1660/1660 1661/1661/1661
f 1661/1661/1661 1660/1660/1660 1662/1662/1662
f 1661/1661/1661 1662/1662/1662 1663/1663/1663
f 1664/1664/1664 1662/1662/1662 1660/1660/1660
f 1664/1664/1664 1660/1660/1660 1665/1665/1665
f 1664/1664/1664 1665/1665/1665 1666/1666/1666
f 1666/1666/1666 1665/1665/1665 1667/1667/1667
f 1666/1666/1666 1667/1667/1667 1668/1668/1668
f 1668/1668/1668 1667/1667/1667 1669/1669/1669
f 1669/1669/1669 1667/1667/1667 1670/1670/1670
f 1669/1669/1669 1670/1670/1670 1671/1671/1671
f 1669/1669/1669 1671/1671/1671 1672/1672/1672
f 1672/1672/1672 1671/1671/1671 1673/1673/1673
f 1673/1673/1673 1671/1671/1671 1674/1674/1674
f 1673/1673/1673 1674/1674/1674 1675/1675/1675
f 1675/1675/1675 1674/1674/1674 1676/1676/1676
f 1662/1662/1662 1677/1677/1677 1663/1663/1663
f 1663/1663/1663 1677/1677/1677 1678/1678/1678
f 1678/1678/1678 1677/1677/1677 1679/1679/1679
f 1679/1679/1679 1677/1677/1677 1680/1680/1680
f 1679/1679/1679 1680/1680/1680 1681/1681/1681
f 1681/1681/1681 1680/1680/1680 1682/1682/1682
f 1681/1681/1681 1682/1682/1682 1683/1683/1683
f 1683/1683/1683 1682/1682/1682 1684/1684/1684
f 1681/1681/1681 1683/1683/1683 1685/1685/1685
f 1687/1687/1687 1686/1686/1686 1688/1688/1688
f 1687/1687/1687 1688/1688/1688 1689/1689/1689
f 1687/1687/1687 1689/1689/1689 1690/1690/1690
f 1690/1690/1690 1689/1689/1689 1691/1691/1691
f 1691/1691/1691 1689/1689/1689 1692/1692/1692
f 1691/1691/1691 1692/1692/1692 1693/1693/1693
f 1691/1691/1691 1693/1693/1693 1694/1694/1694
f 1691/1691/1691 1694/1694/1694 1695/1695/1695
f 1695/1695/1695 1694/1694/1694 1696/1696/1696
f 1695/1695/1695 1696/1696/1696 1697/1697/1697
f 1697/1697/1697 1696/1696/1696 1698/1698/1698
f 1697/1697/1697 1698/1698/1698 1699/1699/1699
f 1697/1697/1697 1699/1699/1699 1700/1700/1700
f 1700/1700/1700 1699/1699/1699 1701/1701/1701
f 1700/1700/1700 1701/1701/1701 1702/1702/1702
f 1700/1700/1700 1702/1702/1702 1703/1703/1703
f 1701/1701/1701 1699/1699/1699 1704/1704/1704
f 1701/1701/1701 1704/1704/1704 1705/1705/1705
f 1705/1705/1705 1704/1704/1704 1706/1706/1706
f 1705/1705/1705 1706/1706/1706 1707/1707/1707
f 1707/1707/1707 1706/1706/1706 1708/1708/1708
f 1704/1704/1704 1709/1709/1709 1706/1706/1706
f 1706/1706/1706 1709/1709/1709 1710/1710/1710
f 1693/1693/1693 1692/1692/1692 1711/1711/1711
f 1711/1711/1711 1692/1692/1692 1712/1712/1712
f 1711/1711/1711 1712/1712/1712 1713/1713/1713
f 1711/1711/1711 1713/1713/1713 1714/1714/1714
f 1714/1714/1714 1713/1713/1713 1715/1715/1715
f 1714/1714/1714 1715/1715/1715 1716/1716/1716
f 1716/1716/1716 1715/1715/1715 1717/1717/1717
f 1716/1716/1716 1717/1717/1717 1718/1718/1718
f 1717/1717/1717 1715/1715/1715 1719/1719/1719
f 1720/1720/1720 1721/1721/1721 1722/1722/1722
f 1722/1722/1722 1721/1721/1721 1723/1723/1723
f 1722/1722/1722 1723/1723/1723 1724/1724/1724
f 1724/1724/1724 1723/1723/1723 1725/1725/1725
f 1724/1724/1724 1725/1725/1725 1726/1726/1726
f 1726/1726/1726 1725/1725/1725 1727/1727/1727
f 1726/1726/1726 1727/1727/1727 1728/1728/1728
f 1728/1728/1728 1727/1727/1727 1729/1729/1729
f 1729/1729/1729 1727/1727/1727 1730/1730/1730
f 1729/1729/1729 1730/1730/1730 1731/1731/1731
f 1731/1731/1731 1730/1730/1730 1732/1732/1732
f 1732/1732/1732 1730/1730/1730 1733/1733/1733
f 1734/1734/1734 1735/1735/1735 1736/1736/1736
f 1736/1736/1736 1735/1735/1735 1737/1737/1737
f 1737/1737/1737 1735/1735/1735 1738/1738/1738
f 1737/1737/1737 1738/1738/1738 1739/1739/1739
f 1739/1739/1739 1738/1738/1738 1740/1740/1740
f 1739/1739/1739 1740/1740/1740 1741/1741/1741
f 1739/1739/1739 1741/1741/1741 1742/1742/1742
f 1739/1739/1739 1742/1742/1742 1743/1743/1743
f 1743/1743/1743 1742/1742/1742 1744/1744/1744
f 1743/1743/1743 1744/1744/1744 1745/1745/1745
f 1743/1743/1743 1745/1745/1745 1746/1746/1746
f 1748/1748/1748 1747/1747/1747 1749/1749/1749
f 1748/1748/1748 1749/1749/1749 1750/1750/1750
f 1748/1748/1748 1750/1750/1750 1751/1751/1751
f 1751/1751/1751 1750/1750/1750 1752/1752/1752
f 1751/1751/1751 1752/1752/1752 1753/1753/1753
f 1753/1753/1753 1752/1752/1752 1754/1754/1754
f 1753/1753/1753 1754/1754/1754 1755/1755/1755
f 1755/1755/1755 1754/1754/1754 1756/1756/1756
f 1755/1755/1755 1756/1756/1756 1757/1757/1757
f 1755/1755/1755 1757/1757/1757 1758/1758/1758
f 1760/1760/1760 1759/1759/1759 1761/1761/1761
f 1760/1760/1760 1761/1761/1761 1762/1762/1762
f 1760/1760/1760 1762/1762/1762 1763/1763/1763
f 1765/1765/1765 1764/1764/1764 1766/1766/1766
f 1765/1765/1765 1766/1766/1766 1767/1767/1767
f 1767/1767/1767 1766/1766/1766 1768/1768/1768
f 1767/1767/1767 1768/1768/1768 1769/1769/1769
f 1769/1769/1769 1768/1768/1768 1770/1770/1770
f 1769/1769/1769 1770/1770/1770 1771/1771/1771
f 1771/1771/1771 1770/1770/1770 1772/1772/1772
f 1771/1771/1771 1772/1772/1772 1773/1773/1773
f 1773/1773/1773 1772/1772/1772 1774/1774/1774
f 1774/1774/1774 1772/1772/1772 1775/1775/1775
f 1776/1776/1776 1777/1777/1777 1778/1778/1778
f 1778/1778/1778 1777/1777/1777 1779/1779/1779
f 1778/1778/1778 1779/1779/1779 1780/1780/1780
f 1780/1780/1780 1779/1779/1779 1781/1781/1781
f 1780/1780/1780 1781/1781/1781 1782/1782/1782
f 1780/1780/1780 1782/1782/1782 1783/1783/1783
f 1783/1783/1783 1782/1782/1782 1784/1784/1784
f 1783/1783/1783 1784/1784/1784 1785/1785/1785
f 1785/1785/1785 1784/1784/1784 1786/1786/1786
f 1785/1785/1785 1786/1786/1786 1787/1787/1787
f 1789/1789/1789 1788/1788/1788 1790/1790/1790
f 1789/1789/1789 1790/1790/1790 1791/1791/1791
f 1789/1789/1789 1791/1791/1791 1792/1792/1792
f 1792/1792/1792 1791/1791/1791 1793/1793/1793
f 1794/1794/1794 1795/1795/1795 1796/1796/1796
f 1796/1796/1796 1795/1795/1795 1797/1797/1797
f 1796/1796/1796 1797/1797/1797 1798/1798/1798
f 1798/1798/1798 1797/1797/1797 1799/1799/1799
f 1798/1798/1798 1799/1799/1799 1800/1800/1800
f 1800/1800/1800 1799/1799/1799 1801/1801/1801
f 1800/1800/1800 1801/1801/1801 1802/1802/1802
f 1802/1802/1802 1801/1801/1801 1803/1803/1803
f 1802/1802/1802 1803/1803/1803 1804/1804/1804
f 1804/1804/1804 1803/1803/1803 1805/1805/1805
f 1804/1804/1804 1806/1806/1806 1802/1802/1802
f 1808/1808/1808 1807/1807/1807 1809/1809/1809
f 1808/1808/1808 1809/1809/1809 1810/1810/1810
f 1808/1808/1808 1810/1810/1810 1811/1811/1811
f 1811/1811/1811 1810/1810/1810 1812/1812/1812
f 1811/1811/1811 1812/1812/1812 1813/1813/1813
f 1811/1811/1811 1813/1813/1813 1814/1814/1814
f 1814/1814/1814 1813/1813/1813 1815/1815/1815
f 1815/1815/1815 1813/1813/1813 1816/1816/1816
f 1815/1815/1815 1816/1816/1816 1817/1817/1817
f 1817/1817/1817 1816/1816/1816 1818/1818/1818
f 1817/1817/1817 1818/1818/1818 1819/1819/1819
f 1817/1817/1817 1819/1819/1819 1820/1820/1820
f 1822/1822/1822 1821/1821/1821 1823/1823/1823
f 1822/1822/1822 1823/1823/1823 1824/1824/1824
f 1824/1824/1824 1823/1823/1823 1825/1825/1825
f 1824/1824/1824 1825/1825/1825 1826/1826/1826
f 1826/1826/1826 1825/1825/1825 1827/1827/1827
f 1826/1826/1826 1827/1827/1827 1828/1828/1828
f 1828/1828/1828 1827/1827/1827 1829/1829/1829
f 1828/1828/1828 1829/1829/1829 1830/1830/1830
f 1830/1830/1830 1829/1829/1829 1831/1831/1831
f 1830/1830/1830 1831/1831/1831 1832/1832/1832
f 1833/1833/1833 1831/1831/1831 1829/1829/1829
f 1834/1834/1834 1835/1835/1835 1836/1836/1836
f 1836/1836/1836 1835/1835/1835 1837/1837/1837
f 1837/1837/1837 1835/1835/1835 1838/1838/1838
f 1837/1837/1837 1838/1838/1838 1839/1839/1839
f 1839/1839/1839 1838/1838/1838 1840/1840/1840
f 1840/1840/1840 1838/1838/1838 1841/1841/1841
f 1840/1840/1840 1841/1841/1841 1842/1842/1842
f 1840/1840/1840 1842/1842/1842 1843/1843/1843
f 1843/1843/1843 1842/1842/1842 1844/1844/1844
f 1843/1843/1843 1844/1844/1844 1845/1845/1845
f 1845/1845/1845 1844/1844/1844 1846/1846/1846
f 1846/1846/1846 1844/1844/1844 1847/1847/1847
f 1848/1848/1848 1849/1849/1849 1850/1850/1850
f 1850/1850/1850 1849/1849/1849 1851/1851/1851
f 1851/1851/1851 1849/1849/1849 1852/1852/1852
f 1851/1851/1851 1852/1852/1852 1853/1853/1853
f 1853/1853/1853 1852/1852/1852 1854/1854/1854
f 1853/1853/1853 1854/1854/1854 1855/1855/1855
f 1855/1855/1855 1854/1854/1854 1856/1856/1856
f 1855/1855/1855 1857/1857/1857 1853/1853/1853
f 1859/1859/1859 1858/1858/1858 1860/1860/1860
f 1859/1859/1859 1860/1860/1860 1861/1861/1861
f 1861/1861/1861 1860/1860/1860 1862/1862/1862
f 1861/1861/1861 1862/1862/1862 1863/1863/1863
f 1863/1863/1863 1862/1862/1862 1864/1864/1864
f 1863/1863/1863 1864/1864/1864 1865/1865/1865
f 1865/1865/1865 1864/1864/1864 1866/1866/1866
f 1865/1865/1865 1866/1866/1866 1867/1867/1867
f 1867/1867/1867 1866/1866/1866 1868/1868/1868
f 1867/1867/1867 1868/1868/1868 1869/1869/1869
f 1869/1869/1869 1868/1868/1868 1870/1870/1870
f 1869/1869/1869 1870/1870/1870 1871/1871/1871
f 1871/1871/1871 1870/1870/1870 1872/1872/1872
f 1871/1871/1871 1872/1872/1872 1873/1873/1873
f 1873/1873/1873 1872/1872/1872 1874/1874/1874
f 1874/1874/1874 1872/1872/1872 1875/1875/1875
f 1876/1876/1876 1877/1877/1877 1878/1878/1878
f 1878/1878/1878 1877/1877/1877 1879/1879/1879
f 1878/1878/1878 1879/1879/1879 1880/1880/1880
f 1880/1880/1880 1879/1879/1879 1881/1881/1881
f 1880/1880/1880 1881/1881/1881 1882/1882/1882
f 1882/1882/1882 1881/1881/1881 1883/1883/1883
f 1882/1882/1882 1883/1883/1883 1884/1884/1884
f 1882/1882/1882 1884/1884/1884 1885/1885/1885
f 1885/1885/1885 1884/1884/1884 1886/1886/1886
f 1885/1885/1885 1886/1886/1886 1887/1887/1887
f 1887/1887/1887 1886/1886/1886 1888/1888/1888
f 1888/1888/1888 1886/1886/1886 1889/1889/1889
f 1888/1888/1888 1889/1889/1889 1890/1890/1890
f 1888/1888/1888 1890/1890/1890 1891/1891/1891
f 1891/1891/1891 1890/1890/1890 1892/1892/1892
f 1891/1891/1891 1892/1892/1892 1893/1893/1893
f 1895/1895/1895 1894/1894/1894 1896/1896/1896
f 1895/1895/1895 1896/1896/1896 1897/1897/1897
f 1895/1895/1895 1897/1897/1897 1898/1898/1898
f 1900/1900/1900 1899/1899/1899 1901/1901/1901
f 1900/1900/1900 1901/1901/1901 1902/1902/1902
f 1902/1902/1902 1901/1901/1901 1903/1903/1903
f 1902/1902/1902 1903/1903/1903 1904/1904/1904
f 1904/1904/1904 1903/1903/1903 1905/1905/1905
f 1904/1904/1904 1905/1905/1905 1906/1906/1906
f 1906/1906/1906 1905/1905/1905 1907/1907/1907
f 1906/1906/1906 1907/1907/1907 1908/1908/1908
f 1908/1908/1908 1907/1907/1907 1909/1909/1909
f 1908/1908/1908 1909/1909/1909 1910/1910/1910
f 1910/1910/1910 1909/1909/1909 1911/1911/1911
f 1910/1910/1910 1911/1911/1911 1912/1912/1912
f 1912/1912/1912 1911/1911/1911 1913/1913/1913
f 1913/1913/1913 1911/1911/1911 1914/1914/1914
f 1915/1915/1915 1916/1916/1916 1917/1917/1917
f 1917/1917/1917 1916/1916/1916 1918/1918/1918
f 1917/1917/1917 1918/1918/1918 1919/1919/1919
f 1919/1919/1919 1918/1918/1918 1920/1920/1920
f 1920/1920/1920 1918/1918/1918 1921/1921/1921
f 1922/1922/1922 1923/1923/1923 1924/1924/1924
f 1924/1924/1924 1923/1923/1923 1925/1925/1925
f 1924/1924/1924 1925/1925/1925 1926/1926/1926
f 1926/1926/1926 1925/1925/1925 1927/1927/1927
f 1926/1926/1926 1927/1927/1927 1928/1928/1928
f 1926/1926/1926 1928/1928/1928 1929/1929/1929
f 1929/1929/1929 1928/1928/1928 1930/1930/1930
f 1929/1929/1929 1930/1930/1930 1931/1931/1931
f 1933/1933/1933 1932/1932/1932 1934/1934/1934
f 1933/1933/1933 1934/1934/1934 1935/1935/1935
f 1933/1933/1933 1935/1935/1935 1936/1936/1936
f 1938/1938/1938 1937/1937/1937 1939/1939/1939
f 1938/1938/1938 1939/1939/1939 1940/1940/1940
f 1938/1938/1938 1940/1940/1940 1941/1941/1941
f 1941/1941/1941 1940/1940/1940 1942/1942/1942
f 1941/1941/1941 1942/1942/1942 1943/1943/1943
f 1943/1943/1943 1942/1942/1942 1944/1944/1944
f 1943/1943/1943 1944/1944/1944 1945/1945/1945
f 1946/1946/1946 1944/1944/1944 1942/1942/1942
f 1947/1947/1947 1948/1948/1948 1949/1949/1949
f 1949/1949/1949 1948/1948/1948 1950/1950/1950
f 1950/1950/1950 1948/1948/1948 1951/1951/1951
f 1950/1950/1950 1951/1951/1951 1952/1952/1952
f 1952/1952/1952 1951/1951/1951 1953/1953/1953
f 1953/1953/1953 1951/1951/1951 1954/1954/1954
f 1954/1954/1954 1951/1951/1951 1955/1955/1955
f 1954/1954/1954 1955/1955/1955 1956/1956/1956
f 1956/1956/1956 1955/1955/1955 1957/1957/1957
f 1956/1956/1956 1957/1957/1957 1958/1958/1958
f 1956/1956/1956 1958/1958/1958 1959/1959/1959
f 1959/1959/1959 1958/1958/1958 1960/1960/1960
f 1959/1959/1959 1960/1960/1960 1961/1961/1961
f 1959/1959/1959 1961/1961/1961 1962/1962/1962
f 1962/1962/1962 1961/1961/1961 1963/1963/1963
f 1962/1962/1962 1963/1963/1963 1964/1964/1964
f 1964/1964/1964 1963/1963/1963 1965/1965/1965
f 1964/1964/1964 1965/1965/1965 1966/1966/1966
f 1966/1966/1966 1965/1965/1965 1967/1967/1967
f 1967/1967/1967 1965/1965/1965 1968/1968/1968
f 1967/1967/1967 1968/1968/1968 1969/1969/1969
f 1969/1969/1969 1968/1968/1968 1970/1970/1970
f 1969/1969/1969 1970/1970/1970 1971/1971/1971
f 1969/1969/1969 1971/1971/1971 1972/1972/1972
f 1972/1972/1972 1971/1971/1971 1973/1973/1973
f 1972/1972/1972 1973/1973/1973 1974/1974/1974
f 1972/1972/1972 1974/1974/1974 1975/1975/1975
f 1975/1975/1975 1974/1974/1974 1976/1976/1976
f 1975/1975/1975 1976/1976/1976 1977/1977/1977
f 1975/1975/1975 1977/1977/1977 1978/1978/1978
f 1978/1978/1978 1977/1977/1977 1979/1979/1979
f 1978/1978/1978 1979/1979/1979 1980/1980/1980
f 1980/1980/1980 1979/1979/1979 1981/1981/1981
f 1981/1981/1981 1979/1979/1979 1982/1982/1982
f 1981/1981/1981 1982/1982/1982 1983/1983/1983
f 1981/1981/1981 1983/1983/1983 1984/1984/1984
f 1981/1981/1981 1984/1984/1984 1985/1985/1985
f 1985/1985/1985 1984/1984/1984 1986/1986/1986
f 1955/1955/1955 1951/1951/1951 1987/1987/1987
f 1988/1988/1988 1978/1978/1978 1980/1980/1980
f 1988/1988/1988 1980/1980/1980 1989/1989/1989
f 1989/1989/1989 1980/1980/1980 1990/1990/1990
f 1990/1990/1990 1980/1980/1980 1991/1991/1991
f 1991/1991/1991 1980/1980/1980 1981/1981/1981
f 1991/1991/1991 1981/1981/1981 1985/1985/1985
f 1988/1988/1988 1989/1989/1989 1992/1992/1992
f 1988/1988/1988 1992/1992/1992 1993/1993/1993
f 1993/1993/1993 1992/1992/1992 1994/1994/1994
f 1994/1994/1994 1992/1992/1992 1995/1995/1995
f 1957/1957/1957 1955/1955/1955 1996/1996/1996
f 1996/1996/1996 1955/1955/1955 1987/1987/1987
f 1996/1996/1996 1987/1987/1987 1997/1997/1997
f 1997/1997/1997 1987/1987/1987 1998/1998/1998
f 1957/1957/1957 1996/1996/1996 1999/1999/1999
f 1999/1999/1999 1996/1996/1996 2000/2000/2000
f 1999/1999/1999 2000/2000/2000 2001/2001/2001
f 2001/2001/2001 2000/2000/2000 2002/2002/2002
f 2001/2001/2001 2002/2002/2002 2003/2003/2003
f 2003/2003/2003 2002/2002/2002 2004/2004/2004
f 2003/2003/2003 2004/2004/2004 2005/2005/2005
f 2000/2000/2000 1996/1996/1996 1997/1997/1997
f 2000/2000/2000 1997/1997/1997 2006/2006/2006
f 2000/2000/2000 2006/2006/2006 2002/2002/2002
f 2002/2002/2002 2006/2006/2006 2007/2007/2007
f 2002/2002/2002 2007/2007/2007 2004/2004/2004
f 2008/2008/2008 1999/1999/1999 2001/2001/2001
f 2008/2008/2008 2001/2001/2001 2009/2009/2009
f 2010/2010/2010 2007/2007/2007 2006/2006/2006
f 2010/2010/2010 2006/2006/2006 2011/2011/2011
f 2011/2011/2011 2006/2006/2006 1997/1997/1997
f 2011/2011/2011 1997/1997/1997 2012/2012/2012
f 2012/2012/2012 1997/1997/1997 1998/1998/1998
f 2012/2012/2012 1998/1998/1998 2013/2013/2013
f 2013/2013/2013 1998/1998/1998 2014/2014/2014
f 2014/2014/2014 1998/1998/1998 2015/2015/2015
f 2016/2016/2016 2017/2017/2017 2018/2018/2018
f 2018/2018/2018 2017/2017/2017 2019/2019/2019
f 2018/2018/2018 2019/2019/2019 2020/2020/2020
f 2020/2020/2020 2019/2019/2019 2021/2021/2021
f 2020/2020/2020 2021/2021/2021 2022/2022/2022
f 2022/2022/2022 2021/2021/2021 2023/2023/2023
f 2022/2022/2022 2023/2023/2023 2024/2024/2024
f 2024/2024/2024 2023/2023/2023 2025/2025/2025
f 2024/2024/2024 2025/2025/2025 2026/2026/2026
f 2026/2026/2026 2025/2025/2025 2027/2027/2027
f 2026/2026/2026 2027/2027/2027 2028/2028/2028
f 2028/2028/2028 2027/2027/2027 2029/2029/2029
f 2028/2028/2028 2029/2029/2029 2030/2030/2030
f 2030/2030/2030 2029/2029/2029 2031/2031/2031
f 2030/2030/2030 2031/2031/2031 2032/2032/2032
f 2030/2030/2030 2032/2032/2032 2033/2033/2033
f 2035/2035/2035 2034/2034/2034 2036/2036/2036
f 2035/2035/2035 2036/2036/2036 2037/2037/2037
f 2037/2037/2037 2036/2036/2036 2038/2038/2038
f 2037/2037/2037 2038/2038/2038 2039/2039/2039
f 2039/2039/2039 2038/2038/2038 2040/2040/2040
f 2039/2039/2039 2040/2040/2040 2041/2041/2041
f 2041/2041/2041 2040/2040/2040 2042/2042/2042
f 2042/2042/2042 2040/2040/2040 2043/2043/2043
f 2042/2042/2042 2043/2043/2043 2044/2044/2044
f 2044/2044/2044 2043/2043/2043 2045/2045/2045
f 2044/2044/2044 2045/2045/2045 2046/2046/2046
f 2044/2044/2044 2046/2046/2046 2047/2047/2047
f 2047/2047/2047 2046/2046/2046 2048/2048/2048
f 2048/2048/2048 2046/2046/2046 2049/2049/2049
f 2048/2048/2048 2049/2049/2049 2050/2050/2050
f 2050/2050/2050 2049/2049/2049 2051/2051/2051
f 2052/2052/2052 2053/2053/2053 2054/2054/2054
f 2054/2054/2054 2053/2053/2053 2055/2055/2055
f 2055/2055/2055 2053/2053/2053 2056/2056/2056
f 2055/2055/2055 2056/2056/2056 2057/2057/2057
f 2055/2055/2055 2057/2057/2057 2058/2058/2058
f 2060/2060/2060 2059/2059/2059 2061/2061/2061
f 2060/2060/2060 2061/2061/2061 2062/2062/2062
f 2062/2062/2062 2061/2061/2061 2063/2063/2063
f 2062/2062/2062 2063/2063/2063 2064/2064/2064
f 2064/2064/2064 2063/2063/2063 2065/2065/2065
f 2065/2065/2065 2063/2063/2063 2066/2066/2066
f 2065/2065/2065 2066/2066/2066 2067/2067/2067
f 2067/2067/2067 2066/2066/2066 2068/2068/2068
f 2069/2069/2069 2070/2070/2070 2071/2071/2071
f 2071/2071/2071 2070/2070/2070 2072/2072/2072
f 2071/2071/2071 2072/2072/2072 2073/2073/2073
f 2073/2073/2073 2072/2072/2072 2074/2074/2074
f 2073/2073/2073 2074/2074/2074 2075/2075/2075
f 2075/2075/2075 2074/2074/2074 2076/2076/2076
f 2076/2076/2076 2074/2074/2074 2077/2077/2077
f 2076/2076/2076 2077/2077/2077 2078/2078/2078
f 2078/2078/2078 2077/2077/2077 2079/2079/2079
f 2080/2080/2080 2081/2081/2081 2082/2082/2082
f 2082/2082/2082 2081/2081/2081 2083/2083/2083
f 2083/2083/2083 2081/2081/2081 2084/2084/2084
f 2083/2083/2083 2084/2084/2084 2085/2085/2085
f 2085/2085/2085 2084/2084/2084 2086/2086/2086
f 2085/2085/2085 2086/2086/2086 2087/2087/2087
f 2085/2085/2085 2087/2087/2087 2088/2088/2088
f 2086/2086/2086 2084/2084/2084 2089/2089/2089
f 2086/2086/2086 2089/2089/2089 2090/2090/2090
f 2090/2090/2090 2089/2089/2089 2091/2091/2091
f 2090/2090/2090 2091/2091/2091 2092/2092/2092
f 2090/2090/2090 2092/2092/2092 2093/2093/2093
f 2093/2093/2093 2092/2092/2092 2094/2094/2094
f 2093/2093/2093 2094/2094/2094 2095/2095/2095
f 2095/2095/2095 2094/2094/2094 2096/2096/2096
f 2095/2095/2095 2096/2096/2096 2097/2097/2097
f 2095/2095/2095 2097/2097/2097 2098/2098/2098
f 2100/2100/2100 2099/2099/2099 2101/2101/2101
f 2100/2100/2100 2101/2101/2101 2102/2102/2102
f 2102/2102/2102 2101/2101/2101 2103/2103/2103
f 2102/2102/2102 2103/2103/2103 2104/2104/2104
f 2104/2104/2104 2103/2103/2103 2105/2105/2105
f 2104/2104/2104 2105/2105/2105 2106/2106/2106
f 2106/2106/2106 2105/2105/2105 2107/2107/2107
f 2107/2107/2107 2105/2105/2105 2108/2108/2108
f 2107/2107/2107 2108/2108/2108 2109/2109/2109
f 2109/2109/2109 2108/2108/2108 2110/2110/2110
f 2109/2109/2109 2111/2111/2111 2107/2107/2107
f 2113/2113/2113 2112/2112/2112 2114/2114/2114
f 2113/2113/2113 2114/2114/2114 2115/2115/2115
f 2115/2115/2115 2114/2114/2114 2116/2116/2116
f 2117/2117/2117 2118/2118/2118 2119/2119/2119
f 2119/2119/2119 2118/2118/2118 2120/2120/2120
f 2120/2120/2120 2118/2118/2118 2121/2121/2121
f 2120/2120/2120 2121/2121/2121 2122/2122/2122
f 2122/2122/2122 2121/2121/2121 2123/2123/2123
f 2123/2123/2123 2121/2121/2121 2124/2124/2124
f 2125/2125/2125 2126/2126/2126 2127/2127/2127
f 2127/2127/2127 2126/2126/2126 2128/2128/2128
f 2128/2128/2128 2126/2126/2126 2129/2129/2129
f 2128/2128/2128 2129/2129/2129 2130/2130/2130
f 2130/2130/2130 2129/2129/2129 2131/2131/2131
f 2131/2131/2131 2129/2129/2129 2132/2132/2132
f 2133/2133/2133 2134/2134/2134 2135/2135/2135
f 2135/2135/2135 2134/2134/2134 2136/2136/2136
f 2136/2136/2136 2134/2134/2134 2137/2137/2137
f 2136/2136/2136 2137/2137/2137 2138/2138/2138
f 2138/2138/2138 2137/2137/2137 2139/2139/2139
f 2139/2139/2139 2137/2137/2137 2140/2140/2140
f 2141/2141/2141 2142/2142/2142 2143/2143/2143
f 2143/2143/2143 2142/2142/2142 2144/2144/2144
f 2143/2143/2143 2144/2144/2144 2145/2145/2145
f 2145/2145/2145 2144/2144/2144 2146/2146/2146
f 2145/2145/2145 2146/2146/2146 2147/2147/2147
f 2145/2145/2145 2147/2147/2147 2148/2148/2148
f 2148/2148/2148 2147/2147/2147 2149/2149/2149
f 2148/2148/2148 2149/2149/2149 2150/2150/2150
f 2150/2150/2150 2149/2149/2149 2151/2151/2151
f 2150/2150/2150 2151/2151/2151 2152/2152/2152
f 2152/2152/2152 2151/2151/2151 2153/2153/2153
f 2152/2152/2152 2153/2153/2153 2154/2154/2154
f 2147/2147/2147 2155/2155/2155 2156/2156/2156
f 2147/2147/2147 2156/2156/2156 2149/2149/2149
f 2149/2149/2149 2157/2157/2157 2158/2158/2158
f 2149/2149/2149 2158/2158/2158 2151/2151/2151
f 2159/2159/2159 2153/2153/2153 2151/2151/2151
f 2159/2159/2159 2151/2151/2151 2160/2160/2160
f 2162/2162/2162 2161/2161/2161 2163/2163/2163
f 2162/2162/2162 2163/2163/2163 2164/2164/2164
f 2164/2164/2164 2163/2163/2163 2165/2165/2165
f 2164/2164/2164 2165/2165/2165 2166/2166/2166
f 2166/2166/2166 2165/2165/2165 2167/2167/2167
f 2167/2167/2167 2165/2165/2165 2168/2168/2168
f 2169/2169/2169 2170/2170/2170 2171/2171/2171
f 2171/2171/2171 2170/2170/2170 2172/2172/2172
f 2172/2172/2172 2170/2170/2170 2173/2173/2173
f 2172/2172/2172 2173/2173/2173 2174/2174/2174
f 2174/2174/2174 2173/2173/2173 2175/2175/2175
f 2175/2175/2175 2173/2173/2173 2176/2176/2176
f 2177/2177/2177 2178/2178/2178 2179/2179/2179
f 2179/2179/2179 2178/2178/2178 2180/2180/2180
f 2180/2180/2180 2178/2178/2178 2181/2181/2181
f 2182/2182/2182 2183/2183/2183 2184/2184/2184
f 2184/2184/2184 2183/2183/2183 2185/2185/2185
f 2184/2184/2184 2185/2185/2185 2186/2186/2186
f 2186/2186/2186 2185/2185/2185 2187/2187/2187
f 2186/2186/2186 2187/2187/2187 2188/2188/2188
f 2186/2186/2186 2188/2188/2188 2189/2189/2189
f 2189/2189/2189 2188/2188/2188 2190/2190/2190
f 2189/2189/2189 2190/2190/2190 2191/2191/2191
f 2191/2191/2191 2190/2190/2190 2192/2192/2192
f 2191/2191/2191 2192/2192/2192 2193/2193/2193
f 2191/2191/2191 2193/2193/2193 2194/2194/2194
f 2194/2194/2194 2193/2193/2193 2195/2195/2195
f 2194/2194/2194 2195/2195/2195 2196/2196/2196
f 2194/2194/2194 2196/2196/2196 2197/2197/2197
f 2197/2197/2197 2196/2196/2196 2198/2198/2198
f 2198/2198/2198 2196/2196/2196 2199/2199/2199
f 2200/2200/2200 2201/2201/2201 2202/2202/2202
f 2202/2202/2202 2201/2201/2201 2203/2203/2203
f 2203/2203/2203 2201/2201/2201 2204/2204/2204
f 2203/2203/2203 2204/2204/2204 2205/2205/2205
f 2205/2205/2205 2204/2204/2204 2206/2206/2206
f 2206/2206/2206 2204/2204/2204 2207/2207/2207
f 2206/2206/2206 2207/2207/2207 2208/2208/2208
f 2206/2206/2206 2208/2208/2208 2209/2209/2209
f 2209/2209/2209 2208/2208/2208 2210/2210/2210
f 2209/2209/2209 2210/2210/2210 2211/2211/2211
f 2209/2209/2209 2211/2211/2211 2212/2212/2212
f 2209/2209/2209 2212/2212/2212 2213/2213/2213
f 2213/2213/2213 2212/2212/2212 2214/2214/2214
f 2214/2214/2214 2212/2212/2212 2215/2215/2215
f 2214/2214/2214 2215/2215/2215 2216/2216/2216
f 2216/2216/2216 2215/2215/2215 2217/2217/2217
f 2218/2218/2218 2219/2219/2219 2220/2220/2220
f 2220/2220/2220 2219/2219/2219 2221/2221/2221
f 2221/2221/2221 2219/2219/2219 2222/2222/2222
f 2221/2221/2221 2222/2222/2222 2223/2223/2223
f 2223/2223/2223 2222/2222/2222 2224/2224/2224
f 2224/2224/2224 2222/2222/2222 2225/2225/2225
f 2226/2226/2226 2227/2227/2227 2228/2228/2228
f 2228/2228/2228 2227/2227/2227 2229/2229/2229
f 2229/2229/2229 2227/2227/2227 2230/2230/2230
f 2229/2229/2229 2230/2230/2230 2231/2231/2231
f 2231/2231/2231 2230/2230/2230 2232/2232/2232
f 2232/2232/2232 2230/2230/2230 2233/2233/2233
f 2232/2232/2232 2233/2233/2233 2234/2234/2234
f 2234/2234/2234 2233/2233/2233 2235/2235/2235
f 2234/2234/2234 2235/2235/2235 2236/2236/2236
f 2236/2236/2236 2235/2235/2235 2237/2237/2237
f 2238/2238/2238 2239/2239/2239 2240/2240/2240
f 2240/2240/2240 2239/2239/2239 2241/2241/2241
f 2241/2241/2241 2239/2239/2239 2242/2242/2242
f 2241/2241/2241 2242/2242/2242 2243/2243/2243
f 2245/2245/2245 2244/2244/2244 2246/2246/2246
f 2245/2245/2245 2246/2246/2246 2247/2247/2247
f 2247/2247/2247 2246/2246/2246 2248/2248/2248
f 2247/2247/2247 2248/2248/2248 2249/2249/2249
f 2249/2249/2249 2248/2248/2248 2250/2250/2250
f 2249/2249/2249 2250/2250/2250 2251/2251/2251
f 2251/2251/2251 2250/2250/2250 2252/2252/2252
f 2252/2252/2252 2250/2250/2250 2253/2253/2253
f 2252/2252/2252 2253/2253/2253 2254/2254/2254
f 2254/2254/2254 2253/2253/2253 2255/2255/2255
f 2256/2256/2256 2257/2257/2257 2258/2258/2258
f 2258/2258/2258 2257/2257/2257 2259/2259/2259
f 2258/2258/2258 2259/2259/2259 2260/2260/2260
f 2258/2258/2258 2260/2260/2260 2261/2261/2261
f 2261/2261/2261 2260/2260/2260 2262/2262/2262
f 2261/2261/2261 2262/2262/2262 2263/2263/2263
f 2263/2263/2263 2262/2262/2262 2264/2264/2264
f 2263/2263/2263 2264/2264/2264 2265/2265/2265
f 2265/2265/2265 2264/2264/2264 2266/2266/2266
f 2265/2265/2265 2266/2266/2266 2267/2267/2267
f 2267/2267/2267 2266/2266/2266 2268/2268/2268
f 2267/2267/2267 2268/2268/2268 2269/2269/2269
f 2266/2266/2266 2270/2270/2270 2268/2268/2268
f 2271/2271/2271 2272/2272/2272 2273/2273/2273
f 2273/2273/2273 2272/2272/2272 2274/2274/2274
f 2274/2274/2274 2272/2272/2272 2275/2275/2275
f 2275/2275/2275 2272/2272/2272 2276/2276/2276
f 2275/2275/2275 2276/2276/2276 2277/2277/2277
f 2277/2277/2277 2276/2276/2276 2278/2278/2278
f 2278/2278/2278 2276/2276/2276 2279/2279/2279
f 2279/2279/2279 2276/2276/2276 2280/2280/2280
f 2279/2279/2279 2280/2280/2280 2281/2281/2281
f 2281/2281/2281 2280/2280/2280 2282/2282/2282
f 2282/2282/2282 2280/2280/2280 2283/2283/2283
f 2284/2284/2284 2285/2285/2285 2286/2286/2286
f 2286/2286/2286 2285/2285/2285 2287/2287/2287
f 2287/2287/2287 2285/2285/2285 2288/2288/2288
f 2288/2288/2288 2285/2285/2285 2289/2289/2289
f 2288/2288/2288 2289/2289/2289 2290/2290/2290
f 2290/2290/2290 2289/2289/2289 2291/2291/2291
f 2290/2290/2290 2291/2291/2291 2292/2292/2292
f 2292/2292/2292 2291/2291/2291 2293/2293/2293
f 2292/2292/2292 2293/2293/2293 2294/2294/2294
f 2294/2294/2294 2293/2293/2293 2295/2295/2295
f 2294/2294/2294 2295/2295/2295 2296/2296/2296
f 2296/2296/2296 2295/2295/2295 2297/2297/2297
f 2298/2298/2298 2294/2294/2294 2296/2296/2296
f 2300/2300/2300 2299/2299/2299 2301/2301/2301
f 2300/2300/2300 2301/2301/2301 2302/2302/2302
f 2302/2302/2302 2301/2301/2301 2303/2303/2303
f 2303/2303/2303 2301/2301/2301 2304/2304/2304
f 2303/2303/2303 2304/2304/2304 2305/2305/2305
f 2305/2305/2305 2304/2304/2304 2306/2306/2306
f 2306/2306/2306 2304/2304/2304 2307/2307/2307
f 2307/2307/2307 2304/2304/2304 2308/2308/2308
f 2307/2307/2307 2308/2308/2308 2309/2309/2309
f 2309/2309/2309 2308/2308/2308 2310/2310/2310
f 2310/2310/2310 2308/2308/2308 2311/2311/2311
f 2312/2312/2312 2313/2313/2313 2314/2314/2314
f 2314/2314/2314 2313/2313/2313 2315/2315/2315
f 2315/2315/2315 2313/2313/2313 2316/2316/2316
f 2316/2316/2316 2313/2313/2313 2317/2317/2317
f 2316/2316/2316 2317/2317/2317 2318/2318/2318
f 2318/2318/2318 2317/2317/2317 2319/2319/2319
f 2318/2318/2318 2319/2319/2319 2320/2320/2320
f 2321/2321/2321 2316/2316/2316 2318/2318/2318
f 2321/2321/2321 2318/2318/2318 2322/2322/2322
f 2321/2321/2321 2322/2322/2322 2323/2323/2323
f 2323/2323/2323 2322/2322/2322 2324/2324/2324
f 2323/2323/2323 2324/2324/2324 2325/2325/2325
f 2321/2321/2321 2323/2323/2323 2326/2326/2326
f 2321/2321/2321 2326/2326/2326 2327/2327/2327
f 2327/2327/2327 2326/2326/2326 2328/2328/2328
f 2328/2328/2328 2326/2326/2326 2329/2329/2329
f 2328/2328/2328 2329/2329/2329 2330/2330/2330
f 2328/2328/2328 2330/2330/2330 2331/2331/2331
f 2331/2331/2331 2330/2330/2330 2332/2332/2332
f 2332/2332/2332 2330/2330/2330 2333/2333/2333
f 2332/2332/2332 2333/2333/2333 2334/2334/2334
f 2334/2334/2334 2333/2333/2333 2335/2335/2335
f 2334/2334/2334 2335/2335/2335 2336/2336/2336
f 2336/2336/2336 2335/2335/2335 2337/2337/2337
f 2337/2337/2337 2335/2335/2335 2338/2338/2338
f 2337/2337/2337 2338/2338/2338 2339/2339/2339
f 2339/2339/2339 2338/2338/2338 2340/2340/2340
f 2339/2339/2339 2340/2340/2340 2341/2341/2341
f 2341/2341/2341 2340/2340/2340 2342/2342/2342
f 2342/2342/2342 2340/2340/2340 2343/2343/2343
f 2342/2342/2342 2343/2343/2343 2344/2344/2344
f 2342/2342/2342 2344/2344/2344 2345/2345/2345
f 2345/2345/2345 2344/2344/2344 2346/2346/2346
f 2346/2346/2346 2344/2344/2344 2347/2347/2347
f 2346/2346/2346 2347/2347/2347 2348/2348/2348
f 2348/2348/2348 2347/2347/2347 2349/2349/2349
f 2349/2349/2349 2347/2347/2347 2350/2350/2350
f 2348/2348/2348 2351/2351/2351 2346/2346/2346
f 2346/2346/2346 2351/2351/2351 2352/2352/2352
f 2352/2352/2352 2351/2351/2351 2353/2353/2353
f 2352/2352/2352 2353/2353/2353 2354/2354/2354
f 2352/2352/2352 2354/2354/2354 2355/2355/2355
f 2355/2355/2355 2354/2354/2354 2356/2356/2356
f 2356/2356/2356 2354/2354/2354 2357/2357/2357
f 2353/2353/2353 2351/2351/2351 2358/2358/2358
f 2358/2358/2358 2351/2351/2351 2359/2359/2359
f 2360/2360/2360 2361/2361/2361 2362/2362/2362
f 2362/2362/2362 2361/2361/2361 2363/2363/2363
f 2362/2362/2362 2363/2363/2363 2364/2364/2364
f 2362/2362/2362 2364/2364/2364 2365/2365/2365
f 2365/2365/2365 2364/2364/2364 2366/2366/2366
f 2366/2366/2366 2364/2364/2364 2367/2367/2367
f 2368/2368/2368 2369/2369/2369 2370/2370/2370
f 2370/2370/2370 2369/2369/2369 2371/2371/2371
f 2370/2370/2370 2371/2371/2371 2372/2372/2372
f 2370/2370/2370 2372/2372/2372 2373/2373/2373
f 2375/2375/2375 2374/2374/2374 2376/2376/2376
f 2375/2375/2375 2376/2376/2376 2377/2377/2377
f 2377/2377/2377 2376/2376/2376 2378/2378/2378
f 2378/2378/2378 2376/2376/2376 2379/2379/2379
f 2378/2378/2378 2379/2379/2379 2380/2380/2380
f 2378/2378/2378 2380/2380/2380 2381/2381/2381
f 2381/2381/2381 2380/2380/2380 2382/2382/2382
f 2381/2381/2381 2382/2382/2382 2383/2383/2383
f 2383/2383/2383 2382/2382/2382 2384/2384/2384
f 2383/2383/2383 2384/2384/2384 2385/2385/2385
f 2382/2382/2382 2380/2380/2380 2386/2386/2386
f 2382/2382/2382 2386/2386/2386 2387/2387/2387
f 2382/2382/2382 2387/2387/2387 2384/2384/2384
f 2389/2389/2389 2388/2388/2388 2390/2390/2390
f 2389/2389/2389 2390/2390/2390 2391/2391/2391
f 2391/2391/2391 2390/2390/2390 2392/2392/2392
f 2391/2391/2391 2392/2392/2392 2393/2393/2393
f 2394/2394/2394 2392/2392/2392 2390/2390/2390
f 2395/2395/2395 2396/2396/2396 2397/2397/2397
f 2397/2397/2397 2396/2396/2396 2398/2398/2398
f 2397/2397/2397 2398/2398/2398 2399/2399/2399
f 2397/2397/2397 2399/2399/2399 2400/2400/2400
f 2400/2400/2400 2399/2399/2399 2401/2401/2401
f 2400/2400/2400 2401/2401/2401 2402/2402/2402
f 2402/2402/2402 2401/2401/2401 2403/2403/2403
f 2402/2402/2402 2403/2403/2403 2404/2404/2404
f 2404/2404/2404 2403/2403/2403 2405/2405/2405
f 2405/2405/2405 2403/2403/2403 2406/2406/2406
f 2406/2406/2406 2403/2403/2403 2407/2407/2407
f 2406/2406/2406 2407/2407/2407 2408/2408/2408
f 2407/2407/2407 2403/2403/2403 2401/2401/2401
f 2409/2409/2409 2410/2410/2410 2411/2411/2411
f 2411/2411/2411 2410/2410/2410 2412/2412/2412
f 2411/2411/2411 2412/2412/2412 2413/2413/2413
f 2413/2413/2413 2412/2412/2412 2414/2414/2414
f 2413/2413/2413 2415/2415/2415 2411/2411/2411
f 2417/2417/2417 2416/2416/2416 2418/2418/2418
f 2417/2417/2417 2418/2418/2418 2419/2419/2419
f 2417/2417/2417 2419/2419/2419 2420/2420/2420
f 2420/2420/2420 2419/2419/2419 2421/2421/2421
f 2420/2420/2420 2421/2421/2421 2422/2422/2422
f 2423/2423/2423 2417/2417/2417 2420/2420/2420
f 2423/2423/2423 2420/2420/2420 2424/2424/2424
f 2426/2426/2426 2425/2425/2425 2427/2427/2427
f 2426/2426/2426 2427/2427/2427 2428/2428/2428
f 2428/2428/2428 2427/2427/2427 2429/2429/2429
f 2428/2428/2428 2429/2429/2429 2430/2430/2430
f 2430/2430/2430 2429/2429/2429 2431/2431/2431
f 2427/2427/2427 2432/2432/2432 2429/2429/2429
f 2429/2429/2429 2432/2432/2432 2433/2433/2433
f 2434/2434/2434 2435/2435/2435 2436/2436/2436
f 2436/2436/2436 2435/2435/2435 2437/2437/2437
f 2436/2436/2436 2437/2437/2437 2438/2438/2438
f 2436/2436/2436 2438/2438/2438 2439/2439/2439
f 2441/2441/2441 2440/2440/2440 2442/2442/2442
f 2441/2441/2441 2442/2442/2442 2443/2443/2443
f 2443/2443/2443 2442/2442/2442 2444/2444/2444
f 2444/2444/2444 2442/2442/2442 2445/2445/2445
f 2446/2446/2446 2447/2447/2447 2448/2448/2448
f 2448/2448/2448 2447/2447/2447 2449/2449/2449
f 2449/2449/2449 2447/2447/2447 2450/2450/2450
f 2450/2450/2450 2447/2447/2447 2451/2451/2451
f 2450/2450/2450 2451/2451/2451 2452/2452/2452
f 2450/2450/2450 2452/2452/2452 2453/2453/2453
f 2455/2455/2455 2454/2454/2454 2456/2456/2456
f 2455/2455/2455 2456/2456/2456 2457/2457/2457
f 2455/2455/2455 2457/2457/2457 2458/2458/2458
f 2455/2455/2455 2458/2458/2458 2459/2459/2459
f 2461/2461/2461 2460/2460/2460 2462/2462/2462
f 2461/2461/2461 2462/2462/2462 2463/2463/2463
f 2463/2463/2463 2462/2462/2462 2464/2464/2464
f 2464/2464/2464 2462/2462/2462 2465/2465/2465
f 2466/2466/2466 2467/2467/2467 2468/2468/2468
f 2468/2468/2468 2467/2467/2467 2469/2469/2469
f 2469/2469/2469 2467/2467/2467 2470/2470/2470
f 2470/2470/2470 2467/2467/2467 2471/2471/2471
f 2470/2470/2470 2471/2471/2471 2472/2472/2472
f 2472/2472/2472 2471/2471/2471 2473/2473/2473
f 2472/2472/2472 2473/2473/2473 2474/2474/2474
f 2472/2472/2472 2474/2474/2474 2475/2475/2475
f 2475/2475/2475 2474/2474/2474 2476/2476/2476
f 2475/2475/2475 2476/2476/2476 2477/2477/2477
f 2472/2472/2472 2475/2475/2475 2478/2478/2478
f 2479/2479/2479 2480/2480/2480 2481/2481/2481
f 2481/2481/2481 2480/2480/2480 2482/2482/2482
f 2481/2481/2481 2482/2482/2482 2483/2483/2483
f 2481/2481/2481 2483/2483/2483 2484/2484/2484
f 2484/2484/2484 2483/2483/2483 2485/2485/2485
f 2486/2486/2486 2487/2487/2487 2488/2488/2488
f 2488/2488/2488 2487/2487/2487 2489/2489/2489
f 2489/2489/2489 2487/2487/2487 2490/2490/2490
f 2489/2489/2489 2490/2490/2490 2491/2491/2491
f 2491/2491/2491 2490/2490/2490 2492/2492/2492
f 2491/2491/2491 2492/2492/2492 2493/2493/2493
f 2493/2493/2493 2492/2492/2492 2494/2494/2494
f 2493/2493/2493 2494/2494/2494 2495/2495/2495
f 2493/2493/2493 2495/2495/2495 2496/2496/2496
f 2498/2498/2498 2497/2497/2497 2499/2499/2499
f 2498/2498/2498 2499/2499/2499 2500/2500/2500
f 2498/2498/2498 2500/2500/2500 2501/2501/2501
f 2501/2501/2501 2500/2500/2500 2502/2502/2502
f 2501/2501/2501 2502/2502/2502 2503/2503/2503
f 2504/2504/2504 2498/2498/2498 2501/2501/2501
f 2504/2504/2504 2501/2501/2501 2505/2505/2505
f 2507/2507/2507 2506/2506/2506 2508/2508/2508
f 2507/2507/2507 2508/2508/2508 2509/2509/2509
f 2507/2507/2507 2509/2509/2509 2510/2510/2510
f 2507/2507/2507 2510/2510/2510 2511/2511/2511
f 2511/2511/2511 2510/2510/2510 2512/2512/2512
f 2511/2511/2511 2512/2512/2512 2513/2513/2513
f 2513/2513/2513 2512/2512/2512 2514/2514/2514
f 2514/2514/2514 2512/2512/2512 2515/2515/2515
f 2514/2514/2514 2515/2515/2515 2516/2516/2516
f 2516/2516/2516 2515/2515/2515 2517/2517/2517
f 2512/2512/2512 2518/2518/2518 2515/2515/2515
f 2520/2520/2520 2519/2519/2519 2521/2521/2521
f 2520/2520/2520 2521/2521/2521 2522/2522/2522
f 2520/2520/2520 2522/2522/2522 2523/2523/2523
f 2520/2520/2520 2523/2523/2523 2524/2524/2524
f 2524/2524/2524 2523/2523/2523 2525/2525/2525
f 2524/2524/2524 2525/2525/2525 2526/2526/2526
f 2525/2525/2525 2523/2523/2523 2527/2527/2527
f 2525/2525/2525 2527/2527/2527 2528/2528/2528
f 2525/2525/2525 2528/2528/2528 2529/2529/2529
f 2529/2529/2529 2528/2528/2528 2530/2530/2530
f 2529/2529/2529 2530/2530/2530 2531/2531/2531
f 2531/2531/2531 2530/2530/2530 2532/2532/2532
f 2532/2532/2532 2530/2530/2530 2533/2533/2533
f 2532/2532/2532 2533/2533/2533 2534/2534/2534
f 2532/2532/2532 2534/2534/2534 2535/2535/2535
f 2532/2532/2532 2535/2535/2535 2536/2536/2536
f 2538/2538/2538 2537/2537/2537 2539/2539/2539
f 2538/2538/2538 2539/2539/2539 2540/2540/2540
f 2538/2538/2538 2540/2540/2540 2541/2541/2541
f 2541/2541/2541 2540/2540/2540 2542/2542/2542
f 2538/2538/2538 2541/2541/2541 2543/2543/2543
f 2543/2543/2543 2541/2541/2541 2544/2544/2544
f 2544/2544/2544 2541/2541/2541 2545/2545/2545
f 2544/2544/2544 2545/2545/2545 2546/2546/2546
f 2546/2546/2546 2545/2545/2545 2547/2547/2547
f 2546/2546/2546 2547/2547/2547 2548/2548/2548
f 2546/2546/2546 2548/2548/2548 2549/2549/2549
f 2549/2549/2549 2548/2548/2548 2550/2550/2550
f 2550/2550/2550 2548/2548/2548 2551/2551/2551
f 2551/2551/2551 2548/2548/2548 2552/2552/2552
f 2553/2553/2553 2554/2554/2554 2555/2555/2555
f 2555/2555/2555 2554/2554/2554 2556/2556/2556
f 2556/2556/2556 2554/2554/2554 2557/2557/2557
f 2556/2556/2556 2557/2557/2557 2558/2558/2558
f 2558/2558/2558 2557/2557/2557 2559/2559/2559
f 2558/2558/2558 2559/2559/2559 2560/2560/2560
f 2560/2560/2560 2559/2559/2559 2561/2561/2561
f 2560/2560/2560 2561/2561/2561 2562/2562/2562
f 2557/2557/2557 2554/2554/2554 2563/2563/2563
f 2557/2557/2557 2563/2563/2563 2564/2564/2564
f 2564/2564/2564 2563/2563/2563 2565/2565/2565
f 2565/2565/2565 2563/2563/2563 2566/2566/2566
f 2565/2565/2565 2566/2566/2566 2567/2567/2567
f 2567/2567/2567 2566/2566/2566 2568/2568/2568
f 2568/2568/2568 2566/2566/2566 2569/2569/2569
f 2569/2569/2569 2566/2566/2566 2570/2570/2570
f 2569/2569/2569 2570/2570/2570 2571/2571/2571
f 2561/2561/2561 2559/2559/2559 2557/2557/2557
f 2561/2561/2561 2557/2557/2557 2564/2564/2564
f 2563/2563/2563 2570/2570/2570 2566/2566/2566
f 2572/2572/2572 2573/2573/2573 2574/2574/2574
f 2574/2574/2574 2573/2573/2573 2575/2575/2575
f 2575/2575/2575 2573/2573/2573 2576/2576/2576
f 2575/2575/2575 2576/2576/2576 2577/2577/2577
f 2577/2577/2577 2576/2576/2576 2578/2578/2578
f 2577/2577/2577 2578/2578/2578 2579/2579/2579
f 2579/2579/2579 2578/2578/2578 2580/2580/2580
f 2579/2579/2579 2580/2580/2580 2581/2581/2581
f 2581/2581/2581 2580/2580/2580 2576/2576/2576
f 2581/2581/2581 2576/2576/2576 2573/2573/2573
f 2579/2579/2579 2581/2581/2581 2582/2582/2582
f 2579/2579/2579 2582/2582/2582 2583/2583/2583
f 2585/2585/2585 2584/2584/2584 2586/2586/2586
f 2585/2585/2585 2586/2586/2586 2587/2587/2587
f 2585/2585/2585 2587/2587/2587 2588/2588/2588
f 2588/2588/2588 2587/2587/2587 2589/2589/2589
f 2588/2588/2588 2589/2589/2589 2590/2590/2590
f 2590/2590/2590 2589/2589/2589 2591/2591/2591
f 2590/2590/2590 2591/2591/2591 2592/2592/2592
f 2592/2592/2592 2591/2591/2591 2593/2593/2593
f 2585/2585/2585 2588/2588/2588 2594/2594/2594
f 2594/2594/2594 2588/2588/2588 2595/2595/2595
f 2594/2594/2594 2595/2595/2595 2596/2596/2596
f 2594/2594/2594 2596/2596/2596 2597/2597/2597
f 2597/2597/2597 2596/2596/2596 2598/2598/2598
f 2597/2597/2597 2598/2598/2598 2599/2599/2599
f 2597/2597/2597 2599/2599/2599 2600/2600/2600
f 2597/2597/2597 2600/2600/2600 2601/2601/2601
f 2601/2601/2601 2600/2600/2600 2602/2602/2602
f 2590/2590/2590 2592/2592/2592 2588/2588/2588
f 2588/2588/2588 2592/2592/2592 2595/2595/2595
f 2601/2601/2601 2594/2594/2594 2597/2597/2597
f 2604/2604/2604 2603/2603/2603 2605/2605/2605
f 2604/2604/2604 2605/2605/2605 2606/2606/2606
f 2604/2604/2604 2606/2606/2606 2607/2607/2607
f 2607/2607/2607 2606/2606/2606 2608/2608/2608
f 2607/2607/2607 2608/2608/2608 2609/2609/2609
f 2609/2609/2609 2608/2608/2608 2610/2610/2610
f 2609/2609/2609 2610/2610/2610 2611/2611/2611
f 2611/2611/2611 2610/2610/2610 2612/2612/2612
f 2611/2611/2611 2612/2612/2612 2607/2607/2607
f 2607/2607/2607 2612/2612/2612 2604/2604/2604
f 2612/2612/2612 2610/2610/2610 2613/2613/2613
f 2613/2613/2613 2610/2610/2610 2614/2614/2614
f 2615/2615/2615 2616/2616/2616 2617/2617/2617
f 2617/2617/2617 2616/2616/2616 2618/2618/2618
f 2618/2618/2618 2616/2616/2616 2619/2619/2619
f 2619/2619/2619 2616/2616/2616 2620/2620/2620
f 2621/2621/2621 2622/2622/2622 2623/2623/2623
f 2623/2623/2623 2622/2622/2622 2624/2624/2624
f 2623/2623/2623 2624/2624/2624 2625/2625/2625
f 2623/2623/2623 2625/2625/2625 2626/2626/2626
f 2628/2628/2628 2627/2627/2627 2629/2629/2629
f 2628/2628/2628 2629/2629/2629 2630/2630/2630
f 2630/2630/2630 2629/2629/2629 2631/2631/2631
f 2631/2631/2631 2629/2629/2629 2632/2632/2632
f 2631/2631/2631 2632/2632/2632 2633/2633/2633
f 2633/2633/2633 2632/2632/2632 2634/2634/2634
f 2634/2634/2634 2632/2632/2632 2635/2635/2635
f 2635/2635/2635 2632/2632/2632 2636/2636/2636
f 2637/2637/2637 2638/2638/2638 2639/2639/2639
f 2639/2639/2639 2638/2638/2638 2640/2640/2640
f 2639/2639/2639 2640/2640/2640 2641/2641/2641
f 2639/2639/2639 2641/2641/2641 2642/2642/2642
f 2642/2642/2642 2641/2641/2641 2643/2643/2643
f 2642/2642/2642 2643/2643/2643 2644/2644/2644
f 2642/2642/2642 2644/2644/2644 2645/2645/2645
f 2642/2642/2642 2645/2645/2645 2646/2646/2646
f 2648/2648/2648 2647/2647/2647 2649/2649/2649
f 2648/2648/2648 2649/2649/2649 2650/2650/2650
f 2650/2650/2650 2649/2649/2649 2651/2651/2651
f 2651/2651/2651 2649/2649/2649 2652/2652/2652
f 2651/2651/2651 2652/2652/2652 2653/2653/2653
f 2653/2653/2653 2652/2652/2652 2654/2654/2654
f 2651/2651/2651 2653/2653/2653 2655/2655/2655
f 2657/2657/2657 2656/2656/2656 2658/2658/2658
f 2657/2657/2657 2658/2658/2658 2659/2659/2659
f 2657/2657/2657 2659/2659/2659 2660/2660/2660
f 2657/2657/2657 2660/2660/2660 2661/2661/2661
f 2661/2661/2661 2660/2660/2660 2662/2662/2662
f 2661/2661/2661 2662/2662/2662 2663/2663/2663
f 2662/2662/2662 2660/2660/2660 2664/2664/2664
f 2665/2665/2665 2666/2666/2666 2667/2667/2667
f 2667/2667/2667 2666/2666/2666 2668/2668/2668
f 2667/2667/2667 2668/2668/2668 2669/2669/2669
f 2667/2667/2667 2669/2669/2669 2670/2670/2670
f 2670/2670/2670 2669/2669/2669 2671/2671/2671
f 2671/2671/2671 2669/2669/2669 2672/2672/2672
f 2672/2672/2672 2669/2669/2669 2673/2673/2673
f 2672/2672/2672 2673/2673/2673 2674/2674/2674
f 2674/2674/2674 2673/2673/2673 2675/2675/2675
f 2674/2674/2674 2675/2675/2675 2676/2676/2676
f 2676/2676/2676 2675/2675/2675 2677/2677/2677
f 2676/2676/2676 2677/2677/2677 2678/2678/2678
f 2678/2678/2678 2677/2677/2677 2679/2679/2679
f 2678/2678/2678 2679/2679/2679 2680/2680/2680
f 2680/2680/2680 2679/2679/2679 2681/2681/2681
f 2680/2680/2680 2681/2681/2681 2682/2682/2682
f 2680/2680/2680 2682/2682/2682 2683/2683/2683
f 2683/2683/2683 2682/2682/2682 2684/2684/2684
f 2683/2683/2683 2684/2684/2684 2685/2685/2685
f 2685/2685/2685 2684/2684/2684 2686/2686/2686
f 2685/2685/2685 2686/2686/2686 2687/2687/2687
f 2688/2688/2688 2686/2686/2686 2684/2684/2684
f 2688/2688/2688 2684/2684/2684 2689/2689/2689
f 2689/2689/2689 2684/2684/2684 2682/2682/2682
f 2689/2689/2689 2682/2682/2682 2690/2690/2690
f 2690/2690/2690 2682/2682/2682 2681/2681/2681
f 2690/2690/2690 2681/2681/2681 2691/2691/2691
f 2691/2691/2691 2681/2681/2681 2692/2692/2692
f 2692/2692/2692 2681/2681/2681 2679/2679/2679
f 2692/2692/2692 2679/2679/2679 2693/2693/2693
f 2693/2693/2693 2679/2679/2679 2677/2677/2677
f 2693/2693/2693 2677/2677/2677 2694/2694/2694
f 2694/2694/2694 2677/2677/2677 2675/2675/2675
f 2694/2694/2694 2675/2675/2675 2695/2695/2695
f 2695/2695/2695 2675/2675/2675 2673/2673/2673
f 2695/2695/2695 2673/2673/2673 2696/2696/2696
f 2696/2696/2696 2673/2673/2673 2669/2669/2669
f 2696/2696/2696 2669/2669/2669 2668/2668/2668
f 2698/2698/2698 2697/2697/2697 2699/2699/2699
f 2698/2698/2698 2699/2699/2699 2700/2700/2700
f 2698/2698/2698 2700/2700/2700 2701/2701/2701
f 2698/2698/2698 2701/2701/2701 2702/2702/2702
f 2702/2702/2702 2701/2701/2701 2703/2703/2703
f 2702/2702/2702 2703/2703/2703 2704/2704/2704
f 2704/2704/2704 2703/2703/2703 2705/2705/2705
f 2704/2704/2704 2705/2705/2705 2706/2706/2706
f 2706/2706/2706 2705/2705/2705 2707/2707/2707
f 2707/2707/2707 2705/2705/2705 2708/2708/2708
f 2707/2707/2707 2708/2708/2708 2709/2709/2709
f 2709/2709/2709 2708/2708/2708 2710/2710/2710
f 2709/2709/2709 2710/2710/2710 2711/2711/2711
f 2709/2709/2709 2711/2711/2711 2712/2712/2712
f 2712/2712/2712 2711/2711/2711 2713/2713/2713
f 2712/2712/2712 2713/2713/2713 2714/2714/2714
f 2714/2714/2714 2713/2713/2713 2715/2715/2715
f 2714/2714/2714 2715/2715/2715 2716/2716/2716
f 2716/2716/2716 2715/2715/2715 2717/2717/2717
f 2716/2716/2716 2717/2717/2717 2718/2718/2718
f 2718/2718/2718 2717/2717/2717 2719/2719/2719
f 2718/2718/2718 2719/2719/2719 2720/2720/2720
f 2720/2720/2720 2719/2719/2719 2721/2721/2721
f 2720/2720/2720 2721/2721/2721 2722/2722/2722
f 2722/2722/2722 2721/2721/2721 2723/2723/2723
f 2723/2723/2723 2721/2721/2721 2724/2724/2724
f 2723/2723/2723 2724/2724/2724 2725/2725/2725
f 2725/2725/2725 2724/2724/2724 2726/2726/2726
f 2725/2725/2725 2726/2726/2726 2727/2727/2727
f 2727/2727/2727 2726/2726/2726 2728/2728/2728
f 2727/2727/2727 2728/2728/2728 2729/2729/2729
f 2729/2729/2729 2728/2728/2728 2730/2730/2730
f 2729/2729/2729 2730/2730/2730 2731/2731/2731
f 2729/2729/2729 2731/2731/2731 2732/2732/2732
f 2732/2732/2732 2731/2731/2731 2733/2733/2733
f 2732/2732/2732 2734/2734/2734 2729/2729/2729
f 2736/2736/2736 2735/2735/2735 2737/2737/2737
f 2736/2736/2736 2737/2737/2737 2738/2738/2738
f 2738/2738/2738 2737/2737/2737 2739/2739/2739
f 2739/2739/2739 2737/2737/2737 2740/2740/2740
f 2739/2739/2739 2740/2740/2740 2741/2741/2741
f 2739/2739/2739 2741/2741/2741 2742/2742/2742
f 2742/2742/2742 2741/2741/2741 2743/2743/2743
f 2743/2743/2743 2741/2741/2741 2744/2744/2744
f 2743/2743/2743 2744/2744/2744 2745/2745/2745
f 2745/2745/2745 2744/2744/2744 2746/2746/2746
f 2745/2745/2745 2746/2746/2746 2747/2747/2747
f 2747/2747/2747 2746/2746/2746 2748/2748/2748
f 2747/2747/2747 2748/2748/2748 2749/2749/2749
f 2747/2747/2747 2749/2749/2749 2750/2750/2750
f 2750/2750/2750 2749/2749/2749 2751/2751/2751
f 2750/2750/2750 2751/2751/2751 2752/2752/2752
f 2752/2752/2752 2751/2751/2751 2753/2753/2753
f 2752/2752/2752 2753/2753/2753 2754/2754/2754
f 2754/2754/2754 2753/2753/2753 2755/2755/2755
f 2754/2754/2754 2755/2755/2755 2756/2756/2756
f 2756/2756/2756 2755/2755/2755 2757/2757/2757
f 2757/2757/2757 2755/2755/2755 2758/2758/2758
f 2757/2757/2757 2758/2758/2758 2759/2759/2759
f 2757/2757/2757 2759/2759/2759 2760/2760/2760
f 2760/2760/2760 2759/2759/2759 2761/2761/2761
f 2761/2761/2761 2759/2759/2759 2762/2762/2762
f 2761/2761/2761 2762/2762/2762 2763/2763/2763
f 2761/2761/2761 2763/2763/2763 2764/2764/2764
f 2766/2766/2766 2765/2765/2765 2767/2767/2767
f 2766/2766/2766 2767/2767/2767 2768/2768/2768
f 2768/2768/2768 2767/2767/2767 2769/2769/2769
f 2768/2768/2768 2769/2769/2769 2770/2770/2770
f 2770/2770/2770 2769/2769/2769 2771/2771/2771
f 2770/2770/2770 2771/2771/2771 2772/2772/2772
f 2772/2772/2772 2771/2771/2771 2773/2773/2773
f 2772/2772/2772 2773/2773/2773 2774/2774/2774
f 2772/2772/2772 2774/2774/2774 2775/2775/2775
f 2775/2775/2775 2774/2774/2774 2776/2776/2776
f 2775/2775/2775 2776/2776/2776 2777/2777/2777
f 2777/2777/2777 2776/2776/2776 2778/2778/2778
f 2767/2767/2767 2779/2779/2779 2769/2769/2769
f 2780/2780/2780 2775/2775/2775 2777/2777/2777
f 2780/2780/2780 2777/2777/2777 2781/2781/2781
f 2781/2781/2781 2777/2777/2777 2782/2782/2782
f 2781/2781/2781 2782/2782/2782 2783/2783/2783
f 2783/2783/2783 2782/2782/2782 2784/2784/2784
f 2783/2783/2783 2784/2784/2784 2785/2785/2785
f 2785/2785/2785 2784/2784/2784 2786/2786/2786
f 2786/2786/2786 2784/2784/2784 2787/2787/2787
f 2787/2787/2787 2784/2784/2784 2788/2788/2788
f 2788/2788/2788 2784/2784/2784 2789/2789/2789
f 2788/2788/2788 2789/2789/2789 2790/2790/2790
f 2791/2791/2791 2780/2780/2780 2781/2781/2781
f 2791/2791/2791 2781/2781/2781 2792/2792/2792
f 2792/2792/2792 2781/2781/2781 2783/2783/2783
f 2791/2791/2791 2792/2792/2792 2793/2793/2793
f 2789/2789/2789 2784/2784/2784 2782/2782/2782
f 2789/2789/2789 2782/2782/2782 2794/2794/2794
f 2794/2794/2794 2782/2782/2782 2777/2777/2777
f 2794/2794/2794 2777/2777/2777 2795/2795/2795
f 2795/2795/2795 2777/2777/2777 2778/2778/2778
f 2795/2795/2795 2778/2778/2778 2796/2796/2796
f 2795/2795/2795 2796/2796/2796 2797/2797/2797
f 2795/2795/2795 2797/2797/2797 2798/2798/2798
f 2798/2798/2798 2797/2797/2797 2799/2799/2799
f 2798/2798/2798 2799/2799/2799 2790/2790/2790
f 2798/2798/2798 2790/2790/2790 2800/2800/2800
f 2800/2800/2800 2790/2790/2790 2789/2789/2789
f 2800/2800/2800 2789/2789/2789 2794/2794/2794
f 2800/2800/2800 2794/2794/2794 2798/2798/2798
f 2798/2798/2798 2794/2794/2794 2795/2795/2795
f 2797/2797/2797 2796/2796/2796 2799/2799/2799
f 2799/2799/2799 2796/2796/2796 2801/2801/2801
f 2801/2801/2801 2796/2796/2796 2802/2802/2802
f 2801/2801/2801 2802/2802/2802 2803/2803/2803
f 2803/2803/2803 2802/2802/2802 2778/2778/2778
f 2803/2803/2803 2778/2778/2778 2804/2804/2804
f 2803/2803/2803 2804/2804/2804 2805/2805/2805
f 2805/2805/2805 2804/2804/2804 2806/2806/2806
f 2805/2805/2805 2806/2806/2806 2807/2807/2807
f 2807/2807/2807 2806/2806/2806 2808/2808/2808
f 2808/2808/2808 2806/2806/2806 2809/2809/2809
f 2808/2808/2808 2809/2809/2809 2810/2810/2810
f 2810/2810/2810 2809/2809/2809 2811/2811/2811
f 2811/2811/2811 2809/2809/2809 2804/2804/2804
f 2804/2804/2804 2809/2809/2809 2806/2806/2806
f 2796/2796/2796 2778/2778/2778 2802/2802/2802
f 2807/2807/2807 2801/2801/2801 2803/2803/2803
f 2807/2807/2807 2803/2803/2803 2805/2805/2805
f 2812/2812/2812 2808/2808/2808 2810/2810/2810
f 2812/2812/2812 2810/2810/2810 2813/2813/2813
f 2813/2813/2813 2810/2810/2810 2814/2814/2814
f 2813/2813/2813 2814/2814/2814 2815/2815/2815
f 2813/2813/2813 2815/2815/2815 2816/2816/2816
f 2813/2813/2813 2816/2816/2816 2817/2817/2817
f 2817/2817/2817 2816/2816/2816 2818/2818/2818
f 2818/2818/2818 2816/2816/2816 2819/2819/2819
f 2818/2818/2818 2819/2819/2819 2820/2820/2820
f 2820/2820/2820 2819/2819/2819 2821/2821/2821
f 2820/2820/2820 2821/2821/2821 2822/2822/2822
f 2820/2820/2820 2822/2822/2822 2823/2823/2823
f 2823/2823/2823 2822/2822/2822 2824/2824/2824
f 2813/2813/2813 2817/2817/2817 2812/2812/2812
f 2814/2814/2814 2810/2810/2810 2811/2811/2811
f 2815/2815/2815 2825/2825/2825 2816/2816/2816
f 2816/2816/2816 2825/2825/2825 2819/2819/2819
f 2819/2819/2819 2825/2825/2825 2821/2821/2821
f 2826/2826/2826 2827/2827/2827 2828/2828/2828
f 2828/2828/2828 2827/2827/2827 2829/2829/2829
f 2829/2829/2829 2827/2827/2827 2830/2830/2830
f 2830/2830/2830 2827/2827/2827 2831/2831/2831
f 2830/2830/2830 2831/2831/2831 2832/2832/2832
f 2832/2832/2832 2831/2831/2831 2833/2833/2833
f 2832/2832/2832 2833/2833/2833 2834/2834/2834
f 2834/2834/2834 2833/2833/2833 2835/2835/2835
f 2835/2835/2835 2833/2833/2833 2836/2836/2836
f 2835/2835/2835 2836/2836/2836 2837/2837/2837
f 2837/2837/2837 2836/2836/2836 2838/2838/2838
f 2837/2837/2837 2838/2838/2838 2839/2839/2839
f 2837/2837/2837 2839/2839/2839 2840/2840/2840
f 2837/2837/2837 2840/2840/2840 2841/2841/2841
f 2843/2843/2843 2842/2842/2842 2844/2844/2844
f 2843/2843/2843 2844/2844/2844 2845/2845/2845
f 2845/2845/2845 2844/2844/2844 2846/2846/2846
f 2846/2846/2846 2844/2844/2844 2847/2847/2847
f 2848/2848/2848 2849/2849/2849 2846/2846/2846
f 2846/2846/2846 2849/2849/2849 2845/2845/2845
f 2845/2845/2845 2849/2849/2849 2850/2850/2850
f 2851/2851/2851 2852/2852/2852 2853/2853/2853
f 2853/2853/2853 2852/2852/2852 2854/2854/2854
f 2854/2854/2854 2852/2852/2852 2855/2855/2855
f 2855/2855/2855 2852/2852/2852 2856/2856/2856
f 2855/2855/2855 2856/2856/2856 2857/2857/2857
f 2855/2855/2855 2857/2857/2857 2858/2858/2858
f 2855/2855/2855 2858/2858/2858 2859/2859/2859
f 2859/2859/2859 2858/2858/2858 2860/2860/2860
f 2859/2859/2859 2860/2860/2860 2861/2861/2861
f 2861/2861/2861 2860/2860/2860 2862/2862/2862
f 2861/2861/2861 2862/2862/2862 2863/2863/2863
f 2863/2863/2863 2862/2862/2862 2864/2864/2864
f 2863/2863/2863 2864/2864/2864 2865/2865/2865
f 2865/2865/2865 2864/2864/2864 2866/2866/2866
f 2865/2865/2865 2866/2866/2866 2867/2867/2867
f 2867/2867/2867 2866/2866/2866 2868/2868/2868
f 2868/2868/2868 2866/2866/2866 2869/2869/2869
f 2868/2868/2868 2869/2869/2869 2870/2870/2870
f 2870/2870/2870 2869/2869/2869 2871/2871/2871
f 2870/2870/2870 2871/2871/2871 2872/2872/2872
f 2872/2872/2872 2871/2871/2871 2873/2873/2873
f 2872/2872/2872 2874/2874/2874 2870/2870/2870
f 2870/2870/2870 2874/2874/2874 2875/2875/2875
f 2870/2870/2870 2875/2875/2875 2868/2868/2868
f 2868/2868/2868 2875/2875/2875 2876/2876/2876
f 2868/2868/2868 2876/2876/2876 2867/2867/2867
f 2867/2867/2867 2876/2876/2876 2877/2877/2877
f 2867/2867/2867 2877/2877/2877 2878/2878/2878
f 2867/2867/2867 2878/2878/2878 2865/2865/2865
f 2865/2865/2865 2878/2878/2878 2879/2879/2879
f 2865/2865/2865 2879/2879/2879 2863/2863/2863
f 2863/2863/2863 2879/2879/2879 2880/2880/2880
f 2863/2863/2863 2880/2880/2880 2861/2861/2861
f 2861/2861/2861 2880/2880/2880 2881/2881/2881
f 2861/2861/2861 2881/2881/2881 2859/2859/2859
f 2859/2859/2859 2881/2881/2881 2882/2882/2882
f 2859/2859/2859 2882/2882/2882 2855/2855/2855
f 2855/2855/2855 2882/2882/2882 2854/2854/2854
f 2883/2883/2883 2884/2884/2884 2885/2885/2885
f 2885/2885/2885 2884/2884/2884 2886/2886/2886
f 2886/2886/2886 2884/2884/2884 2887/2887/2887
f 2887/2887/2887 2884/2884/2884 2888/2888/2888
f 2887/2887/2887 2888/2888/2888 2889/2889/2889
f 2889/2889/2889 2888/2888/2888 2890/2890/2890
f 2889/2889/2889 2890/2890/2890 2891/2891/2891
f 2891/2891/2891 2890/2890/2890 2892/2892/2892
f 2891/2891/2891 2892/2892/2892 2893/2893/2893
f 2891/2891/2891 2893/2893/2893 2894/2894/2894
f 2894/2894/2894 2893/2893/2893 2895/2895/2895
f 2894/2894/2894 2895/2895/2895 2896/2896/2896
f 2896/2896/2896 2895/2895/2895 2897/2897/2897
f 2897/2897/2897 2895/2895/2895 2898/2898/2898
f 2897/2897/2897 2898/2898/2898 2899/2899/2899
f 2899/2899/2899 2898/2898/2898 2900/2900/2900
f 2899/2899/2899 2900/2900/2900 2901/2901/2901
f 2901/2901/2901 2900/2900/2900 2902/2902/2902
f 2901/2901/2901 2902/2902/2902 2903/2903/2903
f 2903/2903/2903 2902/2902/2902 2904/2904/2904
f 2903/2903/2903 2904/2904/2904 2905/2905/2905
f 2905/2905/2905 2904/2904/2904 2906/2906/2906
f 2905/2905/2905 2906/2906/2906 2907/2907/2907
f 2907/2907/2907 2906/2906/2906 2908/2908/2908
f 2907/2907/2907 2908/2908/2908 2909/2909/2909
f 2907/2907/2907 2909/2909/2909 2910/2910/2910
f 2910/2910/2910 2909/2909/2909 2911/2911/2911
f 2910/2910/2910 2911/2911/2911 2912/2912/2912
f 2912/2912/2912 2911/2911/2911 2913/2913/2913
f 2912/2912/2912 2913/2913/2913 2914/2914/2914
f 2914/2914/2914 2913/2913/2913 2915/2915/2915
f 2914/2914/2914 2915/2915/2915 2916/2916/2916
f 2916/2916/2916 2915/2915/2915 2917/2917/2917
f 2917/2917/2917 2915/2915/2915 2918/2918/2918
f 2918/2918/2918 2915/2915/2915 2919/2919/2919
f 2917/2917/2917 2918/2918/2918 2920/2920/2920
f 2922/2922/2922 2921/2921/2921 2923/2923/2923
f 2922/2922/2922 2923/2923/2923 2924/2924/2924
f 2922/2922/2922 2924/2924/2924 2925/2925/2925
f 2922/2922/2922 2925/2925/2925 2926/2926/2926
f 2926/2926/2926 2925/2925/2925 2927/2927/2927
f 2927/2927/2927 2925/2925/2925 2928/2928/2928
f 2927/2927/2927 2928/2928/2928 2929/2929/2929
f 2927/2927/2927 2929/2929/2929 2930/2930/2930
f 2930/2930/2930 2929/2929/2929 2931/2931/2931
f 2930/2930/2930 2931/2931/2931 2932/2932/2932
f 2932/2932/2932 2931/2931/2931 2933/2933/2933
f 2932/2932/2932 2933/2933/2933 2934/2934/2934
f 2934/2934/2934 2933/2933/2933 2935/2935/2935
f 2935/2935/2935 2933/2933/2933 2936/2936/2936
f 2935/2935/2935 2936/2936/2936 2937/2937/2937
f 2937/2937/2937 2936/2936/2936 2938/2938/2938
f 2937/2937/2937 2938/2938/2938 2939/2939/2939
f 2939/2939/2939 2938/2938/2938 2940/2940/2940
f 2939/2939/2939 2940/2940/2940 2941/2941/2941
f 2941/2941/2941 2940/2940/2940 2942/2942/2942
f 2941/2941/2941 2942/2942/2942 2943/2943/2943
f 2941/2941/2941 2943/2943/2943 2944/2944/2944
f 2944/2944/2944 2943/2943/2943 2945/2945/2945
f 2945/2945/2945 2943/2943/2943 2946/2946/2946
f 2945/2945/2945 2946/2946/2946 2947/2947/2947
f 2945/2945/2945 2947/2947/2947 2948/2948/2948
f 2948/2948/2948 2947/2947/2947 2949/2949/2949
f 2949/2949/2949 2947/2947/2947 2950/2950/2950
f 2951/2951/2951 2952/2952/2952 2953/2953/2953
f 2953/2953/2953 2952/2952/2952 2954/2954/2954
f 2953/2953/2953 2954/2954/2954 2955/2955/2955
f 2953/2953/2953 2955/2955/2955 2956/2956/2956
f 2955/2955/2955 2954/2954/2954 2957/2957/2957
f 2955/2955/2955 2957/2957/2957 2958/2958/2958
f 2958/2958/2958 2957/2957/2957 2959/2959/2959
f 2958/2958/2958 2959/2959/2959 2960/2960/2960
f 2960/2960/2960 2959/2959/2959 2961/2961/2961
f 2961/2961/2961 2959/2959/2959 2962/2962/2962
f 2961/2961/2961 2962/2962/2962 2963/2963/2963
f 2963/2963/2963 2962/2962/2962 2964/2964/2964
f 2964/2964/2964 2962/2962/2962 2965/2965/2965
f 2964/2964/2964 2966/2966/2966 2963/2963/2963
f 2820/2820/2820 2823/2823/2823 2967/2967/2967
f 2820/2820/2820 2967/2967/2967 2968/2968/2968
f 2968/2968/2968 2967/2967/2967 2969/2969/2969
f 2968/2968/2968 2969/2969/2969 2970/2970/2970
f 2970/2970/2970 2969/2969/2969 2824/2824/2824
f 2824/2824/2824 2969/2969/2969 2823/2823/2823
f 2971/2971/2971 2972/2972/2972 2973/2973/2973
f 2973/2973/2973 2972/2972/2972 2974/2974/2974
f 2973/2973/2973 2974/2974/2974 2965/2965/2965
f 2965/2965/2965 2974/2974/2974 2964/2964/2964
f 2964/2964/2964 2974/2974/2974 2975/2975/2975
f 2975/2975/2975 2974/2974/2974 2976/2976/2976
f 2975/2975/2975 2976/2976/2976 2977/2977/2977
f 2977/2977/2977 2976/2976/2976 2978/2978/2978
f 2977/2977/2977 2978/2978/2978 2979/2979/2979
f 2977/2977/2977 2979/2979/2979 2980/2980/2980
f 2977/2977/2977 2980/2980/2980 2981/2981/2981
f 2977/2977/2977 2981/2981/2981 2982/2982/2982
f 2982/2982/2982 2981/2981/2981 2983/2983/2983
f 2982/2982/2982 2983/2983/2983 2984/2984/2984
f 2984/2984/2984 2983/2983/2983 2985/2985/2985
f 2984/2984/2984 2985/2985/2985 2986/2986/2986
f 2986/2986/2986 2985/2985/2985 2987/2987/2987
f 2986/2986/2986 2987/2987/2987 2964/2964/2964
f 2964/2964/2964 2987/2987/2987 2966/2966/2966
f 2966/2966/2966 2987/2987/2987 2988/2988/2988
f 2988/2988/2988 2987/2987/2987 2989/2989/2989
f 2989/2989/2989 2987/2987/2987 2985/2985/2985
f 2989/2989/2989 2985/2985/2985 2990/2990/2990
f 2990/2990/2990 2985/2985/2985 2983/2983/2983
f 2974/2974/2974 2972/2972/2972 2976/2976/2976
f 2975/2975/2975 2977/2977/2977 2982/2982/2982
f 2975/2975/2975 2982/2982/2982 2986/2986/2986
f 2986/2986/2986 2982/2982/2982 2984/2984/2984
f 2975/2975/2975 2986/2986/2986 2964/2964/2964
f 2988/2988/2988 2989/2989/2989 2990/2990/2990
f 2988/2988/2988 2990/2990/2990 2991/2991/2991
f 2988/2988/2988 2991/2991/2991 2992/2992/2992
f 2992/2992/2992 2991/2991/2991 2993/2993/2993
f 2992/2992/2992 2993/2993/2993 2966/2966/2966
f 2966/2966/2966 2993/2993/2993 2994/2994/2994
f 2994/2994/2994 2993/2993/2993 2995/2995/2995
f 2994/2994/2994 2995/2995/2995 2996/2996/2996
f 2996/2996/2996 2995/2995/2995 2997/2997/2997
f 2996/2996/2996 2997/2997/2997 2998/2998/2998
f 2996/2996/2996 2998/2998/2998 2999/2999/2999
f 2999/2999/2999 2998/2998/2998 3000/3000/3000
f 2999/2999/2999 3000/3000/3000 3001/3001/3001
f 3001/3001/3001 3000/3000/3000 3002/3002/3002
f 3002/3002/3002 3000/3000/3000 3003/3003/3003
f 3003/3003/3003 3000/3000/3000 3004/3004/3004
f 3003/3003/3003 3004/3004/3004 3005/3005/3005
f 3003/3003/3003 3005/3005/3005 3006/3006/3006
f 3006/3006/3006 3005/3005/3005 3007/3007/3007
f 3006/3006/3006 3007/3007/3007 3008/3008/3008
f 3008/3008/3008 3007/3007/3007 3009/3009/3009
f 3008/3008/3008 3009/3009/3009 3010/3010/3010
f 3008/3008/3008 3010/3010/3010 3011/3011/3011
f 3008/3008/3008 3011/3011/3011 3006/3006/3006
f 3006/3006/3006 3011/3011/3011 3012/3012/3012
f 3006/3006/3006 3012/3012/3012 3003/3003/3003
f 3003/3003/3003 3012/3012/3012 3002/3002/3002
f 2988/2988/2988 2992/2992/2992 2966/2966/2966
f 2997/2997/2997 2995/2995/2995 2993/2993/2993
f 2997/2997/2997 2993/2993/2993 2991/2991/2991
f 2994/2994/2994 2996/2996/2996 2999/2999/2999
f 2994/2994/2994 2999/2999/2999 3001/3001/3001
f 3004/3004/3004 3000/3000/3000 2998/2998/2998
f 3010/3010/3010 3009/3009/3009 3013/3013/3013
f 3013/3013/3013 3009/3009/3009 3014/3014/3014
f 3013/3013/3013 3014/3014/3014 3015/3015/3015
f 3015/3015/3015 3014/3014/3014 3016/3016/3016
f 3015/3015/3015 3016/3016/3016 3017/3017/3017
f 3017/3017/3017 3016/3016/3016 3018/3018/3018
f 3018/3018/3018 3016/3016/3016 3019/3019/3019
f 3018/3018/3018 3019/3019/3019 3009/3009/3009
f 3009/3009/3009 3019/3019/3019 3014/3014/3014
f 3020/3020/3020 3021/3021/3021 3022/3022/3022
f 3022/3022/3022 3021/3021/3021 3023/3023/3023
f 3022/3022/3022 3023/3023/3023 3024/3024/3024
f 3022/3022/3022 3024/3024/3024 3025/3025/3025
f 3025/3025/3025 3024/3024/3024 3026/3026/3026
f 3025/3025/3025 3026/3026/3026 3027/3027/3027
f 3027/3027/3027 3026/3026/3026 3028/3028/3028
f 3027/3027/3027 3028/3028/3028 3029/3029/3029
f 3027/3027/3027 3029/3029/3029 3030/3030/3030
f 3030/3030/3030 3029/3029/3029 3031/3031/3031
f 3030/3030/3030 3031/3031/3031 3032/3032/3032
f 3032/3032/3032 3031/3031/3031 3033/3033/3033
f 3033/3033/3033 3031/3031/3031 3034/3034/3034
f 3034/3034/3034 3031/3031/3031 3035/3035/3035
f 3036/3036/3036 3037/3037/3037 3038/3038/3038
f 3038/3038/3038 3037/3037/3037 3039/3039/3039
f 3038/3038/3038 3039/3039/3039 3040/3040/3040
f 3040/3040/3040 3039/3039/3039 3041/3041/3041
f 3040/3040/3040 3041/3041/3041 3042/3042/3042
f 3038/3038/3038 3040/3040/3040 3043/3043/3043
f 3039/3039/3039 3044/3044/3044 3041/3041/3041
f 3046/3046/3046 3045/3045/3045 3047/3047/3047
f 3046/3046/3046 3047/3047/3047 3048/3048/3048
f 3048/3048/3048 3047/3047/3047 3049/3049/3049
f 3048/3048/3048 3049/3049/3049 3050/3050/3050
f 3049/3049/3049 3047/3047/3047 3051/3051/3051
f 3049/3049/3049 3051/3051/3051 3052/3052/3052
f 3054/3054/3054 3053/3053/3053 3055/3055/3055
f 3054/3054/3054 3055/3055/3055 3056/3056/3056
f 3054/3054/3054 3056/3056/3056 3057/3057/3057
f 3054/3054/3054 3057/3057/3057 3058/3058/3058
f 3058/3058/3058 3057/3057/3057 3059/3059/3059
f 3058/3058/3058 3059/3059/3059 3060/3060/3060
f 3058/3058/3058 3060/3060/3060 3061/3061/3061
f 3063/3063/3063 3062/3062/3062 3064/3064/3064
f 3063/3063/3063 3064/3064/3064 3065/3065/3065
f 3065/3065/3065 3064/3064/3064 3066/3066/3066
f 3066/3066/3066 3064/3064/3064 3067/3067/3067
f 3066/3066/3066 3067/3067/3067 3068/3068/3068
f 3066/3066/3066 3068/3068/3068 3069/3069/3069
f 3071/3071/3071 3070/3070/3070 3072/3072/3072
f 3071/3071/3071 3072/3072/3072 3073/3073/3073
f 3073/3073/3073 3072/3072/3072 3074/3074/3074
f 3073/3073/3073 3074/3074/3074 3075/3075/3075
f 3075/3075/3075 3074/3074/3074 3076/3076/3076
f 3076/3076/3076 3074/3074/3074 3077/3077/3077
f 3076/3076/3076 3077/3077/3077 3078/3078/3078
f 3076/3076/3076 3078/3078/3078 3079/3079/3079
f 3079/3079/3079 3078/3078/3078 3080/3080/3080
f 3079/3079/3079 3080/3080/3080 3081/3081/3081
f 3081/3081/3081 3080/3080/3080 3082/3082/3082
f 3081/3081/3081 3082/3082/3082 3083/3083/3083
f 3083/3083/3083 3082/3082/3082 3084/3084/3084
f 3084/3084/3084 3082/3082/3082 3085/3085/3085
f 3086/3086/3086 3071/3071/3071 3073/3073/3073
f 3080/3080/3080 3078/3078/3078 3087/3087/3087
f 3080/3080/3080 3087/3087/3087 3082/3082/3082
f 3089/3089/3089 3088/3088/3088 3090/3090/3090
f 3089/3089/3089 3090/3090/3090 3091/3091/3091
f 3091/3091/3091 3090/3090/3090 3092/3092/3092
f 3091/3091/3091 3092/3092/3092 3093/3093/3093
f 3091/3091/3091 3093/3093/3093 3094/3094/3094
f 3091/3091/3091 3094/3094/3094 3095/3095/3095
f 3091/3091/3091 3095/3095/3095 3089/3089/3089
f 3097/3097/3097 3096/3096/3096 3098/3098/3098
f 3097/3097/3097 3098/3098/3098 3099/3099/3099
f 3099/3099/3099 3098/3098/3098 3100/3100/3100
f 3099/3099/3099 3100/3100/3100 3101/3101/3101
f 3099/3099/3099 3101/3101/3101 3102/3102/3102
f 3099/3099/3099 3102/3102/3102 3103/3103/3103
f 3099/3099/3099 3103/3103/3103 3097/3097/3097
f 3105/3105/3105 3104/3104/3104 3106/3106/3106
f 3105/3105/3105 3106/3106/3106 3107/3107/3107
f 3107/3107/3107 3106/3106/3106 3108/3108/3108
f 3105/3105/3105 3107/3107/3107 3109/3109/3109
f 3109/3109/3109 3107/3107/3107 3110/3110/3110
f 3109/3109/3109 3110/3110/3110 3111/3111/3111
f 3111/3111/3111 3110/3110/3110 3112/3112/3112
f 3112/3112/3112 3110/3110/3110 3113/3113/3113
f 3113/3113/3113 3110/3110/3110 3114/3114/3114
f 3113/3113/3113 3114/3114/3114 3115/3115/3115
f 3115/3115/3115 3114/3114/3114 3116/3116/3116
f 3115/3115/3115 3116/3116/3116 3117/3117/3117
f 3115/3115/3115 3117/3117/3117 3118/3118/3118
f 3118/3118/3118 3117/3117/3117 3119/3119/3119
f 3118/3118/3118 3119/3119/3119 3120/3120/3120
f 3120/3120/3120 3119/3119/3119 3121/3121/3121
f 3120/3120/3120 3121/3121/3121 3122/3122/3122
f 3120/3120/3120 3122/3122/3122 3123/3123/3123
f 3120/3120/3120 3123/3123/3123 3124/3124/3124
f 3120/3120/3120 3124/3124/3124 3118/3118/3118
f 3118/3118/3118 3124/3124/3124 3113/3113/3113
f 3118/3118/3118 3113/3113/3113 3115/3115/3115
f 3114/3114/3114 3110/3110/3110 3107/3107/3107
f 3114/3114/3114 3107/3107/3107 3108/3108/3108
f 3114/3114/3114 3108/3108/3108 3116/3116/3116
f 3112/3112/3112 3113/3113/3113 3124/3124/3124
f 3112/3112/3112 3124/3124/3124 3125/3125/3125
f 3125/3125/3125 3124/3124/3124 3123/3123/3123
f 3126/3126/3126 3127/3127/3127 3128/3128/3128
f 3128/3128/3128 3127/3127/3127 3129/3129/3129
f 3128/3128/3128 3129/3129/3129 3130/3130/3130
f 3129/3129/3129 3127/3127/3127 3131/3131/3131
f 3129/3129/3129 3131/3131/3131 3132/3132/3132
f 3132/3132/3132 3131/3131/3131 3133/3133/3133
f 3132/3132/3132 3133/3133/3133 3134/3134/3134
f 3132/3132/3132 3134/3134/3134 3135/3135/3135
f 3135/3135/3135 3134/3134/3134 3136/3136/3136
f 3136/3136/3136 3134/3134/3134 3137/3137/3137
f 3136/3136/3136 3137/3137/3137 3138/3138/3138
f 3136/3136/3136 3138/3138/3138 3139/3139/3139
f 3139/3139/3139 3138/3138/3138 3140/3140/3140
f 3139/3139/3139 3140/3140/3140 3141/3141/3141
f 3139/3139/3139 3141/3141/3141 3142/3142/3142
f 3139/3139/3139 3142/3142/3142 3143/3143/3143
f 3143/3143/3143 3142/3142/3142 3144/3144/3144
f 3143/3143/3143 3144/3144/3144 3145/3145/3145
f 3145/3145/3145 3144/3144/3144 3146/3146/3146
f 3145/3145/3145 3146/3146/3146 3147/3147/3147
f 3145/3145/3145 3147/3147/3147 3135/3135/3135
f 3135/3135/3135 3147/3147/3147 3132/3132/3132
f 3132/3132/3132 3147/3147/3147 3129/3129/3129
f 3129/3129/3129 3147/3147/3147 3130/3130/3130
f 3130/3130/3130 3147/3147/3147 3146/3146/3146
f 3139/3139/3139 3143/3143/3143 3136/3136/3136
f 3136/3136/3136 3143/3143/3143 3135/3135/3135
f 3135/3135/3135 3143/3143/3143 3145/3145/3145
f 3148/3148/3148 3149/3149/3149 3150/3150/3150
f 3150/3150/3150 3149/3149/3149 3151/3151/3151
f 3150/3150/3150 3151/3151/3151 3152/3152/3152
f 3152/3152/3152 3151/3151/3151 3153/3153/3153
f 3152/3152/3152 3153/3153/3153 3154/3154/3154
f 3154/3154/3154 3153/3153/3153 3155/3155/3155
f 3154/3154/3154 3155/3155/3155 3156/3156/3156
f 3156/3156/3156 3155/3155/3155 3157/3157/3157
f 3157/3157/3157 3155/3155/3155 3153/3153/3153
f 3157/3157/3157 3153/3153/3153 3158/3158/3158
f 3158/3158/3158 3153/3153/3153 3151/3151/3151
f 3158/3158/3158 3151/3151/3151 3159/3159/3159
f 3159/3159/3159 3151/3151/3151 3149/3149/3149
f 3156/3156/3156 3160/3160/3160 3154/3154/3154
f 3162/3162/3162 3161/3161/3161 3163/3163/3163
f 3162/3162/3162 3163/3163/3163 3164/3164/3164
f 3164/3164/3164 3163/3163/3163 3165/3165/3165
f 3164/3164/3164 3165/3165/3165 3166/3166/3166
f 3164/3164/3164 3166/3166/3166 3167/3167/3167
f 3167/3167/3167 3166/3166/3166 3168/3168/3168
f 3168/3168/3168 3166/3166/3166 3169/3169/3169
f 3168/3168/3168 3169/3169/3169 3170/3170/3170
f 3170/3170/3170 3169/3169/3169 3171/3171/3171
f 3170/3170/3170 3171/3171/3171 3172/3172/3172
f 3173/3173/3173 3162/3162/3162 3164/3164/3164
f 3173/3173/3173 3164/3164/3164 3167/3167/3167
f 3171/3171/3171 3169/3169/3169 3166/3166/3166
f 3171/3171/3171 3166/3166/3166 3165/3165/3165
f 3175/3175/3175 3174/3174/3174 3176/3176/3176
f 3175/3175/3175 3176/3176/3176 3177/3177/3177
f 3177/3177/3177 3176/3176/3176 3178/3178/3178
f 3177/3177/3177 3178/3178/3178 3179/3179/3179
f 3177/3177/3177 3179/3179/3179 3180/3180/3180
f 3177/3177/3177 3180/3180/3180 3181/3181/3181
f 3181/3181/3181 3180/3180/3180 3182/3182/3182
f 3181/3181/3181 3182/3182/3182 3183/3183/3183
f 3183/3183/3183 3182/3182/3182 3184/3184/3184
f 3183/3183/3183 3184/3184/3184 3185/3185/3185
f 3183/3183/3183 3185/3185/3185 3186/3186/3186
f 3186/3186/3186 3185/3185/3185 3187/3187/3187
f 3186/3186/3186 3187/3187/3187 3188/3188/3188
f 3188/3188/3188 3187/3187/3187 3189/3189/3189
f 3189/3189/3189 3187/3187/3187 3190/3190/3190
f 3190/3190/3190 3187/3187/3187 3191/3191/3191
f 3190/3190/3190 3191/3191/3191 3192/3192/3192
f 3192/3192/3192 3191/3191/3191 3193/3193/3193
f 3193/3193/3193 3191/3191/3191 3194/3194/3194
f 3193/3193/3193 3194/3194/3194 3195/3195/3195
f 3195/3195/3195 3194/3194/3194 3196/3196/3196
f 3196/3196/3196 3194/3194/3194 3197/3197/3197
f 3196/3196/3196 3197/3197/3197 3198/3198/3198
f 3198/3198/3198 3197/3197/3197 3184/3184/3184
f 3198/3198/3198 3184/3184/3184 3182/3182/3182
f 3199/3199/3199 3175/3175/3175 3177/3177/3177
f 3199/3199/3199 3177/3177/3177 3181/3181/3181
f 3199/3199/3199 3181/3181/3181 3200/3200/3200
f 3200/3200/3200 3181/3181/3181 3183/3183/3183
f 3200/3200/3200 3183/3183/3183 3186/3186/3186
f 3197/3197/3197 3194/3194/3194 3201/3201/3201
f 3197/3197/3197 3201/3201/3201 3202/3202/3202
f 3197/3197/3197 3202/3202/3202 3184/3184/3184
f 3184/3184/3184 3202/3202/3202 3203/3203/3203
f 3184/3184/3184 3203/3203/3203 3185/3185/3185
f 3185/3185/3185 3203/3203/3203 3187/3187/3187
f 3187/3187/3187 3203/3203/3203 3204/3204/3204
f 3187/3187/3187 3204/3204/3204 3191/3191/3191
f 3191/3191/3191 3204/3204/3204 3205/3205/3205
f 3191/3191/3191 3205/3205/3205 3201/3201/3201
f 3191/3191/3191 3201/3201/3201 3194/3194/3194
f 3207/3207/3207 3206/3206/3206 3208/3208/3208
f 3207/3207/3207 3208/3208/3208 3209/3209/3209
f 3209/3209/3209 3208/3208/3208 3210/3210/3210
f 3209/3209/3209 3210/3210/3210 3211/3211/3211
f 3211/3211/3211 3210/3210/3210 3212/3212/3212
f 3211/3211/3211 3212/3212/3212 3213/3213/3213
f 3213/3213/3213 3212/3212/3212 3214/3214/3214
f 3207/3207/3207 3209/3209/3209 3215/3215/3215
f 3215/3215/3215 3209/3209/3209 3216/3216/3216
f 3216/3216/3216 3209/3209/3209 3217/3217/3217
f 3217/3217/3217 3209/3209/3209 3211/3211/3211
f 3217/3217/3217 3211/3211/3211 3218/3218/3218
f 3218/3218/3218 3211/3211/3211 3213/3213/3213
f 3218/3218/3218 3213/3213/3213 3219/3219/3219
f 3219/3219/3219 3213/3213/3213 3220/3220/3220
f 3220/3220/3220 3213/3213/3213 3214/3214/3214
f 3220/3220/3220 3214/3214/3214 3221/3221/3221
f 3221/3221/3221 3214/3214/3214 3222/3222/3222
f 3221/3221/3221 3222/3222/3222 3223/3223/3223
f 3221/3221/3221 3223/3223/3223 3224/3224/3224
f 3221/3221/3221 3224/3224/3224 3225/3225/3225
f 3225/3225/3225 3224/3224/3224 3226/3226/3226
f 3225/3225/3225 3226/3226/3226 3227/3227/3227
f 3225/3225/3225 3227/3227/3227 3228/3228/3228
f 3228/3228/3228 3227/3227/3227 3229/3229/3229
f 3228/3228/3228 3229/3229/3229 3230/3230/3230
f 3228/3228/3228 3230/3230/3230 3231/3231/3231
f 3231/3231/3231 3230/3230/3230 3232/3232/3232
f 3231/3231/3231 3232/3232/3232 3219/3219/3219
f 3219/3219/3219 3232/3232/3232 3218/3218/3218
f 3220/3220/3220 3233/3233/3233 3219/3219/3219
f 3219/3219/3219 3233/3233/3233 3234/3234/3234
f 3219/3219/3219 3234/3234/3234 3231/3231/3231
f 3233/3233/3233 3220/3220/3220 3221/3221/3221
f 3233/3233/3233 3221/3221/3221 3235/3235/3235
f 3235/3235/3235 3221/3221/3221 3225/3225/3225
f 3235/3235/3235 3225/3225/3225 3236/3236/3236
f 3236/3236/3236 3225/3225/3225 3237/3237/3237
f 3237/3237/3237 3225/3225/3225 3228/3228/3228
f 3237/3237/3237 3228/3228/3228 3231/3231/3231
f 3237/3237/3237 3231/3231/3231 3234/3234/3234
f 3239/3239/3239 3238/3238/3238 3240/3240/3240
f 3239/3239/3239 3240/3240/3240 3241/3241/3241
f 3241/3241/3241 3240/3240/3240 3242/3242/3242
f 3241/3241/3241 3242/3242/3242 3243/3243/3243
f 3241/3241/3241 3243/3243/3243 3244/3244/3244
f 3244/3244/3244 3243/3243/3243 3245/3245/3245
f 3244/3244/3244 3245/3245/3245 3246/3246/3246
f 3246/3246/3246 3245/3245/3245 3247/3247/3247
f 3246/3246/3246 3247/3247/3247 3248/3248/3248
f 3246/3246/3246 3248/3248/3248 3249/3249/3249
f 3246/3246/3246 3249/3249/3249 3250/3250/3250
f 3250/3250/3250 3249/3249/3249 3251/3251/3251
f 3239/3239/3239 3241/3241/3241 3252/3252/3252
f 3252/3252/3252 3241/3241/3241 3244/3244/3244
f 3252/3252/3252 3244/3244/3244 3250/3250/3250
f 3250/3250/3250 3244/3244/3244 3246/3246/3246
f 3253/3253/3253 3254/3254/3254 3255/3255/3255
f 3255/3255/3255 3254/3254/3254 3256/3256/3256
f 3255/3255/3255 3256/3256/3256 3257/3257/3257
f 3256/3256/3256 3254/3254/3254 3258/3258/3258
f 3259/3259/3259 3260/3260/3260 3261/3261/3261
f 3261/3261/3261 3260/3260/3260 3262/3262/3262
f 3261/3261/3261 3262/3262/3262 3263/3263/3263
f 3263/3263/3263 3262/3262/3262 3264/3264/3264
f 3264/3264/3264 3262/3262/3262 3265/3265/3265
f 3264/3264/3264 3265/3265/3265 3266/3266/3266
f 3266/3266/3266 3265/3265/3265 3267/3267/3267
f 3266/3266/3266 3267/3267/3267 3268/3268/3268
f 3268/3268/3268 3267/3267/3267 3269/3269/3269
f 3269/3269/3269 3267/3267/3267 3270/3270/3270
f 3270/3270/3270 3267/3267/3267 3271/3271/3271
f 3270/3270/3270 3271/3271/3271 3272/3272/3272
f 3262/3262/3262 3260/3260/3260 3273/3273/3273
f 3262/3262/3262 3273/3273/3273 3265/3265/3265
f 3265/3265/3265 3273/3273/3273 3271/3271/3271
f 3265/3265/3265 3271/3271/3271 3267/3267/3267
f 3275/3275/3275 3274/3274/3274 3276/3276/3276
f 3275/3275/3275 3276/3276/3276 3277/3277/3277
f 3277/3277/3277 3276/3276/3276 3278/3278/3278
f 3275/3275/3275 3277/3277/3277 3279/3279/3279
f 3281/3281/3281 3280/3280/3280 3282/3282/3282
f 3281/3281/3281 3282/3282/3282 3283/3283/3283
f 3283/3283/3283 3282/3282/3282 3284/3284/3284
f 3281/3281/3281 3283/3283/3283 3285/3285/3285
f 3287/3287/3287 3286/3286/3286 3288/3288/3288
f 3287/3287/3287 3288/3288/3288 3289/3289/3289
f 3289/3289/3289 3288/3288/3288 3290/3290/3290
f 3289/3289/3289 3291/3291/3291 3287/3287/3287
f 3293/3293/3293 3292/3292/3292 3294/3294/3294
f 3293/3293/3293 3294/3294/3294 3295/3295/3295
f 3295/3295/3295 3294/3294/3294 3296/3296/3296
f 3293/3293/3293 3295/3295/3295 3297/3297/3297
f 3297/3297/3297 3295/3295/3295 3298/3298/3298
f 3297/3297/3297 3298/3298/3298 3299/3299/3299
f 3297/3297/3297 3299/3299/3299 3300/3300/3300
f 3300/3300/3300 3299/3299/3299 3301/3301/3301
f 3301/3301/3301 3299/3299/3299 3302/3302/3302
f 3301/3301/3301 3302/3302/3302 3303/3303/3303
f 3303/3303/3303 3302/3302/3302 3304/3304/3304
f 3303/3303/3303 3304/3304/3304 3305/3305/3305
f 3305/3305/3305 3304/3304/3304 3306/3306/3306
f 3305/3305/3305 3306/3306/3306 3307/3307/3307
f 3305/3305/3305 3307/3307/3307 3308/3308/3308
f 3309/3309/3309 3301/3301/3301 3303/3303/3303
f 3309/3309/3309 3303/3303/3303 3305/3305/3305
f 3311/3311/3311 3310/3310/3310 3312/3312/3312
f 3311/3311/3311 3312/3312/3312 3313/3313/3313
f 3313/3313/3313 3312/3312/3312 3314/3314/3314
f 3313/3313/3313 3314/3314/3314 3315/3315/3315
f 3313/3313/3313 3315/3315/3315 3316/3316/3316
f 3313/3313/3313 3316/3316/3316 3317/3317/3317
f 3313/3313/3313 3317/3317/3317 3318/3318/3318
f 3313/3313/3313 3318/3318/3318 3319/3319/3319
f 3313/3313/3313 3319/3319/3319 3320/3320/3320
f 3313/3313/3313 3320/3320/3320 3311/3311/3311
f 3322/3322/3322 3321/3321/3321 3323/3323/3323
f 3322/3322/3322 3323/3323/3323 3324/3324/3324
f 3324/3324/3324 3323/3323/3323 3325/3325/3325
f 3324/3324/3324 3325/3325/3325 3326/3326/3326
f 3324/3324/3324 3326/3326/3326 3327/3327/3327
f 3327/3327/3327 3326/3326/3326 3328/3328/3328
f 3327/3327/3327 3328/3328/3328 3329/3329/3329
f 3329/3329/3329 3328/3328/3328 3330/3330/3330
f 3329/3329/3329 3330/3330/3330 3331/3331/3331
f 3329/3329/3329 3331/3331/3331 3332/3332/3332
f 3332/3332/3332 3331/3331/3331 3322/3322/3322
f 3332/3332/3332 3322/3322/3322 3324/3324/3324
f 3334/3334/3334 3333/3333/3333 3335/3335/3335
f 3334/3334/3334 3335/3335/3335 3336/3336/3336
f 3336/3336/3336 3335/3335/3335 3337/3337/3337
f 3336/3336/3336 3337/3337/3337 3338/3338/3338
f 3338/3338/3338 3337/3337/3337 3339/3339/3339
f 3338/3338/3338 3339/3339/3339 3340/3340/3340
f 3340/3340/3340 3339/3339/3339 3341/3341/3341
f 3340/3340/3340 3341/3341/3341 3342/3342/3342
f 3342/3342/3342 3341/3341/3341 3343/3343/3343
f 3342/3342/3342 3343/3343/3343 3344/3344/3344
f 3344/3344/3344 3343/3343/3343 3345/3345/3345
f 3344/3344/3344 3345/3345/3345 3346/3346/3346
f 3344/3344/3344 3346/3346/3346 3342/3342/3342
f 3342/3342/3342 3346/3346/3346 3347/3347/3347
f 3342/3342/3342 3347/3347/3347 3340/3340/3340
f 3340/3340/3340 3347/3347/3347 3338/3338/3338
f 3338/3338/3338 3347/3347/3347 3334/3334/3334
f 3338/3338/3338 3334/3334/3334 3336/3336/3336
f 3349/3349/3349 3348/3348/3348 3350/3350/3350
f 3349/3349/3349 3350/3350/3350 3351/3351/3351
f 3351/3351/3351 3350/3350/3350 3352/3352/3352
f 3351/3351/3351 3352/3352/3352 3353/3353/3353
f 3353/3353/3353 3352/3352/3352 3354/3354/3354
f 3354/3354/3354 3352/3352/3352 3355/3355/3355
f 3354/3354/3354 3355/3355/3355 3356/3356/3356
f 3356/3356/3356 3355/3355/3355 3357/3357/3357
f 3356/3356/3356 3357/3357/3357 3358/3358/3358
f 3358/3358/3358 3357/3357/3357 3359/3359/3359
f 3358/3358/3358 3359/3359/3359 3360/3360/3360
f 3360/3360/3360 3359/3359/3359 3361/3361/3361
f 3361/3361/3361 3359/3359/3359 3357/3357/3357
f 3361/3361/3361 3357/3357/3357 3362/3362/3362
f 3362/3362/3362 3357/3357/3357 3355/3355/3355
f 3362/3362/3362 3355/3355/3355 3352/3352/3352
f 3362/3362/3362 3352/3352/3352 3350/3350/3350
f 3349/3349/3349 3351/3351/3351 3353/3353/3353
f 3363/3363/3363 3364/3364/3364 3365/3365/3365
f 3365/3365/3365 3364/3364/3364 3366/3366/3366
f 3365/3365/3365 3366/3366/3366 3367/3367/3367
f 3367/3367/3367 3366/3366/3366 3368/3368/3368
f 3367/3367/3367 3368/3368/3368 3369/3369/3369
f 3369/3369/3369 3368/3368/3368 3370/3370/3370
f 3370/3370/3370 3368/3368/3368 3371/3371/3371
f 3371/3371/3371 3368/3368/3368 3366/3366/3366
f 3371/3371/3371 3366/3366/3366 3364/3364/3364
f 3371/3371/3371 3364/3364/3364 3372/3372/3372
f 3373/3373/3373 3367/3367/3367 3369/3369/3369
f 3373/3373/3373 3369/3369/3369 3374/3374/3374
f 3374/3374/3374 3369/3369/3369 3375/3375/3375
f 3374/3374/3374 3375/3375/3375 3376/3376/3376
f 3376/3376/3376 3375/3375/3375 3377/3377/3377
f 3377/3377/3377 3375/3375/3375 3370/3370/3370
f 3370/3370/3370 3375/3375/3375 3369/3369/3369
f 3374/3374/3374 3376/3376/3376 3378/3378/3378
f 3378/3378/3378 3376/3376/3376 3379/3379/3379
f 3378/3378/3378 3379/3379/3379 3380/3380/3380
f 3380/3380/3380 3379/3379/3379 3381/3381/3381
f 3381/3381/3381 3379/3379/3379 3382/3382/3382
f 3382/3382/3382 3379/3379/3379 3383/3383/3383
f 3383/3383/3383 3379/3379/3379 3376/3376/3376
f 3383/3383/3383 3376/3376/3376 3377/3377/3377
f 3385/3385/3385 3384/3384/3384 3386/3386/3386
f 3385/3385/3385 3386/3386/3386 3387/3387/3387
f 3387/3387/3387 3386/3386/3386 3388/3388/3388
f 3387/3387/3387 3388/3388/3388 3389/3389/3389
f 3387/3387/3387 3389/3389/3389 3390/3390/3390
f 3390/3390/3390 3389/3389/3389 3391/3391/3391
f 3390/3390/3390 3391/3391/3391 3392/3392/3392
f 3392/3392/3392 3391/3391/3391 3393/3393/3393
f 3392/3392/3392 3393/3393/3393 3394/3394/3394
f 3394/3394/3394 3393/3393/3393 3395/3395/3395
f 3394/3394/3394 3395/3395/3395 3396/3396/3396
f 3396/3396/3396 3395/3395/3395 3397/3397/3397
f 3396/3396/3396 3397/3397/3397 3398/3398/3398
f 3396/3396/3396 3398/3398/3398 3399/3399/3399
f 3396/3396/3396 3399/3399/3399 3400/3400/3400
f 3396/3396/3396 3400/3400/3400 3394/3394/3394
f 3394/3394/3394 3400/3400/3400 3401/3401/3401
f 3394/3394/3394 3401/3401/3401 3392/3392/3392
f 3392/3392/3392 3401/3401/3401 3402/3402/3402
f 3392/3392/3392 3402/3402/3402 3403/3403/3403
f 3392/3392/3392 3403/3403/3403 3390/3390/3390
f 3390/3390/3390 3403/3403/3403 3404/3404/3404
f 3390/3390/3390 3404/3404/3404 3387/3387/3387
f 3387/3387/3387 3404/3404/3404 3405/3405/3405
f 3387/3387/3387 3405/3405/3405 3385/3385/3385
f 3385/3385/3385 3405/3405/3405 3406/3406/3406
f 3405/3405/3405 3404/3404/3404 3407/3407/3407
f 3409/3409/3409 3408/3408/3408 3410/3410/3410
f 3409/3409/3409 3410/3410/3410 3411/3411/3411
f 3409/3409/3409 3411/3411/3411 3412/3412/3412
f 3412/3412/3412 3411/3411/3411 3413/3413/3413
f 3413/3413/3413 3411/3411/3411 3414/3414/3414
f 3413/3413/3413 3414/3414/3414 3415/3415/3415
f 3415/3415/3415 3414/3414/3414 3416/3416/3416
f 3415/3415/3415 3416/3416/3416 3417/3417/3417
f 3417/3417/3417 3416/3416/3416 3418/3418/3418
f 3417/3417/3417 3418/3418/3418 3419/3419/3419
f 3419/3419/3419 3418/3418/3418 3420/3420/3420
f 3419/3419/3419 3420/3420/3420 3421/3421/3421
f 3421/3421/3421 3420/3420/3420 3422/3422/3422
f 3422/3422/3422 3420/3420/3420 3423/3423/3423
f 3423/3423/3423 3420/3420/3420 3424/3424/3424
f 3424/3424/3424 3420/3420/3420 3418/3418/3418
f 3424/3424/3424 3418/3418/3418 3425/3425/3425
f 3425/3425/3425 3418/3418/3418 3416/3416/3416
f 3425/3425/3425 3416/3416/3416 3426/3426/3426
f 3426/3426/3426 3416/3416/3416 3427/3427/3427
f 3427/3427/3427 3416/3416/3416 3414/3414/3414
f 3427/3427/3427 3414/3414/3414 3428/3428/3428
f 3428/3428/3428 3414/3414/3414 3411/3411/3411
f 3428/3428/3428 3411/3411/3411 3429/3429/3429
f 3429/3429/3429 3411/3411/3411 3410/3410/3410
f 3429/3429/3429 3410/3410/3410 3430/3430/3430
f 3428/3428/3428 3429/3429/3429 3431/3431/3431
f 3432/3432/3432 3433/3433/3433 3434/3434/3434
f 3434/3434/3434 3433/3433/3433 3435/3435/3435
f 3434/3434/3434 3435/3435/3435 3436/3436/3436
f 3436/3436/3436 3435/3435/3435 3437/3437/3437
f 3437/3437/3437 3435/3435/3435 3438/3438/3438
f 3438/3438/3438 3435/3435/3435 3439/3439/3439
f 3438/3438/3438 3439/3439/3439 3440/3440/3440
f 3440/3440/3440 3439/3439/3439 3441/3441/3441
f 3441/3441/3441 3439/3439/3439 3442/3442/3442
f 3442/3442/3442 3439/3439/3439 3443/3443/3443
f 3434/3434/3434 3436/3436/3436 3440/3440/3440
f 3440/3440/3440 3436/3436/3436 3438/3438/3438
f 3444/3444/3444 3445/3445/3445 3446/3446/3446
f 3446/3446/3446 3445/3445/3445 3447/3447/3447
f 3447/3447/3447 3445/3445/3445 3448/3448/3448
f 3447/3447/3447 3448/3448/3448 3449/3449/3449
f 3447/3447/3447 3449/3449/3449 3450/3450/3450
f 3447/3447/3447 3450/3450/3450 3451/3451/3451
f 3451/3451/3451 3450/3450/3450 3452/3452/3452
f 3451/3451/3451 3452/3452/3452 3453/3453/3453
f 3451/3451/3451 3453/3453/3453 3454/3454/3454
f 3451/3451/3451 3454/3454/3454 3455/3455/3455
f 3448/3448/3448 3445/3445/3445 3452/3452/3452
f 3448/3448/3448 3452/3452/3452 3450/3450/3450
f 3457/3457/3457 3456/3456/3456 3458/3458/3458
f 3457/3457/3457 3458/3458/3458 3459/3459/3459
f 3457/3457/3457 3459/3459/3459 3460/3460/3460
f 3460/3460/3460 3459/3459/3459 3461/3461/3461
f 3461/3461/3461 3459/3459/3459 3462/3462/3462
f 3461/3461/3461 3462/3462/3462 3463/3463/3463
f 3463/3463/3463 3462/3462/3462 3464/3464/3464
f 3463/3463/3463 3464/3464/3464 3465/3465/3465
f 3465/3465/3465 3464/3464/3464 3466/3466/3466
f 3466/3466/3466 3464/3464/3464 3467/3467/3467
f 3466/3466/3466 3467/3467/3467 3458/3458/3458
f 3458/3458/3458 3467/3467/3467 3459/3459/3459
f 3468/3468/3468 3469/3469/3469 3470/3470/3470
f 3470/3470/3470 3469/3469/3469 3471/3471/3471
f 3468/3468/3468 3472/3472/3472 3469/3469/3469
f 3469/3469/3469 3472/3472/3472 3473/3473/3473
f 3469/3469/3469 3473/3473/3473 3474/3474/3474
f 3474/3474/3474 3473/3473/3473 3475/3475/3475
f 3474/3474/3474 3475/3475/3475 3471/3471/3471
f 3474/3474/3474 3471/3471/3471 3469/3469/3469
f 3473/3473/3473 3472/3472/3472 3476/3476/3476
f 3473/3473/3473 3476/3476/3476 3475/3475/3475
f 3478/3478/3478 3477/3477/3477 3479/3479/3479
f 3478/3478/3478 3479/3479/3479 3480/3480/3480
f 3481/3481/3481 3477/3477/3477 3478/3478/3478
f 3481/3481/3481 3478/3478/3478 3482/3482/3482
f 3482/3482/3482 3478/3478/3478 3483/3483/3483
f 3482/3482/3482 3483/3483/3483 3484/3484/3484
f 3484/3484/3484 3483/3483/3483 3480/3480/3480
f 3480/3480/3480 3483/3483/3483 3478/3478/3478
f 3481/3481/3481 3482/3482/3482 3485/3485/3485
f 3485/3485/3485 3482/3482/3482 3484/3484/3484
f 3486/3486/3486 3487/3487/3487 3488/3488/3488
f 3488/3488/3488 3487/3487/3487 3489/3489/3489
f 3488/3488/3488 3490/3490/3490 3486/3486/3486
f 3486/3486/3486 3490/3490/3490 3491/3491/3491
f 3491/3491/3491 3490/3490/3490 3492/3492/3492
f 3491/3491/3491 3492/3492/3492 3493/3493/3493
f 3493/3493/3493 3492/3492/3492 3494/3494/3494
f 3493/3493/3493 3494/3494/3494 3491/3491/3491
f 3495/3495/3495 3494/3494/3494 3492/3492/3492
f 3495/3495/3495 3492/3492/3492 3496/3496/3496
f 3495/3495/3495 3496/3496/3496 3497/3497/3497
f 3497/3497/3497 3496/3496/3496 3498/3498/3498
f 3497/3497/3497 3498/3498/3498 3499/3499/3499
f 3499/3499/3499 3498/3498/3498 3489/3489/3489
f 3489/3489/3489 3498/3498/3498 3488/3488/3488
f 3500/3500/3500 3501/3501/3501 3502/3502/3502
f 3502/3502/3502 3501/3501/3501 3503/3503/3503
f 3502/3502/3502 3503/3503/3503 3504/3504/3504
f 3504/3504/3504 3503/3503/3503 3505/3505/3505
f 3504/3504/3504 3505/3505/3505 3506/3506/3506
f 3506/3506/3506 3505/3505/3505 3507/3507/3507
f 3506/3506/3506 3507/3507/3507 3508/3508/3508
f 3508/3508/3508 3507/3507/3507 3505/3505/3505
f 3508/3508/3508 3509/3509/3509 3506/3506/3506
f 3506/3506/3506 3509/3509/3509 3510/3510/3510
f 3510/3510/3510 3509/3509/3509 3511/3511/3511
f 3510/3510/3510 3511/3511/3511 3512/3512/3512
f 3512/3512/3512 3511/3511/3511 3513/3513/3513
f 3512/3512/3512 3513/3513/3513 3500/3500/3500
f 3512/3512/3512 3500/3500/3500 3502/3502/3502
f 3515/3515/3515 3514/3514/3514 3516/3516/3516
f 3515/3515/3515 3516/3516/3516 3517/3517/3517
f 3518/3518/3518 3516/3516/3516 3514/3514/3514
f 3518/3518/3518 3514/3514/3514 3519/3519/3519
f 3518/3518/3518 3519/3519/3519 3520/3520/3520
f 3520/3520/3520 3519/3519/3519 3521/3521/3521
f 3520/3520/3520 3521/3521/3521 3522/3522/3522
f 3520/3520/3520 3522/3522/3522 3523/3523/3523
f 3520/3520/3520 3523/3523/3523 3524/3524/3524
f 3524/3524/3524 3523/3523/3523 3517/3517/3517
f 3524/3524/3524 3517/3517/3517 3516/3516/3516
f 3517/3517/3517 3523/3523/3523 3525/3525/3525
f 3517/3517/3517 3525/3525/3525 3526/3526/3526
f 3526/3526/3526 3525/3525/3525 3527/3527/3527
f 3526/3526/3526 3527/3527/3527 3528/3528/3528
f 3528/3528/3528 3527/3527/3527 3521/3521/3521
f 3528/3528/3528 3521/3521/3521 3529/3529/3529
f 3529/3529/3529 3521/3521/3521 3517/3517/3517
f 3529/3529/3529 3517/3517/3517 3530/3530/3530
f 3530/3530/3530 3517/3517/3517 3526/3526/3526
f 3521/3521/3521 3527/3527/3527 3522/3522/3522
f 3532/3532/3532 3531/3531/3531 3533/3533/3533
f 3532/3532/3532 3533/3533/3533 3534/3534/3534
f 3534/3534/3534 3533/3533/3533 3535/3535/3535
f 3534/3534/3534 3535/3535/3535 3536/3536/3536
f 3534/3534/3534 3536/3536/3536 3531/3531/3531
f 3531/3531/3531 3536/3536/3536 3533/3533/3533
f 3537/3537/3537 3538/3538/3538 3539/3539/3539
f 3539/3539/3539 3538/3538/3538 3540/3540/3540
f 3540/3540/3540 3538/3538/3538 3541/3541/3541
f 3540/3540/3540 3541/3541/3541 3542/3542/3542
f 3542/3542/3542 3541/3541/3541 3543/3543/3543
f 3542/3542/3542 3543/3543/3543 3544/3544/3544
f 3542/3542/3542 3544/3544/3544 3537/3537/3537
f 3537/3537/3537 3544/3544/3544 3538/3538/3538
f 3545/3545/3545 3546/3546/3546 3547/3547/3547
f 3547/3547/3547 3546/3546/3546 3548/3548/3548
f 3547/3547/3547 3548/3548/3548 3549/3549/3549
f 3549/3549/3549 3548/3548/3548 3550/3550/3550
f 3549/3549/3549 3550/3550/3550 3551/3551/3551
f 3551/3551/3551 3550/3550/3550 3552/3552/3552
f 3552/3552/3552 3550/3550/3550 3545/3545/3545
f 3552/3552/3552 3545/3545/3545 3547/3547/3547
f 3554/3554/3554 3553/3553/3553 3555/3555/3555
f 3554/3554/3554 3555/3555/3555 3556/3556/3556
f 3553/3553/3553 3554/3554/3554 3557/3557/3557
f 3553/3553/3553 3557/3557/3557 3558/3558/3558
f 3558/3558/3558 3557/3557/3557 3559/3559/3559
f 3558/3558/3558 3559/3559/3559 3560/3560/3560
f 3560/3560/3560 3559/3559/3559 3561/3561/3561
f 3561/3561/3561 3559/3559/3559 3562/3562/3562
f 3562/3562/3562 3559/3559/3559 3563/3563/3563
f 3562/3562/3562 3563/3563/3563 3556/3556/3556
f 3556/3556/3556 3563/3563/3563 3554/3554/3554
f 3562/3562/3562 3556/3556/3556 3564/3564/3564
f 3564/3564/3564 3556/3556/3556 3565/3565/3565
f 3564/3564/3564 3565/3565/3565 3566/3566/3566
f 3566/3566/3566 3565/3565/3565 3567/3567/3567
f 3566/3566/3566 3567/3567/3567 3560/3560/3560
f 3560/3560/3560 3567/3567/3567 3568/3568/3568
f 3560/3560/3560 3568/3568/3568 3556/3556/3556
f 3556/3556/3556 3568/3568/3568 3569/3569/3569
f 3556/3556/3556 3569/3569/3569 3565/3565/3565
f 3566/3566/3566 3560/3560/3560 3561/3561/3561
f 3570/3570/3570 3571/3571/3571 3572/3572/3572
f 3572/3572/3572 3571/3571/3571 3573/3573/3573
f 3572/3572/3572 3573/3573/3573 3574/3574/3574
f 3572/3572/3572 3574/3574/3574 3575/3575/3575
f 3572/3572/3572 3575/3575/3575 3576/3576/3576
f 3572/3572/3572 3576/3576/3576 3577/3577/3577
f 3572/3572/3572 3577/3577/3577 3578/3578/3578
f 3572/3572/3572 3578/3578/3578 3579/3579/3579
f 3572/3572/3572 3579/3579/3579 3580/3580/3580
f 3572/3572/3572 3580/3580/3580 3581/3581/3581
f 3572/3572/3572 3581/3581/3581 3582/3582/3582
f 3572/3572/3572 3582/3582/3582 3583/3583/3583
f 3572/3572/3572 3583/3583/3583 3584/3584/3584
f 3572/3572/3572 3584/3584/3584 3570/3570/3570
f 3586/3586/3586 3585/3585/3585 3587/3587/3587
f 3586/3586/3586 3587/3587/3587 3588/3588/3588
f 3586/3586/3586 3588/3588/3588 3589/3589/3589
f 3586/3586/3586 3589/3589/3589 3590/3590/3590
f 3586/3586/3586 3590/3590/3590 3591/3591/3591
f 3586/3586/3586 3591/3591/3591 3592/3592/3592
f 3586/3586/3586 3592/3592/3592 3593/3593/3593
f 3586/3586/3586 3593/3593/3593 3594/3594/3594
f 3586/3586/3586 3594/3594/3594 3595/3595/3595
f 3586/3586/3586 3595/3595/3595 3596/3596/3596
f 3586/3586/3586 3596/3596/3596 3597/3597/3597
f 3586/3586/3586 3597/3597/3597 3598/3598/3598
f 3586/3586/3586 3598/3598/3598 3599/3599/3599
f 3586/3586/3586 3599/3599/3599 3585/3585/3585
