# Blender 5.2.0 LTS
# www.blender.org
mtllib ReaverVandallNoMag.mtl
o GN_AK_Fantasy_Skelmesh.mo
v -0.030463 -0.351943 0.157443
v 0.018630 -0.351943 0.157105
v 0.018398 -0.351932 0.134608
v -0.030553 -0.351932 0.134946
v 0.008079 0.197281 0.555728
v 0.015544 0.197301 0.396599
v 0.016638 0.197292 0.555691
v 0.006990 0.197316 0.396620
v -0.014430 0.197281 0.555883
v -0.024091 0.197301 0.396873
v -0.015538 0.197316 0.396776
v -0.022989 0.197292 0.555964
v 0.069817 -0.314359 0.625613
v -0.075198 -0.314359 0.626613
v 0.069627 -0.172337 0.598191
v -0.075387 -0.172337 0.599192
v -0.075387 -0.172337 0.599192
v -0.078608 -0.176926 0.097481
v 0.069627 -0.172337 0.598191
v 0.065924 -0.176926 0.096483
v 0.133864 -0.102111 0.829143
v 0.131458 -0.068168 0.749459
v 0.150536 -0.100875 0.835391
v 0.118267 -0.071375 0.749468
v 0.137505 -0.118234 0.679059
v 0.152654 -0.117638 0.678966
v 0.127112 -0.085364 0.638424
v 0.151003 -0.126092 0.569419
v 0.135702 -0.126353 0.568654
v 0.138256 -0.082616 0.638386
v 0.132518 -0.092130 0.541973
v 0.151045 -0.126198 0.460666
v 0.135809 -0.126057 0.460773
v 0.161182 -0.136880 0.644863
v 0.156553 -0.142373 0.539837
v 0.161412 -0.128099 0.758459
v 0.126638 -0.171259 0.611483
v 0.128325 -0.173629 0.713695
v 0.155788 -0.140111 0.436221
v 0.125738 -0.168449 0.507000
v 0.109259 -0.219075 0.612971
v 0.149555 -0.121799 0.352025
v 0.125522 -0.164040 0.412748
v 0.154110 -0.135177 0.332729
v 0.134321 -0.121658 0.352184
v 0.147176 -0.114769 0.243296
v 0.124623 -0.158275 0.305288
v 0.152167 -0.129461 0.229055
v 0.104720 -0.226946 0.422812
v 0.144526 -0.106633 0.144085
v 0.106153 -0.227048 0.507493
v 0.131943 -0.114627 0.243486
v 0.102183 -0.243887 0.607198
v 0.121934 -0.208176 0.798989
v 0.099851 -0.254983 0.510043
v 0.098039 -0.254184 0.420438
v 0.133385 -0.260205 0.627455
v 0.128764 -0.284134 0.447251
v 0.101724 -0.248759 0.384049
v 0.106120 -0.223452 0.350605
v 0.153826 -0.292843 0.287007
v 0.101663 -0.345389 0.505153
v 0.099567 -0.365266 0.468893
v 0.107139 -0.314359 0.625355
v 0.096481 -0.399375 0.440230
v 0.112638 -0.280544 0.811461
v 0.094986 -0.399375 0.305513
v 0.146442 -0.226291 0.816604
v 0.113219 -0.282881 0.844108
v 0.126424 -0.196128 0.851398
v 0.146133 -0.247934 0.861320
v 0.131504 -0.184679 0.892272
v 0.140750 -0.266654 0.885344
v 0.113283 -0.291483 0.875010
v 0.136040 -0.215991 0.877330
v 0.144953 -0.207237 0.863100
v 0.141904 -0.192261 0.898634
v 0.125176 -0.198425 0.917446
v 0.133791 -0.175281 0.924823
v 0.112813 -0.240399 0.946920
v 0.161233 -0.110472 0.971257
v 0.127887 -0.186593 0.948317
v 0.152731 -0.110094 0.971219
v 0.109343 -0.228941 0.973651
v 0.117722 -0.190896 0.955013
v 0.102482 -0.222807 0.977457
v 0.076988 -0.244894 0.991530
v 0.130179 -0.066780 0.920806
v 0.081666 -0.253075 0.988579
v 0.131395 -0.059236 0.908978
v 0.114202 -0.038978 0.883406
v 0.043367 -0.258238 1.002026
v 0.115089 -0.029360 0.870319
v 0.103061 -0.025095 0.867133
v -0.000076 -0.273209 1.005131
v -0.000059 -0.262680 1.007549
v 0.121911 -0.050402 0.731763
v 0.045724 -0.268619 0.999119
v -0.000254 -0.284574 0.979205
v 0.042371 -0.280962 0.976198
v 0.042733 -0.356791 0.942961
v -0.000475 -0.360773 0.947212
v 0.083512 -0.264605 0.965989
v -0.000572 -0.354873 0.933213
v 0.037407 -0.350432 0.930427
v 0.075886 -0.332185 0.917421
v 0.089234 -0.332798 0.935123
v 0.104247 -0.310302 0.900924
v 0.124093 -0.298447 0.917065
v 0.100236 -0.011831 0.846873
v 0.079081 -0.014449 0.850166
v 0.109909 -0.047559 0.731837
v 0.116755 -0.062868 0.632550
v 0.084808 0.009532 0.750686
v 0.129210 -0.065524 0.632462
v 0.081995 0.007987 0.439516
v 0.143039 -0.089352 0.541930
v 0.132369 -0.073138 0.540961
v 0.121347 -0.071494 0.529888
v 0.132764 -0.075182 0.449021
v 0.120606 -0.072441 0.448773
v 0.135119 -0.094260 0.445172
v 0.145629 -0.091308 0.445131
v 0.131485 -0.072997 0.354396
v 0.119829 -0.071175 0.350870
v 0.116981 -0.066679 0.254053
v 0.079923 0.008051 0.143755
v 0.128435 -0.068950 0.259878
v 0.145235 -0.090138 0.350096
v 0.134757 -0.093090 0.350078
v 0.143040 -0.085379 0.255202
v 0.133151 -0.088107 0.255148
v 0.123581 -0.061045 0.161923
v 0.138142 -0.077505 0.160538
v 0.127484 -0.080569 0.160437
v 0.111838 -0.058479 0.155669
v 0.131331 -0.067474 0.066243
v 0.116870 -0.051046 0.064313
v 0.105058 -0.048070 0.059940
v 0.077395 0.009617 -0.071199
v 0.126153 -0.054276 -0.029049
v 0.109993 -0.037837 -0.029790
v 0.098358 -0.033685 -0.043094
v 0.120780 -0.070422 0.066024
v 0.090738 -0.018800 -0.125189
v 0.129150 -0.106518 0.144323
v 0.125345 -0.094353 0.046625
v 0.141201 -0.094469 0.046331
v 0.117190 -0.056890 -0.029358
v 0.149714 -0.122246 0.134449
v 0.120995 -0.037730 -0.123818
v 0.124440 -0.150724 0.216161
v 0.104275 -0.021393 -0.123758
v 0.107601 -0.208600 0.215224
v 0.123169 -0.142470 0.130338
v 0.101843 -0.243644 0.254343
v 0.112882 -0.192742 0.122089
v 0.103492 -0.235739 0.188416
v 0.145837 -0.112057 0.043258
v 0.123624 -0.131553 0.046657
v 0.140265 -0.098089 -0.047327
v 0.136502 -0.078004 -0.050731
v 0.122489 -0.114230 -0.050652
v 0.120537 -0.077724 -0.050355
v 0.133285 -0.080889 -0.134195
v 0.130009 -0.057834 -0.146120
v 0.112419 -0.040401 -0.124185
v 0.114936 -0.057134 -0.145652
v 0.125199 -0.048900 -0.192982
v 0.112586 -0.022400 -0.219927
v 0.111547 -0.047467 -0.193943
v 0.107626 -0.023767 -0.220100
v 0.100884 -0.006548 -0.216052
v 0.097222 -0.013705 -0.292953
v 0.106545 -0.011027 -0.297229
v 0.103537 -0.028496 -0.252083
v 0.107938 -0.050263 -0.227692
v 0.114451 -0.026982 -0.252671
v 0.113706 -0.070448 -0.208580
v 0.119753 -0.046749 -0.229384
v 0.128204 -0.070545 -0.210388
v 0.129338 -0.070418 -0.178688
v 0.126987 -0.077900 -0.232762
v 0.116406 -0.082188 -0.171984
v 0.129763 -0.088079 -0.194691
v 0.125273 -0.105782 -0.215664
v 0.114257 -0.097114 -0.187910
v 0.118609 -0.094171 -0.132553
v 0.115838 -0.122909 -0.218802
v 0.115250 -0.157251 -0.063063
v 0.112809 -0.082659 -0.240617
v 0.114220 -0.144275 -0.149022
v 0.117125 -0.139881 -0.205489
v 0.116104 -0.175407 0.029224
v 0.112759 -0.170630 -0.103245
v 0.108191 -0.222610 0.114839
v 0.113247 -0.188133 -0.038890
v 0.111648 -0.203769 0.024839
v 0.122266 -0.209448 -0.044175
v 0.115698 -0.152375 -0.164434
v 0.120693 -0.231861 0.029421
v 0.123486 -0.252538 0.105929
v 0.135341 -0.273563 0.196115
v 0.103139 -0.285340 0.088587
v 0.101356 -0.315141 0.204530
v 0.113430 -0.365772 0.207754
v 0.093364 -0.409921 0.210777
v 0.098837 -0.347941 0.184563
v 0.107328 -0.395024 0.165413
v 0.091128 -0.421129 0.171196
v 0.118830 -0.331267 0.158481
v 0.095823 -0.381596 0.146129
v 0.105833 -0.427050 0.124761
v 0.090311 -0.442165 0.134104
v 0.148284 -0.340107 0.061713
v 0.092983 -0.413411 0.107928
v 0.104253 -0.448169 0.105748
v 0.088764 -0.460248 0.115340
v 0.091739 -0.437986 0.089445
v 0.101794 -0.479701 0.082821
v 0.086386 -0.488454 0.093078
v 0.118890 -0.415327 0.057816
v 0.090060 -0.468119 0.068072
v 0.047786 -0.400113 -0.029029
v 0.037837 -0.434016 -0.022847
v 0.053963 -0.369835 -0.050072
v 0.101513 -0.461814 0.048698
v 0.029225 -0.460892 -0.023695
v 0.019771 -0.487768 -0.031085
v 0.139618 -0.290028 0.001875
v 0.056878 -0.345005 -0.081184
v 0.104902 -0.262005 0.016040
v 0.133242 -0.269460 -0.050314
v 0.106948 -0.239953 -0.042043
v 0.126927 -0.265944 -0.106493
v 0.057525 -0.329383 -0.118214
v 0.110825 -0.205993 -0.123071
v 0.121351 -0.278113 -0.156714
v 0.057596 -0.323472 -0.158102
v 0.107408 -0.236897 -0.124214
v 0.116673 -0.218493 -0.123277
v 0.125326 -0.184941 -0.115757
v 0.114256 -0.181715 -0.169881
v 0.126853 -0.165267 -0.165512
v 0.127374 -0.151964 -0.202105
v 0.115111 -0.159917 -0.204911
v 0.126872 -0.138558 -0.228899
v 0.119398 -0.132853 -0.229232
v 0.119886 -0.121484 -0.266126
v 0.118812 -0.142904 -0.230936
v 0.143607 -0.169750 -0.239922
v 0.138082 -0.152763 -0.244640
v 0.115129 -0.060718 -0.258564
v 0.116804 -0.158425 -0.264392
v 0.128379 -0.055875 -0.250866
v 0.119687 -0.039638 -0.271775
v 0.109359 -0.047080 -0.275889
v 0.113750 -0.023929 -0.306984
v 0.117334 -0.063813 -0.332734
v 0.103442 -0.031279 -0.311238
v 0.098179 0.006645 -0.371603
v 0.098784 0.003329 -0.301337
v 0.096249 -0.000983 -0.376563
v 0.086896 -0.004723 -0.216895
v 0.086457 0.005255 -0.304273
v 0.074085 0.014698 -0.215351
v 0.089395 0.008882 -0.374885
v 0.065874 0.051431 -0.293884
v 0.073951 0.017671 -0.144454
v 0.094799 0.009857 -0.401399
v 0.075241 0.013062 -0.103029
v 0.071547 0.030189 -0.220530
v 0.084423 0.015193 -0.086087
v 0.081499 0.017206 -0.080759
v 0.087912 0.030636 -0.091355
v 0.097877 0.038271 -0.117854
v 0.084771 0.054541 -0.087271
v 0.082211 0.043297 -0.079572
v 0.077486 0.048668 -0.065693
v 0.092905 0.046912 -0.162014
v 0.077744 0.061882 -0.057855
v 0.078019 0.048945 0.241953
v 0.055428 0.098659 -0.086732
v 0.079375 0.062298 0.241774
v 0.078794 0.049401 0.733585
v 0.084977 0.060317 -0.225309
v 0.082061 0.062982 0.734934
v 0.079609 0.049223 0.750996
v 0.054997 0.098440 -0.183617
v 0.083909 0.059416 0.759605
v 0.081356 0.043264 0.763912
v 0.054990 0.098843 -0.278791
v 0.086225 0.052893 0.781488
v 0.083750 0.030153 0.777456
v 0.061597 0.130649 -0.183882
v 0.062554 0.130602 -0.082801
v 0.060657 0.130695 -0.283178
v 0.064965 0.130483 0.172021
v 0.051452 0.108754 -0.358622
v 0.052865 0.140476 -0.352023
v 0.059418 0.098492 0.208087
v 0.037502 0.158566 -0.405157
v 0.065986 0.098216 0.693330
v 0.069961 0.130287 0.740379
v 0.067802 0.094970 0.734741
v 0.073354 0.132634 0.821054
v 0.059308 0.142501 0.767014
v 0.036673 0.169605 0.814135
v 0.069554 0.089623 0.772304
v 0.038623 0.169625 0.871130
v 0.071616 0.080461 0.807507
v 0.087240 0.121278 0.882639
v 0.090622 0.032541 0.808047
v 0.074522 0.068131 0.846260
v 0.061023 0.137841 0.949274
v 0.037798 0.169507 0.955612
v 0.059888 0.138659 0.981795
v 0.078714 0.102080 1.020194
v 0.099539 0.105589 0.938823
v 0.080449 0.048069 0.898246
v 0.092249 0.032541 0.853478
v 0.081990 0.032052 0.934065
v 0.099222 0.070337 1.015548
v 0.084055 0.069888 1.061869
v 0.092365 0.049909 1.000331
v 0.098183 0.053196 1.052862
v 0.094353 0.035794 1.090532
v 0.082488 0.041291 1.104874
v 0.076926 -0.002323 1.190885
v 0.079435 -0.004826 1.109616
v 0.079572 -0.007515 1.028695
v 0.089305 0.016348 0.941727
v 0.079124 -0.011334 0.939681
v 0.080383 0.012152 0.902468
v 0.090642 0.013826 0.899400
v 0.089837 0.016791 0.776143
v 0.085221 0.016160 0.763608
v -0.078608 -0.176926 0.097481
v 0.066175 -0.442165 0.134270
v 0.065924 -0.176926 0.096483
v -0.078337 -0.442165 0.135268
v -0.030463 -0.351943 0.157443
v -0.030553 -0.351932 0.134946
v -0.030451 -0.436864 0.135602
v -0.030315 -0.473821 0.161559
v -0.030283 -0.479716 0.157916
v -0.052487 -0.436714 0.135846
v -0.071335 -0.457398 0.145919
v -0.051093 -0.479702 0.158096
v -0.030451 -0.436864 0.135602
v -0.030283 -0.479716 0.157916
v 0.032282 0.190977 0.560983
v 0.031105 0.191018 0.390394
v 0.040084 0.195338 0.556418
v 0.037195 0.194765 0.393158
v 0.049953 0.196333 0.548895
v 0.045281 0.196399 0.395411
v 0.056968 0.198425 0.538781
v 0.059947 0.196157 0.395378
v 0.060739 0.200892 0.523786
v 0.062631 0.203556 0.509191
v 0.063222 0.210966 0.481712
v -0.032753 0.257387 0.444970
v -0.029727 0.267278 0.444946
v -0.032523 0.257387 0.478322
v -0.037212 0.242365 0.438765
v -0.036765 0.242372 0.503967
v -0.037617 0.229514 0.429794
v -0.037140 0.229514 0.523537
v -0.031985 0.218822 0.419833
v -0.031014 0.217551 0.539160
v -0.025189 0.209579 0.544863
v -0.025321 0.208800 0.408794
v -0.015326 0.206738 0.547019
v -0.016443 0.205788 0.405394
v -0.014430 0.197281 0.555883
v -0.015538 0.197316 0.396776
v 0.082684 -0.795094 -0.769852
v -0.107322 -0.795094 -0.768541
v -0.102253 -0.883380 -0.765280
v 0.077661 -0.883380 -0.766521
v -0.093729 -0.910728 -0.760988
v 0.069197 -0.910728 -0.762112
v -0.080678 -0.935630 -0.753054
v 0.056256 -0.935630 -0.753999
v 0.038210 -0.963140 -0.739404
v -0.062431 -0.963140 -0.738709
v -0.011748 -1.036219 -0.686466
v -0.107322 -0.795094 -0.768541
v 0.082684 -0.795094 -0.769852
v -0.105186 -0.831992 -0.854609
v 0.079361 -0.831992 -0.855882
v -0.096575 -0.841502 -0.892338
v 0.070230 -0.841502 -0.893489
v 0.056933 -0.846218 -0.931364
v -0.083802 -0.846218 -0.930393
v -0.067316 -0.848924 -0.979051
v 0.039778 -0.848924 -0.979790
v -0.014849 -0.843242 -1.135870
v 0.083739 -0.974687 -0.906303
v -0.110260 -0.974687 -0.904965
v 0.055898 -0.967335 -0.942759
v -0.082924 -0.967335 -0.941801
v 0.011268 -0.967409 -1.020535
v -0.039372 -0.967409 -1.020186
v -0.014432 0.171356 0.259888
v -0.005283 0.178660 0.251694
v -0.016375 0.164932 0.258626
v -0.023042 0.167636 0.274937
v -0.022231 0.155564 0.268618
v -0.029913 0.155407 0.274603
v -0.031193 0.166273 0.283296
v -0.038300 0.155720 0.274950
v -0.043654 0.165080 0.286088
v -0.052645 0.158993 0.279597
v -0.042092 0.153465 0.270233
v -0.050773 0.140709 0.248980
v -0.069237 0.130407 0.232040
v -0.044923 0.130407 0.231777
v 0.058393 0.130407 0.231159
v 0.034078 0.130407 0.231232
v 0.040183 0.140709 0.248352
v 0.042459 0.158993 0.278940
v 0.031795 0.153465 0.269723
v 0.028069 0.155720 0.274492
v 0.033558 0.165080 0.285556
v 0.021059 0.166273 0.282935
v 0.019660 0.155407 0.274260
v 0.012794 0.167636 0.274690
v 0.011896 0.155564 0.268382
v 0.005902 0.164932 0.258472
v 0.003977 0.171356 0.259761
v -0.005283 0.178660 0.251694
v 0.077895 0.004869 1.396561
v 0.085574 0.040979 1.399573
v 0.080789 0.041596 1.399590
v 0.085695 0.071591 1.398873
v 0.064851 0.071370 1.398797
v 0.083448 0.105945 1.394419
v 0.051468 0.097260 1.394626
v 0.041398 0.123913 1.389314
v 0.076304 0.139234 1.384182
v 0.070852 0.145369 1.388359
v 0.037212 0.130247 1.393576
v 0.068869 0.147692 1.398571
v 0.033831 0.133660 1.402059
v 0.069800 0.147692 1.533514
v 0.034796 0.134429 1.541872
v 0.073193 0.144769 1.543392
v 0.036879 0.131789 1.553650
v 0.041132 0.126279 1.564821
v 0.081082 0.129489 1.565458
v 0.053897 0.093846 1.599877
v 0.086945 0.103781 1.591462
v 0.065740 0.072507 1.618177
v 0.088723 0.072647 1.616163
v 0.082447 0.041649 1.639191
v 0.087321 0.041163 1.639612
v 0.079700 0.004869 1.658150
v 0.079700 0.004869 1.658150
v 0.087379 0.040979 1.661162
v 0.082594 0.041596 1.661179
v 0.087492 0.071590 1.660452
v 0.067156 0.070460 1.660394
v 0.085210 0.105907 1.655953
v 0.054290 0.093846 1.656834
v 0.044453 0.123245 1.650801
v 0.078129 0.134944 1.648708
v 0.074389 0.142755 1.652645
v 0.038185 0.130274 1.654351
v 0.070689 0.147692 1.662388
v 0.035637 0.134429 1.663684
v 0.071635 0.147691 1.800146
v 0.036588 0.134429 1.801442
v 0.041970 0.127534 1.824014
v 0.079331 0.139233 1.823757
v 0.055034 0.096171 1.864590
v 0.061423 0.100839 1.865356
v 0.085234 0.042596 1.887105
v 0.103914 0.038924 1.897886
v 0.081111 -0.002994 1.861550
v 0.107565 -0.009297 1.880957
v 0.126021 0.012883 1.904937
v 0.144847 -0.015776 1.903758
v 0.121530 -0.027284 1.883591
v 0.136319 -0.056778 1.877187
v 0.160583 -0.043911 1.898638
v 0.156032 -0.102520 1.865297
v 0.178144 -0.108546 1.875585
v -0.007325 -0.691155 -0.045428
v 0.024272 -0.633031 -0.028969
v -0.038691 -0.633031 -0.028535
v 0.033164 -0.611414 -0.020152
v -0.047461 -0.611414 -0.019596
v -0.057038 -0.595258 -0.006402
v 0.042923 -0.595258 -0.007092
v -0.068122 -0.585789 0.010647
v 0.054241 -0.585789 0.009803
v 0.066163 -0.582161 0.029014
v -0.079778 -0.582161 0.030021
v -0.091799 -0.583134 0.051383
v 0.078478 -0.583134 0.050208
v 0.083779 -0.519611 0.075253
v -0.096755 -0.519611 0.076499
v -0.099115 -0.488454 0.094358
v 0.086386 -0.488454 0.093078
v 0.088764 -0.460248 0.115340
v -0.101186 -0.460248 0.116651
v 0.066175 -0.442165 0.134270
v 0.090311 -0.442165 0.134104
v -0.078337 -0.442165 0.135268
v 0.066451 -0.421129 0.171367
v -0.102474 -0.442165 0.135434
v 0.091128 -0.421129 0.171196
v -0.078102 -0.421129 0.172364
v 0.066745 -0.409921 0.210960
v -0.102779 -0.421129 0.172534
v 0.093364 -0.409921 0.210777
v -0.077849 -0.409921 0.211958
v 0.067445 -0.399375 0.305703
v -0.104468 -0.409921 0.212142
v 0.094986 -0.399375 0.305513
v -0.077242 -0.399375 0.306702
v 0.068439 -0.399375 0.440424
v -0.104783 -0.399375 0.306892
v 0.096481 -0.399375 0.440230
v -0.076377 -0.399375 0.441423
v 0.068655 -0.365266 0.469106
v -0.104418 -0.399375 0.441617
v 0.099567 -0.365266 0.468893
v -0.076197 -0.365266 0.470106
v 0.068926 -0.345389 0.505379
v -0.107109 -0.365266 0.470319
v 0.101663 -0.345389 0.505153
v -0.075967 -0.345389 0.506378
v 0.069817 -0.314359 0.625613
v -0.108704 -0.345389 0.506604
v 0.107139 -0.314359 0.625355
v -0.075198 -0.314359 0.626613
v 0.112638 -0.280544 0.811461
v -0.112521 -0.314359 0.626871
v -0.115451 -0.280544 0.813035
v 0.113219 -0.282881 0.844108
v -0.115582 -0.282881 0.845687
v -0.115219 -0.291483 0.876586
v 0.113283 -0.291483 0.875010
v 0.104247 -0.310302 0.900924
v -0.105826 -0.310302 0.902373
v 0.075886 -0.332185 0.917421
v -0.077240 -0.332185 0.918478
v 0.037407 -0.350432 0.930427
v -0.038586 -0.350432 0.930951
v -0.000572 -0.354873 0.933213
v 0.068926 -0.345389 0.505379
v 0.069817 -0.314359 0.625613
v 0.069627 -0.172337 0.598191
v 0.068655 -0.365266 0.469106
v 0.065924 -0.176926 0.096483
v 0.067445 -0.399375 0.305703
v 0.068439 -0.399375 0.440424
v 0.066745 -0.409921 0.210960
v 0.066451 -0.421129 0.171367
v 0.066175 -0.442165 0.134270
v 0.087912 0.030636 -0.091355
v 0.035293 0.030340 -0.090997
v 0.081499 0.017206 -0.080759
v 0.033067 0.016909 -0.080430
v 0.077395 0.009617 -0.071199
v 0.035389 0.009690 -0.070906
v 0.036915 0.008051 0.144052
v 0.079923 0.008051 0.143755
v 0.038956 0.007987 0.439813
v 0.081995 0.007987 0.439516
v 0.041109 0.009532 0.750987
v 0.084808 0.009532 0.750686
v 0.041190 0.015864 0.763906
v 0.085221 0.016160 0.763608
v 0.083750 0.030153 0.777456
v 0.041285 0.029856 0.777744
v 0.032141 0.002883 0.239599
v -0.108322 0.002883 0.240569
v 0.031779 -0.020779 0.189049
v -0.112294 -0.020779 0.190043
v 0.031723 -0.027196 0.181634
v -0.113478 -0.027196 0.182636
v 0.031701 -0.032225 0.178795
v -0.114490 -0.032333 0.179887
v 0.031701 -0.038742 0.179882
v -0.115872 -0.038655 0.181018
v 0.031729 -0.043302 0.184325
v -0.116933 -0.043302 0.185350
v 0.032257 -0.051410 0.262167
v -0.118861 -0.051410 0.263210
v 0.032892 -0.055645 0.355094
v -0.119892 -0.055645 0.356148
v 0.033544 -0.058360 0.450500
v -0.120923 -0.058360 0.451566
v -0.115465 -0.056100 0.543409
v 0.034196 -0.056100 0.542376
v -0.110037 -0.048857 0.602492
v 0.034622 -0.048857 0.601494
v -0.105796 -0.035402 0.628878
v 0.034820 -0.035370 0.627888
v -0.101920 -0.016340 0.647041
v 0.034959 -0.016282 0.646095
v -0.098709 0.007574 0.659147
v 0.035054 0.007574 0.658224
v -0.097276 0.027493 0.663845
v 0.035092 0.027493 0.662932
v 0.035092 0.027493 0.662932
v -0.097276 0.027493 0.663845
v -0.094425 0.033646 0.645150
v 0.034974 0.033646 0.644257
v -0.092413 0.039667 0.613432
v 0.034763 0.039667 0.612554
v -0.089459 0.042398 0.579358
v 0.034540 0.042398 0.578502
v 0.032350 0.038603 0.262819
v -0.094939 0.038603 0.263698
v 0.031815 0.036009 0.186437
v -0.097494 0.036009 0.187329
v 0.031551 0.032366 0.151369
v -0.103754 0.032366 0.152303
v 0.031267 0.027468 0.114894
v -0.112794 0.027468 0.115888
v 0.041190 0.042967 0.764184
v 0.041285 0.029856 0.777744
v 0.041190 0.015864 0.763906
v 0.041099 0.048942 0.751251
v 0.041109 0.009532 0.750987
v 0.040978 0.049105 0.733841
v 0.038956 0.007987 0.439813
v 0.037587 0.048774 0.242227
v 0.036915 0.008051 0.144052
v 0.035465 0.048573 -0.065403
v 0.035389 0.009690 -0.070906
v 0.033067 0.016909 -0.080430
v 0.035372 0.043000 -0.079254
v 0.035293 0.030340 -0.090997
v 0.116515 -0.066245 3.122226
v 0.140151 -0.088891 3.138154
v 0.116515 -0.111543 3.122226
v 0.106795 -0.066245 3.104313
v 0.106795 -0.111543 3.104313
v 0.101326 -0.111556 3.072113
v 0.101326 -0.066217 3.072113
v 0.099334 -0.066217 2.783447
v 0.099334 -0.111556 2.783447
v 0.105032 -0.066227 2.757456
v 0.105032 -0.111551 2.757456
v 0.123898 -0.111556 2.728529
v 0.123898 -0.066217 2.728529
v 0.089093 -0.066217 2.701316
v 0.089093 -0.111556 2.701316
v 0.061202 0.091931 2.452339
v 0.058666 0.073260 2.451027
v 0.047400 0.068091 2.449953
v 0.053778 0.043290 2.444377
v 0.023534 0.054300 2.447041
v -0.003816 0.054300 2.447230
v -0.034094 0.043290 2.444983
v -0.027639 0.068091 2.450470
v -0.038889 0.073260 2.451701
v -0.041407 0.091931 2.453046
v -0.027870 0.018022 2.431702
v 0.047371 0.018022 2.431183
v 0.038689 -0.001151 2.410528
v -0.019473 -0.001151 2.410930
v -0.015642 -0.013814 2.375847
v 0.034374 -0.013814 2.375502
v 0.023697 0.157058 2.470703
v 0.022871 0.157058 2.350858
v 0.019046 0.209842 2.419256
v 0.018796 0.208960 2.350827
v 0.029534 0.218923 2.415032
v 0.028948 0.220519 2.349850
v 0.009571 0.251290 2.405406
v 0.009161 0.236861 2.346030
v 0.047776 0.068092 2.504422
v 0.024000 0.060539 2.514613
v 0.030561 -0.013815 2.613276
v -0.003350 0.060539 2.514802
v -0.008548 -0.013815 2.613546
v -0.027264 0.068092 2.504940
v -0.065860 -0.066217 2.702386
v -0.100286 -0.066217 2.730076
v -0.065563 -0.066217 2.745475
v -0.081022 -0.066227 2.758740
v -0.065295 -0.066217 2.784308
v -0.074967 -0.066217 2.784649
v -0.063303 -0.066217 3.072974
v -0.072975 -0.066217 3.073316
v -0.050766 -0.066245 3.091917
v -0.077999 -0.066245 3.105588
v -0.050358 -0.066245 3.151073
v -0.087471 -0.066245 3.123633
v -0.040287 -0.066245 3.206295
v -0.060089 -0.066245 3.254869
v -0.110884 -0.088891 3.139886
v -0.078369 -0.088891 3.274214
v -0.043517 -0.066245 3.256940
v -0.015748 -0.088891 3.202157
v -0.025705 -0.088891 3.275227
v -0.051806 -0.066245 3.265621
v -0.051581 -0.088891 3.303677
v -0.011073 -0.166354 2.702008
v -0.010884 -0.200970 2.729459
v -0.010776 -0.166354 2.745097
v -0.010674 -0.181904 2.758255
v -0.010508 -0.166354 2.783930
v -0.010506 -0.176028 2.784204
v -0.008516 -0.166354 3.072596
v -0.008514 -0.176028 3.072871
v -0.008356 -0.153948 3.091624
v -0.008263 -0.181274 3.105107
v -0.007948 -0.153948 3.150780
v -0.008139 -0.190870 3.123086
v -0.007567 -0.144258 3.206070
v -0.007232 -0.164395 3.254505
v 0.014633 -0.214389 3.139017
v 0.015562 -0.182803 3.273561
v -0.007217 -0.147838 3.256690
v 0.015067 -0.119696 3.201945
v 0.015571 -0.130156 3.274938
v -0.007158 -0.156187 3.265313
v 0.015766 -0.156224 3.303203
v -0.043748 0.107084 2.510997
v -0.041006 0.091931 2.511160
v -0.027088 0.106636 2.530310
v -0.027264 0.068092 2.504940
v -0.007577 0.107127 2.543957
v -0.003350 0.060539 2.514802
v 0.010546 0.107127 2.546757
v 0.024000 0.060539 2.514613
v 0.028630 0.107127 2.543708
v 0.047776 0.068092 2.504422
v 0.047951 0.106636 2.529792
v 0.061603 0.091931 2.510452
v 0.064343 0.107084 2.510251
v 0.029700 -0.176426 2.375532
v 0.009366 -0.187814 2.375675
v -0.010969 -0.176426 2.375813
v 0.033988 -0.160520 2.375504
v -0.015256 -0.160520 2.375844
v 0.024064 -0.142372 2.375573
v 0.047623 -0.149703 2.375412
v -0.005333 -0.142372 2.375776
v 0.049685 -0.127554 2.375400
v -0.028891 -0.149703 2.375940
v -0.030953 -0.127554 2.375956
v 0.082643 -0.106796 2.375169
v 0.064496 -0.101940 2.375294
v 0.091323 -0.134834 2.384696
v -0.063911 -0.106796 2.376180
v -0.072459 -0.134834 2.385827
v -0.045764 -0.101940 2.376055
v -0.085268 -0.088067 2.389760
v -0.111011 -0.089259 2.417069
v -0.072404 -0.043964 2.385429
v -0.063911 -0.067539 2.376180
v -0.045764 -0.072395 2.376055
v -0.033395 -0.026037 2.375969
v -0.030952 -0.046776 2.375953
v -0.005333 -0.031963 2.375776
v -0.015642 -0.013814 2.375847
v 0.024065 -0.031963 2.375573
v 0.034374 -0.013814 2.375502
v 0.052127 -0.026037 2.375380
v 0.049684 -0.046776 2.375397
v 0.082643 -0.067539 2.375169
v 0.064496 -0.072395 2.375294
v 0.091262 -0.043964 2.384300
v 0.104185 -0.088067 2.388453
v 0.130302 -0.089259 2.415403
v 0.034266 0.165982 0.753115
v -0.037892 0.165982 0.753613
v 0.035251 0.180683 0.738191
v -0.039083 0.180683 0.738703
v 0.034886 0.180684 0.674161
v -0.039600 0.180684 0.674675
v -0.013415 0.205595 0.734787
v -0.026386 0.205595 0.734877
v -0.025402 0.212512 0.743193
v -0.016886 0.220195 0.759251
v -0.024911 0.222214 0.758981
v -0.024850 0.205539 0.779431
v -0.013043 0.205535 0.779350
v -0.024939 0.193813 0.780336
v -0.001630 0.199335 0.779797
v -0.024750 0.180683 0.781339
v -0.008033 0.180694 0.781222
v -0.001626 0.190893 0.780432
v 0.021684 0.193813 0.780015
v 0.004791 0.180694 0.781133
v 0.021509 0.180683 0.781020
v 0.009775 0.205535 0.779193
v 0.021582 0.205539 0.779111
v 0.013341 0.220195 0.759043
v 0.021361 0.222214 0.758662
v 0.021634 0.212512 0.742868
v 0.009532 0.205595 0.734629
v 0.022504 0.205595 0.734539
v -0.107986 -0.057244 0.198360
v -0.103274 -0.062115 0.804322
v -0.099702 -0.037360 0.743351
v -0.106220 -0.045000 0.167885
v -0.097609 -0.023221 0.732203
v -0.103807 -0.028471 0.139978
v -0.095865 -0.011553 0.731092
v -0.101361 -0.011887 0.123117
v -0.093853 0.002986 0.744131
v -0.097997 0.007472 0.105771
v -0.085523 0.016579 0.717415
v -0.087853 0.023733 0.113998
v -0.068207 0.044630 0.690647
v -0.074826 0.044561 0.132530
v -0.060114 0.067967 0.169506
v -0.053585 0.068278 0.673692
v 0.051427 0.042965 0.763847
v 0.051522 0.029763 0.777661
v 0.051427 0.016562 0.763847
v 0.051341 0.048829 0.751346
v 0.051341 0.010697 0.751346
v 0.045700 0.048829 -0.066145
v 0.045700 0.010697 -0.066145
v 0.045611 0.016562 -0.078949
v 0.045611 0.042965 -0.078949
v 0.045525 0.029763 -0.091378
v 0.116234 0.029312 0.724258
v 0.048717 0.029312 0.724724
v 0.048680 0.018614 0.719376
v 0.116197 0.018614 0.718910
v 0.048606 0.013266 0.708678
v 0.116123 0.013266 0.708212
v 0.116050 0.018614 0.697515
v 0.048533 0.018614 0.697981
v 0.116013 0.029312 0.692167
v 0.048496 0.029312 0.692633
v 0.048533 0.040009 0.697981
v 0.116050 0.040009 0.697515
v 0.048606 0.045358 0.708678
v 0.116123 0.045358 0.708212
v 0.116197 0.040009 0.718910
v 0.048680 0.040009 0.719376
v 0.018424 -0.479716 0.157580
v 0.018287 -0.436864 0.135265
v 0.018517 -0.473821 0.161222
v 0.018630 -0.351943 0.157105
v 0.018398 -0.351932 0.134608
v 0.039248 -0.479702 0.157472
v 0.018287 -0.436864 0.135265
v 0.018424 -0.479716 0.157580
v 0.040335 -0.436714 0.135206
v 0.059320 -0.457398 0.145017
v -0.030463 -0.351943 0.157443
v 0.018517 -0.473821 0.161222
v 0.018630 -0.351943 0.157105
v -0.030315 -0.473821 0.161559
v 0.018424 -0.479716 0.157580
v -0.030283 -0.479716 0.157916
v -0.047486 -0.522502 0.127952
v -0.051093 -0.479702 0.158096
v -0.068822 -0.498722 0.112604
v -0.071335 -0.457398 0.145919
v -0.066056 -0.533913 0.094349
v 0.035226 -0.522502 0.127381
v 0.039248 -0.479702 0.157472
v -0.042828 -0.552171 0.116317
v -0.061356 -0.571906 0.085190
v 0.056348 -0.498722 0.111740
v 0.059320 -0.457398 0.145017
v 0.053330 -0.533913 0.093525
v 0.030408 -0.552171 0.115812
v 0.048504 -0.571906 0.084432
v -0.039083 -0.582221 0.110032
v -0.053428 -0.611606 0.084834
v 0.026577 -0.582221 0.109579
v 0.040572 -0.611606 0.084186
v 0.021080 -0.613481 0.106319
v -0.033632 -0.613481 0.106696
v 0.014580 -0.644769 0.106131
v 0.028390 -0.649731 0.091480
v 0.001684 -0.703548 0.110584
v -0.027136 -0.644769 0.106419
v -0.041146 -0.649731 0.091960
v -0.014179 -0.703548 0.110694
v 0.020365 0.184882 0.328667
v 0.018137 0.191066 0.390337
v 0.017767 0.191056 0.336595
v 0.021983 0.184874 0.566537
v 0.015544 0.197301 0.396599
v 0.016638 0.197292 0.555691
v 0.024869 0.257387 0.444573
v 0.025099 0.257387 0.477924
v 0.021843 0.267278 0.444590
v 0.029242 0.242365 0.438307
v 0.029695 0.242372 0.503509
v 0.029523 0.229514 0.429331
v 0.030340 0.229514 0.523071
v 0.023754 0.218822 0.419448
v 0.024430 0.217551 0.538778
v 0.018684 0.209579 0.544561
v 0.016938 0.208800 0.408503
v 0.008852 0.206738 0.546852
v 0.008014 0.205788 0.405225
v 0.008079 0.197281 0.555728
v 0.006990 0.197316 0.396620
v 0.030363 0.257383 0.443016
v 0.024869 0.257387 0.444573
v 0.021843 0.267278 0.444590
v 0.029242 0.242365 0.438307
v 0.043449 0.242360 0.438206
v 0.029523 0.229514 0.429331
v 0.051527 0.229514 0.429172
v 0.023754 0.218822 0.419448
v 0.057259 0.218967 0.419444
v 0.060019 0.208645 0.408615
v 0.016938 0.208800 0.408503
v 0.045281 0.196399 0.395411
v 0.059947 0.196157 0.395378
v 0.037195 0.194765 0.393158
v 0.015544 0.197301 0.396599
v 0.031105 0.191018 0.390394
v 0.018137 0.191066 0.390337
v 0.008014 0.205788 0.405225
v 0.006990 0.197316 0.396620
v 0.016746 0.184881 0.319465
v 0.010872 0.184881 0.311494
v 0.003048 0.184881 0.307002
v -0.004903 0.184881 0.305518
v 0.020365 0.184882 0.328667
v 0.021983 0.184874 0.566537
v -0.028184 0.184874 0.566883
v -0.029849 0.184882 0.329014
v -0.026357 0.184881 0.319763
v -0.012833 0.184881 0.307112
v -0.020594 0.184881 0.311711
v -0.026770 0.191066 0.390647
v -0.029849 0.184882 0.329014
v -0.027142 0.191056 0.336905
v -0.028184 0.184874 0.566883
v -0.024091 0.197301 0.396873
v -0.022989 0.197292 0.555964
v -0.046424 0.195338 0.557015
v -0.039736 0.191018 0.390882
v -0.038559 0.190977 0.561472
v -0.045787 0.194765 0.393731
v -0.056395 0.196333 0.549629
v -0.053841 0.196399 0.396096
v -0.063548 0.198425 0.539613
v -0.068507 0.196157 0.396264
v -0.067527 0.200892 0.524671
v -0.069620 0.203556 0.510103
v -0.070589 0.210966 0.482635
v -0.038268 0.257383 0.443490
v -0.029727 0.267278 0.444946
v -0.032753 0.257387 0.444970
v -0.037212 0.242365 0.438765
v -0.051419 0.242360 0.438860
v -0.037617 0.229514 0.429794
v -0.059621 0.229514 0.429939
v -0.031985 0.218822 0.419833
v -0.065486 0.218967 0.420291
v -0.068396 0.208645 0.409502
v -0.025321 0.208800 0.408794
v -0.053841 0.196399 0.396096
v -0.068507 0.196157 0.396264
v -0.045787 0.194765 0.393731
v -0.024091 0.197301 0.396873
v -0.039736 0.191018 0.390882
v -0.026770 0.191066 0.390647
v -0.016443 0.205788 0.405394
v -0.015538 0.197316 0.396776
v 0.060532 0.133884 0.744790
v 0.049636 0.129883 0.741522
v 0.065065 0.130413 0.727251
v 0.038141 0.145101 0.765424
v 0.032602 0.137230 0.759541
v -0.041614 0.145101 0.765974
v -0.036157 0.137230 0.760016
v -0.053438 0.129883 0.742233
v -0.064288 0.133884 0.745651
v -0.069062 0.130413 0.728176
v -0.014432 0.171356 0.259888
v 0.003977 0.171356 0.259761
v -0.005283 0.178660 0.251694
v 0.012794 0.167636 0.274690
v -0.023042 0.167636 0.274937
v -0.031193 0.166273 0.283296
v 0.021059 0.166273 0.282935
v -0.036007 0.166526 0.716128
v -0.043654 0.165080 0.286088
v 0.031846 0.166526 0.715659
v 0.033558 0.165080 0.285556
v -0.049305 0.159205 0.719646
v -0.052645 0.158993 0.279597
v -0.069237 0.130407 0.232040
v -0.069062 0.130413 0.728176
v -0.064288 0.133884 0.745651
v -0.035663 0.161747 0.733079
v -0.041614 0.145101 0.765974
v 0.031736 0.161747 0.732614
v 0.038141 0.145101 0.765424
v 0.060532 0.133884 0.744790
v 0.045192 0.159205 0.718994
v 0.065065 0.130413 0.727251
v 0.042459 0.158993 0.278940
v 0.058393 0.130407 0.231159
v 0.050654 0.169443 1.894632
v -0.040751 0.169331 1.576314
v -0.038525 0.169443 1.895247
v 0.048479 0.169331 1.575698
v -0.042556 0.169331 1.314738
v 0.046674 0.169331 1.314122
v -0.014110 0.169330 1.057971
v -0.044137 0.169332 1.088385
v -0.049992 0.200467 1.058219
v -0.038629 0.169507 0.956140
v 0.037798 0.169507 0.955612
v 0.014686 0.169330 1.057772
v 0.045131 0.169332 1.087768
v 0.050568 0.200467 1.057525
v -0.038525 0.169443 1.895247
v 0.100748 0.038232 2.015463
v 0.050654 0.169443 1.894632
v -0.086947 0.038232 2.016758
v 0.113443 0.001252 2.048825
v -0.099180 0.001252 2.050292
v -0.110146 -0.029834 2.078508
v 0.124797 -0.029834 2.076887
v 0.128433 -0.102333 2.142207
v -0.112880 -0.102333 2.143872
v -0.092371 -0.165128 2.162248
v 0.108180 -0.165128 2.160864
v 0.090488 -0.219080 2.169733
v -0.074559 -0.219080 2.170872
v 0.008036 -0.400832 2.180660
v 0.080629 0.041490 1.377602
v 0.085516 0.041163 1.378023
v 0.077895 0.004869 1.396561
v 0.087006 0.072646 1.354545
v 0.064683 0.071149 1.356578
v 0.085466 0.103377 1.329888
v 0.051243 0.096516 1.334996
v 0.079639 0.129014 1.304241
v 0.042263 0.122387 1.308473
v 0.071439 0.144651 1.283159
v 0.035700 0.130934 1.292964
v 0.033020 0.134445 1.281847
v 0.067990 0.147693 1.270349
v 0.032165 0.134401 1.166640
v 0.067252 0.147696 1.161602
v 0.034949 0.130625 1.152910
v 0.068879 0.142162 1.148924
v 0.041232 0.122164 1.143778
v 0.074658 0.134624 1.142785
v 0.050083 0.096268 1.146313
v 0.083932 0.101658 1.145022
v 0.063670 0.070491 1.158110
v 0.088825 0.070734 1.157618
v 0.079230 0.041761 1.171779
v 0.085102 0.040682 1.172133
v 0.076926 -0.002323 1.190885
v 0.011166 0.180145 -0.445616
v -0.010315 0.197801 -0.478763
v -0.031337 0.180145 -0.445323
v -0.057111 0.158566 -0.404504
v 0.037502 0.158566 -0.405157
v 0.052865 0.140476 -0.352023
v -0.071739 0.140476 -0.351163
v 0.060657 0.130695 -0.283178
v -0.078581 0.130695 -0.282217
v 0.061597 0.130649 -0.183882
v -0.078151 0.130649 -0.182918
v 0.062554 0.130602 -0.082801
v -0.077712 0.130602 -0.081833
v 0.064965 0.130483 0.172021
v -0.076607 0.130483 0.172998
v 0.069961 0.130287 0.740379
v -0.073759 0.130287 0.741371
v 0.059308 0.142501 0.767014
v -0.062740 0.142501 0.767856
v 0.036673 0.169605 0.814135
v -0.039456 0.169605 0.814660
v 0.038623 0.169625 0.871130
v -0.040620 0.169625 0.871677
v 0.037798 0.169507 0.955612
v -0.038629 0.169507 0.956140
v 0.034796 0.134429 1.541872
v 0.037212 0.130247 1.393576
v 0.033831 0.133660 1.402059
v 0.036879 0.131789 1.553650
v 0.041398 0.123913 1.389314
v 0.041132 0.126279 1.564821
v 0.051468 0.097260 1.394626
v 0.053897 0.093846 1.599877
v 0.064851 0.071370 1.398797
v 0.065740 0.072507 1.618177
v 0.080789 0.041596 1.399590
v 0.082447 0.041649 1.639191
v 0.077895 0.004869 1.396561
v 0.079700 0.004869 1.658150
v 0.079841 -0.002791 1.657979
v 0.081111 -0.002994 1.861550
v 0.076926 -0.002323 1.190885
v 0.082594 0.041596 1.661179
v 0.080629 0.041490 1.377602
v 0.085234 0.042596 1.887105
v 0.079230 0.041761 1.171779
v 0.067156 0.070460 1.660394
v 0.064683 0.071149 1.356578
v 0.055034 0.096171 1.864590
v 0.063670 0.070491 1.158110
v 0.054290 0.093846 1.656834
v 0.051243 0.096516 1.334996
v 0.041970 0.127534 1.824014
v 0.050083 0.096268 1.146313
v 0.044453 0.123245 1.650801
v 0.042263 0.122387 1.308473
v 0.036588 0.134429 1.801442
v 0.041232 0.122164 1.143778
v 0.035637 0.134429 1.663684
v 0.038185 0.130274 1.654351
v 0.035700 0.130934 1.292964
v 0.034949 0.130625 1.152910
v 0.032165 0.134401 1.166640
v 0.033020 0.134445 1.281847
v -0.007552 -0.556181 -0.078367
v -0.019236 -0.525948 -0.056144
v 0.004438 -0.525948 -0.056308
v 0.019771 -0.487768 -0.031085
v -0.034220 -0.487768 -0.030713
v -0.043571 -0.460892 -0.023193
v 0.029225 -0.460892 -0.023695
v 0.037837 -0.434016 -0.022847
v -0.052171 -0.434016 -0.022226
v -0.062204 -0.400113 -0.028270
v 0.047786 -0.400113 -0.029029
v -0.068671 -0.369835 -0.049225
v 0.053963 -0.369835 -0.050072
v -0.072015 -0.345005 -0.080294
v 0.056878 -0.345005 -0.081184
v 0.057525 -0.329383 -0.118214
v -0.073172 -0.329383 -0.117312
v -0.073794 -0.323472 -0.157195
v 0.057596 -0.323472 -0.158102
v -0.073954 -0.324812 -0.186579
v 0.057350 -0.324812 -0.187485
v -0.072015 -0.340970 -0.241425
v 0.054655 -0.340970 -0.242299
v 0.052491 -0.320908 -0.280466
v -0.070378 -0.320908 -0.279618
v -0.070379 -0.319545 -0.320273
v 0.051931 -0.319545 -0.321117
v 0.051964 -0.339035 -0.356865
v -0.070906 -0.339035 -0.356017
v 0.051772 -0.363178 -0.379845
v -0.071030 -0.363178 -0.378998
v 0.051395 -0.393231 -0.394174
v -0.070851 -0.393231 -0.393330
v 0.046746 -0.431458 -0.397444
v -0.066248 -0.431458 -0.396664
v -0.059744 -0.468447 -0.386668
v 0.040380 -0.468447 -0.387359
v 0.034033 -0.505190 -0.361518
v -0.053041 -0.505190 -0.360918
v 0.027542 -0.535613 -0.315709
v -0.045918 -0.535613 -0.315202
v -0.036711 -0.548471 -0.254593
v 0.019173 -0.548471 -0.254979
v 0.009379 -0.541931 -0.190001
v -0.026021 -0.541931 -0.189757
v -0.007981 -0.613034 -0.140576
v 0.041285 0.029856 0.777744
v 0.081356 0.043264 0.763912
v 0.083750 0.030153 0.777456
v 0.041190 0.042967 0.764184
v 0.079609 0.049223 0.750996
v 0.041099 0.048942 0.751251
v 0.078794 0.049401 0.733585
v 0.040978 0.049105 0.733841
v 0.037587 0.048774 0.242227
v 0.078019 0.048945 0.241953
v 0.035465 0.048573 -0.065403
v 0.077486 0.048668 -0.065693
v 0.035372 0.043000 -0.079254
v 0.082211 0.043297 -0.079572
v 0.035293 0.030340 -0.090997
v 0.087912 0.030636 -0.091355
v 0.004382 -0.636404 -0.227159
v -0.008468 -0.654946 -0.211120
v -0.021538 -0.636404 -0.226980
v -0.025763 -0.606922 -0.272325
v 0.007981 -0.606922 -0.272558
v -0.045199 -0.587026 -0.331109
v 0.026603 -0.587026 -0.331605
v -0.051039 -0.572685 -0.410414
v 0.031348 -0.572684 -0.410983
v -0.010232 -0.571306 -0.466818
v 0.032818 -0.569524 -0.467876
v -0.053294 -0.569524 -0.467282
v -0.072637 0.004869 1.397599
v -0.075489 0.041596 1.400669
v -0.080274 0.040979 1.400717
v -0.080404 0.071591 1.400020
v -0.059563 0.071370 1.399655
v -0.078219 0.105945 1.395535
v -0.046239 0.097260 1.395301
v -0.036244 0.123913 1.389850
v -0.071217 0.139234 1.385200
v -0.065708 0.145369 1.389301
v -0.032000 0.130247 1.394054
v -0.063584 0.147692 1.399485
v -0.028501 0.133660 1.402489
v -0.062652 0.147692 1.534428
v -0.027537 0.134429 1.542302
v -0.065909 0.144769 1.544351
v -0.029457 0.131789 1.554108
v -0.033556 0.126279 1.565336
v -0.073492 0.129489 1.566525
v -0.045835 0.093846 1.600565
v -0.078997 0.103781 1.592607
v -0.057425 0.072507 1.619027
v -0.080433 0.072647 1.617330
v -0.073840 0.041649 1.640270
v -0.078708 0.041163 1.640757
v -0.070832 0.004869 1.659188
v -0.075633 0.041490 1.378680
v -0.072637 0.004869 1.397599
v -0.080513 0.041163 1.379169
v -0.082327 0.072646 1.355713
v -0.059978 0.071149 1.357438
v -0.081128 0.103377 1.331038
v -0.046837 0.096516 1.335673
v -0.075655 0.129014 1.305313
v -0.038224 0.122387 1.309029
v -0.067746 0.144651 1.284120
v -0.031876 0.130934 1.293430
v -0.029350 0.134445 1.282278
v -0.064475 0.147693 1.271263
v -0.030084 0.134401 1.167069
v -0.065238 0.147696 1.162516
v -0.033057 0.130625 1.153379
v -0.067039 0.142162 1.149862
v -0.039465 0.122164 1.144335
v -0.072902 0.134624 1.143803
v -0.048281 0.096268 1.146992
v -0.082144 0.101658 1.146168
v -0.061704 0.070491 1.158975
v -0.086864 0.070734 1.158830
v -0.077074 0.041761 1.172858
v -0.082940 0.040682 1.173293
v -0.074506 -0.002323 1.191930
v -0.070832 0.004869 1.659188
v -0.073684 0.041596 1.662258
v -0.078469 0.040979 1.662306
v -0.078591 0.071590 1.661598
v -0.058258 0.070460 1.661259
v -0.076371 0.105907 1.657067
v -0.045442 0.093846 1.657522
v -0.035689 0.123245 1.651354
v -0.069392 0.134944 1.649726
v -0.065598 0.142755 1.653611
v -0.029374 0.130274 1.654818
v -0.061763 0.147692 1.663302
v -0.026696 0.134429 1.664114
v -0.060808 0.147691 1.801060
v -0.025746 0.134429 1.801872
v -0.030816 0.127534 1.824516
v -0.068178 0.139232 1.824775
v -0.043319 0.096171 1.865268
v -0.049697 0.100839 1.866123
v -0.073206 0.042596 1.888198
v -0.091736 0.038924 1.899236
v -0.069436 -0.002994 1.862589
v -0.095619 -0.009297 1.882358
v -0.113743 0.012883 1.906592
v -0.132584 -0.015777 1.905673
v -0.109547 -0.027284 1.885186
v -0.124423 -0.056778 1.878986
v -0.148389 -0.043912 1.900770
v -0.144298 -0.102520 1.867370
v -0.166266 -0.108546 1.877962
v -0.032000 0.130247 1.394054
v -0.027537 0.134429 1.542302
v -0.028501 0.133660 1.402489
v -0.029457 0.131789 1.554108
v -0.036244 0.123913 1.389850
v -0.033556 0.126279 1.565336
v -0.046239 0.097260 1.395301
v -0.045835 0.093846 1.600565
v -0.059563 0.071370 1.399655
v -0.057425 0.072507 1.619027
v -0.075489 0.041596 1.400669
v -0.073840 0.041649 1.640270
v -0.072637 0.004869 1.397599
v -0.070832 0.004869 1.659188
v -0.070975 -0.002791 1.659020
v -0.069436 -0.002994 1.862589
v -0.074506 -0.002323 1.191930
v -0.073684 0.041596 1.662258
v -0.075633 0.041490 1.378680
v -0.073206 0.042596 1.888198
v -0.077074 0.041761 1.172858
v -0.058258 0.070460 1.661259
v -0.059978 0.071149 1.357438
v -0.043319 0.096171 1.865268
v -0.061704 0.070491 1.158975
v -0.045442 0.093846 1.657522
v -0.046837 0.096516 1.335673
v -0.030816 0.127534 1.824516
v -0.048281 0.096268 1.146992
v -0.035689 0.123245 1.651354
v -0.038224 0.122387 1.309029
v -0.025746 0.134429 1.801872
v -0.039465 0.122164 1.144335
v -0.026696 0.134429 1.664114
v -0.029374 0.130274 1.654818
v -0.031876 0.130934 1.293430
v -0.033057 0.130625 1.153379
v -0.030084 0.134401 1.167069
v -0.029350 0.134445 1.282278
v -0.075967 -0.345389 0.506378
v -0.075387 -0.172337 0.599192
v -0.075198 -0.314359 0.626613
v -0.076197 -0.365266 0.470106
v -0.078608 -0.176926 0.097481
v -0.077242 -0.399375 0.306702
v -0.076377 -0.399375 0.441423
v -0.077849 -0.409921 0.211958
v -0.078102 -0.421129 0.172364
v -0.078337 -0.442165 0.135268
v 0.032141 0.002883 0.239599
v -0.108389 0.010885 0.168185
v -0.108322 0.002883 0.240569
v 0.031643 0.010885 0.167219
v -0.107594 0.020282 0.132354
v 0.031400 0.020282 0.131395
v 0.031267 0.027468 0.114894
v -0.112794 0.027468 0.115888
v 0.035092 0.027493 0.662932
v 0.034974 0.033646 0.644257
v 0.035054 0.007574 0.658224
v 0.034959 -0.016282 0.646095
v 0.034763 0.039667 0.612554
v 0.034820 -0.035370 0.627888
v 0.034622 -0.048857 0.601494
v 0.034540 0.042398 0.578502
v 0.034196 -0.056100 0.542376
v 0.033544 -0.058360 0.450500
v 0.032350 0.038603 0.262819
v 0.032892 -0.055645 0.355094
v 0.032141 0.002883 0.239599
v 0.031815 0.036009 0.186437
v 0.032257 -0.051410 0.262167
v 0.031643 0.010885 0.167219
v 0.031779 -0.020779 0.189049
v 0.031551 0.032366 0.151369
v 0.031729 -0.043302 0.184325
v 0.031400 0.020282 0.131395
v 0.031267 0.027468 0.114894
v 0.031723 -0.027196 0.181634
v 0.031701 -0.038742 0.179882
v 0.031701 -0.032225 0.178795
v -0.023343 0.155413 -0.102023
v 0.007911 0.155413 -0.102239
v -0.007818 0.155413 -0.116986
v -0.035771 0.155413 -0.086367
v 0.020554 0.155413 -0.086755
v -0.043253 0.155413 -0.068628
v 0.028281 0.155413 -0.069122
v 0.028786 0.155783 0.004161
v -0.042748 0.155783 0.004655
v 0.022979 0.155413 0.014800
v -0.036794 0.155413 0.015212
v -0.025484 0.155413 0.025113
v 0.011807 0.155413 0.024856
v 0.023145 0.155413 0.034763
v -0.036685 0.155413 0.035175
v -0.042511 0.155795 0.046293
v 0.029125 0.155795 0.045799
v 0.029810 0.155783 0.152514
v -0.041724 0.155783 0.153008
v 0.024002 0.155412 0.163032
v -0.035771 0.155412 0.163445
v -0.024461 0.155412 0.173346
v 0.012830 0.155412 0.173089
v 0.024168 0.155412 0.182996
v -0.035662 0.155412 0.183408
v -0.041488 0.155795 0.194646
v 0.030148 0.155795 0.194152
v 0.027625 0.155412 0.288090
v 0.032341 0.152985 0.287937
v -0.037707 0.155412 0.288541
v -0.042486 0.152985 0.288503
v 0.044671 -0.633929 -0.598703
v 0.063562 -0.634827 -0.606600
v 0.054318 -0.618881 -0.607992
v 0.045916 -0.674791 -0.591744
v 0.030155 -0.650859 -0.582365
v 0.027744 -0.679549 -0.578490
v 0.011849 -0.662146 -0.572085
v 0.024308 -0.710000 -0.559295
v 0.010782 -0.693530 -0.564277
v -0.010900 -0.668617 -0.563504
v 0.009313 -0.727924 -0.539325
v -0.010791 -0.701764 -0.547808
v -0.010522 -0.739986 -0.508838
v -0.030777 -0.727924 -0.539048
v -0.032589 -0.693530 -0.563978
v -0.033764 -0.662146 -0.571771
v -0.046045 -0.710000 -0.558809
v -0.049746 -0.679549 -0.577955
v -0.052211 -0.650859 -0.581796
v -0.068100 -0.674791 -0.590957
v -0.066951 -0.633929 -0.597933
v -0.085949 -0.634827 -0.605568
v -0.076725 -0.618881 -0.607087
v 0.070477 -0.111543 3.205532
v 0.079785 -0.066245 3.150175
v 0.079785 -0.111543 3.150175
v 0.070477 -0.066245 3.205532
v 0.045883 -0.088891 3.201732
v 0.089391 -0.111556 2.744406
v 0.089093 -0.111556 2.701316
v 0.123898 -0.111556 2.728529
v 0.105032 -0.111551 2.757456
v 0.089659 -0.111556 2.783238
v 0.099334 -0.111556 2.783447
v 0.091651 -0.111556 3.071905
v 0.101326 -0.111556 3.072113
v 0.079377 -0.111543 3.091019
v 0.106795 -0.111543 3.104313
v 0.079785 -0.111543 3.150175
v 0.116515 -0.111543 3.122226
v 0.070477 -0.111543 3.205532
v 0.090948 -0.111543 3.253828
v 0.140151 -0.088891 3.138154
v 0.109492 -0.088891 3.272918
v 0.074406 -0.111543 3.256127
v 0.045883 -0.088891 3.201732
v 0.056847 -0.088891 3.274657
v 0.082814 -0.111543 3.264692
v 0.083114 -0.088891 3.302747
v 0.089093 -0.066217 2.701316
v 0.089391 -0.066217 2.744406
v 0.123898 -0.066217 2.728529
v 0.105032 -0.066227 2.757456
v 0.089659 -0.066217 2.783238
v 0.099334 -0.066217 2.783447
v 0.091651 -0.066217 3.071905
v 0.101326 -0.066217 3.072113
v 0.079377 -0.066245 3.091019
v 0.106795 -0.066245 3.104313
v 0.079785 -0.066245 3.150175
v 0.116515 -0.066245 3.122226
v 0.070477 -0.066245 3.205532
v 0.090948 -0.066245 3.253828
v 0.140151 -0.088891 3.138154
v 0.109492 -0.088891 3.272918
v 0.074406 -0.066245 3.256127
v 0.045883 -0.088891 3.201732
v 0.056847 -0.088891 3.274657
v 0.082814 -0.066245 3.264692
v 0.083114 -0.088891 3.302747
v 0.034594 -0.011428 2.744784
v 0.034297 -0.011428 2.701694
v 0.034486 0.023188 2.729146
v 0.034680 0.004122 2.757941
v 0.034862 -0.011428 2.783617
v 0.034864 -0.001755 2.783892
v 0.036854 -0.011428 3.072283
v 0.036856 -0.001755 3.072557
v 0.036972 -0.023834 3.091311
v 0.037065 0.003492 3.104794
v 0.037381 -0.023834 3.150467
v 0.037190 0.013088 3.122773
v 0.037762 -0.033524 3.205757
v 0.038096 -0.013387 3.254192
v 0.014633 0.036608 3.139017
v 0.015562 0.005021 3.273561
v 0.038111 -0.029944 3.256377
v 0.015067 -0.058085 3.201945
v 0.015571 -0.047626 3.274938
v 0.038171 -0.021595 3.265000
v 0.015766 -0.021558 3.303203
v 0.034306 -0.166354 2.701694
v 0.034604 -0.166354 2.744784
v 0.034496 -0.200970 2.729146
v 0.034684 -0.181904 2.757941
v 0.034872 -0.166354 2.783617
v 0.034874 -0.176028 2.783892
v 0.036864 -0.166354 3.072283
v 0.036866 -0.176028 3.072557
v 0.036967 -0.153948 3.091311
v 0.037060 -0.181274 3.104794
v 0.037375 -0.153948 3.150467
v 0.037184 -0.190870 3.122774
v 0.037756 -0.144258 3.205757
v 0.038091 -0.164395 3.254192
v 0.014633 -0.214389 3.139017
v 0.015562 -0.182803 3.273561
v 0.038106 -0.147838 3.256377
v 0.015067 -0.119696 3.201945
v 0.015571 -0.130156 3.274938
v 0.038165 -0.156187 3.265000
v 0.015766 -0.156224 3.303203
v 0.061344 0.091931 2.472916
v 0.061603 0.091931 2.510452
v 0.047776 0.068092 2.504422
v 0.064343 0.107084 2.510251
v 0.063934 0.107417 2.451066
v 0.060100 0.124359 2.499931
v 0.059529 0.124359 2.417188
v 0.047634 0.143272 2.484064
v 0.062099 0.107417 2.185096
v 0.059358 0.091930 2.185115
v 0.061202 0.091931 2.452339
v 0.057928 0.124359 2.185125
v 0.047400 0.068091 2.449953
v 0.045571 0.068091 2.185117
v 0.023534 0.054300 2.447041
v 0.021728 0.054300 2.185375
v -0.003816 0.054300 2.447230
v -0.005621 0.054300 2.185564
v 0.046909 0.143274 2.379037
v 0.045568 0.143277 2.185118
v 0.022871 0.157058 2.350858
v 0.023697 0.157058 2.470703
v 0.021729 0.157058 2.185375
v -0.005622 0.157058 2.185564
v -0.004480 0.157058 2.351047
v -0.029463 0.143277 2.185636
v -0.028126 0.143274 2.379740
v -0.041821 0.124359 2.185813
v -0.027403 0.143272 2.484581
v -0.003653 0.157058 2.470891
v -0.040220 0.124359 2.417911
v -0.045992 0.107417 2.185843
v -0.039649 0.124359 2.500620
v -0.044157 0.107417 2.451812
v -0.043251 0.091930 2.185823
v -0.043748 0.107084 2.510997
v -0.041407 0.091931 2.453046
v -0.041265 0.091931 2.473623
v -0.027639 0.068091 2.450470
v -0.041006 0.091931 2.511160
v -0.027264 0.068092 2.504940
v -0.029466 0.068091 2.185635
v 0.037190 0.013088 3.122773
v -0.008145 0.013088 3.123086
v 0.014633 0.036608 3.139017
v -0.008269 0.003492 3.105107
v 0.037065 0.003492 3.104794
v -0.008505 -0.001755 3.072871
v 0.036856 -0.001755 3.072557
v 0.034864 -0.001755 2.783892
v -0.010496 -0.001755 2.784204
v 0.034680 0.004122 2.757941
v -0.010671 0.004122 2.758255
v -0.010874 0.023188 2.729459
v 0.034486 0.023188 2.729146
v -0.011064 -0.011428 2.702008
v 0.034297 -0.011428 2.701694
v -0.007625 -0.142372 2.043584
v 0.024064 -0.142372 2.375573
v -0.005333 -0.142372 2.375776
v 0.021772 -0.142372 2.043381
v 0.049685 -0.127554 2.375400
v 0.047391 -0.127556 2.043101
v 0.062204 -0.101940 2.043102
v 0.064496 -0.101940 2.375294
v 0.064496 -0.072395 2.375294
v 0.062204 -0.072395 2.043102
v 0.049684 -0.046776 2.375397
v 0.047387 -0.046771 2.043103
v 0.021773 -0.031963 2.043381
v 0.024065 -0.031963 2.375573
v -0.007625 -0.031963 2.043584
v -0.005333 -0.031963 2.375776
v -0.030952 -0.046776 2.375953
v -0.033241 -0.046771 2.043659
v -0.048056 -0.072395 2.043863
v -0.045764 -0.072395 2.376055
v -0.048056 -0.101940 2.043863
v -0.045764 -0.101940 2.376055
v -0.030953 -0.127554 2.375956
v -0.033245 -0.127556 2.043658
v -0.050358 -0.066245 3.151073
v -0.040287 -0.111543 3.206295
v -0.050358 -0.111543 3.151073
v -0.040287 -0.066245 3.206295
v -0.015748 -0.088891 3.202157
v -0.087471 -0.066245 3.123633
v -0.087471 -0.111543 3.123633
v -0.110884 -0.088891 3.139886
v -0.077999 -0.066245 3.105588
v -0.077999 -0.111543 3.105588
v -0.072975 -0.111556 3.073316
v -0.072975 -0.066217 3.073316
v -0.074967 -0.066217 2.784649
v -0.074967 -0.111556 2.784649
v -0.081022 -0.066227 2.758740
v -0.081022 -0.111551 2.758740
v -0.100286 -0.111556 2.730076
v -0.100286 -0.066217 2.730076
v -0.065860 -0.066217 2.702386
v -0.065860 -0.111556 2.702386
v -0.065563 -0.111556 2.745475
v -0.100286 -0.111556 2.730076
v -0.065860 -0.111556 2.702386
v -0.081022 -0.111551 2.758740
v -0.065295 -0.111556 2.784308
v -0.074967 -0.111556 2.784649
v -0.063303 -0.111556 3.072974
v -0.072975 -0.111556 3.073316
v -0.050766 -0.111543 3.091917
v -0.077999 -0.111543 3.105588
v -0.050358 -0.111543 3.151073
v -0.087471 -0.111543 3.123633
v -0.040287 -0.111543 3.206295
v -0.060089 -0.111543 3.254869
v -0.110884 -0.088891 3.139886
v -0.078369 -0.088891 3.274214
v -0.043517 -0.111543 3.256940
v -0.015748 -0.088891 3.202157
v -0.025705 -0.088891 3.275227
v -0.051806 -0.111543 3.265621
v -0.051581 -0.088891 3.303677
v -0.007572 -0.033524 3.206070
v -0.007954 -0.023834 3.150780
v 0.037381 -0.023834 3.150467
v 0.037762 -0.033524 3.205757
v 0.015067 -0.058085 3.201945
v -0.010766 -0.011428 2.745097
v -0.010874 0.023188 2.729459
v -0.011064 -0.011428 2.702008
v -0.010671 0.004122 2.758255
v -0.010498 -0.011428 2.783930
v -0.010496 -0.001755 2.784204
v -0.008506 -0.011428 3.072596
v -0.008505 -0.001755 3.072871
v -0.008362 -0.023834 3.091624
v -0.008269 0.003492 3.105107
v -0.007954 -0.023834 3.150780
v -0.008145 0.013088 3.123086
v -0.007572 -0.033524 3.206070
v -0.007238 -0.013387 3.254505
v 0.014633 0.036608 3.139017
v 0.015562 0.005021 3.273561
v -0.007223 -0.029944 3.256690
v 0.015067 -0.058085 3.201945
v 0.015571 -0.047626 3.274938
v -0.007164 -0.021595 3.265313
v 0.015766 -0.021558 3.303203
v -0.008139 -0.190870 3.123086
v 0.037184 -0.190870 3.122774
v 0.014633 -0.214389 3.139017
v -0.008263 -0.181274 3.105107
v 0.037060 -0.181274 3.104794
v 0.036866 -0.176028 3.072557
v -0.008514 -0.176028 3.072871
v 0.034874 -0.176028 2.783892
v -0.010506 -0.176028 2.784204
v 0.034684 -0.181904 2.757941
v -0.010674 -0.181904 2.758255
v 0.034496 -0.200970 2.729146
v -0.010884 -0.200970 2.729459
v -0.011073 -0.166354 2.702008
v 0.034306 -0.166354 2.701694
v -0.010571 0.220519 2.350123
v 0.009571 0.251290 2.405406
v 0.009161 0.236861 2.346030
v -0.010257 0.218923 2.415307
v -0.000406 0.208960 2.350959
v 0.000288 0.209842 2.419385
v -0.004480 0.157058 2.351047
v -0.003653 0.157058 2.470891
v 0.037756 -0.144258 3.205757
v 0.037375 -0.153948 3.150467
v -0.007948 -0.153948 3.150780
v -0.007567 -0.144258 3.206070
v 0.015067 -0.119696 3.201945
v 0.021536 0.180682 0.784929
v 0.021525 0.188394 0.784974
v 0.021509 0.180683 0.781020
v 0.021684 0.193813 0.780015
v 0.021496 0.201854 0.782674
v 0.021582 0.205539 0.779111
v 0.021438 0.215592 0.776766
v 0.021361 0.222214 0.758662
v 0.021368 0.227630 0.767101
v 0.021280 0.239319 0.754899
v 0.021328 0.222332 0.747939
v 0.021634 0.212512 0.742868
v 0.026928 0.194682 0.674209
v 0.032522 0.194569 0.716445
v 0.032231 0.194569 0.674179
v 0.026867 0.194569 0.716484
v 0.030785 0.199254 0.726192
v 0.024592 0.199255 0.726234
v 0.028324 0.205644 0.734455
v 0.022504 0.205595 0.734539
v 0.027890 0.212582 0.742720
v 0.021634 0.212512 0.742868
v 0.027507 0.222332 0.747896
v 0.021328 0.222332 0.747939
v 0.027543 0.239319 0.754855
v 0.021280 0.239319 0.754899
v 0.021368 0.227630 0.767101
v 0.027631 0.227630 0.767058
v 0.021438 0.215592 0.776766
v 0.027700 0.215592 0.776723
v 0.021496 0.201854 0.782674
v 0.027759 0.201854 0.782631
v 0.021525 0.188394 0.784974
v 0.027788 0.188394 0.784931
v 0.021536 0.180682 0.784929
v 0.027798 0.180682 0.784886
v -0.024712 0.188394 0.785293
v -0.024723 0.180682 0.785249
v -0.024750 0.180683 0.781339
v -0.024939 0.193813 0.780336
v -0.024715 0.201854 0.782993
v -0.024850 0.205539 0.779431
v -0.024738 0.215592 0.777084
v -0.024911 0.222214 0.758981
v -0.024801 0.227630 0.767420
v -0.024882 0.239319 0.755217
v -0.025025 0.222332 0.748259
v -0.025402 0.212512 0.743193
v -0.036654 0.194569 0.716923
v -0.031643 0.194682 0.674613
v -0.036945 0.194569 0.674657
v -0.030998 0.194569 0.716884
v -0.034782 0.199254 0.726644
v -0.028589 0.199255 0.726601
v -0.032207 0.205644 0.734872
v -0.026386 0.205595 0.734877
v -0.031659 0.212582 0.743131
v -0.025402 0.212512 0.743193
v -0.031205 0.222332 0.748301
v -0.025025 0.222332 0.748259
v -0.031145 0.239319 0.755260
v -0.024882 0.239319 0.755217
v -0.024801 0.227630 0.767420
v -0.031064 0.227630 0.767463
v -0.024738 0.215592 0.777084
v -0.031000 0.215592 0.777128
v -0.024715 0.201854 0.782993
v -0.030977 0.201854 0.783036
v -0.024712 0.188394 0.785293
v -0.030974 0.188394 0.785337
v -0.024723 0.180682 0.785249
v -0.030986 0.180682 0.785292
v 0.039477 0.029763 0.777744
v 0.051427 0.016562 0.763847
v 0.051522 0.029763 0.777661
v 0.039382 0.016562 0.763930
v 0.051341 0.010697 0.751346
v 0.039296 0.010697 0.751429
v 0.033655 0.010697 -0.066061
v 0.045700 0.010697 -0.066145
v 0.045611 0.016562 -0.078949
v 0.033566 0.016562 -0.078866
v 0.033480 0.029763 -0.091295
v 0.045525 0.029763 -0.091378
v 0.051427 0.042965 0.763847
v 0.039477 0.029763 0.777744
v 0.051522 0.029763 0.777661
v 0.039382 0.042965 0.763930
v 0.051341 0.048829 0.751346
v 0.039296 0.048829 0.751429
v 0.033655 0.048829 -0.066061
v 0.045700 0.048829 -0.066145
v 0.033566 0.042965 -0.078866
v 0.045611 0.042965 -0.078949
v 0.033480 0.029763 -0.091295
v 0.045525 0.029763 -0.091378
v 0.031105 0.191018 0.390394
v 0.030897 0.191010 0.360255
v 0.018137 0.191066 0.390337
v 0.017767 0.191056 0.336595
v 0.020365 0.184882 0.328667
v 0.030534 0.165265 0.307624
v 0.016746 0.184881 0.319465
v 0.023214 0.165257 0.298954
v 0.010872 0.184881 0.311494
v 0.014861 0.165263 0.290434
v 0.003048 0.184881 0.307002
v 0.005191 0.165263 0.285400
v -0.004903 0.184881 0.305518
v -0.005053 0.165263 0.283742
v -0.015274 0.165263 0.285541
v -0.012833 0.184881 0.307112
v -0.024874 0.165263 0.290708
v -0.020594 0.184881 0.311711
v -0.033108 0.165257 0.299343
v -0.026357 0.184881 0.319763
v -0.040307 0.165265 0.308112
v -0.029849 0.184882 0.329014
v -0.039944 0.191010 0.360744
v -0.027142 0.191056 0.336905
v -0.026770 0.191066 0.390647
v -0.039736 0.191018 0.390882
v 0.030534 0.165265 0.307624
v 0.030897 0.191010 0.360255
v 0.031092 0.165263 0.388560
v 0.031105 0.191018 0.390394
v 0.032282 0.190977 0.560983
v 0.032428 0.165674 0.582199
v -0.040307 0.165265 0.308112
v -0.039749 0.165263 0.389048
v -0.039944 0.191010 0.360744
v -0.039736 0.191018 0.390882
v -0.038559 0.190977 0.561472
v -0.038412 0.165674 0.582688
v -0.027250 0.185027 0.676544
v 0.020987 0.185028 0.447903
v 0.022562 0.185028 0.676201
v -0.028826 0.185027 0.448247
v -0.026227 0.185027 0.443331
v 0.018320 0.185028 0.443024
v 0.013578 0.185028 0.441424
v -0.021507 0.185027 0.441666
v 0.042553 -1.010044 -0.951922
v -0.110260 -0.974687 -0.904965
v 0.083739 -0.974687 -0.906303
v -0.069707 -1.010044 -0.951147
v -0.038117 -1.052305 -0.990449
v 0.010424 -1.052305 -0.990784
v 0.012678 -1.010787 -1.000715
v -0.038117 -1.052305 -0.990449
v 0.010424 -1.052305 -0.990784
v -0.040508 -1.010787 -1.000348
v -0.039372 -0.967409 -1.020186
v 0.011268 -0.967409 -1.020535
v 0.094355 0.039204 -0.758533
v 0.110275 -0.001006 -0.771077
v 0.096117 0.020282 -0.768287
v 0.084668 0.035549 -0.760542
v 0.071386 0.051942 -0.752484
v 0.074962 0.059341 -0.749704
v 0.052769 0.064015 -0.747445
v 0.055261 0.076839 -0.740516
v 0.026991 0.071105 -0.743653
v 0.035704 0.092126 -0.732927
v 0.016770 0.108036 -0.725319
v -0.000514 0.073328 -0.741889
v -0.012130 0.073550 -0.741792
v -0.011913 0.139339 -0.710406
v -0.040799 0.108036 -0.724922
v -0.023746 0.073328 -0.741729
v -0.051273 0.071105 -0.743113
v -0.059837 0.092126 -0.732268
v -0.079497 0.076839 -0.739586
v -0.077100 0.064015 -0.746548
v -0.099323 0.059341 -0.748501
v -0.095786 0.051942 -0.751331
v -0.118835 0.039204 -0.757062
v -0.109177 0.035549 -0.759204
v -0.120732 0.020282 -0.766791
v -0.134927 -0.001006 -0.769385
v -0.055170 0.143183 -0.447677
v -0.057111 0.158566 -0.404504
v -0.031337 0.180145 -0.445323
v -0.062468 0.130587 -0.419174
v -0.070417 0.108754 -0.357781
v -0.071739 0.140476 -0.351163
v -0.078581 0.130695 -0.282217
v -0.072853 0.098843 -0.277909
v -0.078151 0.130649 -0.182918
v -0.071548 0.098440 -0.182743
v -0.070641 0.098659 -0.085862
v -0.077712 0.130602 -0.081833
v -0.076607 0.130483 0.172998
v -0.070563 0.098492 0.208984
v -0.070434 0.098216 0.694271
v -0.073759 0.130287 0.741371
v -0.076038 0.132634 0.822085
v -0.062740 0.142501 0.767856
v -0.071678 0.094970 0.735704
v -0.039456 0.169605 0.814660
v -0.072911 0.089623 0.773287
v -0.040620 0.169625 0.871677
v -0.074488 0.080461 0.808516
v -0.089073 0.121278 0.883856
v -0.076858 0.068131 0.847304
v -0.082067 0.048069 0.899368
v -0.061940 0.137841 0.950123
v -0.038629 0.169507 0.956140
v -0.060356 0.138659 0.982624
v -0.078650 0.102080 1.021279
v -0.100596 0.105589 0.940204
v -0.083114 0.032052 0.935204
v -0.099220 0.070337 1.016918
v -0.083415 0.069888 1.063025
v -0.092573 0.049909 1.001607
v -0.097666 0.053196 1.054213
v -0.093317 0.035794 1.091827
v -0.081255 0.041291 1.106004
v -0.074506 -0.002323 1.191930
v -0.078137 -0.004826 1.110703
v -0.079390 -0.007515 1.029792
v -0.090323 0.016348 0.942966
v -0.080171 -0.011334 0.940780
v -0.081943 0.012152 0.903588
v -0.081363 -0.014449 0.851274
v 0.000068 -0.132255 3.072536
v 0.028819 -0.132255 3.150526
v 0.028279 -0.132255 3.072342
v 0.000608 -0.132255 3.150721
v -0.017691 -0.121281 3.150847
v -0.018231 -0.121281 3.072663
v -0.029205 -0.102981 3.072739
v -0.028666 -0.102981 3.150923
v -0.029205 -0.074801 3.072739
v -0.028666 -0.074801 3.150923
v -0.017691 -0.056501 3.150847
v -0.018231 -0.056501 3.072663
v 0.000608 -0.045527 3.150721
v 0.000068 -0.045527 3.072536
v 0.028279 -0.045527 3.072342
v 0.028819 -0.045527 3.150526
v 0.046579 -0.056501 3.072216
v 0.047118 -0.056501 3.150400
v 0.057553 -0.074801 3.072140
v 0.058092 -0.074801 3.150324
v 0.058092 -0.102981 3.150324
v 0.057553 -0.102981 3.072140
v 0.047118 -0.121281 3.150400
v 0.046579 -0.121281 3.072216
v 0.047951 0.106636 2.529792
v 0.064343 0.107084 2.510251
v 0.060100 0.124359 2.499931
v 0.047634 0.143272 2.484064
v 0.023697 0.157058 2.470703
v 0.028630 0.107127 2.543708
v 0.010546 0.107127 2.546757
v -0.003653 0.157058 2.470891
v -0.007577 0.107127 2.543957
v -0.027088 0.106636 2.530310
v -0.039649 0.124359 2.500620
v -0.043748 0.107084 2.510997
v -0.027403 0.143272 2.484581
v 0.009712 0.201896 2.425832
v 0.019046 0.209842 2.419256
v 0.000288 0.209842 2.419385
v 0.009735 0.223749 2.429202
v 0.029534 0.218923 2.415032
v -0.010257 0.218923 2.415307
v 0.009571 0.251290 2.405406
v 0.028279 -0.132255 3.072342
v -0.018231 -0.121281 3.072663
v 0.000068 -0.132255 3.072536
v 0.046579 -0.121281 3.072216
v 0.057553 -0.102981 3.072140
v -0.029205 -0.102981 3.072739
v -0.029205 -0.074801 3.072739
v 0.057553 -0.074801 3.072140
v -0.018231 -0.056501 3.072663
v 0.046579 -0.056501 3.072216
v 0.028279 -0.045527 3.072342
v 0.000068 -0.045527 3.072536
v 0.021536 0.180682 0.784929
v 0.021509 0.180683 0.781020
v 0.027798 0.180682 0.784886
v 0.035440 0.180689 0.767986
v 0.001000 0.180712 0.768186
v 0.004791 0.180694 0.781133
v 0.034266 0.165982 0.753115
v -0.037892 0.165982 0.753613
v -0.004420 0.180712 0.768224
v -0.038859 0.180689 0.768499
v -0.024750 0.180683 0.781339
v -0.008033 0.180694 0.781222
v -0.030986 0.180682 0.785292
v -0.024723 0.180682 0.785249
v 0.040084 0.195338 0.556418
v 0.049953 0.196333 0.548895
v 0.024430 0.217551 0.538778
v 0.042215 0.216587 0.531114
v 0.030340 0.229514 0.523071
v 0.056968 0.198425 0.538781
v 0.037585 0.229514 0.516471
v 0.029695 0.242372 0.503509
v 0.051130 0.215536 0.523543
v 0.060739 0.200892 0.523786
v 0.062631 0.203556 0.509191
v 0.044738 0.229515 0.509954
v 0.038963 0.242403 0.495415
v 0.025099 0.257387 0.477924
v 0.053904 0.229515 0.475770
v 0.030513 0.257410 0.472143
v 0.021843 0.267278 0.444590
v 0.045091 0.242353 0.470182
v 0.032586 0.257364 0.455514
v 0.030363 0.257383 0.443016
v 0.043449 0.242360 0.438206
v 0.051527 0.229514 0.429172
v 0.057794 0.213419 0.504160
v 0.062631 0.203556 0.509191
v 0.063222 0.210966 0.481712
v 0.057259 0.218967 0.419444
v 0.060019 0.208645 0.408615
v 0.059947 0.196157 0.395378
v 0.040084 0.195338 0.556418
v 0.024430 0.217551 0.538778
v 0.018684 0.209579 0.544561
v 0.016638 0.197292 0.555691
v 0.008852 0.206738 0.546852
v 0.008079 0.197281 0.555728
v 0.032282 0.190977 0.560983
v 0.021983 0.184874 0.566537
v 0.032428 0.165674 0.582199
v -0.028184 0.184874 0.566883
v -0.038412 0.165674 0.582688
v -0.038559 0.190977 0.561472
v -0.022989 0.197292 0.555964
v -0.046424 0.195338 0.557015
v -0.025189 0.209579 0.544863
v -0.031014 0.217551 0.539160
v -0.015326 0.206738 0.547019
v -0.014430 0.197281 0.555883
v -0.046424 0.195338 0.557015
v -0.031014 0.217551 0.539160
v -0.056395 0.196333 0.549629
v -0.048903 0.216587 0.531743
v -0.037140 0.229514 0.523537
v -0.063548 0.198425 0.539613
v -0.044475 0.229514 0.517037
v -0.036765 0.242372 0.503967
v -0.057922 0.215536 0.524295
v -0.067527 0.200892 0.524671
v -0.069620 0.203556 0.510103
v -0.069620 0.203556 0.510103
v -0.064853 0.213419 0.505007
v -0.070589 0.210966 0.482635
v -0.051718 0.229515 0.510619
v -0.061355 0.229515 0.476565
v -0.046144 0.242403 0.496002
v -0.032523 0.257387 0.478322
v -0.068507 0.196157 0.396264
v -0.068396 0.208645 0.409502
v -0.065486 0.218967 0.420291
v -0.059621 0.229514 0.429939
v -0.051419 0.242360 0.438860
v -0.038016 0.257410 0.472616
v -0.029727 0.267278 0.444946
v -0.052620 0.242353 0.470856
v -0.040318 0.257364 0.456017
v -0.038268 0.257383 0.443490
v 0.010472 -0.868701 -2.410819
v -0.021958 -0.871131 -2.166120
v -0.023676 -0.872504 -2.415024
v 0.013369 -0.867196 -2.169380
v -0.021692 -0.822336 -2.127553
v 0.036702 -0.857166 -2.403671
v 0.018356 -0.812317 -2.126316
v -0.021429 -0.772780 -2.089491
v 0.041691 -0.846852 -2.171746
v 0.056971 -0.836491 -2.393807
v 0.023175 -0.765835 -2.090851
v -0.021274 -0.743522 -2.067040
v 0.033629 -0.802038 -2.129031
v 0.059722 -0.817213 -2.169517
v 0.069168 -0.702995 -2.331938
v 0.026217 -0.738456 -2.070012
v -0.020955 -0.693304 -2.020809
v 0.039252 -0.754916 -2.094502
v 0.044730 -0.787523 -2.133625
v 0.070441 -0.699288 -2.126880
v 0.054111 -0.735941 -2.103621
v 0.044866 -0.726261 -2.075114
v 0.031579 -0.688417 -2.024204
v 0.035755 -0.645037 -1.972350
v -0.020595 -0.649812 -1.968555
v 0.052660 -0.674413 -2.031963
v 0.058770 -0.708281 -2.085086
v 0.038954 -0.602015 -1.900203
v -0.020103 -0.607646 -1.897274
v 0.058479 -0.628365 -1.982580
v 0.065934 -0.654650 -2.043121
v 0.072435 -0.677809 -2.110181
v 0.065842 -0.573447 -1.904327
v 0.071428 -0.605572 -1.995888
v 0.041155 -0.589964 -1.835122
v -0.019658 -0.595551 -1.832803
v 0.078151 -0.615917 -2.068183
v 0.043137 -0.589131 -1.768324
v -0.019188 -0.598854 -1.764715
v -0.018956 -0.495879 -1.731102
v 0.048229 -0.491808 -1.735627
v -0.018727 -0.433483 -1.697919
v 0.074987 -0.556135 -1.778749
v 0.050910 -0.429088 -1.702435
v -0.018368 -0.374436 -1.645864
v 0.074950 -0.474103 -1.750825
v 0.071757 -0.557440 -1.840415
v 0.090699 -0.512610 -1.793914
v 0.078906 -0.536800 -1.911958
v 0.086339 -0.515058 -1.850135
v 0.084136 -0.556015 -2.023939
v 0.090127 -0.471597 -1.941454
v 0.101709 -0.418629 -1.829594
v 0.096795 -0.431310 -1.884966
v 0.090010 -0.447928 -1.770833
v 0.101669 -0.364412 -1.878249
v 0.076995 -0.412273 -1.717215
v 0.103303 -0.386849 -1.808994
v 0.054053 -0.369557 -1.650485
v 0.091967 -0.387656 -1.735839
v 0.079746 -0.353252 -1.664757
v 0.057885 -0.324088 -1.585760
v -0.017921 -0.329759 -1.581118
v 0.094821 -0.329949 -1.683132
v 0.062296 -0.286901 -1.489431
v -0.017249 -0.292612 -1.483735
v 0.086017 -0.297985 -1.594407
v 0.090542 -0.263188 -1.513445
v 0.042786 -0.274988 -1.493292
v -0.017298 -0.280428 -1.490722
v 0.085701 -0.258231 -1.514691
v 0.102012 -0.233197 -1.556184
v 0.043434 -0.250014 -1.422435
v -0.016814 -0.254841 -1.420597
v 0.085615 -0.231391 -1.436742
v 0.044035 -0.231346 -1.356113
v -0.016360 -0.235750 -1.354841
v 0.085558 -0.211132 -1.363890
v 0.044739 -0.220562 -1.273249
v -0.015794 -0.224730 -1.272830
v -0.012940 -0.225029 -0.859226
v 0.046865 -0.220907 -0.855035
v 0.085667 -0.199028 -1.273574
v 0.085981 -0.199120 -0.848410
v 0.090731 -0.173645 -0.854677
v 0.088418 -0.167575 -1.273662
v 0.092490 -0.122858 -0.887345
v 0.087490 -0.182061 -1.378261
v 0.083254 -0.128830 -1.367156
v 0.113852 -0.065454 -0.951094
v 0.111865 -0.065648 -1.388446
v 0.087045 -0.202155 -1.465098
v 0.074456 -0.135044 -1.647097
v 0.086815 -0.226936 -1.558893
v 0.109954 -0.065635 -1.743539
v 0.108042 -0.013965 -1.390651
v 0.090788 -0.215408 -1.662114
v 0.105719 -0.014588 -1.831158
v 0.093242 0.016107 -1.390821
v 0.071559 -0.134708 -1.753287
v 0.110265 -0.077821 -1.852660
v 0.089964 0.016684 -1.831050
v 0.072204 0.033879 -1.390609
v 0.109132 -0.081188 -2.109499
v 0.068943 0.034198 -1.830984
v 0.104074 -0.014846 -2.140491
v 0.087764 0.015129 -2.147821
v 0.042527 0.043987 -1.830881
v 0.045815 0.043925 -1.390283
v 0.014871 0.050856 -1.390041
v -0.019642 0.049926 -1.830451
v -0.016602 0.055931 -1.389852
v -0.021844 0.049940 -2.149582
v 0.040325 0.044016 -2.150012
v -0.021892 0.062745 -2.156546
v 0.066752 0.033357 -2.149986
v 0.043569 0.056451 -2.158856
v -0.023188 0.062754 -2.344361
v 0.042208 0.056490 -2.343492
v 0.072921 0.044222 -2.339814
v 0.073744 0.044067 -2.159220
v 0.097124 0.023182 -2.333258
v 0.097750 0.023017 -2.156882
v 0.113735 -0.010794 -2.322820
v 0.115198 -0.011495 -2.148686
v 0.122185 -0.082540 -2.285913
v 0.125510 -0.082252 -2.118431
v 0.134333 -0.135603 -2.254734
v 0.125213 -0.136360 -2.078342
v 0.165496 -0.180913 -2.215585
v 0.111345 -0.140186 -2.064320
v 0.134836 -0.187692 -2.030416
v 0.111346 -0.114337 -1.952020
v 0.108253 -0.182170 -2.020487
v 0.069566 -0.141304 -1.857814
v 0.117403 -0.252848 -2.064139
v 0.119543 -0.243376 -2.220288
v 0.095925 -0.197467 -1.777840
v 0.103289 -0.331590 -2.091668
v 0.104011 -0.318015 -2.239168
v 0.098983 -0.245989 -2.051498
v 0.090252 -0.329922 -2.081091
v 0.088203 -0.483715 -2.114597
v 0.084263 -0.503794 -2.278421
v 0.073598 -0.481448 -2.103774
v 0.082512 -0.564080 -2.125822
v 0.078467 -0.600322 -2.302212
v 0.065178 -0.557819 -2.114300
v 0.071107 -0.458176 -1.991552
v 0.075302 -0.644287 -2.137218
v 0.056774 -0.627615 -2.122624
v 0.075598 -0.641742 -2.122280
v 0.081059 -0.582440 -2.085505
v 0.062121 -0.578053 -2.091204
v 0.067127 -0.522596 -2.047754
v 0.086024 -0.526456 -2.040875
v 0.091841 -0.457871 -1.977763
v 0.077066 -0.406139 -1.936466
v 0.096641 -0.410262 -1.928858
v 0.080839 -0.359789 -1.885519
v 0.084075 -0.319139 -1.838115
v 0.105552 -0.323341 -1.832224
v 0.099593 -0.187472 -1.863477
v 0.086884 -0.282703 -1.791578
v 0.089670 -0.244231 -1.734339
v 0.109081 -0.287037 -1.782910
v 0.106531 -0.330008 -1.769724
v 0.112280 -0.250101 -1.728022
v 0.110332 -0.276205 -1.718073
v 0.116314 -0.222135 -1.648229
v 0.101489 -0.265700 -1.608885
v -0.023718 -0.861242 -2.421173
v 0.010472 -0.868701 -2.410819
v -0.023676 -0.872504 -2.415024
v 0.016258 -0.850855 -2.414288
v 0.036702 -0.857166 -2.403671
v -0.023808 -0.843649 -2.434179
v 0.044228 -0.822286 -2.394787
v 0.056971 -0.836491 -2.393807
v 0.015860 -0.831703 -2.429279
v -0.005290 -0.811454 -2.438576
v -0.023860 -0.811031 -2.441772
v -0.023851 -0.773157 -2.440414
v 0.033519 -0.794543 -2.416393
v 0.003513 -0.771984 -2.434998
v -0.023818 -0.701179 -2.435619
v 0.054794 -0.715208 -2.338950
v 0.069168 -0.702995 -2.331938
v 0.046079 -0.709813 -2.390850
v 0.012806 -0.699588 -2.425383
v -0.023766 -0.595155 -2.428187
v 0.022900 -0.595985 -2.411984
v 0.065050 -0.595155 -2.367306
v 0.065494 -0.595155 -2.303011
v 0.078467 -0.600322 -2.302212
v 0.084263 -0.503794 -2.278421
v 0.028076 -0.499218 -2.407953
v -0.023724 -0.495362 -2.422031
v -0.023832 -0.390790 -2.437750
v 0.068697 -0.494836 -2.357878
v 0.077675 -0.495551 -2.279997
v 0.104011 -0.318015 -2.239168
v 0.033248 -0.379401 -2.425827
v -0.023918 -0.325696 -2.450115
v 0.081685 -0.329109 -2.371768
v 0.097726 -0.314826 -2.244425
v 0.119543 -0.243376 -2.220288
v 0.044491 -0.314310 -2.437443
v -0.023850 -0.266782 -2.440251
v 0.096825 -0.267046 -2.288446
v 0.043475 -0.253915 -2.429425
v 0.097386 -0.276192 -2.395741
v -0.023904 -0.133398 -2.448133
v 0.104761 -0.240754 -2.240036
v 0.132244 -0.221739 -2.320880
v 0.132785 -0.185155 -2.239473
v 0.165496 -0.180913 -2.215585
v 0.134333 -0.135603 -2.254734
v 0.118320 -0.141501 -2.270462
v 0.091939 -0.222726 -2.400605
v 0.103223 -0.181503 -2.342873
v 0.109661 -0.084799 -2.292989
v 0.122185 -0.082540 -2.285913
v 0.088398 -0.156075 -2.393380
v 0.050693 -0.140609 -2.430999
v 0.084082 -0.084928 -2.381282
v 0.055865 -0.084588 -2.427708
v -0.023913 -0.084583 -2.449460
v 0.048364 -0.014699 -2.410171
v -0.023763 -0.014543 -2.427644
v 0.101870 -0.015048 -2.324513
v 0.113735 -0.010794 -2.322820
v 0.097124 0.023182 -2.333258
v 0.088017 -0.015063 -2.372334
v 0.067169 0.029165 -2.341113
v 0.072921 0.044222 -2.339814
v 0.042208 0.056490 -2.343492
v -0.023221 0.054700 -2.349183
v -0.023188 0.062754 -2.344361
v 0.050760 0.025526 -2.372858
v -0.023423 0.040662 -2.378415
v 0.024159 0.012931 -2.392845
v -0.023566 0.019658 -2.399079
v 0.025325 -0.578350 -0.518867
v -0.010532 -0.586930 -0.510197
v -0.010592 -0.581697 -0.518954
v 0.031401 -0.582899 -0.510948
v 0.048853 -0.558929 -0.519755
v -0.010245 -0.584788 -0.468598
v 0.061319 -0.559900 -0.512908
v 0.065402 -0.529178 -0.528459
v 0.041554 -0.580271 -0.470255
v 0.080691 -0.527119 -0.522105
v 0.076571 -0.496554 -0.541863
v 0.070481 -0.554853 -0.471981
v 0.093334 -0.492096 -0.535679
v 0.084481 -0.455114 -0.562973
v 0.088489 -0.518184 -0.481436
v 0.101892 -0.449498 -0.557417
v 0.094612 -0.422402 -0.590059
v 0.098449 -0.473284 -0.498184
v 0.106078 -0.431455 -0.520257
v 0.112768 -0.414905 -0.586839
v 0.096361 -0.405625 -0.633264
v 0.079607 -0.413016 -0.630726
v 0.125014 -0.378547 -0.561660
v 0.083313 -0.410745 -0.678355
v 0.067289 -0.416618 -0.672691
v 0.046505 -0.425190 -0.709195
v 0.101813 -0.365628 -0.619617
v 0.091529 -0.369237 -0.672988
v 0.059211 -0.420944 -0.720131
v 0.069054 -0.381069 -0.729818
v 0.026163 -0.432535 -0.744983
v 0.018163 -0.436985 -0.730008
v -0.012134 -0.442999 -0.742365
v -0.012255 -0.438738 -0.759933
v -0.012338 -0.399890 -0.771990
v 0.030439 -0.392795 -0.756673
v -0.012265 -0.383243 -0.761321
v 0.059633 -0.365941 -0.723524
v 0.024658 -0.376112 -0.748149
v -0.012443 -0.301996 -0.787125
v 0.033442 -0.293774 -0.776864
v -0.012642 -0.254300 -0.816039
v 0.078878 -0.354816 -0.670283
v 0.046865 -0.220907 -0.855035
v -0.012940 -0.225029 -0.859226
v 0.091055 -0.351823 -0.612858
v 0.041136 -0.248394 -0.809284
v 0.085981 -0.199120 -0.848410
v 0.078972 -0.282065 -0.748888
v 0.082712 -0.232784 -0.785566
v 0.097841 -0.248859 -0.648255
v 0.092321 -0.226573 -0.714864
v 0.089530 -0.211446 -0.776447
v 0.107507 -0.203385 -0.776560
v 0.115775 -0.213936 -0.715777
v 0.102015 -0.277454 -0.585895
v 0.122739 -0.230733 -0.647104
v 0.101803 -0.357483 -0.549040
v 0.126851 -0.251179 -0.579819
v 0.093282 -0.422457 -0.515222
v 0.106180 -0.319312 -0.519324
v 0.086161 -0.463431 -0.494767
v 0.099104 -0.391656 -0.441367
v 0.094191 -0.435083 -0.431429
v 0.077062 -0.506012 -0.478339
v 0.125956 -0.280858 -0.508648
v 0.058069 -0.545039 -0.469398
v 0.082497 -0.485669 -0.410717
v 0.056153 -0.545236 -0.405364
v 0.040380 -0.468447 -0.387359
v 0.046746 -0.431458 -0.397444
v 0.051395 -0.393231 -0.394174
v 0.034033 -0.505190 -0.361518
v 0.067384 -0.526692 -0.378387
v 0.027542 -0.535613 -0.315709
v 0.051772 -0.363178 -0.379845
v 0.049761 -0.558488 -0.321253
v 0.019173 -0.548471 -0.254979
v 0.043694 -0.571316 -0.256495
v 0.036087 -0.567154 -0.206871
v 0.009379 -0.541931 -0.190001
v -0.007981 -0.613034 -0.140576
v 0.020682 -0.623459 -0.163962
v -0.007841 -0.667225 -0.120324
v 0.007914 -0.648160 -0.173331
v -0.008214 -0.664527 -0.174245
v 0.011098 -0.667875 -0.137444
v -0.007818 -0.700008 -0.116914
v 0.111215 -0.342782 -0.419966
v 0.111661 -0.319262 -0.366942
v 0.051964 -0.339035 -0.356865
v 0.118707 -0.312639 -0.463196
v 0.121407 -0.277726 -0.369009
v 0.111936 -0.308099 -0.323037
v 0.051931 -0.319545 -0.321117
v 0.052491 -0.320908 -0.280466
v 0.112063 -0.312978 -0.279223
v 0.054655 -0.340970 -0.242299
v 0.121881 -0.269456 -0.320125
v 0.112442 -0.340978 -0.242698
v 0.057350 -0.324812 -0.187485
v 0.121617 -0.269037 -0.269405
v 0.117043 -0.295039 -0.187996
v 0.120493 -0.289291 -0.220059
v 0.109600 -0.298571 -0.211406
v 0.105884 -0.266043 -0.186346
v 0.127074 -0.259948 -0.216089
v 0.106416 -0.252675 -0.165137
v 0.127607 -0.229161 -0.185749
v 0.136447 -0.222040 -0.220849
v 0.130611 -0.204235 -0.188393
v 0.150044 -0.193085 -0.239315
v 0.135797 -0.209044 -0.269085
v 0.115548 -0.177076 -0.272387
v 0.114893 -0.192470 -0.289201
v 0.128739 -0.225196 -0.314823
v 0.114757 -0.205646 -0.314656
v 0.129757 -0.233717 -0.373694
v 0.115251 -0.214567 -0.376997
v 0.119776 -0.150804 -0.324840
v 0.129901 -0.239146 -0.427626
v 0.126009 -0.165459 -0.394959
v 0.132478 -0.239917 -0.496054
v 0.117428 -0.218042 -0.438351
v 0.128533 -0.235230 -0.575827
v 0.116484 -0.216331 -0.500861
v 0.123437 -0.222164 -0.645488
v 0.112879 -0.210030 -0.563079
v 0.107899 -0.201181 -0.619954
v 0.117205 -0.205181 -0.715132
v 0.104246 -0.189009 -0.682074
v 0.116199 -0.188297 -0.777505
v 0.103802 -0.170274 -0.760691
v 0.125373 -0.178190 -0.809903
v 0.090731 -0.173645 -0.854677
v 0.092490 -0.122858 -0.887345
v 0.109383 -0.150427 -0.750236
v 0.105707 -0.142503 -0.841352
v 0.113852 -0.065454 -0.951094
v 0.120983 -0.065669 -0.943985
v 0.106885 -0.117868 -0.883724
v 0.122970 -0.065129 -0.850660
v 0.112719 -0.037887 -0.863834
v 0.119874 -0.040476 -0.857426
v 0.111867 -0.017179 -0.820006
v 0.119138 -0.023559 -0.822086
v 0.122964 -0.064974 -0.774930
v 0.120741 -0.034486 -0.805721
v 0.114280 -0.003226 -0.794127
v 0.106149 -0.001200 -0.796149
v 0.143907 -0.034114 -0.739385
v 0.122377 -0.100360 -0.736732
v 0.128404 -0.130495 -0.679143
v 0.149843 -0.078509 -0.707528
v 0.116554 -0.155687 -0.677702
v 0.120927 -0.163336 -0.625754
v 0.132001 -0.146529 -0.628044
v 0.124511 -0.170421 -0.575938
v 0.135874 -0.154508 -0.575472
v 0.153636 -0.108761 -0.668402
v 0.157465 -0.127711 -0.623727
v 0.127920 -0.174404 -0.516649
v 0.140059 -0.156930 -0.517757
v 0.128898 -0.172981 -0.457272
v 0.141370 -0.153352 -0.460084
v 0.137781 -0.139487 -0.404670
v 0.130003 -0.123845 -0.362864
v 0.151451 -0.125721 -0.406085
v 0.161405 -0.136996 -0.463452
v 0.162923 -0.140080 -0.522651
v 0.144338 -0.121784 -0.422476
v 0.160705 -0.137193 -0.575491
v 0.154421 -0.110315 -0.431575
v 0.155243 -0.125448 -0.465854
v 0.157927 -0.125707 -0.519408
v 0.165659 -0.100662 -0.469893
v 0.157738 -0.083976 -0.427980
v 0.159377 -0.121689 -0.566612
v 0.140805 -0.050023 -0.408002
v 0.157725 -0.112180 -0.607976
v 0.151970 -0.118961 -0.571748
v 0.167103 -0.104739 -0.519584
v 0.163108 -0.098087 -0.570049
v 0.148135 -0.106158 -0.615371
v 0.154508 -0.095287 -0.646366
v 0.157117 -0.087281 -0.611943
v 0.141870 -0.085922 -0.655824
v 0.149276 -0.070728 -0.679094
v 0.147749 -0.069722 -0.650744
v 0.136414 -0.070550 -0.679273
v 0.130686 -0.033753 -0.703556
v 0.108044 0.010558 -0.652947
v 0.124109 0.022321 -0.681055
v 0.101309 0.039598 -0.728160
v 0.111189 0.010506 -0.446908
v 0.086893 0.039598 -0.728060
v 0.081885 0.078870 -0.645574
v 0.058461 0.072373 -0.688845
v 0.065257 0.078870 -0.643688
v 0.105361 0.065261 -0.617875
v 0.038711 0.085854 -0.675976
v 0.045829 0.091530 -0.638172
v 0.018961 0.099334 -0.663108
v 0.066902 0.107879 -0.576903
v 0.051969 0.107879 -0.576800
v 0.019690 0.103724 -0.624306
v 0.083610 0.096808 -0.557014
v 0.027350 0.114353 -0.578216
v 0.087519 0.052564 -0.596429
v 0.089843 0.052115 -0.461668
v 0.071107 0.089229 -0.536168
v 0.071400 0.078808 -0.464179
v 0.055537 0.087334 -0.368007
v 0.059073 0.111146 -0.490640
v 0.063069 0.099902 -0.359957
v 0.049712 0.114372 -0.418703
v 0.060247 0.108892 -0.460111
v 0.047026 0.131414 -0.445431
v 0.052483 0.123450 -0.418129
v 0.045387 0.136535 -0.446806
v 0.062072 0.123109 -0.499679
v 0.042338 0.130587 -0.419897
v 0.048421 0.130409 -0.505686
v 0.034965 0.143183 -0.448299
v 0.037619 0.130409 -0.505612
v 0.016490 0.140137 -0.514741
v 0.011166 0.180145 -0.445616
v -0.010315 0.197801 -0.478763
v 0.075795 0.076332 -0.287706
v -0.010628 0.150254 -0.524200
v -0.037614 0.140137 -0.514368
v -0.058614 0.130409 -0.504948
v -0.073945 0.107879 -0.575931
v -0.011013 0.122294 -0.579897
v -0.049349 0.114353 -0.577687
v -0.068653 0.091530 -0.637382
v -0.088156 0.078870 -0.642629
v -0.042325 0.103724 -0.623878
v -0.011338 0.107508 -0.626971
v -0.042132 0.099334 -0.662687
v -0.011579 0.110280 -0.661953
v -0.062058 0.085854 -0.675281
v -0.081983 0.072373 -0.687876
v -0.110954 0.039598 -0.726695
v -0.038586 -0.350432 0.930951
v -0.043738 -0.356791 0.943558
v -0.077240 -0.332185 0.918478
v -0.090343 -0.332798 0.936362
v -0.105826 -0.310302 0.902373
v -0.042917 -0.280962 0.976787
v -0.125448 -0.298447 0.918786
v -0.115219 -0.291483 0.876586
v -0.084196 -0.264605 0.967147
v -0.045954 -0.268619 0.999752
v -0.082038 -0.253075 0.989709
v -0.043557 -0.258238 1.002626
v -0.077319 -0.244894 0.992595
v -0.109918 -0.228941 0.975164
v -0.103005 -0.222807 0.978875
v -0.118553 -0.190896 0.956643
v -0.128809 -0.186593 0.950088
v -0.113757 -0.240399 0.948484
v -0.126525 -0.198425 0.919183
v -0.142541 -0.266654 0.887299
v -0.115582 -0.282881 0.845687
v -0.135038 -0.175281 0.926678
v -0.153335 -0.110094 0.973331
v -0.148254 -0.247934 0.863352
v -0.161837 -0.110472 0.973486
v -0.137941 -0.215991 0.879221
v -0.149181 -0.226291 0.818644
v -0.115451 -0.280544 0.813035
v -0.143511 -0.192261 0.900604
v -0.147050 -0.207237 0.865115
v -0.133200 -0.184679 0.894098
v -0.128685 -0.196128 0.853159
v -0.138735 -0.260205 0.629333
v -0.112521 -0.314359 0.626871
v -0.108704 -0.345389 0.506604
v -0.124919 -0.208176 0.800692
v -0.132485 -0.173629 0.715495
v -0.107816 -0.243887 0.608647
v -0.164952 -0.128099 0.760711
v -0.114811 -0.219075 0.614517
v -0.131481 -0.066780 0.922612
v -0.132860 -0.059236 0.910802
v -0.116022 -0.038978 0.884994
v -0.153015 -0.100875 0.837486
v -0.117089 -0.029360 0.871921
v -0.105107 -0.025095 0.868569
v -0.102562 -0.011831 0.848272
v -0.125823 -0.050402 0.733472
v -0.135125 -0.068168 0.751299
v -0.157292 -0.117638 0.681105
v -0.136431 -0.102111 0.831008
v -0.166289 -0.136880 0.647122
v -0.142142 -0.118234 0.680989
v -0.132209 -0.171259 0.613269
v -0.157153 -0.126092 0.571545
v -0.163111 -0.142373 0.542043
v -0.132751 -0.168449 0.508784
v -0.121935 -0.071375 0.751126
v -0.132311 -0.085364 0.640214
v -0.141863 -0.126354 0.570569
v -0.158695 -0.126198 0.462803
v -0.143455 -0.082616 0.640330
v -0.134491 -0.065524 0.634282
v -0.139048 -0.092130 0.543847
v -0.149568 -0.089352 0.543949
v -0.138913 -0.073138 0.542833
v -0.140577 -0.075182 0.450907
v -0.143459 -0.126057 0.462700
v -0.153494 -0.091308 0.447195
v -0.140603 -0.072997 0.356273
v -0.142985 -0.094260 0.447091
v -0.154412 -0.090138 0.352164
v -0.138858 -0.068950 0.261723
v -0.143935 -0.093090 0.352001
v -0.153527 -0.085379 0.257249
v -0.135356 -0.061045 0.163709
v -0.143470 -0.121658 0.354101
v -0.143639 -0.088107 0.257058
v -0.149935 -0.077505 0.162526
v -0.144426 -0.067474 0.068146
v -0.129993 -0.051046 0.066017
v -0.139280 -0.080569 0.162278
v -0.140564 -0.054276 -0.027209
v -0.124416 -0.037837 -0.028172
v -0.133879 -0.070422 0.067781
v -0.142593 -0.114627 0.245381
v -0.141168 -0.106518 0.146188
v -0.131606 -0.056891 -0.027641
v -0.157826 -0.114769 0.245400
v -0.136714 -0.037730 -0.122039
v -0.138712 -0.094353 0.048448
v -0.119994 -0.021393 -0.122210
v -0.106479 -0.018800 -0.123828
v -0.156545 -0.106633 0.146163
v -0.154570 -0.094469 0.048372
v -0.163013 -0.129461 0.231230
v -0.161867 -0.122246 0.136599
v -0.151211 -0.078004 -0.048745
v -0.163526 -0.135177 0.334921
v -0.135243 -0.077724 -0.048590
v -0.158705 -0.121799 0.354152
v -0.163776 -0.140111 0.438426
v -0.133836 -0.164040 0.414538
v -0.134420 -0.158275 0.307076
v -0.112897 -0.226946 0.424313
v -0.135467 -0.150724 0.217955
v -0.115294 -0.223452 0.352133
v -0.118643 -0.208600 0.216785
v -0.135380 -0.142470 0.132122
v -0.125208 -0.192742 0.123732
v -0.159248 -0.112057 0.045364
v -0.136990 -0.131553 0.048456
v -0.154926 -0.098089 -0.045290
v -0.137198 -0.114230 -0.048860
v -0.149146 -0.080889 -0.132246
v -0.146035 -0.057834 -0.144215
v -0.129711 -0.175407 0.030921
v -0.130957 -0.057134 -0.143955
v -0.120617 -0.222610 0.116418
v -0.128144 -0.040401 -0.122525
v -0.141872 -0.048900 -0.191139
v -0.129632 -0.022400 -0.218256
v -0.128234 -0.047467 -0.192288
v -0.124674 -0.023767 -0.218497
v -0.117878 -0.006548 -0.214542
v -0.115277 -0.013705 -0.291486
v -0.103902 -0.004723 -0.215578
v -0.091071 0.014698 -0.214211
v -0.124658 -0.011027 -0.295634
v -0.116955 0.003329 -0.299849
v -0.104670 0.005255 -0.302954
v -0.083945 0.051431 -0.292851
v -0.117320 0.006645 -0.370116
v -0.108582 0.008882 -0.373519
v -0.074632 0.087334 -0.367108
v -0.114351 0.009857 -0.399956
v -0.091820 0.078808 -0.463053
v -0.069507 0.114372 -0.417880
v -0.080612 0.108892 -0.459140
v -0.067190 0.130993 -0.444643
v -0.079860 0.111146 -0.489682
v -0.065571 0.136535 -0.446040
v -0.082983 0.123109 -0.498678
v -0.092521 0.089229 -0.535039
v -0.110227 0.052115 -0.460287
v -0.069417 0.130409 -0.504873
v -0.105311 0.096808 -0.555710
v -0.088879 0.107879 -0.575828
v -0.109763 0.052564 -0.595068
v -0.127899 0.065261 -0.616266
v -0.104808 0.078870 -0.644286
v -0.131368 0.010506 -0.445234
v -0.125370 0.039598 -0.726596
v -0.147517 0.022321 -0.679181
v -0.131066 0.010558 -0.651297
v -0.168118 -0.034114 -0.737232
v -0.154404 -0.033753 -0.701589
v -0.160444 -0.050023 -0.405924
v -0.115458 -0.000983 -0.375103
v -0.121749 -0.031279 -0.309684
v -0.131998 -0.023929 -0.305288
v -0.135937 -0.063813 -0.330987
v -0.127177 -0.047080 -0.274257
v -0.137448 -0.039638 -0.270001
v -0.131949 -0.026982 -0.250971
v -0.145851 -0.055875 -0.248974
v -0.121028 -0.028496 -0.250533
v -0.125092 -0.050263 -0.226084
v -0.136929 -0.046749 -0.227612
v -0.130595 -0.070448 -0.206894
v -0.145117 -0.070545 -0.208502
v -0.144208 -0.077900 -0.230890
v -0.132708 -0.060718 -0.256854
v -0.129259 -0.082659 -0.238946
v -0.145813 -0.070418 -0.176789
v -0.142259 -0.105782 -0.213818
v -0.146459 -0.088079 -0.192785
v -0.132790 -0.082188 -0.170264
v -0.134449 -0.094171 -0.130807
v -0.130861 -0.097114 -0.186218
v -0.132868 -0.122909 -0.217086
v -0.130131 -0.157252 -0.061370
v -0.130287 -0.144275 -0.147334
v -0.133972 -0.139881 -0.203757
v -0.127795 -0.188133 -0.037227
v -0.128195 -0.170630 -0.101582
v -0.125316 -0.203769 0.026474
v -0.136886 -0.209448 -0.042387
v -0.134297 -0.231861 0.031181
v -0.131978 -0.152375 -0.162725
v -0.140933 -0.184941 -0.113919
v -0.126535 -0.205993 -0.121433
v -0.143147 -0.165267 -0.163649
v -0.121539 -0.239953 -0.040466
v -0.130611 -0.181715 -0.168191
v -0.144173 -0.151965 -0.200231
v -0.131950 -0.159917 -0.203206
v -0.144040 -0.138558 -0.227029
v -0.136572 -0.132853 -0.227465
v -0.137569 -0.121484 -0.264349
v -0.136010 -0.142904 -0.229178
v -0.160926 -0.169750 -0.237821
v -0.155467 -0.152763 -0.242614
v -0.134463 -0.158425 -0.262658
v -0.167354 -0.193085 -0.237125
v -0.133318 -0.177076 -0.270670
v -0.137389 -0.150804 -0.323065
v -0.132895 -0.192470 -0.287492
v -0.133110 -0.205646 -0.312946
v -0.153519 -0.209044 -0.267088
v -0.147093 -0.225196 -0.312920
v -0.134465 -0.214567 -0.375274
v -0.153504 -0.222040 -0.218848
v -0.139345 -0.269037 -0.267604
v -0.147220 -0.204235 -0.186476
v -0.132385 -0.218493 -0.121558
v -0.144180 -0.229161 -0.183873
v -0.144066 -0.259948 -0.214218
v -0.123134 -0.236897 -0.122624
v -0.122467 -0.266043 -0.184770
v -0.122706 -0.252675 -0.163556
v -0.137524 -0.278113 -0.154928
v -0.142406 -0.265944 -0.104635
v -0.137540 -0.289291 -0.218279
v -0.126529 -0.298571 -0.209777
v -0.133648 -0.295039 -0.186266
v -0.129802 -0.340978 -0.241026
v -0.073794 -0.323472 -0.157195
v -0.073172 -0.329383 -0.117312
v -0.073954 -0.324812 -0.186579
v -0.072015 -0.345005 -0.080294
v -0.072015 -0.340970 -0.241425
v -0.147945 -0.269460 -0.048374
v -0.129928 -0.312978 -0.277553
v -0.070378 -0.320908 -0.279618
v -0.140309 -0.269456 -0.318316
v -0.130405 -0.308099 -0.321365
v -0.070379 -0.319545 -0.320273
v -0.070906 -0.339035 -0.356017
v -0.148924 -0.233717 -0.371771
v -0.130736 -0.319262 -0.365270
v -0.071030 -0.363178 -0.378998
v -0.140510 -0.277726 -0.367202
v -0.131021 -0.342782 -0.418294
v -0.149812 -0.239146 -0.425696
v -0.139110 -0.312639 -0.461417
v -0.119207 -0.391656 -0.439860
v -0.070851 -0.393231 -0.393330
v -0.137488 -0.218042 -0.436592
v -0.114158 -0.435083 -0.429991
v -0.066248 -0.431458 -0.396664
v -0.059744 -0.468447 -0.386668
v -0.145469 -0.165459 -0.393086
v -0.102179 -0.485669 -0.409442
v -0.053041 -0.505190 -0.360918
v -0.149020 -0.123845 -0.360939
v -0.086621 -0.526692 -0.377324
v -0.045918 -0.535613 -0.315202
v -0.177650 -0.083976 -0.425666
v -0.068211 -0.558488 -0.320439
v -0.036711 -0.548471 -0.254593
v -0.075764 -0.545236 -0.404454
v -0.061251 -0.571316 -0.255771
v -0.078563 -0.545039 -0.468455
v -0.052960 -0.567154 -0.206257
v -0.026021 -0.541931 -0.189757
v -0.036964 -0.623459 -0.163565
v -0.024326 -0.648160 -0.173108
v -0.027015 -0.667875 -0.137181
v -0.062061 -0.580271 -0.469540
v -0.052471 -0.582899 -0.510369
v -0.046504 -0.578350 -0.518372
v -0.070043 -0.558929 -0.518934
v -0.082413 -0.559900 -0.511917
v -0.086710 -0.529178 -0.527409
v -0.091009 -0.554853 -0.470867
v -0.101910 -0.527119 -0.520845
v -0.098063 -0.496554 -0.540658
v -0.109146 -0.518184 -0.480072
v -0.114740 -0.492096 -0.534243
v -0.106263 -0.455114 -0.561656
v -0.119336 -0.473284 -0.496681
v -0.097677 -0.506012 -0.477133
v -0.107002 -0.463431 -0.493434
v -0.127270 -0.431455 -0.518647
v -0.123596 -0.449498 -0.555861
v -0.116767 -0.422402 -0.588600
v -0.114405 -0.422457 -0.513789
v -0.134878 -0.414905 -0.585131
v -0.146775 -0.378547 -0.559785
v -0.123391 -0.357483 -0.547487
v -0.119112 -0.405625 -0.631777
v -0.102325 -0.413016 -0.629470
v -0.124376 -0.365628 -0.618056
v -0.113526 -0.351823 -0.611446
v -0.127358 -0.319313 -0.517712
v -0.124112 -0.277454 -0.584334
v -0.146985 -0.280858 -0.506765
v -0.153332 -0.239917 -0.494081
v -0.148862 -0.251179 -0.577916
v -0.137406 -0.216331 -0.499109
v -0.150489 -0.235230 -0.573901
v -0.145679 -0.230733 -0.645252
v -0.134660 -0.210030 -0.561371
v -0.149217 -0.172981 -0.455353
v -0.149060 -0.174404 -0.514737
v -0.157374 -0.139487 -0.402633
v -0.161727 -0.153352 -0.457992
v -0.171062 -0.125721 -0.403860
v -0.174384 -0.110315 -0.429306
v -0.181807 -0.136996 -0.461084
v -0.164176 -0.121784 -0.420347
v -0.175679 -0.125448 -0.463570
v -0.186149 -0.100662 -0.467465
v -0.179102 -0.125707 -0.517083
v -0.161213 -0.156930 -0.515678
v -0.184142 -0.140080 -0.520256
v -0.146469 -0.170421 -0.574068
v -0.157824 -0.154508 -0.573445
v -0.130466 -0.201181 -0.618309
v -0.143573 -0.163336 -0.623928
v -0.146354 -0.222164 -0.643626
v -0.127670 -0.189009 -0.680474
v -0.139663 -0.213936 -0.714014
v -0.141084 -0.205181 -0.713349
v -0.139917 -0.155687 -0.675932
v -0.120800 -0.248859 -0.646746
v -0.154677 -0.146529 -0.626066
v -0.102142 -0.354816 -0.669034
v -0.116199 -0.226573 -0.713425
v -0.114829 -0.369237 -0.671564
v -0.103321 -0.282065 -0.747630
v -0.083634 -0.365941 -0.722536
v -0.106689 -0.410745 -0.677044
v -0.090587 -0.416618 -0.671601
v -0.070309 -0.425190 -0.708389
v -0.093141 -0.381069 -0.728698
v -0.083165 -0.420944 -0.719148
v -0.050463 -0.432535 -0.744455
v -0.042257 -0.436985 -0.729591
v -0.054900 -0.392795 -0.756084
v -0.049002 -0.376112 -0.747641
v -0.058181 -0.293774 -0.776231
v -0.066322 -0.248394 -0.808543
v -0.072682 -0.220907 -0.854210
v -0.111703 -0.199120 -0.847046
v -0.107566 -0.232784 -0.784253
v -0.114258 -0.211446 -0.775041
v -0.132235 -0.203385 -0.774906
v -0.150560 -0.178190 -0.807999
v -0.116538 -0.173645 -0.853247
v -0.140939 -0.188297 -0.775730
v -0.128311 -0.170274 -0.759089
v -0.118749 -0.122858 -0.885888
v -0.133747 -0.150427 -0.748558
v -0.131330 -0.142503 -0.839717
v -0.140988 -0.065454 -0.949336
v -0.148020 -0.065669 -0.942129
v -0.133092 -0.117868 -0.882068
v -0.148720 -0.065129 -0.848785
v -0.138651 -0.037887 -0.862099
v -0.145717 -0.040476 -0.855594
v -0.137194 -0.017179 -0.818288
v -0.144493 -0.023559 -0.820267
v -0.147668 -0.064974 -0.773063
v -0.145871 -0.034486 -0.803882
v -0.139250 -0.003226 -0.792378
v -0.131148 -0.001200 -0.794512
v -0.146554 -0.100360 -0.734877
v -0.173614 -0.078509 -0.705296
v -0.151786 -0.130495 -0.677210
v -0.176867 -0.108761 -0.666122
v -0.172655 -0.070728 -0.676872
v -0.180079 -0.127711 -0.621397
v -0.177435 -0.095287 -0.644076
v -0.182653 -0.137193 -0.573121
v -0.180122 -0.112180 -0.605645
v -0.181203 -0.121689 -0.564262
v -0.173867 -0.118961 -0.569500
v -0.170635 -0.106158 -0.613171
v -0.188279 -0.104739 -0.517132
v -0.184981 -0.098087 -0.567647
v -0.179569 -0.087281 -0.609620
v -0.164929 -0.085922 -0.653707
v -0.170737 -0.069722 -0.648546
v -0.158388 -0.070550 -0.677239
v -0.021958 -0.871131 -2.166120
v -0.057762 -0.868701 -2.410348
v -0.023676 -0.872504 -2.415024
v -0.057326 -0.867196 -2.168892
v -0.083891 -0.857166 -2.402838
v -0.021692 -0.822336 -2.127553
v -0.085679 -0.846852 -2.170867
v -0.104022 -0.836491 -2.392696
v -0.061719 -0.812317 -2.125763
v -0.021429 -0.772780 -2.089491
v -0.103677 -0.817213 -2.168390
v -0.115364 -0.702995 -2.330665
v -0.077028 -0.802038 -2.128267
v -0.066048 -0.765835 -2.090236
v -0.021274 -0.743522 -2.067040
v -0.088191 -0.787523 -2.132708
v -0.068802 -0.738456 -2.069356
v -0.020955 -0.693304 -2.020809
v -0.082174 -0.754916 -2.093664
v -0.073532 -0.688417 -2.023478
v -0.087520 -0.726261 -2.074201
v -0.097157 -0.735941 -2.102578
v -0.113807 -0.699288 -2.125608
v -0.101560 -0.708281 -2.083980
v -0.094718 -0.674413 -2.030946
v -0.076992 -0.645037 -1.971573
v -0.020595 -0.649812 -1.968555
v -0.108144 -0.654650 -2.041920
v -0.079195 -0.602015 -1.899388
v -0.020103 -0.607646 -1.897274
v -0.099854 -0.628365 -1.981487
v -0.080498 -0.589964 -1.834282
v -0.019658 -0.595551 -1.832803
v -0.106137 -0.573447 -1.903140
v -0.112986 -0.605572 -1.994615
v -0.115570 -0.677809 -2.108884
v -0.120706 -0.615917 -2.066811
v -0.118810 -0.644287 -2.135878
v -0.124252 -0.600322 -2.300813
v -0.118900 -0.641742 -2.120938
v -0.125862 -0.564080 -2.124383
v -0.129719 -0.503794 -2.276945
v -0.100082 -0.627615 -2.121542
v -0.123853 -0.582440 -2.084091
v -0.131398 -0.483715 -2.113081
v -0.148923 -0.318015 -2.237422
v -0.108371 -0.557819 -2.113102
v -0.104996 -0.578053 -2.090051
v -0.146165 -0.331590 -2.089947
v -0.164193 -0.243376 -2.218330
v -0.116645 -0.481448 -2.102461
v -0.109401 -0.522596 -2.046535
v -0.159898 -0.252848 -2.062226
v -0.210077 -0.180913 -2.212994
v -0.132985 -0.329922 -2.079551
v -0.112605 -0.458176 -1.990284
v -0.128201 -0.526456 -2.039397
v -0.133147 -0.457871 -1.976211
v -0.126080 -0.556015 -2.022489
v -0.117803 -0.406139 -1.935121
v -0.119305 -0.536800 -1.910590
v -0.130932 -0.471597 -1.939929
v -0.111169 -0.557440 -1.839153
v -0.125884 -0.515058 -1.848670
v -0.137271 -0.410262 -1.927243
v -0.136820 -0.431310 -1.883354
v -0.129468 -0.512610 -1.792395
v -0.140970 -0.418629 -1.827919
v -0.141601 -0.364412 -1.876571
v -0.120873 -0.359789 -1.884127
v -0.141306 -0.245989 -2.049839
v -0.176865 -0.187692 -2.028265
v -0.150147 -0.182170 -2.018703
v -0.167904 -0.136360 -2.076319
v -0.179457 -0.135603 -2.252568
v -0.153843 -0.140186 -2.062490
v -0.168754 -0.082252 -2.116401
v -0.167740 -0.082540 -2.283912
v -0.152254 -0.081188 -2.107696
v -0.158860 -0.011495 -2.146795
v -0.159800 -0.010794 -2.320933
v -0.147624 -0.014846 -2.138754
v -0.141527 0.023017 -2.155231
v -0.143335 0.023182 -2.331599
v -0.117556 0.044067 -2.157900
v -0.119225 0.044222 -2.338488
v -0.131418 0.015129 -2.146309
v -0.087379 0.056451 -2.157953
v -0.088566 0.056490 -2.342589
v -0.023188 0.062754 -2.344361
v -0.021892 0.062745 -2.156546
v -0.110437 0.033357 -2.148763
v -0.084013 0.044016 -2.149154
v -0.021844 0.049940 -2.149582
v -0.108225 0.034198 -1.829762
v -0.081811 0.043987 -1.830023
v -0.019642 0.049926 -1.830451
v -0.048074 0.050856 -1.389607
v -0.016602 0.055931 -1.389852
v -0.079018 0.043925 -1.389422
v -0.105409 0.033879 -1.389384
v -0.129246 0.016683 -1.829538
v -0.126448 0.016107 -1.389305
v -0.145000 -0.014588 -1.829428
v -0.141245 -0.013965 -1.388931
v -0.148026 -0.065635 -1.741759
v -0.145036 -0.065648 -1.386673
v -0.149843 -0.077821 -1.850865
v -0.152294 -0.114337 -1.950201
v -0.109219 -0.141304 -1.856581
v -0.109769 -0.134708 -1.752036
v -0.111201 -0.135044 -1.645815
v -0.139321 -0.187472 -1.861828
v -0.134472 -0.197467 -1.776250
v -0.123455 -0.319139 -1.836683
v -0.125621 -0.282703 -1.790112
v -0.144848 -0.323341 -1.830496
v -0.142279 -0.386849 -1.807299
v -0.147697 -0.287037 -1.781138
v -0.128461 -0.447928 -1.769326
v -0.144965 -0.330008 -1.767988
v -0.129935 -0.387656 -1.734307
v -0.127617 -0.244231 -1.732839
v -0.148053 -0.276205 -1.716290
v -0.127738 -0.215408 -1.660606
v -0.150138 -0.250101 -1.726212
v -0.153070 -0.222135 -1.646370
v -0.132061 -0.329949 -1.681566
v -0.137704 -0.265700 -1.607235
v -0.122341 -0.226936 -1.557450
v -0.137499 -0.233197 -1.554532
v -0.122033 -0.297985 -1.592972
v -0.116733 -0.353252 -1.663401
v -0.114706 -0.412273 -1.715892
v -0.093785 -0.324088 -1.584713
v -0.113126 -0.474104 -1.749527
v -0.090847 -0.369557 -1.649485
v -0.088421 -0.429088 -1.701474
v -0.113548 -0.556135 -1.777448
v -0.018368 -0.374436 -1.645864
v -0.018727 -0.433483 -1.697919
v -0.017921 -0.329759 -1.581118
v -0.086198 -0.491808 -1.734700
v -0.018956 -0.495879 -1.731102
v -0.081557 -0.589131 -1.767463
v -0.019188 -0.598854 -1.764715
v -0.096866 -0.286901 -1.488333
v -0.017249 -0.292612 -1.483735
v -0.125441 -0.263188 -1.511955
v -0.077411 -0.274988 -1.492463
v -0.017298 -0.280428 -1.490722
v -0.120617 -0.258231 -1.513267
v -0.077082 -0.250014 -1.421604
v -0.016814 -0.254841 -1.420597
v -0.119455 -0.231392 -1.435327
v -0.121276 -0.202155 -1.463661
v -0.076767 -0.231346 -1.355280
v -0.016360 -0.235750 -1.354841
v -0.118393 -0.211132 -1.362483
v -0.120523 -0.182061 -1.376825
v -0.116134 -0.128830 -1.365780
v -0.140988 -0.065454 -0.949336
v -0.118749 -0.122858 -0.885888
v -0.120008 -0.167575 -1.272224
v -0.116538 -0.173645 -0.853247
v -0.117256 -0.199028 -1.272174
v -0.111703 -0.199120 -0.847046
v -0.072682 -0.220907 -0.854210
v -0.076328 -0.220563 -1.272413
v -0.012940 -0.225029 -0.859226
v -0.015794 -0.224730 -1.272830
v -0.057762 -0.868701 -2.410348
v -0.023718 -0.861242 -2.421173
v -0.023676 -0.872504 -2.415024
v -0.063595 -0.850855 -2.413737
v -0.083891 -0.857166 -2.402838
v -0.023808 -0.843649 -2.434179
v -0.091293 -0.822286 -2.393852
v -0.104022 -0.836491 -2.392696
v -0.063404 -0.831703 -2.428732
v -0.042385 -0.811454 -2.438320
v -0.023860 -0.811031 -2.441772
v -0.023851 -0.773157 -2.440414
v -0.080883 -0.794543 -2.415604
v -0.051137 -0.771984 -2.434620
v -0.023818 -0.701179 -2.435619
v -0.101088 -0.715208 -2.337874
v -0.115364 -0.702995 -2.330665
v -0.093090 -0.709813 -2.389890
v -0.060297 -0.699588 -2.424879
v -0.023766 -0.595155 -2.428187
v -0.070204 -0.595985 -2.411342
v -0.111735 -0.595155 -2.366086
v -0.075325 -0.499218 -2.407239
v -0.023724 -0.495362 -2.422031
v -0.023832 -0.390790 -2.437750
v -0.111291 -0.595155 -2.301790
v -0.124252 -0.600322 -2.300813
v -0.129719 -0.503794 -2.276945
v -0.115251 -0.494836 -2.356609
v -0.080742 -0.379401 -2.425040
v -0.023918 -0.325696 -2.450115
v -0.123153 -0.495551 -2.278611
v -0.148923 -0.318015 -2.237422
v -0.128430 -0.329109 -2.370318
v -0.092145 -0.314310 -2.436500
v -0.023850 -0.266782 -2.440251
v -0.142711 -0.314826 -2.242765
v -0.164193 -0.243376 -2.218330
v -0.091018 -0.253915 -2.428497
v -0.023904 -0.133398 -2.448133
v -0.144460 -0.276192 -2.394072
v -0.142418 -0.267046 -2.286795
v -0.149685 -0.240754 -2.238280
v -0.177699 -0.185155 -2.237330
v -0.210077 -0.180913 -2.212994
v -0.178281 -0.221739 -2.318737
v -0.179457 -0.135603 -2.252568
v -0.139080 -0.222727 -2.399011
v -0.163663 -0.141501 -2.268516
v -0.149567 -0.181503 -2.341128
v -0.155315 -0.084799 -2.291160
v -0.167740 -0.082540 -2.283912
v -0.135440 -0.156075 -2.391835
v -0.098258 -0.140609 -2.429971
v -0.130957 -0.084928 -2.379798
v -0.103384 -0.084588 -2.426609
v -0.023913 -0.084583 -2.449460
v -0.095642 -0.014699 -2.409177
v -0.023763 -0.014543 -2.427644
v -0.147961 -0.015048 -2.322789
v -0.159800 -0.010794 -2.320933
v -0.143335 0.023182 -2.331599
v -0.134769 -0.015063 -2.370797
v -0.113492 0.029165 -2.339867
v -0.119225 0.044222 -2.338488
v -0.088566 0.056490 -2.342589
v -0.023221 0.054700 -2.349183
v -0.023188 0.062754 -2.344361
v -0.097523 0.025526 -2.371835
v -0.023423 0.040662 -2.378415
v -0.071199 0.012931 -2.392187
v -0.023566 0.019658 -2.399079
v -0.072270 0.123450 -0.417268
v -0.084619 0.099914 -0.359001
v -0.098171 0.076904 -0.284402
v -0.108694 0.063555 -0.205310
v -0.116611 0.048681 -0.120423
v -0.117870 0.037775 -0.028082
v -0.119968 0.031155 0.051726
v -0.112438 0.041060 0.098306
v -0.120642 0.021172 0.079809
v -0.112794 0.027468 0.115888
v -0.105564 0.048482 0.142788
v -0.103754 0.032366 0.152303
v -0.102097 0.052428 0.186588
v -0.097494 0.036009 0.187329
v -0.094939 0.038603 0.263698
v -0.099430 0.055089 0.263397
v -0.089459 0.042398 0.579358
v -0.093373 0.059018 0.596167
v -0.092413 0.039667 0.613432
v -0.096930 0.057251 0.638781
v -0.094425 0.033646 0.645150
v -0.103110 0.049539 0.679818
v -0.097276 0.027493 0.663845
v -0.108661 0.037249 0.719908
v -0.111731 0.002677 0.699667
v -0.098709 0.007574 0.659147
v -0.103341 0.038811 0.773578
v -0.116572 -0.022545 0.684146
v -0.101920 -0.016340 0.647041
v -0.113526 -0.000038 0.764778
v -0.122413 -0.043664 0.664880
v -0.105796 -0.035402 0.628878
v -0.093642 0.040729 0.854235
v -0.092243 0.013826 0.900662
v -0.128047 -0.058751 0.636701
v -0.110037 -0.048857 0.602492
v -0.134250 -0.065724 0.544622
v -0.115465 -0.056100 0.543409
v -0.120923 -0.058360 0.451566
v -0.139921 -0.067464 0.451994
v -0.138397 -0.064437 0.355952
v -0.119892 -0.055645 0.356148
v -0.118861 -0.051410 0.263210
v -0.136728 -0.060370 0.262756
v -0.116933 -0.043302 0.185350
v -0.133946 -0.052075 0.167011
v -0.115872 -0.038655 0.181018
v -0.131078 -0.041735 0.157272
v -0.114490 -0.032333 0.179887
v -0.128807 -0.032076 0.156550
v -0.126743 -0.022417 0.161527
v -0.113478 -0.027196 0.182636
v -0.121754 0.011592 0.119886
v -0.107594 0.020282 0.132354
v -0.125338 -0.014897 0.170411
v -0.112294 -0.020779 0.190043
v -0.122741 0.002056 0.166477
v -0.108389 0.010885 0.168185
v -0.123101 -0.002179 0.186700
v -0.108322 0.002883 0.240569
v 0.053242 -0.676814 -0.606810
v 0.063562 -0.634827 -0.606600
v 0.045916 -0.674791 -0.591744
v 0.026250 -0.711183 -0.584269
v 0.031393 -0.715716 -0.605896
v 0.024308 -0.710000 -0.559295
v 0.007109 -0.727719 -0.603999
v 0.006483 -0.729596 -0.577777
v 0.009313 -0.727924 -0.539325
v -0.011176 -0.730249 -0.603582
v -0.010962 -0.736034 -0.572505
v -0.010522 -0.739986 -0.508838
v -0.030777 -0.727924 -0.539048
v -0.028478 -0.729596 -0.577536
v -0.029465 -0.727719 -0.603747
v -0.046045 -0.710000 -0.558809
v -0.048332 -0.711183 -0.583754
v -0.053774 -0.715716 -0.605309
v -0.068100 -0.674791 -0.590957
v -0.075633 -0.676814 -0.605920
v -0.085949 -0.634827 -0.605568
v 0.032522 0.194569 0.716445
v 0.034918 0.188251 0.674161
v 0.032231 0.194569 0.674179
v 0.035452 0.188275 0.730773
v 0.034886 0.180684 0.674161
v 0.030785 0.199254 0.726192
v 0.035251 0.180683 0.738191
v 0.028324 0.205644 0.734455
v 0.051841 0.188105 0.753128
v 0.034266 0.165982 0.753115
v 0.035440 0.180689 0.767986
v 0.036982 0.210891 0.753435
v 0.027890 0.212582 0.742720
v 0.027507 0.222332 0.747896
v 0.035644 0.188288 0.775831
v 0.027798 0.180682 0.784886
v 0.027788 0.188394 0.784931
v 0.027759 0.201854 0.782631
v 0.032310 0.222037 0.758967
v 0.027543 0.239319 0.754855
v 0.027700 0.215592 0.776723
v 0.027631 0.227630 0.767058
v -0.036654 0.194569 0.716923
v -0.036945 0.194569 0.674657
v -0.039633 0.188251 0.674675
v -0.039385 0.188275 0.731289
v -0.039600 0.180684 0.674675
v -0.034782 0.199254 0.726644
v -0.039083 0.180683 0.738703
v -0.032207 0.205644 0.734872
v -0.055464 0.188105 0.753868
v -0.037892 0.165982 0.753613
v -0.038859 0.180689 0.768499
v -0.040602 0.210891 0.753971
v -0.031659 0.212582 0.743131
v -0.031205 0.222332 0.748301
v -0.038955 0.188288 0.776346
v -0.030986 0.180682 0.785292
v -0.030974 0.188394 0.785337
v -0.030977 0.201854 0.783036
v -0.035854 0.222037 0.759437
v -0.031145 0.239319 0.755260
v -0.031000 0.215592 0.777128
v -0.031064 0.227630 0.767463
v 0.027769 0.167359 1.847647
v 0.004954 0.166726 1.825344
v 0.005434 0.182257 1.825310
v 0.028249 0.182889 1.847614
v 0.005219 0.198446 1.847906
v 0.005964 0.182196 1.870435
v 0.005484 0.166665 1.870468
v -0.016851 0.181563 1.848132
v -0.017331 0.166033 1.848165
v 0.026928 0.194682 0.674209
v 0.021463 0.205538 0.674228
v 0.026867 0.194569 0.716484
v 0.024592 0.199255 0.726234
v 0.022504 0.205595 0.734539
v 0.009532 0.205595 0.734629
v 0.009058 0.205535 0.674313
v -0.002358 0.199310 0.674392
v 0.009775 0.205535 0.779193
v 0.013341 0.220195 0.759043
v -0.001630 0.199335 0.779797
v -0.013415 0.205595 0.734787
v -0.013773 0.205535 0.674471
v -0.013043 0.205535 0.779350
v -0.016886 0.220195 0.759251
v -0.026178 0.205538 0.674557
v -0.026386 0.205595 0.734877
v -0.028589 0.199255 0.726601
v -0.030998 0.194569 0.716884
v -0.031643 0.194682 0.674613
v -0.039633 0.188251 0.674675
v -0.036945 0.194569 0.674657
v -0.031643 0.194682 0.674613
v -0.039600 0.180684 0.674675
v -0.026178 0.205538 0.674557
v -0.013773 0.205535 0.674471
v -0.002358 0.199310 0.674392
v 0.034886 0.180684 0.674161
v 0.026928 0.194682 0.674209
v 0.009058 0.205535 0.674313
v 0.021463 0.205538 0.674228
v 0.034918 0.188251 0.674161
v 0.032231 0.194569 0.674179
v 0.018287 -0.436864 0.135265
v -0.030553 -0.351932 0.134946
v 0.018398 -0.351932 0.134608
v -0.030451 -0.436864 0.135602
v -0.050009 -0.480486 0.097542
v -0.052487 -0.436714 0.135846
v -0.071335 -0.457398 0.145919
v -0.068822 -0.498722 0.112604
v 0.037329 -0.480486 0.096939
v 0.040335 -0.436714 0.135206
v 0.059320 -0.457398 0.145017
v 0.056348 -0.498722 0.111740
v -0.046239 -0.520391 0.073553
v -0.066056 -0.533913 0.094349
v 0.033228 -0.520391 0.073004
v 0.053330 -0.533913 0.093525
v -0.040653 -0.562114 0.061776
v -0.061356 -0.571906 0.085190
v 0.027480 -0.562114 0.061305
v 0.048504 -0.571906 0.084432
v 0.020312 -0.609595 0.062307
v 0.040572 -0.611606 0.084186
v -0.033472 -0.609595 0.062678
v -0.053428 -0.611606 0.084834
v 0.012378 -0.654693 0.077035
v 0.028390 -0.649731 0.091480
v 0.001684 -0.703548 0.110584
v -0.014179 -0.703548 0.110694
v -0.025335 -0.654693 0.077296
v -0.041146 -0.649731 0.091960
v -0.008452 -0.344226 -0.208848
v 0.038016 -0.309050 -0.270351
v -0.008389 -0.301678 -0.199659
v 0.031062 -0.348264 -0.262771
v -0.008544 -0.372217 -0.222159
v -0.009193 -0.350597 -0.316144
v -0.009360 -0.313475 -0.340396
v 0.026316 -0.374412 -0.269803
v -0.008685 -0.401812 -0.242516
v -0.009163 -0.376416 -0.311840
v 0.021363 -0.402234 -0.280179
v -0.008782 -0.423223 -0.256630
v -0.009164 -0.407093 -0.312045
v 0.017117 -0.427942 -0.285543
v -0.008829 -0.445802 -0.263425
v -0.009150 -0.435360 -0.310029
v 0.013112 -0.452442 -0.284150
v -0.008828 -0.464961 -0.263331
v -0.009099 -0.461207 -0.302624
v 0.009553 -0.471349 -0.277938
v -0.009025 -0.480203 -0.291820
v -0.008783 -0.482596 -0.256843
v -0.008917 -0.494907 -0.276174
v 0.005318 -0.487250 -0.266606
v -0.008559 -0.516813 -0.224285
v -0.008389 -0.301678 -0.199659
v -0.055765 -0.309050 -0.269704
v -0.008452 -0.344226 -0.208848
v -0.048707 -0.348264 -0.262221
v -0.008544 -0.372217 -0.222159
v -0.009360 -0.313475 -0.340396
v -0.009193 -0.350597 -0.316144
v -0.044059 -0.374412 -0.269318
v -0.008685 -0.401812 -0.242516
v -0.009163 -0.376416 -0.311840
v -0.039249 -0.402234 -0.279761
v -0.008782 -0.423223 -0.256630
v -0.009164 -0.407093 -0.312045
v -0.035078 -0.427942 -0.285183
v -0.008829 -0.445802 -0.263425
v -0.009150 -0.435360 -0.310029
v -0.031053 -0.452442 -0.283845
v -0.008828 -0.464961 -0.263331
v -0.009099 -0.461207 -0.302624
v -0.027409 -0.471349 -0.277683
v -0.009025 -0.480203 -0.291820
v -0.008783 -0.482596 -0.256843
v -0.008917 -0.494907 -0.276174
v -0.023018 -0.487250 -0.266411
v -0.008559 -0.516813 -0.224285
v 0.050568 0.200467 1.057525
v 0.059888 0.138659 0.981795
v 0.037798 0.169507 0.955612
v 0.099911 0.152375 1.079058
v 0.078714 0.102080 1.020194
v 0.074658 0.134624 1.142785
v 0.045131 0.169332 1.087768
v 0.110255 0.106171 1.101468
v 0.084055 0.069888 1.061869
v 0.068879 0.142162 1.148924
v 0.067252 0.147696 1.161602
v 0.083932 0.101658 1.145022
v 0.046674 0.169331 1.314122
v 0.067990 0.147693 1.270349
v 0.110053 0.071969 1.124049
v 0.088825 0.070734 1.157618
v 0.082488 0.041291 1.104874
v 0.071439 0.144651 1.283159
v 0.100953 0.040768 1.149833
v 0.076926 -0.002323 1.190885
v 0.085102 0.040682 1.172133
v 0.084619 0.150747 1.336346
v 0.079639 0.129014 1.304241
v 0.085466 0.103377 1.329888
v 0.106398 0.117873 1.359294
v 0.087006 0.072646 1.354545
v 0.076304 0.139234 1.384182
v 0.070852 0.145369 1.388359
v 0.068869 0.147692 1.398571
v 0.083448 0.105945 1.394419
v 0.048479 0.169331 1.575698
v 0.069800 0.147692 1.533514
v 0.109257 0.076654 1.378654
v 0.085695 0.071591 1.398873
v 0.085516 0.041163 1.378023
v 0.073193 0.144769 1.543392
v 0.099286 0.040978 1.389272
v 0.077895 0.004869 1.396561
v 0.085574 0.040979 1.399573
v 0.086423 0.150750 1.597935
v 0.081082 0.129489 1.565458
v 0.086945 0.103781 1.591462
v 0.108200 0.117876 1.620884
v 0.088723 0.072647 1.616163
v 0.078129 0.134944 1.648708
v 0.085210 0.105907 1.655953
v 0.074389 0.142755 1.652645
v 0.070689 0.147692 1.662388
v 0.071635 0.147691 1.800146
v 0.050654 0.169443 1.894632
v 0.079331 0.139233 1.823757
v 0.111058 0.076655 1.640244
v 0.087492 0.071590 1.660452
v 0.087321 0.041163 1.639612
v 0.101091 0.040978 1.650861
v 0.087379 0.040979 1.661162
v 0.079700 0.004869 1.658150
v 0.105100 0.103453 1.899820
v 0.061423 0.100839 1.865356
v 0.103914 0.038924 1.897886
v 0.105004 0.104499 1.916253
v 0.100748 0.038232 2.015463
v 0.126021 0.012883 1.904937
v 0.126013 0.012095 2.026578
v 0.144847 -0.015776 1.903758
v 0.113443 0.001252 2.048825
v 0.146416 -0.015038 2.036798
v 0.160583 -0.043911 1.898638
v 0.124797 -0.029834 2.076887
v 0.162791 -0.045419 2.047360
v 0.183915 -0.103566 2.068842
v 0.178144 -0.108546 1.875585
v 0.168333 -0.129214 1.923482
v 0.128433 -0.102333 2.142207
v 0.157925 -0.152564 1.951893
v 0.148652 -0.168110 2.093385
v 0.108180 -0.165128 2.160864
v 0.149125 -0.173402 2.069434
v 0.147503 -0.174088 1.969311
v 0.117955 -0.224293 2.114329
v 0.090488 -0.219080 2.169733
v 0.008036 -0.400832 2.180660
v 0.122736 -0.203257 2.072016
v 0.125631 -0.199369 2.020145
v 0.121675 -0.199937 1.984677
v 0.087995 -0.221752 1.994101
v 0.089136 -0.220230 2.026721
v 0.061400 -0.233002 1.996293
v 0.091448 -0.228600 2.072385
v 0.006982 -0.241473 2.027950
v 0.006781 -0.239958 1.998762
v 0.101777 -0.252372 2.106626
v 0.064652 -0.232837 2.029177
v 0.007197 -0.256332 2.059021
v 0.068700 -0.243579 2.070469
v 0.080840 -0.273874 2.099169
v 0.007367 -0.311664 2.083707
v -0.060356 0.138659 0.982624
v -0.049992 0.200467 1.058219
v -0.038629 0.169507 0.956140
v -0.099032 0.152375 1.080431
v -0.078650 0.102080 1.021279
v -0.072902 0.134624 1.143803
v -0.044137 0.169332 1.088385
v -0.109066 0.106171 1.102981
v -0.083415 0.069888 1.063025
v -0.067039 0.142162 1.149862
v -0.065238 0.147696 1.162516
v -0.082144 0.101658 1.146168
v -0.042556 0.169331 1.314738
v -0.064475 0.147693 1.271263
v -0.067746 0.144651 1.284120
v -0.108552 0.071969 1.125558
v -0.086864 0.070734 1.158830
v -0.081255 0.041291 1.106004
v -0.099098 0.040768 1.151213
v -0.082940 0.040682 1.173293
v -0.074506 -0.002323 1.191930
v -0.080191 0.150747 1.337483
v -0.075655 0.129014 1.305313
v -0.081128 0.103377 1.331038
v -0.101651 0.117873 1.360730
v -0.082327 0.072646 1.355713
v -0.071217 0.139234 1.385200
v -0.065708 0.145369 1.389301
v -0.063584 0.147692 1.399485
v -0.078219 0.105945 1.395535
v -0.040751 0.169331 1.576314
v -0.062652 0.147692 1.534428
v -0.104243 0.076654 1.380127
v -0.080404 0.071591 1.400020
v -0.080513 0.041163 1.379169
v -0.065909 0.144769 1.544351
v -0.094126 0.040978 1.390607
v -0.072637 0.004869 1.397599
v -0.080274 0.040979 1.400717
v -0.078385 0.150750 1.599072
v -0.073492 0.129489 1.566525
v -0.078997 0.103781 1.592607
v -0.099844 0.117876 1.622320
v -0.080433 0.072647 1.617330
v -0.069392 0.134944 1.649726
v -0.076371 0.105907 1.657067
v -0.065598 0.142755 1.653611
v -0.061763 0.147692 1.663302
v -0.060808 0.147691 1.801060
v -0.038525 0.169443 1.895247
v -0.068178 0.139232 1.824775
v -0.102434 0.076655 1.641717
v -0.078591 0.071590 1.661598
v -0.078708 0.041163 1.640757
v -0.092321 0.040978 1.652196
v -0.078469 0.040979 1.662306
v -0.070832 0.004869 1.659188
v -0.092894 0.103453 1.901186
v -0.049697 0.100839 1.866123
v -0.091736 0.038924 1.899236
v -0.092571 0.104499 1.917616
v -0.086947 0.038232 2.016758
v -0.113743 0.012883 1.906592
v -0.112056 0.012095 2.028221
v -0.099180 0.001252 2.050292
v -0.132584 -0.015777 1.905673
v -0.132316 -0.015038 2.038722
v -0.110146 -0.029834 2.078508
v -0.148389 -0.043912 1.900770
v -0.148544 -0.045419 2.049508
v -0.169369 -0.103566 2.071280
v -0.166266 -0.108546 1.877962
v -0.155795 -0.129214 1.925718
v -0.112880 -0.102333 2.143872
v -0.144996 -0.152564 1.953983
v -0.133771 -0.168110 2.095334
v -0.092371 -0.165128 2.162248
v -0.134574 -0.173402 2.071391
v -0.134334 -0.174088 1.971255
v -0.102788 -0.224293 2.115852
v -0.074559 -0.219080 2.170872
v 0.008036 -0.400832 2.180660
v -0.108152 -0.203257 2.073609
v -0.111763 -0.199369 2.021783
v -0.108297 -0.199937 1.986264
v -0.074490 -0.221752 1.995222
v -0.075180 -0.220230 2.027855
v -0.047867 -0.233002 1.997047
v -0.076863 -0.228600 2.073547
v 0.006982 -0.241473 2.027950
v 0.006781 -0.239958 1.998762
v -0.050665 -0.232837 2.029973
v 0.007197 -0.256332 2.059021
v -0.054143 -0.243579 2.071317
v -0.065886 -0.273874 2.100181
v 0.007367 -0.311664 2.083707
v -0.086718 -0.252372 2.107926
v 0.033560 0.130786 0.197431
v 0.040428 0.140685 0.287269
v 0.032238 0.130040 0.286866
v 0.039821 0.140709 0.195971
v 0.032341 0.152985 0.287937
v 0.030148 0.155795 0.194152
v 0.044324 0.136601 0.192380
v 0.042486 0.130839 0.186957
v 0.048396 0.150579 0.172841
v 0.043946 0.136899 0.152716
v 0.042150 0.130866 0.157881
v 0.033212 0.130786 0.147528
v 0.042245 0.163897 0.173066
v 0.023246 0.181510 0.173742
v 0.029810 0.155783 0.152514
v 0.039474 0.140685 0.149095
v 0.029125 0.155795 0.045799
v 0.038797 0.140709 0.047498
v 0.032536 0.130786 0.048958
v 0.043300 0.136601 0.043908
v 0.041462 0.130839 0.038484
v 0.047371 0.150579 0.024369
v 0.042921 0.136899 0.004244
v 0.041125 0.130866 0.009409
v 0.032188 0.130786 -0.000945
v 0.041221 0.163897 0.024594
v 0.022221 0.181510 0.025269
v 0.028786 0.155783 0.004161
v 0.038455 0.140685 0.001348
v 0.028281 0.155413 -0.069122
v 0.037963 0.140685 -0.069922
v 0.029773 0.130040 -0.070325
v 0.020554 0.155413 -0.086755
v 0.020819 0.130040 -0.088419
v 0.028977 0.140685 -0.090507
v 0.007911 0.155413 -0.102239
v 0.014183 0.140685 -0.108501
v 0.006538 0.130040 -0.104089
v -0.007817 0.130040 -0.116765
v -0.007899 0.140685 -0.128611
v -0.007818 0.155413 -0.116986
v -0.050481 0.140685 0.287896
v -0.044854 0.130786 0.197972
v -0.042297 0.130040 0.287380
v -0.051134 0.140709 0.196598
v -0.042486 0.152985 0.288503
v -0.041488 0.155795 0.194646
v -0.055687 0.136601 0.193071
v -0.053924 0.130839 0.187622
v -0.060027 0.150579 0.173589
v -0.055856 0.136899 0.153405
v -0.053989 0.130866 0.158545
v -0.045195 0.130786 0.148069
v -0.053875 0.163897 0.173730
v -0.034867 0.181510 0.174143
v -0.041724 0.155783 0.153008
v -0.051434 0.140685 0.149722
v -0.042511 0.155795 0.046293
v -0.052159 0.140709 0.048126
v -0.045878 0.130786 0.049500
v -0.056711 0.136601 0.044598
v -0.054948 0.130839 0.039150
v -0.061052 0.150579 0.025117
v -0.056880 0.136899 0.004932
v -0.055013 0.130866 0.010072
v -0.046219 0.130786 -0.000404
v -0.054899 0.163897 0.025257
v -0.035892 0.181510 0.025670
v -0.042748 0.155783 0.004655
v -0.052454 0.140685 0.001975
v -0.043253 0.155413 -0.068628
v -0.052946 0.140685 -0.069295
v -0.044762 0.130040 -0.069811
v -0.035771 0.155413 -0.086367
v -0.036059 0.130040 -0.088027
v -0.044245 0.140685 -0.090002
v -0.023343 0.155413 -0.102023
v -0.029701 0.140685 -0.108198
v -0.021995 0.130040 -0.103892
v -0.007817 0.130040 -0.116765
v -0.007899 0.140685 -0.128611
v -0.007818 0.155413 -0.116986
v -0.014047 -0.833493 -1.019661
v 0.008852 -0.855923 -1.007163
v -0.014025 -0.856337 -1.016490
v 0.009739 -0.831440 -1.012070
v -0.013685 -0.782147 -0.967241
v 0.031094 -0.826592 -0.992294
v 0.028581 -0.854168 -0.984619
v 0.002908 -0.779422 -0.962883
v -0.013512 -0.737077 -0.942066
v 0.045901 -0.820863 -0.965960
v 0.041844 -0.851044 -0.956110
v 0.036403 -0.769675 -0.935023
v 0.011125 -0.737359 -0.936694
v -0.013492 -0.725084 -0.939137
v 0.062792 -0.812775 -0.919357
v 0.058741 -0.844102 -0.912461
v 0.012375 -0.724081 -0.934382
v -0.013152 -0.671108 -0.889998
v 0.038293 -0.734649 -0.914195
v 0.056730 -0.767894 -0.905322
v 0.072278 -0.804937 -0.870528
v 0.068162 -0.837783 -0.867251
v 0.056209 -0.730838 -0.874176
v 0.074853 -0.797496 -0.828037
v 0.066417 -0.834882 -0.819730
v 0.058348 -0.753246 -0.840639
v 0.074342 -0.831615 -0.811432
v 0.078499 -0.789112 -0.822724
v 0.065728 -0.724653 -0.845145
v 0.073779 -0.748176 -0.838945
v 0.076600 -0.800084 -0.783863
v 0.081111 -0.753127 -0.800151
v 0.073094 -0.719219 -0.822260
v 0.070095 -0.842026 -0.766913
v 0.066681 -0.876572 -0.787337
v 0.065009 -0.746763 -0.760487
v 0.056432 -0.880953 -0.746225
v 0.051984 -0.909197 -0.767566
v 0.064483 -0.794076 -0.741510
v 0.055086 -0.837316 -0.722599
v 0.066500 -0.709248 -0.764860
v 0.077335 -0.707718 -0.742760
v 0.081028 -0.710597 -0.820120
v 0.086308 -0.701232 -0.766705
v 0.071633 -0.712490 -0.846868
v 0.076633 -0.648602 -0.772177
v 0.062405 -0.716834 -0.872673
v 0.060551 -0.651861 -0.824282
v 0.040000 -0.721925 -0.907624
v 0.039742 -0.642923 -0.851563
v 0.012950 -0.663159 -0.880101
v -0.012912 -0.630533 -0.855092
v 0.012187 -0.632048 -0.851994
v 0.063886 -0.615103 -0.799092
v 0.011395 -0.589551 -0.828073
v -0.012798 -0.590980 -0.838563
v 0.037949 -0.578360 -0.804365
v 0.010683 -0.571008 -0.831524
v -0.012800 -0.567998 -0.838904
v -0.012572 -0.542975 -0.805888
v 0.011376 -0.541111 -0.799817
v -0.012380 -0.506026 -0.777980
v 0.042296 -0.560786 -0.803349
v 0.010238 -0.502484 -0.772550
v -0.012254 -0.464935 -0.759860
v 0.039885 -0.531874 -0.773999
v 0.057417 -0.568575 -0.774614
v 0.061986 -0.555051 -0.774844
v 0.073763 -0.612538 -0.769627
v 0.087490 -0.594838 -0.720537
v 0.088460 -0.628975 -0.718093
v 0.075304 -0.558502 -0.723062
v 0.075552 -0.583643 -0.681575
v 0.088391 -0.693142 -0.706668
v 0.075829 -0.644000 -0.668806
v 0.072794 -0.706188 -0.720554
v 0.081435 -0.596489 -0.636605
v 0.068880 -0.756330 -0.696968
v 0.071489 -0.746841 -0.686833
v 0.067294 -0.693425 -0.655146
v 0.063562 -0.634827 -0.606600
v 0.053242 -0.676814 -0.606810
v 0.053676 -0.725767 -0.641398
v 0.031393 -0.715716 -0.605896
v 0.056221 -0.775577 -0.674146
v 0.033232 -0.747860 -0.632595
v 0.007109 -0.727719 -0.603999
v 0.052291 -0.778708 -0.685731
v 0.006757 -0.762889 -0.627538
v -0.011176 -0.730249 -0.603582
v -0.011340 -0.762331 -0.627401
v -0.011487 -0.816705 -0.648640
v 0.036563 -0.796986 -0.661864
v 0.013676 -0.813039 -0.653742
v 0.034387 -0.804748 -0.673279
v 0.007493 -0.819878 -0.663346
v -0.011572 -0.823133 -0.660954
v -0.011572 -0.837715 -0.660926
v 0.059584 -0.789910 -0.686431
v 0.042104 -0.816407 -0.672404
v 0.037247 -0.876333 -0.711034
v 0.013266 -0.833105 -0.662486
v 0.040160 -0.908845 -0.727844
v 0.013199 -0.897597 -0.699945
v -0.011801 -0.899399 -0.694188
v 0.013652 -0.927458 -0.711152
v -0.011870 -0.935004 -0.704160
v 0.034202 -0.935800 -0.741625
v 0.034045 -0.941052 -0.764405
v 0.011453 -0.964240 -0.740183
v 0.011590 -0.959404 -0.720382
v -0.011927 -0.971165 -0.712440
v -0.012073 -0.976098 -0.733618
v -0.036767 -0.856004 -1.006859
v -0.014047 -0.833493 -1.019661
v -0.014025 -0.856337 -1.016490
v -0.037703 -0.831457 -1.011814
v -0.013685 -0.782147 -0.967241
v -0.058803 -0.826604 -0.991725
v -0.056187 -0.854226 -0.984041
v -0.030217 -0.779422 -0.962655
v -0.013512 -0.737077 -0.942066
v -0.073248 -0.820863 -0.965138
v -0.069056 -0.851044 -0.955345
v -0.038072 -0.737359 -0.936355
v -0.013492 -0.725084 -0.939137
v -0.063324 -0.769675 -0.934335
v -0.089489 -0.812775 -0.918304
v -0.085348 -0.844088 -0.911467
v -0.039290 -0.724081 -0.934026
v -0.013152 -0.671108 -0.889998
v -0.098306 -0.804937 -0.869351
v -0.094145 -0.837783 -0.866131
v -0.083240 -0.767894 -0.904356
v -0.064927 -0.734649 -0.913483
v -0.100295 -0.797496 -0.826829
v -0.091745 -0.834882 -0.818639
v -0.099555 -0.831615 -0.810232
v -0.083965 -0.753246 -0.839657
v -0.082289 -0.730838 -0.873220
v -0.066543 -0.721925 -0.906889
v -0.039116 -0.663159 -0.879742
v -0.012912 -0.630533 -0.855092
v -0.088464 -0.716834 -0.871632
v -0.037965 -0.632048 -0.851648
v -0.065511 -0.642923 -0.850837
v -0.036843 -0.589551 -0.827740
v -0.012798 -0.590980 -0.838563
v -0.063067 -0.578360 -0.803668
v -0.036179 -0.571008 -0.831200
v -0.012800 -0.567998 -0.838904
v -0.012572 -0.542975 -0.805888
v -0.036434 -0.541111 -0.799487
v -0.012380 -0.506026 -0.777980
v -0.067400 -0.560786 -0.802592
v -0.034920 -0.502484 -0.772238
v -0.012254 -0.464935 -0.759860
v -0.064584 -0.531874 -0.773279
v -0.036703 -0.460046 -0.752764
v -0.012134 -0.442999 -0.742365
v -0.042257 -0.436985 -0.729591
v -0.061971 -0.489286 -0.745070
v -0.062477 -0.447958 -0.729139
v -0.070309 -0.425190 -0.708389
v -0.081456 -0.480917 -0.707675
v -0.086955 -0.440195 -0.683070
v -0.090587 -0.416618 -0.671601
v -0.086695 -0.555051 -0.773818
v -0.097380 -0.435847 -0.655566
v -0.082123 -0.568575 -0.773651
v -0.109020 -0.430654 -0.646848
v -0.102325 -0.413016 -0.629470
v -0.099307 -0.466116 -0.649681
v -0.114100 -0.452847 -0.643142
v -0.109707 -0.421894 -0.622823
v -0.116767 -0.422402 -0.588600
v -0.116265 -0.460962 -0.612004
v -0.106263 -0.455114 -0.561656
v -0.117223 -0.499579 -0.633365
v -0.109068 -0.504802 -0.591494
v -0.098063 -0.496554 -0.540658
v -0.108323 -0.504694 -0.640005
v -0.096896 -0.540214 -0.575000
v -0.086710 -0.529178 -0.527409
v -0.113916 -0.535883 -0.621720
v -0.108665 -0.532405 -0.631043
v -0.114090 -0.537138 -0.658044
v -0.107647 -0.545766 -0.724174
v -0.110189 -0.547348 -0.657005
v -0.099297 -0.558502 -0.721857
v -0.102048 -0.547750 -0.630104
v -0.098973 -0.583643 -0.680370
v -0.101606 -0.578501 -0.604946
v -0.104234 -0.596489 -0.635323
v -0.096222 -0.583449 -0.615863
v -0.075250 -0.582656 -0.560639
v -0.070043 -0.558929 -0.518934
v -0.076725 -0.618881 -0.607087
v -0.059015 -0.599638 -0.551075
v -0.046504 -0.578350 -0.518372
v -0.082406 -0.616202 -0.588746
v -0.085949 -0.634827 -0.605568
v -0.066951 -0.633929 -0.597933
v -0.099073 -0.644000 -0.667599
v -0.058771 -0.644409 -0.569522
v -0.052211 -0.650859 -0.581796
v -0.033764 -0.662146 -0.571771
v -0.036217 -0.610220 -0.541635
v -0.010592 -0.581697 -0.518954
v -0.010727 -0.611574 -0.538465
v -0.038823 -0.657272 -0.557598
v -0.010900 -0.668617 -0.563504
v -0.010800 -0.662950 -0.549120
v -0.090350 -0.693425 -0.654059
v -0.075633 -0.676814 -0.605920
v -0.076544 -0.725767 -0.640500
v -0.053774 -0.715716 -0.605309
v -0.112157 -0.693142 -0.705284
v -0.055980 -0.747860 -0.631980
v -0.029465 -0.727719 -0.603747
v -0.094982 -0.746841 -0.685684
v -0.079540 -0.775577 -0.673210
v -0.029438 -0.762889 -0.627288
v -0.011176 -0.730249 -0.603582
v -0.011340 -0.762331 -0.627401
v -0.011487 -0.816705 -0.648640
v -0.059714 -0.796986 -0.661199
v -0.036718 -0.813039 -0.653394
v -0.030669 -0.819878 -0.663083
v -0.011572 -0.823133 -0.660954
v -0.057696 -0.804748 -0.672643
v -0.011572 -0.837715 -0.660926
v -0.075771 -0.778708 -0.684847
v -0.036429 -0.833105 -0.662143
v -0.092513 -0.756330 -0.695854
v -0.083073 -0.789910 -0.685447
v -0.065401 -0.816407 -0.671662
v -0.096753 -0.706188 -0.719384
v -0.101600 -0.707718 -0.741526
v -0.088731 -0.794076 -0.740453
v -0.079075 -0.837316 -0.721673
v -0.061078 -0.876333 -0.710356
v -0.036879 -0.897597 -0.699599
v -0.011801 -0.899399 -0.694188
v -0.080746 -0.880953 -0.745278
v -0.037487 -0.927458 -0.710799
v -0.011870 -0.935004 -0.704160
v -0.064222 -0.908845 -0.727124
v -0.035551 -0.959404 -0.720057
v -0.011927 -0.971165 -0.712440
v -0.012073 -0.976098 -0.733618
v -0.035688 -0.964240 -0.739858
v -0.058455 -0.935800 -0.740986
v -0.058612 -0.941052 -0.763765
v -0.076593 -0.909197 -0.766679
v -0.091562 -0.876572 -0.786245
v -0.094693 -0.842026 -0.765776
v -0.101432 -0.800084 -0.782634
v -0.103867 -0.789112 -0.821466
v -0.089520 -0.746763 -0.759420
v -0.106167 -0.753127 -0.798859
v -0.099371 -0.748176 -0.837750
v -0.091406 -0.724653 -0.844061
v -0.098455 -0.719219 -0.821077
v -0.091070 -0.709248 -0.763773
v -0.097335 -0.712490 -0.845702
v -0.106360 -0.710597 -0.818827
v -0.110902 -0.701232 -0.765344
v -0.085942 -0.651861 -0.823271
v -0.101304 -0.648602 -0.770949
v -0.088929 -0.615103 -0.798037
v -0.112383 -0.628975 -0.716707
v -0.098398 -0.612538 -0.768439
v -0.111447 -0.594838 -0.719164
v 0.079785 -0.066245 3.150175
v 0.079377 -0.066245 3.091019
v 0.063234 -0.040385 3.150289
v 0.036972 -0.023834 3.091311
v 0.037381 -0.023834 3.150467
v 0.062826 -0.040385 3.091133
v 0.091651 -0.066217 3.071905
v 0.036854 -0.011428 3.072283
v 0.072169 -0.030911 3.072039
v 0.089659 -0.066217 2.783238
v 0.034862 -0.011428 2.783617
v 0.069899 -0.030911 2.743121
v 0.089391 -0.066217 2.744406
v 0.034594 -0.011428 2.744784
v 0.089093 -0.066217 2.701316
v 0.034297 -0.011428 2.701694
v 0.068733 -0.031714 2.645162
v 0.088070 -0.064160 2.645029
v 0.089093 -0.111556 2.701316
v 0.036394 -0.012200 2.645385
v 0.056069 -0.045106 2.613100
v 0.070762 -0.070415 2.612998
v 0.031189 -0.029700 2.613272
v 0.087934 -0.114041 2.645030
v 0.070212 -0.109058 2.613002
v 0.054806 -0.133939 2.613109
v -0.013937 -0.012200 2.645732
v -0.009177 -0.029700 2.613550
v -0.011064 -0.011428 2.702008
v -0.034057 -0.045106 2.613722
v -0.046276 -0.031714 2.645956
v -0.046091 -0.030911 2.743921
v -0.010766 -0.011428 2.745097
v -0.010498 -0.011428 2.783930
v -0.065614 -0.064160 2.646089
v -0.048749 -0.070415 2.613823
v -0.065860 -0.066217 2.702386
v -0.065563 -0.066217 2.745475
v -0.065295 -0.066217 2.784308
v -0.065860 -0.111556 2.702386
v -0.043821 -0.030911 3.072839
v -0.063303 -0.066217 3.072974
v -0.008506 -0.011428 3.072596
v -0.034216 -0.040385 3.091803
v -0.050766 -0.066245 3.091917
v -0.008362 -0.023834 3.091624
v -0.033807 -0.040385 3.150959
v -0.050358 -0.066245 3.151073
v -0.007954 -0.023834 3.150780
v -0.065478 -0.114041 2.646088
v -0.048200 -0.109058 2.613820
v -0.032793 -0.133939 2.613713
v -0.045964 -0.146381 2.645954
v -0.007485 -0.148632 2.613539
v -0.013519 -0.165719 2.645730
v -0.011073 -0.166354 2.702008
v -0.046091 -0.146871 2.743921
v -0.065563 -0.111556 2.745475
v -0.010776 -0.166354 2.745097
v -0.065295 -0.111556 2.784308
v -0.010508 -0.166354 2.783930
v -0.043821 -0.146871 3.072839
v -0.063303 -0.111556 3.072974
v -0.008516 -0.166354 3.072596
v -0.034216 -0.137397 3.091803
v -0.050766 -0.111543 3.091917
v -0.008356 -0.153948 3.091624
v -0.033807 -0.137397 3.150959
v -0.050358 -0.111543 3.151073
v -0.007948 -0.153948 3.150780
v 0.029498 -0.148632 2.613283
v 0.035975 -0.165719 2.645388
v 0.034306 -0.166354 2.701694
v 0.068420 -0.146381 2.645164
v 0.069899 -0.146871 2.743121
v 0.034604 -0.166354 2.744784
v 0.089391 -0.111556 2.744406
v 0.034872 -0.166354 2.783617
v 0.089659 -0.111556 2.783238
v 0.072169 -0.146871 3.072039
v 0.036864 -0.166354 3.072283
v 0.091651 -0.111556 3.071905
v 0.062826 -0.137397 3.091133
v 0.036967 -0.153948 3.091311
v 0.079377 -0.111543 3.091019
v 0.063234 -0.137397 3.150289
v 0.037375 -0.153948 3.150467
v 0.079785 -0.111543 3.150175
v -0.022849 0.074707 2.185714
v -0.003441 0.063344 2.150861
v -0.003202 0.063343 2.185538
v -0.023224 0.074706 2.131351
v -0.003708 0.063344 2.112134
v -0.024775 0.074710 1.906923
v -0.005125 0.063344 1.906762
v -0.034448 0.094351 2.151075
v -0.034208 0.094351 2.185752
v -0.034718 0.094351 2.111917
v -0.036132 0.094351 1.906976
v -0.034208 0.117008 2.185752
v -0.029079 0.105681 2.106392
v -0.030185 0.105681 1.906640
v -0.036132 0.117008 1.906972
v -0.049949 0.105679 2.127040
v -0.034448 0.117008 2.151075
v -0.022849 0.136656 2.185684
v -0.034715 0.117008 2.112267
v -0.024773 0.136655 1.906914
v -0.023220 0.136659 2.131502
v -0.003709 0.148015 2.112053
v -0.005126 0.148015 1.906758
v -0.003441 0.148015 2.150861
v -0.003202 0.148015 2.185538
v 0.019309 0.148015 2.185383
v 0.007506 0.142341 2.106142
v 0.006130 0.142070 1.906390
v 0.017385 0.148015 1.906603
v 0.007648 0.163351 2.126644
v 0.019069 0.148015 2.150706
v 0.038956 0.136656 2.185258
v 0.018802 0.148015 2.111897
v 0.037032 0.136655 1.906487
v 0.038579 0.136659 2.131075
v 0.049808 0.117008 2.111683
v 0.048391 0.117008 1.906389
v 0.050076 0.117008 2.150492
v 0.050315 0.117008 2.185169
v 0.044091 0.105681 2.105887
v 0.042440 0.105681 1.906139
v 0.048391 0.094351 1.906393
v 0.065244 0.105679 2.126245
v 0.049805 0.094351 2.111334
v 0.037035 0.074710 1.906496
v 0.050076 0.094351 2.150492
v 0.050315 0.094351 2.185169
v 0.038957 0.074707 2.185287
v 0.038581 0.074706 2.130925
v 0.019069 0.063344 2.150706
v 0.019309 0.063343 2.185383
v 0.018802 0.063344 2.111979
v 0.017385 0.063344 1.906607
v 0.007648 0.048009 2.126644
v 0.007506 0.069018 2.106143
v 0.006129 0.069290 1.906390
v 0.010536 -0.187967 2.545265
v 0.056456 -0.151427 2.613122
v 0.011006 -0.166394 2.613411
v 0.045395 -0.173877 2.519426
v 0.010246 -0.213481 2.503197
v 0.033988 -0.160520 2.375504
v 0.034335 -0.196328 2.425731
v 0.010200 -0.242563 2.496557
v 0.010397 -0.303190 2.525047
v 0.009547 -0.228812 2.401933
v 0.009366 -0.187814 2.375675
v 0.029700 -0.176426 2.375532
v 0.065248 -0.143310 2.396105
v 0.047623 -0.149703 2.375412
v 0.079477 -0.124940 2.612938
v 0.091323 -0.134834 2.384696
v 0.081903 -0.109561 2.499578
v 0.090089 -0.087167 2.612865
v 0.130302 -0.089259 2.415403
v 0.082827 -0.066238 2.510795
v 0.084284 -0.067539 2.612906
v 0.091262 -0.043964 2.384300
v 0.064602 -0.033497 2.613051
v 0.063123 -0.033497 2.398664
v 0.052127 -0.026037 2.375380
v 0.034374 -0.013814 2.375502
v 0.063876 -0.033497 2.507803
v 0.030561 -0.013815 2.613276
v 0.038689 -0.001151 2.410528
v 0.047776 0.068092 2.504422
v 0.047371 0.018022 2.431183
v 0.061344 0.091931 2.472916
v 0.053778 0.043290 2.444377
v 0.063934 0.107417 2.451066
v 0.058666 0.073260 2.451027
v 0.061202 0.091931 2.452339
v -0.034443 -0.151427 2.613749
v 0.010536 -0.187967 2.545265
v 0.011006 -0.166394 2.613411
v -0.024676 -0.173877 2.519909
v 0.010246 -0.213481 2.503197
v -0.015256 -0.160520 2.375844
v -0.014910 -0.196328 2.426070
v 0.010200 -0.242563 2.496557
v 0.010397 -0.303190 2.525047
v 0.009547 -0.228812 2.401933
v 0.009366 -0.187814 2.375675
v -0.010969 -0.176426 2.375813
v -0.046229 -0.143310 2.396874
v -0.028891 -0.149703 2.375940
v -0.057464 -0.124940 2.613883
v -0.072459 -0.134834 2.385827
v -0.061455 -0.109561 2.500567
v -0.068077 -0.087167 2.613956
v -0.111011 -0.089259 2.417069
v -0.062223 -0.066238 2.511796
v -0.062271 -0.067539 2.613916
v -0.072404 -0.043964 2.385429
v -0.042590 -0.033497 2.613791
v -0.044069 -0.033497 2.399404
v -0.033395 -0.026037 2.375969
v -0.015642 -0.013814 2.375847
v -0.043316 -0.033497 2.508543
v -0.008548 -0.013815 2.613546
v -0.019473 -0.001151 2.410930
v -0.027264 0.068092 2.504940
v -0.027870 0.018022 2.431702
v -0.041265 0.091931 2.473623
v -0.034094 0.043290 2.444983
v -0.044157 0.107417 2.451812
v -0.038889 0.073260 2.451701
v -0.041407 0.091931 2.453046
v -0.012133 0.108837 -0.742315
v 0.010551 0.101861 -0.728037
v -0.012100 0.081517 -0.737463
v -0.011966 0.122176 -0.717997
v -0.034619 0.101861 -0.727726
v -0.007549 0.170799 -0.067133
v -0.007655 0.154574 -0.089866
v -0.030011 0.154572 -0.067098
v 0.015109 0.154573 -0.067513
v -0.007247 0.154572 -0.044744
v 0.117223 -0.388039 -1.860213
v 0.100606 -0.408319 -1.851355
v 0.099792 -0.394740 -1.880207
v 0.101718 -0.365926 -1.866755
v 0.102438 -0.379505 -1.837902
v 0.141067 0.003542 -0.741535
v 0.138240 -0.020227 -0.726617
v 0.129518 -0.017608 -0.757190
v 0.113738 0.009596 -0.750308
v 0.123264 0.007155 -0.719741
v 0.138640 -0.063221 -2.199214
v 0.123985 -0.085119 -2.190368
v 0.121302 -0.071723 -2.219208
v 0.117988 -0.042803 -2.205719
v 0.120075 -0.056198 -2.176876
v 0.108418 -0.423764 -2.175305
v 0.091172 -0.444044 -2.166442
v 0.090301 -0.430465 -2.195294
v 0.095284 -0.401651 -2.181863
v 0.094107 -0.415230 -2.152997
v 0.137111 -0.377978 0.095089
v 0.108937 -0.384827 0.102817
v 0.120117 -0.390648 0.074135
v 0.132922 -0.360929 0.073220
v 0.124695 -0.355108 0.101881
v -0.156904 -0.388039 -1.858322
v -0.139751 -0.394740 -1.878554
v -0.140167 -0.408319 -1.849694
v -0.141491 -0.365926 -1.865076
v -0.141813 -0.379505 -1.836217
v -0.119902 0.028446 1.962357
v -0.107635 0.018057 1.939678
v -0.121135 -0.000537 1.962232
v -0.092310 0.033860 1.962240
v -0.107413 0.017848 1.984805
v -0.165308 0.003542 -0.739421
v -0.153977 -0.017608 -0.755234
v -0.162275 -0.020227 -0.724543
v -0.138103 0.009596 -0.748570
v -0.147206 0.007155 -0.717874
v 0.152606 -0.052791 1.825644
v 0.146209 -0.080342 1.824781
v 0.136787 -0.059673 1.803111
v 0.127906 -0.039655 1.826536
v 0.138079 -0.061567 1.850241
v 0.132949 0.028446 1.960613
v 0.134181 -0.000537 1.960470
v 0.120371 0.018057 1.938105
v 0.105359 0.033860 1.960876
v 0.120771 0.017848 1.983230
v 0.186255 -0.066157 1.979813
v 0.177105 -0.092401 1.979742
v 0.169501 -0.070672 1.957334
v 0.162687 -0.048915 1.980049
v 0.170852 -0.070883 2.002453
v -0.152449 -0.423764 -2.173505
v -0.134609 -0.430465 -2.193742
v -0.135082 -0.444044 -2.164881
v -0.139406 -0.401651 -2.180243
v -0.137831 -0.415230 -2.151397
v -0.182998 -0.063221 -2.196994
v -0.165937 -0.071723 -2.217226
v -0.168221 -0.085119 -2.188352
v -0.162438 -0.042803 -2.203784
v -0.164126 -0.056198 -2.174915
v -0.149807 -0.377978 0.097069
v -0.133104 -0.390648 0.075882
v -0.121529 -0.384827 0.104407
v -0.145920 -0.360929 0.075144
v -0.137299 -0.355108 0.103689
v -0.141419 -0.052791 1.827673
v -0.125912 -0.059673 1.804924
v -0.135034 -0.080342 1.826722
v -0.116709 -0.039655 1.828224
v -0.126554 -0.061567 1.852067
v -0.172937 -0.066157 1.982292
v -0.156495 -0.070672 1.959584
v -0.163789 -0.092401 1.982095
v -0.149369 -0.048915 1.982202
v -0.157223 -0.070883 2.004717
v -0.102253 -0.883380 -0.765280
v -0.107322 -0.795094 -0.768541
v -0.120762 -0.860944 -0.801160
v -0.093729 -0.910728 -0.760988
v -0.105186 -0.831992 -0.854609
v -0.154029 -0.953692 -0.828972
v -0.096575 -0.841502 -0.892338
v -0.080678 -0.935630 -0.753054
v -0.083802 -0.846218 -0.930393
v -0.074187 -0.991442 -0.752067
v -0.062431 -0.963140 -0.738709
v -0.011748 -1.036219 -0.686466
v -0.012403 -1.039904 -0.781423
v -0.012624 -1.042472 -0.813433
v -0.012842 -1.047772 -0.844995
v -0.013047 -1.056779 -0.874755
v -0.071986 -1.031142 -0.928421
v -0.013248 -1.068104 -0.903855
v -0.014043 -1.115208 -1.019125
v -0.038117 -1.052305 -0.990449
v -0.014160 -1.041189 -1.036077
v -0.069707 -1.010044 -0.951147
v -0.040508 -1.010787 -1.000348
v -0.110260 -0.974687 -0.904965
v -0.014231 -1.006221 -1.046380
v -0.039372 -0.967409 -1.020186
v -0.014304 -0.980062 -1.056860
v -0.014399 -0.949722 -1.070597
v -0.083519 -0.918858 -0.968643
v -0.082924 -0.967335 -0.941801
v -0.067316 -0.848924 -0.979051
v -0.051559 -0.897748 -1.042916
v -0.014540 -0.913107 -1.091133
v -0.014849 -0.843242 -1.135870
v 0.077661 -0.883380 -0.766521
v 0.095673 -0.860944 -0.802654
v 0.082684 -0.795094 -0.769852
v 0.069197 -0.910728 -0.762112
v 0.079361 -0.831992 -0.855882
v 0.128552 -0.953692 -0.830922
v 0.070230 -0.841502 -0.893489
v 0.056256 -0.935630 -0.753999
v 0.056933 -0.846218 -0.931364
v 0.049780 -0.991442 -0.752922
v 0.038210 -0.963140 -0.739404
v -0.011748 -1.036219 -0.686466
v -0.012403 -1.039904 -0.781423
v -0.012624 -1.042472 -0.813433
v -0.012842 -1.047772 -0.844995
v -0.013047 -1.056779 -0.874755
v 0.045145 -1.031142 -0.929229
v -0.013248 -1.068104 -0.903855
v -0.014043 -1.115208 -1.019125
v 0.010424 -1.052305 -0.990784
v -0.014160 -1.041189 -1.036077
v 0.042553 -1.010044 -0.951922
v 0.012678 -1.010787 -1.000715
v 0.083739 -0.974687 -0.906303
v -0.014231 -1.006221 -1.046380
v 0.011268 -0.967409 -1.020535
v -0.014304 -0.980062 -1.056860
v -0.014399 -0.949722 -1.070597
v 0.056122 -0.918858 -0.969607
v 0.055898 -0.967335 -0.942759
v 0.039778 -0.848924 -0.979790
v 0.023140 -0.897748 -1.043432
v -0.014540 -0.913107 -1.091133
v -0.014849 -0.843242 -1.135870
v 0.011896 0.155564 0.268382
v -0.005257 0.156250 0.255532
v 0.005902 0.164932 0.258472
v -0.022231 0.155564 0.268618
v -0.005283 0.178660 0.251694
v -0.016375 0.164932 0.258626
v 0.009195 0.198925 2.350889
v 0.022871 0.157058 2.350858
v -0.004480 0.157058 2.351047
v 0.018796 0.208960 2.350827
v -0.000406 0.208960 2.350959
v 0.009088 0.211196 2.335434
v 0.028948 0.220519 2.349850
v -0.010571 0.220519 2.350123
v 0.009161 0.236861 2.346030
v 0.004791 0.180694 0.781133
v -0.001658 0.188362 0.775836
v 0.001000 0.180712 0.768186
v -0.001626 0.190893 0.780432
v -0.004420 0.180712 0.768224
v -0.008033 0.180694 0.781222
v 0.054569 -0.226715 1.988984
v 0.006781 -0.239958 1.998762
v 0.006731 -0.234463 1.991570
v 0.061400 -0.233002 1.996293
v 0.006427 -0.252716 1.947491
v 0.087777 -0.212710 1.985013
v 0.087995 -0.221752 1.994101
v 0.121675 -0.199937 1.984677
v 0.052117 -0.244572 1.946221
v 0.048922 -0.240364 1.937311
v 0.006367 -0.246791 1.938757
v 0.005772 -0.228985 1.852524
v 0.090395 -0.225723 1.935616
v 0.048870 -0.223136 1.851852
v 0.004431 -0.228744 1.658199
v 0.083755 -0.223685 1.927918
v 0.047530 -0.222899 1.658126
v 0.082903 -0.209619 1.845660
v 0.106537 -0.195142 1.907073
v 0.111366 -0.191131 1.977919
v 0.118314 -0.197515 1.912616
v 0.129645 -0.166741 1.963768
v 0.147503 -0.174088 1.969311
v 0.140883 -0.146118 1.945262
v 0.157925 -0.152564 1.951893
v 0.135498 -0.167034 1.880668
v 0.147820 -0.128710 1.921775
v 0.168333 -0.129214 1.923482
v 0.178144 -0.108546 1.875585
v 0.156032 -0.102520 1.865297
v 0.122365 -0.168201 1.874433
v 0.141170 -0.151793 1.858919
v 0.110506 -0.187704 1.834170
v 0.129851 -0.155415 1.854780
v 0.143568 -0.141019 1.834237
v 0.155931 -0.104505 1.828220
v 0.136319 -0.056778 1.877187
v 0.132285 -0.144422 1.831982
v 0.145131 -0.137040 1.811057
v 0.128204 -0.157828 1.821030
v 0.134058 -0.139019 1.810871
v 0.158098 -0.114016 1.800537
v 0.145946 -0.134791 1.766515
v 0.137801 -0.134291 1.762910
v 0.149749 -0.087555 1.810474
v 0.150068 -0.102813 1.788216
v 0.144157 -0.102185 1.786187
v 0.140172 -0.089364 1.800713
v 0.125510 -0.033087 1.811339
v 0.121530 -0.027284 1.883591
v 0.107565 -0.009297 1.880957
v 0.142204 -0.068936 1.773614
v 0.134453 -0.053136 1.773903
v 0.134699 -0.077005 1.771880
v 0.138057 -0.062306 1.736812
v 0.118305 -0.038479 1.799093
v 0.129575 -0.065657 1.730685
v 0.124609 -0.053011 1.772045
v 0.143270 -0.102185 1.657748
v 0.116855 -0.035040 1.784335
v 0.122983 -0.026006 1.793533
v 0.116497 -0.036173 1.658700
v 0.121891 -0.026461 1.659142
v 0.106413 -0.009454 1.658905
v 0.081111 -0.002994 1.861550
v 0.079841 -0.002791 1.657979
v 0.076926 -0.002323 1.190885
v 0.117600 -0.028250 1.131165
v 0.103673 -0.009825 1.131032
v 0.079435 -0.004826 1.109616
v 0.114995 -0.040926 1.131696
v 0.102673 -0.013135 1.026705
v 0.079572 -0.007515 1.028695
v 0.079124 -0.011334 0.939681
v 0.116859 -0.032948 1.032398
v 0.101820 -0.019599 0.922517
v 0.079081 -0.014449 0.850166
v 0.103061 -0.025095 0.867133
v 0.114202 -0.038978 0.883406
v 0.122570 -0.042114 0.928570
v 0.130179 -0.066780 0.920806
v 0.118713 -0.052295 0.961727
v 0.133972 -0.070842 0.980742
v 0.152731 -0.110094 0.971219
v 0.115530 -0.043730 1.032776
v 0.127813 -0.073084 0.994274
v 0.146241 -0.092990 1.029244
v 0.136104 -0.091805 1.038116
v 0.157638 -0.102854 1.059440
v 0.139627 -0.098728 1.077492
v 0.139840 -0.102185 1.160659
v 0.143862 -0.122815 1.036243
v 0.131942 -0.134291 1.161541
v 0.133071 -0.124330 1.042349
v 0.135819 -0.150946 1.021790
v 0.127887 -0.186593 0.948317
v 0.135367 -0.134291 1.657877
v 0.127146 -0.157886 1.658008
v 0.121800 -0.160447 1.049153
v 0.109737 -0.187141 1.658258
v 0.123968 -0.157988 1.161484
v 0.107642 -0.185421 1.161618
v 0.081644 -0.209205 1.658147
v 0.103547 -0.191229 1.059908
v 0.078311 -0.208107 1.161840
v 0.044097 -0.222306 1.162086
v 0.001010 -0.228158 1.162384
v 0.000386 -0.236044 1.071993
v 0.043570 -0.230015 1.071716
v -0.000059 -0.262680 1.007549
v 0.043367 -0.258238 1.002026
v 0.068525 -0.222584 1.060332
v 0.076988 -0.244894 0.991530
v 0.104261 -0.199853 1.038189
v 0.088750 -0.222238 1.019851
v 0.118454 -0.171652 1.031766
v 0.083382 -0.227379 1.055015
v 0.125872 -0.149203 1.029522
v 0.099559 -0.223700 1.020161
v 0.125387 -0.181727 1.025792
v 0.110762 -0.207866 1.033677
v 0.123906 -0.201297 0.976317
v 0.117722 -0.190896 0.955013
v 0.113190 -0.214327 0.997346
v 0.111752 -0.202026 0.975540
v 0.102482 -0.222807 0.977457
v 0.101190 -0.214272 0.997494
v 0.006781 -0.239958 1.998762
v -0.041138 -0.226716 1.989644
v 0.006731 -0.234463 1.991570
v -0.047867 -0.233002 1.997047
v 0.006427 -0.252716 1.947491
v -0.074397 -0.212710 1.986132
v -0.074490 -0.221752 1.995222
v -0.108297 -0.199937 1.986264
v -0.039276 -0.244572 1.946851
v -0.036204 -0.240364 1.937898
v 0.006367 -0.246791 1.938757
v 0.005772 -0.228985 1.852524
v -0.077697 -0.225723 1.936776
v -0.037332 -0.223136 1.852447
v -0.071164 -0.223685 1.928987
v 0.004431 -0.228744 1.658199
v -0.098082 -0.191131 1.979364
v -0.038665 -0.222899 1.658721
v -0.116554 -0.166741 1.965467
v -0.134334 -0.174088 1.971255
v -0.105931 -0.197515 1.914163
v -0.128047 -0.146118 1.947117
v -0.144996 -0.152564 1.953983
v -0.123554 -0.167034 1.882456
v -0.135307 -0.128710 1.923729
v -0.155795 -0.129214 1.925718
v -0.166266 -0.108546 1.877962
v -0.144298 -0.102520 1.867370
v -0.129526 -0.151793 1.860787
v -0.110508 -0.168201 1.876040
v -0.094231 -0.195142 1.908458
v -0.118265 -0.155415 1.856492
v -0.071447 -0.209619 1.846725
v -0.099206 -0.187704 1.835617
v -0.072775 -0.209205 1.659213
v -0.132263 -0.141019 1.836141
v -0.117083 -0.157828 1.822723
v -0.144708 -0.104505 1.830295
v -0.124423 -0.056778 1.878986
v -0.121013 -0.144422 1.833730
v -0.134146 -0.137040 1.812984
v -0.123077 -0.139019 1.812645
v -0.100864 -0.187141 1.659711
v -0.127482 -0.134292 1.764741
v -0.118275 -0.157886 1.659702
v -0.105623 -0.185421 1.163089
v -0.135576 -0.134791 1.768458
v -0.147257 -0.114016 1.802644
v -0.139398 -0.102813 1.790213
v -0.138772 -0.087555 1.812465
v -0.133516 -0.102185 1.788103
v -0.129331 -0.089364 1.802573
v -0.114523 -0.033087 1.812995
v -0.109547 -0.027284 1.885186
v -0.095619 -0.009297 1.882358
v -0.131737 -0.068936 1.775504
v -0.123983 -0.053136 1.775686
v -0.124256 -0.077005 1.773666
v -0.128098 -0.062306 1.738649
v -0.119702 -0.065657 1.732405
v -0.114165 -0.053011 1.773693
v -0.107488 -0.038479 1.800651
v -0.106242 -0.035040 1.785875
v -0.112242 -0.026006 1.795156
v -0.113005 -0.026461 1.660763
v -0.097531 -0.009454 1.660312
v -0.069436 -0.002994 1.862589
v -0.070975 -0.002791 1.659020
v -0.074506 -0.002323 1.191930
v -0.107618 -0.036173 1.660246
v -0.116001 -0.028250 1.132777
v -0.102077 -0.009825 1.132452
v -0.078137 -0.004826 1.110703
v -0.134402 -0.102185 1.659664
v -0.102517 -0.013135 1.028121
v -0.079390 -0.007515 1.029792
v -0.080171 -0.011334 0.940780
v -0.126497 -0.134292 1.659683
v -0.129922 -0.134292 1.163348
v -0.137832 -0.102185 1.162575
v -0.113389 -0.040926 1.133272
v -0.138767 -0.098728 1.079413
v -0.121950 -0.157988 1.163181
v -0.121332 -0.160447 1.050831
v -0.102933 -0.191229 1.061333
v -0.132696 -0.124330 1.044183
v -0.076292 -0.208107 1.162907
v -0.118226 -0.171652 1.033399
v -0.042078 -0.222306 1.162681
v 0.001010 -0.228158 1.162384
v 0.000386 -0.236044 1.071993
v -0.042798 -0.230015 1.072312
v -0.000059 -0.262680 1.007549
v -0.043557 -0.258238 1.002626
v -0.067908 -0.222584 1.061274
v -0.077319 -0.244894 0.992595
v -0.103946 -0.199853 1.039625
v -0.088690 -0.222238 1.021075
v -0.082836 -0.227379 1.056162
v -0.101437 -0.214272 0.998892
v -0.103005 -0.222807 0.978875
v -0.099493 -0.223700 1.021535
v -0.110508 -0.207866 1.035204
v -0.112301 -0.202026 0.977086
v -0.118553 -0.190896 0.956643
v -0.113438 -0.214327 0.998910
v -0.124443 -0.201297 0.978031
v -0.128809 -0.186593 0.950088
v -0.125241 -0.181727 1.027522
v -0.135728 -0.150946 1.023664
v -0.153335 -0.110094 0.973331
v -0.125674 -0.149203 1.031257
v -0.143570 -0.122815 1.038226
v -0.157025 -0.102854 1.061612
v -0.146045 -0.092990 1.031261
v -0.135787 -0.091805 1.039992
v -0.134447 -0.070842 0.982594
v -0.131481 -0.066780 0.922612
v -0.128101 -0.073084 0.996040
v -0.115289 -0.043730 1.034369
v -0.119452 -0.052295 0.963370
v -0.123766 -0.042114 0.930270
v -0.116022 -0.038978 0.884994
v -0.116622 -0.032948 1.034009
v -0.103101 -0.019599 0.923931
v -0.105107 -0.025095 0.868569
v -0.081363 -0.014449 0.851274
v -0.113161 -0.227048 0.509006
v -0.106825 -0.254983 0.511470
v -0.106249 -0.254184 0.421848
v -0.136602 -0.284134 0.449082
v -0.107109 -0.365266 0.470319
v -0.110437 -0.248759 0.385513
v -0.163872 -0.292843 0.289199
v -0.104418 -0.399375 0.441617
v -0.104783 -0.399375 0.306892
v -0.112345 -0.243644 0.255821
v -0.124574 -0.365772 0.209397
v -0.104468 -0.409921 0.212142
v -0.114904 -0.235739 0.189923
v -0.146643 -0.273563 0.198061
v -0.136034 -0.252538 0.107720
v -0.112546 -0.315141 0.206006
v -0.115928 -0.285340 0.090099
v -0.118693 -0.262005 0.017583
v -0.153600 -0.290028 0.003899
v -0.068671 -0.369835 -0.049225
v -0.161440 -0.340107 0.063850
v -0.062204 -0.400113 -0.028270
v -0.130654 -0.331267 0.160202
v -0.110302 -0.347942 0.186006
v -0.107820 -0.381596 0.147535
v -0.119057 -0.395024 0.166975
v -0.102779 -0.421129 0.172534
v -0.118123 -0.427050 0.126307
v -0.102474 -0.442165 0.135434
v -0.105506 -0.413411 0.109298
v -0.116806 -0.448169 0.107274
v -0.101186 -0.460248 0.116651
v -0.132103 -0.415327 0.059548
v -0.052171 -0.434016 -0.022226
v -0.104518 -0.437986 0.090800
v -0.114663 -0.479701 0.084315
v -0.099115 -0.488454 0.094358
v -0.114853 -0.461814 0.050191
v -0.043571 -0.460892 -0.023193
v -0.034220 -0.487768 -0.030713
v -0.103134 -0.468119 0.069405
v -0.098182 -0.504779 0.048703
v -0.111972 -0.513908 0.065913
v -0.096755 -0.519611 0.076499
v -0.094955 -0.539298 0.037545
v -0.106993 -0.567928 0.046680
v -0.091799 -0.583134 0.051383
v -0.079778 -0.582161 0.030021
v -0.074819 -0.533736 0.012376
v -0.089109 -0.559498 0.015659
v -0.068122 -0.585789 0.010647
v -0.053404 -0.538538 -0.012906
v -0.019236 -0.525948 -0.056144
v -0.073615 -0.559892 -0.011871
v -0.057038 -0.595258 -0.006402
v -0.040015 -0.550473 -0.032555
v -0.007552 -0.556181 -0.078367
v -0.058883 -0.570404 -0.036381
v -0.047461 -0.611414 -0.019596
v -0.026751 -0.579755 -0.050334
v -0.007504 -0.618243 -0.071358
v -0.046206 -0.592272 -0.053515
v -0.017946 -0.618243 -0.055942
v -0.007325 -0.691155 -0.045428
v -0.035547 -0.624715 -0.055448
v -0.038691 -0.633031 -0.028535
v 0.022221 0.181510 0.025269
v 0.028786 0.155783 0.004161
v 0.020417 0.163557 0.025282
v 0.029125 0.155795 0.045799
v 0.022979 0.155413 0.014800
v 0.023145 0.155413 0.034763
v 0.016775 0.157777 0.025307
v 0.011807 0.155413 0.024856
v 0.023246 0.181510 0.173742
v 0.029810 0.155783 0.152514
v 0.021442 0.163557 0.173754
v 0.030148 0.155795 0.194152
v 0.024002 0.155412 0.163032
v 0.024168 0.155412 0.182996
v 0.017800 0.157777 0.173780
v 0.012830 0.155412 0.173089
v -0.035892 0.181510 0.025670
v -0.034088 0.163557 0.025658
v -0.042748 0.155783 0.004655
v -0.042511 0.155795 0.046293
v -0.036794 0.155413 0.015212
v -0.036685 0.155413 0.035175
v -0.030446 0.157777 0.025633
v -0.025484 0.155413 0.025113
v -0.034867 0.181510 0.174143
v -0.033063 0.163557 0.174130
v -0.041724 0.155783 0.153008
v -0.041488 0.155795 0.194646
v -0.035771 0.155412 0.163445
v -0.035662 0.155412 0.183408
v -0.029421 0.157777 0.174105
v -0.024461 0.155412 0.173346
v -0.010900 -0.668617 -0.563504
v 0.017103 -0.657272 -0.557984
v -0.010800 -0.662950 -0.549120
v 0.011849 -0.662146 -0.572085
v -0.010727 -0.611574 -0.538465
v 0.036884 -0.644409 -0.570182
v 0.030155 -0.650859 -0.582365
v 0.014718 -0.610220 -0.541987
v -0.010592 -0.581697 -0.518954
v 0.044671 -0.633929 -0.598703
v 0.025325 -0.578350 -0.518867
v 0.060252 -0.616202 -0.589731
v 0.037383 -0.599638 -0.551741
v 0.048853 -0.558929 -0.519755
v 0.054318 -0.618881 -0.607992
v 0.053485 -0.582655 -0.561527
v 0.065402 -0.529178 -0.528459
v 0.079227 -0.578501 -0.606193
v 0.074930 -0.540214 -0.576185
v 0.076571 -0.496554 -0.541863
v 0.073692 -0.583449 -0.617036
v 0.086873 -0.504802 -0.592846
v 0.084481 -0.455114 -0.562973
v 0.079321 -0.547750 -0.631355
v 0.091303 -0.535883 -0.623136
v 0.087090 -0.547348 -0.658366
v 0.085924 -0.532405 -0.632386
v 0.094450 -0.499579 -0.634825
v 0.093786 -0.460962 -0.613453
v 0.094612 -0.422402 -0.590059
v 0.087080 -0.421894 -0.624181
v 0.079607 -0.413016 -0.630726
v 0.091192 -0.452847 -0.644558
v 0.086061 -0.430654 -0.648194
v 0.067289 -0.416618 -0.672691
v 0.074303 -0.435847 -0.656751
v 0.076311 -0.466116 -0.650893
v 0.063499 -0.440195 -0.684108
v 0.046505 -0.425190 -0.709195
v 0.085459 -0.504694 -0.641342
v 0.038387 -0.447958 -0.729835
v 0.090977 -0.537138 -0.659459
v 0.018163 -0.436985 -0.730008
v 0.083622 -0.545766 -0.725494
v 0.057660 -0.480917 -0.708635
v 0.037662 -0.489286 -0.745757
v 0.012290 -0.460046 -0.753102
v -0.012134 -0.442999 -0.742365
v 0.022562 0.185028 0.676201
v 0.015928 0.197058 0.459434
v 0.017424 0.197058 0.676218
v 0.020987 0.185028 0.447903
v -0.022112 0.197058 0.676491
v 0.014261 0.197058 0.454547
v 0.018320 0.185028 0.443024
v 0.013578 0.185028 0.441424
v -0.023608 0.197058 0.459707
v -0.027250 0.185027 0.676544
v -0.028826 0.185027 0.448247
v -0.022009 0.197058 0.454798
v -0.026227 0.185027 0.443331
v -0.021507 0.185027 0.441666
v -0.017122 0.197058 0.453131
v 0.009352 0.197058 0.452948
v -0.034208 0.094351 2.185752
v -0.043251 0.091930 2.185823
v -0.045992 0.107417 2.185843
v -0.029466 0.068091 2.185635
v -0.034208 0.117008 2.185752
v -0.022849 0.074707 2.185714
v -0.041821 0.124359 2.185813
v -0.003202 0.063343 2.185538
v -0.022849 0.136656 2.185684
v -0.005621 0.054300 2.185564
v -0.029463 0.143277 2.185636
v 0.019309 0.063343 2.185383
v -0.003202 0.148015 2.185538
v 0.021728 0.054300 2.185375
v -0.005622 0.157058 2.185564
v 0.045571 0.068091 2.185117
v 0.019309 0.148015 2.185383
v 0.038957 0.074707 2.185287
v 0.021729 0.157058 2.185375
v 0.050315 0.094351 2.185169
v 0.045568 0.143277 2.185118
v 0.059358 0.091930 2.185115
v 0.038956 0.136656 2.185258
v 0.062099 0.107417 2.185096
v 0.057928 0.124359 2.185125
v 0.050315 0.117008 2.185169
v 0.058092 -0.102981 3.150324
v 0.079785 -0.066245 3.150175
v 0.058092 -0.074801 3.150324
v 0.047118 -0.056501 3.150400
v 0.079785 -0.111543 3.150175
v 0.063234 -0.040385 3.150289
v 0.047118 -0.121281 3.150400
v 0.037381 -0.023834 3.150467
v 0.063234 -0.137397 3.150289
v 0.028819 -0.045527 3.150526
v 0.037375 -0.153948 3.150467
v -0.007954 -0.023834 3.150780
v 0.028819 -0.132255 3.150526
v 0.000608 -0.045527 3.150721
v -0.007948 -0.153948 3.150780
v -0.017691 -0.056501 3.150847
v 0.000608 -0.132255 3.150721
v -0.033807 -0.040385 3.150959
v -0.017691 -0.121281 3.150847
v -0.050358 -0.066245 3.151073
v -0.033807 -0.137397 3.150959
v -0.028666 -0.074801 3.150923
v -0.050358 -0.111543 3.151073
v -0.028666 -0.102981 3.150923
v 0.030561 -0.013815 2.613276
v -0.008548 -0.013815 2.613546
v -0.009177 -0.029700 2.613550
v -0.042590 -0.033497 2.613791
v 0.031189 -0.029700 2.613272
v -0.034057 -0.045106 2.613722
v 0.064602 -0.033497 2.613051
v -0.062271 -0.067539 2.613916
v 0.056069 -0.045106 2.613100
v -0.048749 -0.070415 2.613823
v 0.084284 -0.067539 2.612906
v -0.068077 -0.087167 2.613956
v 0.070762 -0.070415 2.612998
v -0.048200 -0.109058 2.613820
v 0.090089 -0.087167 2.612865
v -0.057464 -0.124940 2.613883
v 0.070212 -0.109058 2.613002
v -0.032793 -0.133939 2.613713
v 0.079477 -0.124940 2.612938
v -0.034443 -0.151427 2.613749
v 0.054806 -0.133939 2.613109
v -0.007485 -0.148632 2.613539
v 0.056456 -0.151427 2.613122
v 0.011006 -0.166394 2.613411
v 0.029498 -0.148632 2.613283
v 0.111865 -0.065648 -1.388446
v 0.108042 -0.013965 -1.390651
v 0.109461 -0.013744 -1.123873
v 0.113852 -0.065454 -0.951094
v 0.093242 0.016107 -1.390821
v 0.110047 -0.013746 -1.014987
v 0.112719 -0.037887 -0.863834
v 0.111867 -0.017179 -0.820006
v 0.106149 -0.001200 -0.796149
v 0.094119 0.015696 -1.094566
v 0.072204 0.033879 -1.390609
v 0.074438 0.033832 -1.073637
v 0.045815 0.043925 -1.390283
v 0.099555 0.014866 -1.073995
v 0.047803 0.047299 -1.054128
v 0.014871 0.050856 -1.390041
v 0.083347 0.034106 -1.062463
v 0.017755 0.053028 -1.044037
v -0.016602 0.055931 -1.389852
v 0.057859 0.052637 -1.038629
v 0.085583 0.037188 -1.039378
v 0.099253 0.012110 -1.053444
v 0.069851 0.053792 -1.019417
v 0.083240 0.033740 -1.027375
v 0.052173 0.065552 -1.008392
v 0.058111 0.053743 -0.999769
v 0.081346 0.030298 -1.015021
v 0.017939 0.065261 -1.021526
v 0.032487 0.073024 -1.001246
v -0.014169 0.055908 -1.037355
v 0.011022 0.077314 -0.995816
v -0.046183 0.053028 -1.043596
v -0.048074 0.050856 -1.389607
v -0.014030 0.068239 -1.017178
v -0.046056 0.065261 -1.021084
v -0.076367 0.047299 -1.053271
v -0.079018 0.043925 -1.389422
v -0.086208 0.052637 -1.037635
v -0.103269 0.033832 -1.072411
v -0.105409 0.033879 -1.389384
v -0.112022 0.034106 -1.061115
v -0.123237 0.015696 -1.093066
v -0.126448 0.016107 -1.389305
v -0.128389 0.014866 -1.072423
v -0.138982 -0.013744 -1.122158
v -0.141245 -0.013965 -1.388931
v -0.145036 -0.065648 -1.386673
v -0.140988 -0.065454 -0.949336
v -0.113940 0.037188 -1.038001
v -0.127802 0.012110 -1.051878
v -0.138065 -0.013746 -1.013275
v -0.138651 -0.037887 -0.862099
v -0.137194 -0.017179 -0.818288
v -0.131148 -0.001200 -0.794512
v -0.111432 0.033739 -1.026032
v -0.097934 0.053792 -1.018259
v -0.080106 0.065552 -1.007479
v -0.085924 0.053743 -0.998775
v -0.109367 0.030298 -1.013705
v -0.060323 0.073024 -1.000606
v -0.038785 0.077314 -0.995472
v -0.047348 0.065158 -0.982729
v -0.013848 0.079065 -0.990758
v -0.013751 0.065626 -0.976773
v -0.081793 0.045483 -0.985146
v -0.043560 0.052227 -0.967183
v 0.019760 0.065158 -0.983192
v 0.054168 0.045483 -0.986084
v 0.016187 0.052227 -0.967595
v -0.013651 0.050405 -0.962205
v 0.050215 0.047239 -0.942702
v 0.077923 0.033300 -0.961803
v 0.096434 0.015153 -0.983346
v 0.081808 0.036468 -0.951058
v 0.100062 0.015151 -0.967502
v 0.099927 0.012542 -0.947750
v 0.086552 0.037820 -0.935441
v 0.054632 0.054335 -0.927707
v 0.013582 0.053817 -0.928823
v 0.070233 0.054778 -0.914510
v -0.013381 0.055226 -0.923158
v 0.084769 0.034292 -0.922650
v 0.015247 0.065895 -0.912091
v 0.051112 0.066926 -0.900767
v 0.058549 0.054743 -0.894022
v 0.082246 0.030651 -0.909510
v 0.095988 0.017927 -0.788019
v 0.054429 0.045946 -0.880794
v 0.097256 0.018982 -0.777727
v 0.096117 0.020282 -0.768287
v 0.075267 0.033934 -0.781030
v 0.081399 0.035617 -0.778465
v 0.087240 0.037708 -0.765730
v 0.084668 0.035549 -0.760542
v 0.071386 0.051942 -0.752484
v 0.069948 0.055584 -0.757689
v 0.052769 0.064015 -0.747445
v 0.053823 0.053355 -0.768999
v 0.050195 0.068389 -0.752317
v 0.029534 0.076027 -0.749380
v 0.026991 0.071105 -0.743653
v 0.047136 0.046567 -0.776096
v 0.015341 0.064885 -0.764672
v 0.007496 0.080297 -0.747908
v -0.000514 0.073328 -0.741889
v 0.012209 0.053238 -0.775399
v -0.012167 0.082242 -0.747223
v -0.012130 0.073550 -0.741792
v -0.023746 0.073328 -0.741729
v -0.012280 0.068403 -0.763528
v -0.031839 0.080297 -0.747637
v -0.051273 0.071105 -0.743113
v -0.053894 0.076027 -0.748805
v -0.077100 0.064015 -0.746548
v -0.039914 0.064885 -0.764291
v -0.074594 0.068389 -0.751455
v -0.078452 0.053355 -0.768086
v -0.094419 0.055584 -0.756555
v -0.095786 0.051942 -0.751331
v -0.111821 0.037708 -0.764357
v -0.109177 0.035549 -0.759204
v -0.120732 0.020282 -0.766791
v -0.106156 0.035617 -0.777171
v -0.122001 0.018982 -0.776214
v -0.120875 0.017927 -0.786522
v -0.100059 0.033934 -0.779820
v -0.127018 0.012542 -0.946184
v -0.108811 0.030651 -0.908191
v -0.071864 0.046567 -0.775275
v -0.080600 0.045946 -0.879863
v -0.036930 0.053238 -0.775060
v -0.042585 0.054194 -0.862749
v -0.012358 0.055661 -0.774888
v -0.012407 0.055655 -0.782014
v 0.016653 0.054194 -0.863158
v -0.012927 0.055399 -0.857390
v -0.013018 0.068517 -0.870481
v 0.018270 0.066673 -0.876380
v 0.030220 0.074076 -0.892220
v 0.007137 0.077858 -0.886642
v -0.013266 0.069923 -0.906469
v -0.013106 0.078945 -0.883331
v -0.033394 0.077858 -0.886362
v -0.013307 0.064762 -0.912322
v -0.041854 0.065895 -0.911697
v -0.044384 0.066673 -0.875948
v -0.056552 0.074076 -0.891621
v -0.084903 0.054743 -0.893032
v -0.077560 0.066926 -0.899879
v -0.111515 0.034292 -0.921296
v -0.096868 0.054778 -0.913357
v -0.081451 0.054335 -0.926768
v -0.113475 0.037820 -0.934061
v -0.127425 0.015151 -0.965932
v -0.108946 0.036468 -0.949742
v -0.124017 0.015153 -0.981825
v -0.105211 0.033300 -0.960539
v -0.077241 0.047239 -0.941822
v -0.040420 0.053817 -0.928450
v 0.084823 -0.504779 0.047441
v 0.098849 -0.513908 0.064458
v 0.083779 -0.519611 0.075253
v 0.081443 -0.539298 0.036328
v 0.093606 -0.567928 0.045296
v 0.078478 -0.583134 0.050208
v 0.066163 -0.582161 0.029014
v 0.060961 -0.533736 0.011439
v 0.075294 -0.559498 0.014524
v 0.054241 -0.585789 0.009803
v 0.039199 -0.538538 -0.013545
v 0.004438 -0.525948 -0.056308
v 0.059423 -0.559892 -0.012789
v 0.042923 -0.595258 -0.007092
v 0.025540 -0.550473 -0.033007
v 0.044353 -0.570404 -0.037093
v 0.033164 -0.611414 -0.020152
v 0.012032 -0.579755 -0.050601
v 0.031442 -0.592272 -0.054051
v 0.003151 -0.618243 -0.056087
v 0.020757 -0.624715 -0.055836
v 0.024272 -0.633031 -0.028969
v 0.128659 0.026742 0.672449
v 0.097859 0.006447 0.693302
v 0.090767 0.044138 0.670802
v 0.088773 0.063841 0.696199
v 0.117316 -0.003853 0.701072
v 0.146234 0.016176 0.679941
v 0.101026 0.002226 0.721209
v 0.098181 0.022831 0.739955
v 0.091163 0.062729 0.728292
v 0.129140 0.050388 0.742272
v 0.117790 -0.005421 0.725357
v 0.142669 -0.006869 0.707843
v 0.162008 0.005345 0.692684
v 0.117377 0.012296 0.743703
v 0.145929 0.040232 0.746825
v 0.139680 -0.006470 0.728462
v 0.142650 0.008380 0.745614
v 0.161672 0.026982 0.750252
v 0.170089 -0.011931 0.723068
v 0.181140 -0.007692 0.714281
v 0.197515 -0.021677 0.738758
v 0.169843 -0.001424 0.748828
v 0.180834 0.008016 0.754559
v 0.193711 -0.022346 0.743304
v 0.214766 -0.044001 0.769835
v 0.166626 -0.011221 0.736994
v 0.190786 -0.021715 0.749928
v 0.193799 -0.017425 0.756088
v 0.197662 -0.013571 0.760004
v 0.091163 0.062729 0.728292
v 0.117069 0.066122 0.720740
v 0.088773 0.063841 0.696199
v 0.129140 0.050388 0.742272
v 0.112439 0.071836 0.694722
v 0.090767 0.044138 0.670802
v 0.139717 0.057209 0.728746
v 0.145929 0.040232 0.746825
v 0.116762 0.051906 0.676189
v 0.128659 0.026742 0.672449
v 0.147457 0.063775 0.700682
v 0.139371 0.040699 0.678615
v 0.146234 0.016176 0.679941
v 0.156951 0.046126 0.734124
v 0.161672 0.026982 0.750252
v 0.167057 0.051838 0.707106
v 0.157198 0.029234 0.686412
v 0.162008 0.005345 0.692684
v 0.183356 0.034898 0.716663
v 0.172558 0.031684 0.739415
v 0.180834 0.008016 0.754559
v 0.172803 0.016659 0.699025
v 0.181140 -0.007692 0.714281
v 0.189204 0.011160 0.747002
v 0.197662 -0.013571 0.760004
v 0.197665 0.012514 0.731337
v 0.189393 0.000419 0.719121
v 0.197515 -0.021677 0.738758
v 0.202429 -0.017634 0.741775
v 0.214766 -0.044001 0.769835
v 0.207355 -0.012331 0.748496
v 0.202528 -0.012205 0.756159
vn -0.0000 1.0000 0.0005
vn 0.0012 -1.0000 -0.0001
vn -0.0017 -1.0000 -0.0002
vn 0.0013 -1.0000 -0.0001
vn -0.0018 -1.0000 -0.0002
vn -0.0012 -1.0000 -0.0001
vn 0.0017 -1.0000 -0.0002
vn 0.0018 -1.0000 -0.0002
vn -0.0013 -1.0000 -0.0000
vn -0.0068 -0.1896 -0.9818
vn 0.0001 -1.0000 0.0091
vn 0.6265 0.1980 -0.7538
vn 0.9411 -0.3169 -0.1180
vn 0.8708 0.4768 -0.1201
vn 0.8600 -0.4982 -0.1102
vn 0.5547 0.8303 -0.0538
vn 0.5066 0.8587 -0.0773
vn 0.8654 -0.4954 0.0751
vn 0.5394 0.8404 -0.0536
vn 0.6451 0.7640 -0.0103
vn 0.9057 -0.4141 0.0911
vn 0.8231 -0.5659 0.0476
vn 0.5907 0.8068 0.0130
vn 0.6919 0.7217 0.0214
vn 0.9904 -0.1345 -0.0312
vn 0.9661 -0.2577 -0.0173
vn 0.9978 -0.0621 -0.0212
vn 0.8412 -0.5404 -0.0154
vn 0.8851 -0.4651 -0.0158
vn 0.9619 -0.2723 -0.0231
vn 0.8315 -0.5552 -0.0194
vn 0.9536 -0.2998 -0.0270
vn 0.5893 0.8073 0.0319
vn 0.8285 -0.5592 -0.0293
vn 0.9628 -0.2686 -0.0296
vn 0.7121 0.7014 0.0290
vn 0.5889 0.8070 0.0447
vn 0.8370 -0.5458 -0.0396
vn 0.9595 -0.2787 -0.0415
vn 0.9630 -0.2695 0.0023
vn 0.5940 0.8019 0.0636
vn 0.9625 -0.2710 -0.0105
vn 0.7139 0.6999 0.0217
vn 0.9265 0.3619 -0.1037
vn 0.9502 0.2820 -0.1323
vn 0.9271 0.3687 -0.0679
vn 0.9428 0.3223 0.0847
vn 0.9667 0.2434 -0.0791
vn 0.9672 0.2411 0.0798
vn 0.9492 0.2900 0.1222
vn 0.9977 -0.0050 0.0679
vn 0.9926 0.1012 -0.0670
vn 0.9303 -0.3605 0.0674
vn 0.9471 -0.2817 0.1538
vn 0.8971 -0.4372 0.0639
vn 0.9393 -0.3171 0.1311
vn 0.8543 -0.5198 -0.0027
vn 0.8806 -0.4738 -0.0010
vn 0.9800 0.1440 -0.1375
vn 0.7829 -0.5946 -0.1831
vn 0.9465 0.2666 -0.1820
vn 0.9809 -0.1940 -0.0115
vn 0.9353 0.3152 -0.1607
vn 0.9461 -0.3166 0.0676
vn 0.6900 -0.6814 -0.2440
vn 0.9538 -0.1500 0.2602
vn 0.9855 0.1678 -0.0245
vn 0.9837 0.0994 0.1501
vn 0.9161 -0.2755 0.2915
vn 0.9348 -0.3384 0.1084
vn 0.8715 -0.2601 0.4157
vn 0.6593 0.0815 0.7475
vn 0.9488 -0.2408 0.2046
vn 0.1135 0.1286 0.9852
vn 0.7688 -0.2002 0.6074
vn 0.4412 0.3146 0.8405
vn 0.5539 0.1073 0.8256
vn 0.4175 -0.0849 0.9047
vn 0.2354 0.8058 0.5435
vn 0.5507 -0.4522 0.7016
vn 0.6027 0.7399 0.2989
vn 0.0772 0.8026 0.5915
vn 0.2470 -0.2049 0.9471
vn 0.5861 0.7506 0.3050
vn 0.1136 0.8304 0.5454
vn 0.0053 -0.6382 0.7698
vn 0.0067 -0.2238 0.9746
vn 0.6276 0.7707 -0.1101
vn 0.3060 -0.6046 0.7354
vn 0.0050 -0.6945 0.7195
vn 0.2682 -0.6505 0.7106
vn 0.2724 -0.9151 0.2972
vn 0.0027 -0.9215 0.3883
vn 0.5867 -0.5194 0.6213
vn -0.0027 -0.9215 -0.3884
vn 0.1293 -0.8662 -0.4827
vn 0.3944 -0.8469 -0.3567
vn 0.5865 -0.7370 0.3358
vn 0.6116 -0.7446 -0.2674
vn 0.8378 -0.4892 0.2425
vn 0.8706 0.4159 0.2629
vn 0.4639 -0.4512 0.7623
vn 0.6256 0.7694 -0.1292
vn 0.6171 0.7843 -0.0633
vn 0.9282 0.3651 -0.0715
vn 0.6075 0.7925 -0.0541
vn 0.9013 0.4333 -0.0059
vn 0.9302 -0.3650 0.0379
vn 0.5687 0.8216 -0.0384
vn 0.5944 0.8039 -0.0205
vn 0.5363 0.8440 0.0041
vn 0.6206 0.7842 -0.0026
vn 0.8037 -0.5950 0.0056
vn 0.9498 -0.3125 0.0113
vn 0.5025 0.8645 0.0136
vn 0.5880 0.8087 0.0128
vn 0.5949 0.8032 0.0309
vn 0.9031 0.4292 -0.0115
vn 0.4912 0.8704 0.0347
vn 0.9501 -0.3107 -0.0271
vn 0.7949 -0.6061 -0.0280
vn 0.9559 -0.2884 -0.0550
vn 0.7855 -0.6149 -0.0700
vn 0.4911 0.8697 0.0496
vn 0.9566 -0.2787 -0.0848
vn 0.8209 -0.5633 -0.0942
vn 0.6016 0.7978 0.0400
vn 0.9542 -0.2829 -0.0972
vn 0.5025 0.8616 0.0723
vn 0.6201 0.7824 0.0572
vn 0.9632 0.2684 0.0145
vn 0.9635 -0.2495 -0.0973
vn 0.4743 0.8743 0.1031
vn 0.5978 0.7968 0.0877
vn 0.8535 -0.5111 -0.1017
vn 0.6074 0.7896 0.0874
vn 0.6684 0.7426 0.0418
vn 0.6341 0.7683 0.0873
vn 0.6209 0.7797 0.0809
vn 0.8512 -0.5107 -0.1206
vn 0.9541 -0.2937 -0.0580
vn 0.9714 -0.2134 -0.1040
vn 0.8356 -0.5473 -0.0465
vn 0.4570 0.8817 0.1172
vn 0.9751 -0.2217 -0.0000
vn 0.8532 -0.5174 -0.0661
vn 0.9429 0.3323 -0.0250
vn 0.9828 -0.1849 0.0018
vn 0.9650 0.2559 0.0567
vn 0.9493 -0.3020 -0.0875
vn 0.8705 -0.4867 -0.0735
vn 0.9445 -0.3093 -0.1112
vn 0.6590 0.7458 0.0978
vn 0.8828 -0.4543 -0.1192
vn 0.6469 0.7546 0.1102
vn 0.9214 -0.3542 -0.1600
vn 0.6874 0.7208 0.0894
vn 0.8516 -0.5071 -0.1324
vn 0.6621 0.7418 0.1065
vn 0.5708 0.7641 -0.3005
vn 0.9442 -0.3087 -0.1150
vn 0.8393 0.4972 -0.2197
vn 0.7957 -0.5786 -0.1792
vn 0.5079 0.8561 0.0962
vn 0.7487 -0.0556 0.6606
vn 0.8820 0.4666 0.0664
vn 0.7222 0.6411 0.2599
vn 0.6911 0.5831 0.4270
vn 0.4765 0.8028 0.3584
vn 0.4867 0.8686 -0.0931
vn 0.5142 0.6563 0.5522
vn 0.9169 0.3908 -0.0813
vn 0.9852 -0.1670 0.0384
vn 0.9037 -0.2282 -0.3623
vn 0.8567 -0.5127 0.0565
vn 0.9087 -0.3527 0.2235
vn 0.9039 -0.4151 -0.1038
vn 0.9072 -0.3412 0.2460
vn 0.8863 -0.4365 -0.1548
vn 0.9993 0.0087 0.0355
vn 0.9927 -0.1139 -0.0408
vn 0.9142 -0.2574 -0.3130
vn 0.9999 -0.0020 0.0153
vn 0.8968 0.4052 0.1777
vn 0.9880 -0.1538 -0.0132
vn 0.9689 0.2290 0.0939
vn 0.9882 0.1364 0.0691
vn 0.9891 0.1416 0.0405
vn 0.9942 0.0909 0.0566
vn 0.9986 -0.0509 -0.0125
vn 0.9181 0.3631 0.1590
vn 0.9984 -0.0558 -0.0118
vn 0.9984 0.0101 -0.0561
vn 0.9936 0.0328 -0.1079
vn 0.9970 0.0658 0.0414
vn 0.9465 -0.2097 -0.2454
vn 0.9714 -0.1303 -0.1984
vn 0.8994 -0.4292 0.0829
vn 0.9981 -0.0541 -0.0284
vn 0.9947 -0.0724 -0.0731
vn 0.8381 -0.4988 0.2208
vn 0.9555 0.0217 0.2943
vn 0.9974 -0.0709 -0.0096
vn 0.9963 -0.0846 -0.0154
vn 0.7428 -0.5411 0.3942
vn 0.9984 -0.0560 -0.0059
vn 0.9977 -0.0656 0.0191
vn 0.9935 -0.1123 0.0168
vn 0.6961 -0.5014 0.5139
vn 0.9985 -0.0528 -0.0166
vn 0.9911 -0.1267 0.0416
vn 0.6535 -0.4510 0.6079
vn 0.9293 -0.3527 -0.1098
vn 0.9965 -0.0729 -0.0406
vn 0.7228 -0.3815 -0.5762
vn 0.7021 -0.2409 -0.6701
vn 0.7370 -0.5128 -0.4402
vn 0.9451 -0.2775 -0.1724
vn 0.7023 -0.1134 -0.7028
vn 0.7397 0.0148 -0.6728
vn 0.9839 0.1547 -0.0893
vn 0.7210 -0.6241 -0.3012
vn 0.9813 0.1777 0.0735
vn 0.9935 0.0827 -0.0781
vn 0.9976 0.0691 -0.0018
vn 0.9958 -0.0461 -0.0793
vn 0.6493 -0.7425 -0.1647
vn 0.9976 -0.0468 0.0514
vn 0.9804 -0.1837 -0.0716
vn 0.5333 -0.8459 0.0034
vn 0.9989 -0.0446 0.0155
vn 0.9794 0.0048 0.2020
vn 0.9998 0.0046 0.0214
vn 0.9967 -0.0650 0.0480
vn 0.9994 0.0346 0.0022
vn 0.9929 -0.1006 -0.0638
vn 0.9842 -0.1692 0.0517
vn 0.9922 0.0170 -0.1239
vn 0.8186 0.5386 0.1996
vn 0.9957 0.0923 -0.0112
vn 0.9863 -0.1628 0.0259
vn 0.9489 0.3138 -0.0343
vn 0.9334 0.3547 -0.0550
vn 0.8899 -0.2741 -0.3645
vn 0.9115 0.0075 -0.4112
vn 0.9648 -0.0847 -0.2490
vn 0.9454 -0.0603 -0.3204
vn 0.9345 -0.1532 -0.3214
vn 0.9620 -0.1144 -0.2478
vn 0.9566 0.2365 0.1704
vn 0.9613 -0.1517 -0.2301
vn 0.8184 0.5713 -0.0625
vn 0.5600 0.8263 0.0603
vn 0.9795 0.1967 0.0436
vn 0.5330 0.8403 0.0991
vn 0.6096 0.7884 0.0819
vn 0.9308 0.3647 0.0241
vn 0.6516 0.7496 0.1163
vn 0.9954 0.0476 -0.0837
vn 0.9878 -0.1286 -0.0884
vn 0.8376 0.5059 0.2062
vn 0.9743 -0.1930 -0.1159
vn 0.9832 -0.1482 -0.1067
vn 0.8292 -0.5394 0.1466
vn 0.8833 0.0491 0.4662
vn 0.9327 -0.0244 0.3599
vn 0.9978 -0.0667 0.0008
vn 0.9276 0.3200 0.1930
vn 0.9352 0.0286 0.3528
vn 0.9745 -0.1003 0.2005
vn 0.9958 0.0060 -0.0912
vn 0.9612 0.2719 0.0473
vn 0.9950 -0.0999 -0.0033
vn 0.9834 0.1812 0.0049
vn 0.9808 0.1947 -0.0077
vn 0.9728 -0.2303 -0.0251
vn 0.9877 0.1143 -0.1068
vn 0.9945 0.1013 -0.0249
vn 0.9565 -0.2550 -0.1419
vn 0.9754 0.2202 0.0028
vn 0.9909 0.1113 -0.0755
vn 0.9668 -0.1527 -0.2047
vn 0.9601 0.2795 0.0069
vn 0.9819 0.1830 -0.0490
vn 0.9498 0.1872 -0.2506
vn 0.9798 -0.1999 -0.0039
vn 0.9762 -0.2166 -0.0093
vn 0.9860 -0.1597 -0.0477
vn 0.9826 -0.1853 -0.0132
vn 0.8878 0.4600 0.0175
vn 0.9806 -0.0029 -0.1959
vn 0.9881 0.1533 -0.0133
vn 0.9449 0.2825 -0.1653
vn 0.9879 0.1546 -0.0117
vn 0.9982 0.0461 -0.0383
vn 0.9820 0.1874 -0.0255
vn 0.9074 0.4092 -0.0956
vn 0.7013 0.7109 -0.0525
vn 0.7130 0.7001 -0.0390
vn 0.9806 0.1958 -0.0120
vn 0.7207 0.6931 0.0142
vn 0.9841 0.1757 -0.0261
vn 0.9297 0.3586 -0.0841
vn 0.9686 0.2432 -0.0517
vn 0.9884 0.1410 -0.0569
vn 0.7513 0.6561 0.0716
vn 0.8073 0.5900 0.0103
vn 0.8601 0.5098 0.0172
vn 0.8094 0.5431 0.2235
vn 0.9500 0.3122 -0.0078
vn 0.9935 0.1076 -0.0368
vn 0.9500 0.3101 0.0377
vn 0.9911 0.0640 -0.1170
vn 0.9864 0.1396 0.0873
vn 0.8003 0.5184 0.3014
vn 0.9755 -0.2100 -0.0661
vn 0.9821 0.1395 0.1264
vn 0.9694 0.1281 0.2095
vn 0.7183 0.5905 0.3679
vn 0.9864 -0.0909 0.1368
vn 0.9427 -0.3324 0.0293
vn 0.9628 -0.2700 -0.0104
vn 0.9943 -0.0117 -0.1056
vn 0.9382 -0.3459 0.0109
vn 0.9325 -0.3183 0.1705
vn 0.8203 -0.4240 0.3839
vn 0.9539 0.1980 -0.2254
vn 0.7894 0.5256 -0.3171
vn 0.0068 0.1410 0.9900
vn -1.0000 -0.0012 0.0039
vn -1.0000 -0.0012 0.0040
vn -1.0000 -0.0013 0.0035
vn -1.0000 -0.0038 -0.0002
vn -1.0000 -0.0046 -0.0014
vn -0.0003 0.4597 0.8881
vn -0.0288 0.4587 0.8881
vn -0.0016 0.4607 0.8876
vn 0.0117 0.4604 0.8876
vn 0.0080 0.4619 0.8869
vn 0.4864 -0.8738 -0.0036
vn 0.5243 -0.8515 -0.0062
vn 0.3716 -0.9284 -0.0020
vn 0.4009 -0.9161 -0.0063
vn 0.1435 -0.9896 -0.0009
vn 0.1071 -0.9942 0.0031
vn 0.3007 -0.9537 -0.0045
vn 0.0798 -0.9967 0.0147
vn 0.6380 -0.7696 0.0244
vn 0.8720 -0.4895 0.0113
vn 0.9909 -0.1335 -0.0147
vn 0.9580 -0.2867 -0.0066
vn 0.9562 -0.2925 -0.0066
vn 0.9590 -0.2833 -0.0066
vn 0.9930 -0.1179 -0.0068
vn 0.9968 -0.0800 -0.0055
vn 0.9440 0.3298 -0.0052
vn 0.9303 0.3667 -0.0031
vn 0.8461 0.5330 -0.0040
vn 0.8304 0.5572 -0.0008
vn 0.5009 0.8655 -0.0041
vn 0.4932 0.8699 -0.0077
vn 0.8726 0.4884 -0.0090
vn 0.8867 0.4624 -0.0088
vn 0.9961 0.0884 -0.0083
vn 0.9935 0.1132 -0.0069
vn 0.0069 0.0373 0.9993
vn 0.0069 0.0900 0.9959
vn 0.0067 0.2134 0.9769
vn 0.0064 0.3617 0.9323
vn 0.0059 0.5064 0.8623
vn 0.0056 0.5841 0.8116
vn -0.0027 0.9191 -0.3941
vn -0.0023 0.9451 -0.3269
vn -0.0013 0.9807 -0.1954
vn -0.0007 0.9953 -0.0966
vn -0.0001 0.9998 -0.0194
vn 0.0003 0.9993 0.0363
vn -0.0014 -0.9805 -0.1967
vn -0.0009 -0.9911 -0.1333
vn -0.0000 -1.0000 0.0009
vn -0.8003 0.3392 -0.4944
vn -0.7633 0.3389 -0.5500
vn -0.8528 0.2834 -0.4385
vn -0.7668 0.3127 -0.5606
vn -0.7761 0.2507 -0.5786
vn -0.3959 0.5045 -0.7673
vn -0.3821 0.5932 -0.7086
vn -0.0405 0.7610 -0.6475
vn -0.1295 0.7276 -0.6737
vn -0.0115 0.8218 -0.5697
vn 0.0178 0.8696 -0.4934
vn -0.0072 0.8580 -0.5136
vn -0.0065 0.8575 -0.5144
vn -0.0056 0.8571 -0.5152
vn -0.0006 0.8575 -0.5145
vn -0.0016 0.8571 -0.5152
vn 0.0001 0.8580 -0.5137
vn 0.0037 0.8218 -0.5698
vn -0.0246 0.8696 -0.4932
vn 0.0316 0.7611 -0.6479
vn 0.1203 0.7277 -0.6753
vn 0.3722 0.5932 -0.7138
vn 0.3852 0.5045 -0.7727
vn 0.7590 0.3127 -0.5711
vn 0.7681 0.2507 -0.5892
vn 0.8467 0.2834 -0.4503
vn 0.7934 0.3392 -0.5054
vn 0.7556 0.3389 -0.5605
vn -0.0069 -0.0817 0.9966
vn -0.0002 -0.0302 0.9995
vn -0.0008 -0.0197 0.9998
vn -0.0039 0.0757 0.9971
vn -0.0131 0.0966 0.9952
vn -0.0160 0.1975 0.9802
vn -0.0379 0.1631 0.9859
vn 0.1613 -0.0873 0.9830
vn 0.1522 -0.0157 0.9882
vn 0.3779 -0.6156 0.6915
vn 0.3657 -0.6631 0.6531
vn 0.4038 -0.8993 0.1676
vn 0.3798 -0.9005 0.2117
vn 0.3157 -0.9340 -0.1674
vn 0.3055 -0.9401 -0.1510
vn 0.1823 -0.8746 -0.4492
vn 0.2132 -0.8989 -0.3827
vn 0.1077 -0.7947 -0.5973
vn 0.0634 -0.7574 -0.6498
vn 0.0262 -0.6820 -0.7309
vn 0.0087 -0.6802 -0.7330
vn -0.0469 -0.6169 -0.7857
vn -0.0627 -0.6057 -0.7933
vn 0.0061 -0.5405 -0.8414
vn 0.0204 -0.5296 -0.8480
vn 0.0307 -0.4598 -0.8875
vn -0.0068 -0.0817 0.9966
vn -0.0001 -0.0301 0.9995
vn -0.0007 -0.0195 0.9998
vn -0.0067 0.0780 0.9969
vn -0.0126 0.0942 0.9955
vn -0.0267 0.1798 0.9833
vn -0.0352 0.1623 0.9861
vn 0.0770 -0.0945 0.9925
vn 0.0854 -0.0681 0.9940
vn 0.2454 -0.5854 0.7727
vn 0.2725 -0.6601 0.7000
vn 0.3400 -0.8978 0.2797
vn 0.3522 -0.9090 0.2230
vn 0.3265 -0.9233 -0.2022
vn 0.3429 -0.9231 -0.1742
vn 0.2694 -0.8214 -0.5027
vn 0.2688 -0.8222 -0.5017
vn 0.3746 -0.5018 -0.7796
vn 0.4951 -0.5429 -0.6784
vn 0.5061 0.0876 -0.8580
vn 0.5587 0.2394 -0.7941
vn 0.5860 0.3248 -0.7424
vn 0.5754 0.3199 -0.7527
vn 0.5669 0.3397 -0.7505
vn 0.5034 0.3798 -0.7761
vn 0.5066 0.3524 -0.7869
vn 0.4742 0.4072 -0.7806
vn 0.4741 0.4072 -0.7806
vn 0.0066 -0.2758 0.9612
vn 0.0065 -0.3428 0.9394
vn 0.0058 -0.5417 0.8405
vn 0.0041 -0.8010 0.5986
vn 0.0020 -0.9575 0.2884
vn 0.0002 -0.9995 0.0306
vn 0.0046 -0.7448 0.6672
vn 0.0062 -0.4362 0.8998
vn 0.0057 -0.5625 0.8268
vn 0.0051 -0.6734 0.7392
vn 0.0044 -0.7755 0.6313
vn 0.0041 -0.8030 0.5960
vn 0.0027 -0.9227 0.3856
vn 0.0026 -0.9236 0.3835
vn 0.0013 -0.9814 0.1922
vn 0.0013 -0.9817 0.1906
vn 0.0004 -0.9985 0.0554
vn 0.0004 -0.9985 0.0551
vn 0.0029 -0.9066 0.4220
vn 0.0030 -0.9023 0.4312
vn 0.0044 -0.7735 0.6338
vn 0.0043 -0.7776 0.6287
vn 0.0025 -0.9298 0.3681
vn 0.0025 -0.9310 0.3650
vn 0.0014 -0.9793 0.2026
vn 0.0015 -0.9769 0.2138
vn 0.0004 -0.9986 0.0528
vn -0.0012 -0.9853 -0.1708
vn -0.0029 -0.9080 -0.4190
vn -0.0045 -0.7539 -0.6570
vn -0.0056 -0.5929 -0.8052
vn -0.0057 -0.5688 -0.8225
vn -0.0060 -0.4942 -0.8693
vn -1.0000 0.0001 0.0074
vn 0.0019 0.6189 0.7855
vn 0.0016 0.6183 0.7859
vn 0.0009 0.6873 0.7264
vn 0.0030 0.7108 0.7034
vn 0.0009 0.9325 0.3611
vn 0.0040 0.9407 0.3393
vn 0.0001 1.0000 0.0038
vn -0.0000 1.0000 0.0037
vn -0.0000 1.0000 -0.0024
vn -0.0016 0.9736 -0.2283
vn -0.0041 0.9715 -0.2371
vn -0.0071 0.8111 -0.5849
vn -0.0094 0.8081 -0.5890
vn -0.0096 0.7030 -0.7112
vn -0.0097 0.7032 -0.7110
vn 0.0029 -0.9057 0.4239
vn 0.0038 -0.8389 0.5443
vn 0.0038 -0.8346 0.5508
vn 0.0053 -0.6333 0.7739
vn 0.0059 -0.6122 0.7907
vn 0.0070 -0.1735 0.9848
vn 0.0078 -0.1167 0.9931
vn 0.0069 0.4519 0.8920
vn 0.0065 0.4787 0.8779
vn 0.0035 0.8998 0.4362
vn 0.0029 0.9059 0.4236
vn 0.0005 0.9972 0.0746
vn 0.0005 0.9972 0.0741
vn 0.0003 0.9993 0.0370
vn 0.0003 0.9993 0.0369
vn -0.0000 1.0000 0.0019
vn -0.0000 1.0000 0.0022
vn -0.0005 0.9975 -0.0710
vn -0.0005 0.9973 -0.0732
vn -0.0019 0.9600 -0.2801
vn -0.0021 0.9562 -0.2928
vn -0.0042 0.8110 -0.5851
vn -0.0044 0.8016 -0.5978
vn -0.0058 0.5873 -0.8094
vn -0.0058 0.5777 -0.8162
vn -0.0066 0.3501 -0.9367
vn -0.0065 0.3440 -0.9389
vn -0.0067 0.2300 -0.9732
vn -0.0022 -0.9498 -0.3129
vn -0.0018 -0.9671 -0.2546
vn -0.0017 -0.9682 -0.2503
vn -0.0009 -0.9907 -0.1362
vn -0.0009 -0.9911 -0.1334
vn -0.0002 -0.9994 -0.0352
vn -0.0002 -0.9994 -0.0340
vn 0.0002 -0.9997 0.0230
vn 0.0002 -0.9997 0.0231
vn 0.0005 -0.9976 0.0687
vn 0.0005 -0.9975 0.0707
vn 0.0008 -0.9930 0.1182
vn 0.0008 -0.9928 0.1201
vn 0.0009 -0.9911 0.1331
vn 1.0000 0.0001 -0.0070
vn 1.0000 0.0001 -0.0069
vn 1.0000 0.0002 -0.0066
vn 1.0000 0.0002 -0.0069
vn 1.0000 0.0003 -0.0067
vn 1.0000 0.0003 -0.0069
vn 1.0000 -0.0000 -0.0069
vn 0.9996 -0.0215 -0.0207
vn 0.9952 0.0118 -0.0970
vn 0.9941 -0.0177 -0.1071
vn 0.9949 -0.0900 0.0457
vn 0.9915 -0.0918 0.0923
vn 0.7832 -0.0000 -0.6218
vn 0.5588 -0.0000 -0.8293
vn 0.7832 -0.0000 -0.6217
vn 0.9452 -0.0000 -0.3265
vn 0.9452 -0.0000 -0.3266
vn 0.9962 -0.0000 -0.0874
vn 0.9946 -0.0000 0.1042
vn 0.9223 -0.0000 0.3865
vn 0.9865 -0.0000 -0.1639
vn 0.9865 -0.0000 -0.1640
vn 0.6159 -0.0000 -0.7878
vn 0.0672 0.0608 -0.9959
vn 0.0442 0.1103 -0.9929
vn 0.0057 0.1918 -0.9814
vn -0.0065 0.3287 -0.9444
vn -0.0067 0.2177 -0.9760
vn -0.0192 0.1918 -0.9812
vn -0.0579 0.1103 -0.9922
vn -0.0809 0.0608 -0.9949
vn -0.0056 0.5847 -0.8112
vn -0.0037 0.8412 -0.5407
vn -0.0023 0.9405 -0.3398
vn 0.9967 0.0811 -0.0069
vn 0.9968 0.0795 -0.0056
vn 0.9707 -0.2403 -0.0016
vn 0.9440 -0.3296 -0.0130
vn 0.9573 -0.2891 0.0055
vn 0.9915 0.0810 -0.1022
vn 0.8099 0.5851 -0.0416
vn 0.6468 0.7401 -0.1843
vn 0.0042 0.7987 0.6017
vn -0.0000 1.0000 -0.0000
vn -0.0001 1.0000 0.0002
vn -0.0003 1.0000 0.0002
vn -0.0004 1.0000 0.0002
vn -0.0001 1.0000 -0.0001
vn -0.0000 1.0000 -0.0002
vn -0.0000 1.0000 0.0008
vn 0.0002 1.0000 0.0006
vn 0.0001 1.0000 0.0003
vn -0.2300 0.9720 0.0480
vn 0.2737 0.9617 0.0175
vn -0.3736 0.9139 0.1587
vn -0.6470 0.7499 0.1381
vn -0.5862 0.7401 0.3298
vn 0.4055 0.9001 0.1592
vn 0.7035 0.7078 0.0640
vn 0.6032 0.7328 0.3149
vn -0.0181 0.9250 0.3795
vn 0.0007 0.8594 0.5114
vn -1.0000 -0.0000 0.0069
vn -1.0000 -0.0001 0.0071
vn -1.0000 -0.0003 0.0071
vn -1.0000 -0.0004 0.0071
vn -1.0000 -0.0001 0.0068
vn -1.0000 -0.0000 0.0067
vn -1.0000 -0.0000 0.0077
vn -1.0000 0.0002 0.0075
vn -1.0000 0.0001 0.0072
vn -0.9716 -0.2305 0.0531
vn -0.9615 0.2737 0.0260
vn -0.9127 -0.3749 0.1626
vn -0.7486 -0.6483 0.1389
vn -0.7375 -0.5887 0.3310
vn -0.8989 0.4046 0.1683
vn -0.7070 0.7034 0.0738
vn -0.7303 0.6013 0.3242
vn -0.9223 -0.0207 0.3860
vn -0.8556 -0.0028 0.5176
vn -0.7523 -0.1292 0.6460
vn -0.6048 -0.3556 0.7126
vn -0.5521 -0.4172 0.7219
vn -0.4767 -0.4895 0.7302
vn -0.2950 -0.5210 0.8010
vn -0.2329 -0.5471 0.8040
vn 0.0058 -0.5438 0.8392
vn 0.2440 -0.5471 0.8007
vn 0.3060 -0.5210 0.7968
vn 0.4868 -0.4895 0.7235
vn 0.5620 -0.4172 0.7142
vn 0.6145 -0.3556 0.7042
vn 0.7612 -0.1292 0.6355
vn -0.0069 -0.0000 -1.0000
vn -0.0069 -0.0002 -1.0000
vn -0.0069 0.0001 -1.0000
vn 0.0412 -0.0392 -0.9984
vn -0.0070 0.0001 -1.0000
vn -0.0550 -0.0392 -0.9977
vn -0.0068 0.0001 -1.0000
vn 0.3022 -0.0681 -0.9508
vn -0.0069 -0.0001 -1.0000
vn 0.4509 -0.1833 -0.8736
vn -0.3153 -0.0681 -0.9466
vn -0.4629 -0.1833 -0.8673
vn -0.6644 0.0027 -0.7474
vn -0.7276 -0.0039 -0.6860
vn -0.4873 0.1869 -0.8530
vn -0.3197 0.0701 -0.9449
vn -0.0603 0.0393 -0.9974
vn 0.0465 0.0393 -0.9981
vn 0.3066 0.0701 -0.9493
vn 0.4755 0.1869 -0.8596
vn 0.6540 0.0027 -0.7565
vn 0.7180 -0.0039 -0.6960
vn -0.0048 -0.7123 -0.7019
vn -0.0026 -0.9279 -0.3728
vn -0.0000 -1.0000 -0.0000
vn 0.0734 0.8189 -0.5692
vn -0.0044 0.7691 -0.6391
vn 0.1169 0.8334 -0.5402
vn 0.2000 0.9761 0.0854
vn 0.2425 0.9694 0.0392
vn 0.0246 0.4812 0.8763
vn 0.0052 0.3643 0.9312
vn 0.0060 0.0765 0.9971
vn 0.0069 0.0766 0.9970
vn 0.0070 0.0763 0.9971
vn 0.0057 0.0747 0.9972
vn 0.0069 0.0745 0.9972
vn 0.0078 0.0765 0.9970
vn 0.0080 0.0747 0.9972
vn 0.0068 0.0763 0.9971
vn 0.0077 0.3643 0.9312
vn -0.0125 0.4812 0.8765
vn -0.1988 0.9761 0.0882
vn -0.2419 0.9694 0.0425
vn -0.1243 0.8334 -0.5386
vn -0.0812 0.8189 -0.5681
vn -0.9863 0.1646 0.0090
vn -0.9863 0.1645 0.0090
vn -0.9868 0.1617 0.0090
vn -0.9871 0.1599 0.0089
vn -0.9884 0.1516 0.0091
vn -0.9878 0.1555 0.0089
vn -0.9905 0.1375 0.0089
vn -0.9851 0.1716 0.0080
vn -0.9558 0.2939 0.0092
vn -0.9221 0.3867 0.0089
vn -0.8451 0.5346 0.0093
vn -0.8509 0.5253 0.0097
vn -0.8470 0.5314 0.0099
vn -0.8522 0.5231 0.0100
vn -0.8535 0.5209 0.0101
vn -0.8471 0.5314 0.0106
vn 0.0069 -0.0000 1.0000
vn 0.0049 -0.7071 0.7071
vn -0.0049 -0.7071 -0.7071
vn -0.0049 0.7071 -0.7071
vn 0.0049 0.7071 0.7071
vn 0.9998 -0.0055 -0.0167
vn 0.9999 -0.0015 -0.0110
vn 0.9999 -0.0045 -0.0153
vn 0.9999 -0.0014 -0.0104
vn 0.9999 -0.0014 -0.0103
vn 0.0139 0.4607 0.8875
vn 0.0006 0.4604 0.8877
vn 0.0043 0.4619 0.8869
vn 0.0125 0.4597 0.8880
vn 0.0410 0.4587 0.8876
vn 0.0069 0.0338 0.9994
vn 0.0067 -0.2560 0.9667
vn 0.0067 -0.2561 0.9666
vn 0.0054 -0.5589 0.8292
vn 0.0060 -0.5589 0.8292
vn -0.4501 -0.4634 0.7634
vn -0.4819 -0.5395 0.6904
vn -0.7757 -0.3848 0.5003
vn -0.7642 -0.4323 0.4786
vn -0.7678 -0.2996 0.5663
vn 0.4606 -0.4634 0.7571
vn 0.4914 -0.5395 0.6837
vn -0.4289 -0.3112 0.8481
vn -0.7661 -0.2027 0.6100
vn 0.7825 -0.3848 0.4895
vn 0.7708 -0.4323 0.4680
vn 0.7755 -0.2996 0.5557
vn 0.4406 -0.3112 0.8420
vn 0.7744 -0.2027 0.5993
vn -0.4275 -0.1959 0.8825
vn -0.7409 -0.1605 0.6522
vn 0.4397 -0.1959 0.8765
vn 0.7498 -0.1605 0.6419
vn 0.4219 -0.1324 0.8969
vn -0.4094 -0.1324 0.9027
vn 0.3979 -0.0460 0.9163
vn 0.7077 -0.0967 0.6998
vn 0.1223 0.0483 0.9913
vn -0.3852 -0.0460 0.9217
vn -0.6980 -0.0967 0.7095
vn -0.1087 0.0483 0.9929
vn -0.9188 -0.3946 0.0064
vn -0.9197 -0.3926 0.0063
vn -0.9187 -0.3949 0.0064
vn -0.9205 -0.3907 0.0063
vn -0.9210 -0.3895 0.0064
vn -0.9580 -0.2867 0.0066
vn -0.9590 -0.2833 0.0067
vn -0.9562 -0.2925 0.0066
vn -0.9930 -0.1179 0.0069
vn -0.9968 -0.0800 0.0083
vn -0.9440 0.3298 0.0078
vn -0.9303 0.3667 0.0098
vn -0.8460 0.5330 0.0077
vn -0.8303 0.5572 0.0106
vn -0.5010 0.8655 0.0028
vn -0.4933 0.8699 -0.0009
vn -0.8726 0.4884 0.0031
vn -0.8867 0.4624 0.0034
vn -0.9961 0.0884 0.0054
vn -0.9935 0.1132 0.0068
vn -0.2067 0.2057 -0.9565
vn -0.2718 0.0731 -0.9596
vn -0.2718 -0.0814 -0.9589
vn -0.0324 0.4309 -0.9018
vn -0.0061 0.4958 -0.8684
vn -0.0055 0.6333 -0.7739
vn -0.0044 0.6416 -0.7671
vn 0.0002 0.7138 -0.7003
vn -0.0031 0.7050 -0.7092
vn 0.0032 0.7282 -0.6853
vn 0.0015 0.7285 -0.6851
vn 0.0123 0.7366 -0.6762
vn 0.0104 0.7274 -0.6862
vn 0.0012 0.7241 -0.6896
vn -0.0104 0.7111 -0.7030
vn -0.0358 0.6559 -0.7540
vn 0.0057 0.7098 -0.7044
vn 0.0089 0.7167 -0.6974
vn -0.0004 0.7126 -0.7016
vn 0.0001 1.0000 -0.0001
vn -0.0001 1.0000 0.0001
vn 0.0001 1.0000 0.0001
vn 0.9197 -0.3926 -0.0064
vn 0.9188 -0.3946 -0.0063
vn 0.9187 -0.3949 -0.0063
vn 0.9205 -0.3907 -0.0064
vn 0.9210 -0.3895 -0.0063
vn -0.3716 -0.9284 0.0032
vn -0.5244 -0.8515 0.0010
vn -0.4864 -0.8738 0.0031
vn -0.4009 -0.9161 -0.0008
vn -0.1435 -0.9896 0.0011
vn -0.1070 -0.9942 0.0046
vn -0.3007 -0.9537 -0.0003
vn -0.0796 -0.9967 0.0158
vn -0.6376 -0.7696 0.0332
vn -0.8717 -0.4895 0.0233
vn -0.9911 -0.1335 -0.0010
vn 0.1935 0.2057 -0.9593
vn 0.2585 -0.0814 -0.9626
vn 0.2586 0.0731 -0.9632
vn 0.0199 0.4309 -0.9022
vn -0.0059 0.4958 -0.8684
vn -0.0051 0.6333 -0.7739
vn -0.0061 0.6416 -0.7670
vn -0.0099 0.7138 -0.7003
vn -0.0066 0.7050 -0.7092
vn -0.0127 0.7282 -0.6852
vn -0.0109 0.7285 -0.6850
vn -0.0217 0.7366 -0.6759
vn -0.0199 0.7274 -0.6860
vn -0.0107 0.7241 -0.6896
vn 0.0007 0.7111 -0.7031
vn 0.0254 0.6559 -0.7544
vn -0.0154 0.7098 -0.7042
vn -0.0185 0.7167 -0.6972
vn -0.0092 0.7126 -0.7015
vn 0.2051 -0.8904 0.4062
vn 0.2068 -0.8561 0.4737
vn 0.2658 -0.9303 0.2528
vn 0.1649 -0.6899 0.7049
vn 0.1684 -0.6634 0.7291
vn -0.1552 -0.6899 0.7071
vn -0.1583 -0.6634 0.7313
vn -0.2003 -0.8561 0.4765
vn -0.1995 -0.8904 0.4090
vn -0.2623 -0.9303 0.2564
vn 0.0026 0.9266 0.3761
vn 0.0046 0.7439 0.6683
vn 0.0013 0.9824 0.1866
vn -0.0343 0.9988 0.0339
vn 0.0348 0.9988 0.0335
vn -0.2307 0.9648 0.1259
vn -0.3607 0.9327 0.0014
vn 0.2324 0.9648 0.1227
vn 0.3607 0.9327 -0.0036
vn -0.6341 0.7571 0.1573
vn -0.7932 0.6089 0.0015
vn -0.8651 0.5016 0.0003
vn -0.8162 0.5749 0.0580
vn -0.6927 0.6851 0.2254
vn -0.2532 0.8975 0.3611
vn -0.3057 0.8707 0.3853
vn 0.2582 0.8975 0.3576
vn 0.3110 0.8707 0.3810
vn 0.6958 0.6851 0.2158
vn 0.6362 0.7571 0.1486
vn 0.8169 0.5749 0.0467
vn 0.7932 0.6089 -0.0095
vn 0.8650 0.5016 -0.0116
vn -0.0000 1.0000 -0.0003
vn 0.2422 0.9686 0.0557
vn 0.1994 0.9600 0.1968
vn 0.6480 0.7456 0.1556
vn 0.1713 0.9844 -0.0395
vn -0.1718 0.9844 -0.0372
vn -0.2414 0.9686 0.0591
vn -0.1966 0.9600 0.1995
vn -0.6458 0.7456 0.1645
vn 0.0051 0.6785 0.7346
vn 0.0051 0.6740 0.7387
vn 0.0051 0.6710 0.7415
vn 0.0051 0.6702 0.7421
vn 0.0059 0.5072 0.8618
vn 0.0067 0.2340 0.9722
vn 0.0068 0.1212 0.9926
vn 0.0069 0.0569 0.9984
vn 0.0260 -0.5411 -0.8406
vn 0.0373 -0.5324 -0.8457
vn 0.0454 -0.4619 -0.8857
vn -0.0287 -0.6101 -0.7918
vn -0.0191 -0.6166 -0.7870
vn 0.0185 -0.6740 -0.7385
vn 0.0281 -0.6763 -0.7361
vn 0.0552 -0.7472 -0.6623
vn 0.0933 -0.7689 -0.6325
vn 0.1857 -0.8781 -0.4410
vn 0.2114 -0.8696 -0.4462
vn 0.2998 -0.9334 -0.1969
vn 0.3142 -0.9406 -0.1285
vn 0.3683 -0.9190 0.1408
vn 0.3568 -0.9098 0.2121
vn 0.3461 -0.7776 0.5250
vn 0.2872 -0.6924 0.6618
vn 0.1559 -0.2841 0.9460
vn 0.1135 -0.2060 0.9719
vn -0.0070 0.2234 0.9747
vn 0.0075 0.2423 0.9702
vn 0.0003 0.4073 0.9133
vn 0.0147 0.4073 0.9132
vn 0.0197 0.4191 0.9077
vn 0.0212 0.4141 0.9100
vn 0.0176 0.3968 0.9177
vn 0.0032 0.8833 0.4688
vn 0.0032 0.8835 0.4685
vn 0.0026 0.9263 0.3767
vn 0.0015 0.9753 0.2210
vn 0.0005 0.9977 0.0682
vn -0.0000 1.0000 0.0004
vn -0.0013 0.9825 -0.1865
vn -0.0031 0.8934 -0.4493
vn -0.0020 0.9583 -0.2858
vn -0.0000 1.0000 0.0014
vn 0.7932 0.6090 -0.0042
vn 0.8106 0.5855 -0.0046
vn 0.6994 0.7147 -0.0088
vn 0.7984 0.6020 -0.0066
vn 0.8969 0.4422 -0.0035
vn 0.9119 0.4105 -0.0053
vn 0.9161 0.4009 -0.0032
vn 0.8928 0.4505 -0.0056
vn 0.8849 0.4658 -0.0045
vn 0.8798 0.4754 -0.0061
vn 0.9797 0.2003 -0.0067
vn 0.9939 0.1102 -0.0069
vn 0.9999 -0.0123 -0.0056
vn 0.9996 -0.0256 -0.0075
vn 0.9998 0.0188 -0.0066
vn 0.9966 -0.0814 -0.0111
vn 0.9984 -0.0554 -0.0064
vn 0.9799 0.1992 -0.0117
vn 0.9939 0.1100 -0.0036
vn 0.9728 0.2314 -0.0110
vn 0.9577 0.2877 -0.0065
vn 0.8786 0.4775 -0.0103
vn 0.8833 0.4688 -0.0056
vn 0.8888 0.4582 -0.0090
vn 0.8838 0.4678 -0.0061
vn 0.9178 0.3970 -0.0016
vn 0.9040 0.4275 -0.0061
vn 0.9134 0.4071 -0.0061
vn 0.9239 0.3827 -0.0062
vn 0.8790 0.4765 -0.0155
vn 0.9238 0.3829 -0.0062
vn 0.7937 0.6084 -0.0037
vn 0.9029 0.4298 -0.0062
vn 0.7738 0.6331 -0.0201
vn 0.7123 0.6926 -0.1138
vn 0.7989 0.6014 -0.0059
vn 0.7993 0.6009 -0.0056
vn 0.7952 0.6064 -0.0056
vn 0.8043 0.5942 -0.0062
vn -0.0056 0.5908 -0.8068
vn -0.0057 0.5682 -0.8229
vn -0.0064 0.3854 -0.9227
vn -0.0068 0.1277 -0.9918
vn -0.0069 -0.0924 -0.9957
vn -0.0063 -0.4122 -0.9111
vn -0.0050 -0.6915 -0.7224
vn -0.0035 -0.8618 -0.5073
vn -0.0019 -0.9633 -0.2686
vn -0.0003 -0.9987 -0.0505
vn 0.0011 -0.9865 0.1637
vn -0.0006 -0.9962 -0.0876
vn -0.0018 -0.9658 -0.2593
vn 0.0016 -0.9730 0.2307
vn 0.0042 -0.7931 0.6091
vn 0.0057 -0.5674 0.8234
vn 0.0066 -0.2699 0.9629
vn 0.0069 0.0730 0.9973
vn 0.0063 0.4090 0.9125
vn 0.0049 0.7048 0.7094
vn 0.0028 0.9156 0.4022
vn 0.0005 0.9976 0.0689
vn 0.0025 0.9344 0.3561
vn 0.0057 0.5698 0.8217
vn 0.0005 -0.7188 -0.6952
vn 0.0020 -0.8178 -0.5755
vn 0.0003 -0.7185 -0.6956
vn 0.0022 -0.8247 -0.5656
vn 0.0056 -0.9732 -0.2298
vn 0.0059 -0.9756 -0.2196
vn 0.0075 -1.0000 -0.0049
vn 0.0078 -1.0000 -0.0044
vn 0.0043 -1.0000 0.0008
vn 0.0042 -1.0000 0.0008
vn 0.0036 -0.9817 0.1906
vn 0.0053 -0.9791 0.2033
vn 0.0076 -0.8241 0.5663
vn 0.0089 -0.7997 0.6003
vn 0.0092 -0.6798 0.7333
vn 0.0088 -0.6791 0.7340
vn 0.5559 -0.7222 -0.4116
vn -0.0027 -0.9209 -0.3899
vn -0.5615 -0.7222 -0.4039
vn -0.4001 -0.8516 -0.3386
vn 0.3953 -0.8516 -0.3441
vn -0.4640 -0.8773 -0.1222
vn 0.4623 -0.8773 -0.1286
vn -0.4170 -0.9063 -0.0688
vn 0.4160 -0.9063 -0.0746
vn 0.0045 -0.7621 0.6475
vn 0.3048 -0.6313 0.7131
vn -0.2950 -0.6313 0.7173
vn 0.0206 -0.0817 0.9964
vn 0.0145 -0.0197 0.9997
vn 0.0140 -0.0302 0.9994
vn 0.0177 0.0757 0.9970
vn 0.0268 0.0966 0.9950
vn 0.0296 0.1975 0.9799
vn 0.0515 0.1631 0.9853
vn -0.1477 -0.0873 0.9852
vn -0.1385 -0.0157 0.9902
vn -0.3683 -0.6156 0.6967
vn -0.3566 -0.6631 0.6581
vn -0.4015 -0.8993 0.1732
vn -0.3768 -0.9005 0.2169
vn -0.3179 -0.9340 -0.1630
vn -0.3076 -0.9401 -0.1468
vn -0.1885 -0.8746 -0.4466
vn -0.2185 -0.8989 -0.3797
vn -0.1160 -0.7947 -0.5958
vn -0.0724 -0.7574 -0.6489
vn -0.0363 -0.6820 -0.7304
vn -0.0188 -0.6802 -0.7328
vn 0.0361 -0.6169 -0.7862
vn 0.0518 -0.6057 -0.7940
vn -0.0177 -0.5405 -0.8412
vn -0.0321 -0.5296 -0.8477
vn -0.0430 -0.4598 -0.8870
vn -0.0376 -0.5411 -0.8401
vn -0.0576 -0.4619 -0.8850
vn -0.0489 -0.5324 -0.8451
vn 0.0177 -0.6101 -0.7922
vn 0.0082 -0.6166 -0.7872
vn -0.0287 -0.6740 -0.7382
vn -0.0383 -0.6763 -0.7356
vn -0.0644 -0.7472 -0.6614
vn -0.1021 -0.7689 -0.6312
vn -0.1918 -0.8781 -0.4384
vn -0.2175 -0.8696 -0.4432
vn -0.3025 -0.9334 -0.1928
vn -0.3159 -0.9406 -0.1241
vn -0.3664 -0.9190 0.1459
vn -0.3539 -0.9098 0.2170
vn -0.3388 -0.7776 0.5297
vn -0.2781 -0.6924 0.6657
vn -0.1428 -0.2841 0.9481
vn -0.1000 -0.2060 0.9734
vn 0.0205 0.2234 0.9745
vn 0.0058 0.2423 0.9702
vn 0.0123 0.4073 0.9132
vn -0.0020 0.4073 0.9133
vn -0.0072 0.4191 0.9079
vn -0.0087 0.4141 0.9102
vn -0.0049 0.3968 0.9179
vn 0.0205 -0.0817 0.9964
vn 0.0146 -0.0195 0.9997
vn 0.0139 -0.0301 0.9995
vn 0.0204 0.0780 0.9967
vn 0.0264 0.0942 0.9952
vn 0.0402 0.1799 0.9829
vn 0.0488 0.1623 0.9855
vn -0.0633 -0.0945 0.9935
vn -0.0717 -0.0681 0.9951
vn -0.2347 -0.5854 0.7760
vn -0.2628 -0.6601 0.7037
vn -0.3362 -0.8979 0.2844
vn -0.3491 -0.9090 0.2278
vn -0.3293 -0.9233 -0.1976
vn -0.3452 -0.9231 -0.1694
vn -0.2763 -0.8214 -0.4990
vn -0.2757 -0.8222 -0.4980
vn -0.3854 -0.5018 -0.7744
vn -0.5044 -0.5429 -0.6715
vn -0.5179 0.0876 -0.8510
vn -0.5696 0.2394 -0.7863
vn -0.5962 0.3248 -0.7342
vn -0.5857 0.3199 -0.7447
vn -0.5772 0.3397 -0.7426
vn -0.5140 0.3798 -0.7691
vn -0.5175 0.3524 -0.7798
vn -0.4849 0.4072 -0.7740
vn -0.8106 0.5855 0.0066
vn -0.7931 0.6090 0.0067
vn -0.6995 0.7147 0.0009
vn -0.7985 0.6020 0.0044
vn -0.8969 0.4422 0.0089
vn -0.9118 0.4105 0.0073
vn -0.9161 0.4009 0.0094
vn -0.8928 0.4505 0.0067
vn -0.8848 0.4658 0.0077
vn -0.8798 0.4754 0.0060
vn -0.9797 0.2003 0.0068
vn -0.9939 0.1102 0.0068
vn -0.9999 -0.0123 0.0082
vn -0.9997 -0.0256 0.0063
vn -0.9998 0.0188 0.0072
vn -0.9967 -0.0814 0.0027
vn -0.9984 -0.0554 0.0074
vn -0.9800 0.1992 0.0018
vn -0.9939 0.1100 0.0101
vn -0.9729 0.2314 0.0024
vn -0.9577 0.2877 0.0067
vn -0.8787 0.4775 0.0018
vn -0.8833 0.4688 0.0066
vn -0.8889 0.4582 0.0032
vn -0.8838 0.4678 0.0061
vn -0.9177 0.3970 0.0111
vn -0.9040 0.4275 0.0064
vn -0.9134 0.4071 0.0065
vn -0.9239 0.3827 0.0065
vn -0.8791 0.4765 -0.0033
vn -0.9238 0.3829 0.0065
vn -0.7936 0.6084 0.0072
vn -0.9029 0.4298 0.0063
vn -0.7740 0.6331 -0.0094
vn -0.7138 0.6926 -0.1040
vn -0.7989 0.6014 0.0052
vn -0.7993 0.6009 0.0054
vn -0.7952 0.6064 0.0054
vn -0.8043 0.5942 0.0049
vn 1.0000 0.0001 -0.0064
vn 0.0008 0.9939 0.1099
vn 0.0013 0.9834 0.1815
vn 0.0013 0.9832 0.1823
vn 0.0023 0.9430 0.3327
vn 0.0023 0.9449 0.3274
vn 0.0028 0.9168 0.3992
vn -1.0000 0.0004 0.0064
vn -1.0000 0.0005 0.0067
vn -1.0000 0.0006 0.0069
vn -1.0000 0.0007 0.0067
vn -1.0000 0.0007 0.0071
vn -1.0000 0.0008 0.0070
vn -1.0000 0.0009 0.0069
vn -1.0000 0.0009 0.0071
vn -1.0000 0.0010 0.0069
vn -1.0000 0.0012 0.0070
vn -1.0000 0.0011 0.0070
vn -1.0000 0.0014 0.0071
vn -1.0000 0.0007 0.0069
vn -1.0000 0.0012 0.0072
vn -1.0000 0.0007 0.0068
vn -1.0000 0.0008 0.0073
vn -1.0000 0.0008 0.0069
vn -1.0000 -0.0001 0.0076
vn -1.0000 -0.0004 0.0078
vn -1.0000 0.0008 0.0067
vn -1.0000 0.0009 0.0070
vn -1.0000 0.0010 0.0061
vn -0.0000 1.0000 -0.0029
vn 0.0001 0.9999 0.0111
vn 0.0002 0.9997 0.0259
vn -0.0002 0.9997 -0.0255
vn -0.0002 0.9997 -0.0256
vn -0.0001 0.9999 -0.0140
vn 0.0001 0.9999 0.0143
vn 0.0002 0.9997 0.0262
vn -0.0002 0.9997 -0.0253
vn -0.0097 0.9999 -0.0111
vn 0.0096 0.9999 -0.0112
vn 0.2292 0.9733 0.0101
vn 0.4579 0.8888 0.0159
vn -0.2272 0.9738 0.0131
vn -0.4527 0.8914 0.0219
vn 0.4572 0.2006 0.8665
vn 0.3846 0.2311 0.8937
vn 0.3803 0.2969 0.8759
vn 0.5508 0.1804 0.8149
vn 0.5846 0.1084 0.8040
vn 0.4867 0.2694 0.8310
vn 0.4191 0.1609 0.8936
vn 0.3604 0.5114 0.7801
vn 0.3856 0.4105 0.8263
vn 0.0066 0.3118 0.9501
vn 0.4718 0.5788 0.6651
vn 0.0057 0.5641 0.8257
vn 0.0048 0.7139 0.7002
vn -0.4626 0.5788 0.6715
vn -0.3741 0.4105 0.8316
vn -0.4067 0.1609 0.8993
vn -0.3496 0.5114 0.7850
vn -0.4752 0.2694 0.8376
vn -0.5735 0.1084 0.8120
vn -0.5395 0.1804 0.8224
vn -0.4451 0.2006 0.8727
vn -0.3722 0.2311 0.8989
vn -0.3682 0.2969 0.8811
vn -0.7955 -0.0000 -0.6059
vn -0.9862 -0.0000 -0.1658
vn -0.7955 -0.0000 -0.6060
vn 0.1527 -0.0000 -0.9883
vn 0.0001 -1.0000 0.0001
vn -0.0000 -1.0000 0.0001
vn 0.0002 -1.0000 0.0001
vn 0.0001 -1.0000 -0.0001
vn -0.0000 -1.0000 -0.0001
vn -0.0000 -1.0000 0.0004
vn -0.0001 -1.0000 0.0003
vn -0.0001 -1.0000 0.0001
vn 0.2307 -0.9720 0.0448
vn -0.2734 -0.9617 0.0212
vn 0.3758 -0.9139 0.1536
vn 0.6489 -0.7498 0.1292
vn 0.5907 -0.7400 0.3217
vn -0.4034 -0.9001 0.1648
vn -0.7027 -0.7077 0.0737
vn -0.5989 -0.7327 0.3232
vn 0.0233 -0.9250 0.3792
vn 0.0063 -0.8593 0.5114
vn 0.0003 1.0000 0.0002
vn 0.0001 1.0000 0.0002
vn 0.0004 1.0000 0.0002
vn -0.0002 1.0000 0.0006
vn -0.0001 1.0000 0.0003
vn 0.2306 0.9720 0.0448
vn -0.2734 0.9617 0.0212
vn 0.3757 0.9139 0.1536
vn 0.6488 0.7499 0.1292
vn 0.5907 0.7401 0.3216
vn -0.4033 0.9001 0.1648
vn -0.7026 0.7078 0.0737
vn -0.5988 0.7328 0.3232
vn 0.0233 0.9250 0.3792
vn 0.0063 0.8594 0.5113
vn 1.0000 0.0001 -0.0068
vn 1.0000 -0.0000 -0.0068
vn 1.0000 0.0002 -0.0068
vn 1.0000 -0.0000 -0.0070
vn 1.0000 -0.0000 -0.0065
vn 1.0000 -0.0001 -0.0066
vn 1.0000 -0.0001 -0.0068
vn 0.9723 0.2305 0.0397
vn 0.9617 -0.2737 0.0127
vn 0.9148 0.3749 0.1500
vn 0.7504 0.6484 0.1286
vn 0.7419 0.5888 0.3208
vn 0.9011 -0.4047 0.1559
vn 0.7078 -0.7035 0.0640
vn 0.7346 -0.6014 0.3142
vn 0.9275 0.0207 0.3733
vn 0.8626 0.0028 0.5059
vn 1.0000 -0.0003 -0.0067
vn 1.0000 -0.0001 -0.0067
vn 1.0000 -0.0004 -0.0067
vn 1.0000 -0.0001 -0.0070
vn 1.0000 -0.0000 -0.0071
vn 1.0000 -0.0000 -0.0061
vn 1.0000 0.0002 -0.0063
vn 1.0000 0.0001 -0.0066
vn 0.9723 -0.2305 0.0397
vn 0.9617 0.2737 0.0127
vn 0.9149 -0.3749 0.1500
vn 0.7505 -0.6483 0.1285
vn 0.7420 -0.5887 0.3208
vn 0.9011 0.4046 0.1559
vn 0.7079 0.7034 0.0640
vn 0.7347 0.6013 0.3141
vn 0.9275 -0.0207 0.3732
vn 0.8627 -0.0028 0.5058
vn 0.9680 -0.2508 -0.0073
vn 0.9430 -0.3327 -0.0065
vn 0.8657 -0.5006 -0.0060
vn 0.9999 -0.0145 -0.0065
vn 0.9977 0.0669 -0.0069
vn 0.9413 0.3376 -0.0057
vn 0.9171 0.3987 -0.0063
vn 0.7415 0.6709 -0.0051
vn 0.9994 0.0331 -0.0069
vn 0.9394 -0.3428 -0.0065
vn 0.9397 -0.3421 -0.0065
vn 0.9170 0.3989 -0.0063
vn 0.7192 -0.6948 -0.0050
vn 0.7071 -0.7071 -0.0049
vn 0.2680 -0.9634 -0.0018
vn 0.2595 -0.9658 -0.0018
vn -0.2680 -0.9634 0.0019
vn -0.2595 -0.9658 0.0018
vn 0.6876 0.7261 -0.0047
vn 0.6875 0.7262 -0.0047
vn 0.3441 0.9389 -0.0024
vn 0.5005 0.8657 -0.0035
vn 0.2594 0.9658 -0.0018
vn -0.2594 0.9658 0.0018
vn -0.3441 0.9389 0.0024
vn -0.6875 0.7262 0.0047
vn -0.6876 0.7261 0.0047
vn -0.9170 0.3989 0.0063
vn -0.7415 0.6709 0.0051
vn -0.5005 0.8657 0.0035
vn -0.9171 0.3987 0.0063
vn -0.9994 0.0331 0.0069
vn -0.9413 0.3376 0.0073
vn -0.9977 0.0669 0.0069
vn -0.9394 -0.3428 0.0065
vn -0.9999 -0.0145 0.0073
vn -0.9397 -0.3421 0.0065
vn -0.9680 -0.2508 0.0060
vn -0.7192 -0.6948 0.0050
vn -0.9430 -0.3327 0.0065
vn -0.8657 -0.5006 0.0060
vn -0.7071 -0.7071 0.0049
vn -0.0043 0.7875 -0.6163
vn -0.0057 0.5646 -0.8254
vn -0.0022 0.9474 -0.3200
vn -0.0006 0.9967 -0.0806
vn 0.0008 0.9938 0.1111
vn 0.0027 0.9196 0.3929
vn -0.0011 0.9876 -0.1571
vn -0.0054 0.6214 -0.7835
vn 0.2592 -0.9658 -0.0018
vn -0.2592 -0.9658 0.0018
vn 0.9657 -0.2594 -0.0067
vn 0.9658 -0.2592 -0.0067
vn 0.9658 0.2591 -0.0067
vn 0.9657 0.2594 -0.0067
vn 0.7071 0.7071 -0.0049
vn 0.2591 0.9658 -0.0018
vn -0.2591 0.9658 0.0018
vn -0.7071 0.7071 0.0049
vn -0.9657 0.2594 0.0067
vn -0.9658 0.2591 0.0067
vn -0.9657 -0.2594 0.0067
vn -0.9658 -0.2592 0.0067
vn 0.9838 -0.0000 -0.1794
vn 0.7871 -0.0000 -0.6169
vn 0.7870 -0.0000 -0.6169
vn -0.1663 -0.0000 -0.9861
vn -0.7917 -0.0000 -0.6109
vn -0.5702 -0.0000 -0.8215
vn -0.9496 -0.0000 -0.3135
vn -0.9973 -0.0000 -0.0737
vn -0.9930 -0.0000 0.1180
vn -0.9169 -0.0000 0.3992
vn -0.9886 -0.0000 -0.1503
vn -0.9886 -0.0000 -0.1504
vn -0.6268 -0.0000 -0.7792
vn -0.0002 -1.0000 0.0001
vn -0.0001 -1.0000 -0.0001
vn 0.0001 -1.0000 0.0003
vn -0.2300 -0.9720 0.0480
vn 0.2737 -0.9617 0.0175
vn -0.3736 -0.9139 0.1588
vn -0.6471 -0.7498 0.1381
vn -0.5862 -0.7400 0.3298
vn 0.4056 -0.9001 0.1592
vn 0.7036 -0.7077 0.0640
vn 0.6033 -0.7327 0.3149
vn -0.0181 -0.9250 0.3795
vn 0.0007 -0.8593 0.5115
vn -0.0042 -0.7915 -0.6112
vn -0.0012 -0.9850 -0.1726
vn -0.0068 0.1595 -0.9872
vn -1.0000 0.0001 0.0070
vn -1.0000 -0.0000 0.0070
vn -1.0000 0.0002 0.0070
vn -1.0000 0.0001 0.0068
vn -1.0000 -0.0000 0.0068
vn -1.0000 -0.0000 0.0073
vn -1.0000 -0.0001 0.0072
vn -1.0000 -0.0001 0.0070
vn -0.9716 0.2305 0.0531
vn -0.9615 -0.2737 0.0260
vn -0.9127 0.3749 0.1626
vn -0.7486 0.6484 0.1389
vn -0.7374 0.5888 0.3310
vn -0.8988 -0.4047 0.1683
vn -0.7069 -0.7035 0.0738
vn -0.7302 -0.6014 0.3243
vn -0.9223 0.0207 0.3860
vn -0.8555 0.0028 0.5177
vn -0.0043 -0.7875 -0.6163
vn -0.0057 -0.5646 -0.8254
vn -0.0022 -0.9474 -0.3200
vn -0.0006 -0.9967 -0.0806
vn 0.0008 -0.9938 0.1111
vn 0.0027 -0.9196 0.3929
vn -0.0011 -0.9876 -0.1572
vn -0.0054 -0.6214 -0.7835
vn -0.9928 0.0810 -0.0885
vn -0.8104 0.5851 -0.0304
vn -0.6493 0.7401 -0.1754
vn -0.9571 -0.2891 0.0187
vn -0.9441 -0.3296 0.0001
vn -0.9706 -0.2403 0.0118
vn -0.9968 0.0795 0.0082
vn -0.9967 0.0811 0.0069
vn -0.0042 0.7914 -0.6113
vn -0.0012 0.9850 -0.1726
vn -0.0068 -0.1595 -0.9872
vn -1.0000 -0.0014 0.0069
vn -0.9998 0.0057 -0.0195
vn -1.0000 0.0030 -0.0018
vn -0.9993 -0.0051 -0.0366
vn -0.9992 -0.0130 -0.0389
vn -0.9990 -0.0218 -0.0403
vn -0.9999 -0.0132 -0.0034
vn -1.0000 -0.0084 0.0028
vn -1.0000 -0.0036 0.0032
vn -1.0000 -0.0040 0.0032
vn -0.9998 -0.0221 0.0029
vn -0.9995 -0.0326 0.0028
vn 0.0194 0.9998 0.0001
vn -0.0005 0.9780 -0.2087
vn 0.0212 0.9998 -0.0001
vn -0.0016 0.9718 -0.2359
vn -0.0033 0.8577 -0.5142
vn -0.0054 0.8434 -0.5373
vn -0.0136 0.7801 -0.6255
vn -0.0171 0.7785 -0.6274
vn -0.0241 0.6335 -0.7734
vn -0.0220 0.6224 -0.7824
vn -0.0096 0.4213 -0.9069
vn -0.0063 0.4188 -0.9080
vn -0.0014 0.9782 -0.2077
vn -0.0014 0.9787 -0.2052
vn 0.0051 0.6755 0.7373
vn 0.0059 0.5153 0.8570
vn 0.0059 0.5152 0.8570
vn 0.0066 0.2838 0.9588
vn 0.0066 0.2837 0.9589
vn 0.0069 0.0817 0.9966
vn 0.0069 0.0816 0.9966
vn 0.0069 -0.0058 1.0000
vn 0.9994 0.0057 -0.0332
vn 1.0000 -0.0014 -0.0069
vn 0.9999 0.0030 -0.0156
vn 0.9987 -0.0051 -0.0503
vn 0.9985 -0.0130 -0.0527
vn 0.9983 -0.0218 -0.0541
vn 0.9998 -0.0132 -0.0172
vn 0.9999 -0.0084 -0.0110
vn 0.9999 -0.0036 -0.0106
vn 0.9999 -0.0040 -0.0106
vn 0.9997 -0.0221 -0.0109
vn 0.9994 -0.0326 -0.0110
vn -0.0024 0.9780 -0.2087
vn -0.0194 0.9998 0.0004
vn -0.0212 0.9998 0.0001
vn -0.0017 0.9718 -0.2359
vn -0.0038 0.8577 -0.5142
vn -0.0020 0.8434 -0.5373
vn 0.0050 0.7801 -0.6256
vn 0.0084 0.7785 -0.6276
vn 0.0134 0.6335 -0.7736
vn 0.0112 0.6224 -0.7826
vn -0.0029 0.4213 -0.9069
vn -0.0063 0.4188 -0.9081
vn 0.0048 -0.7230 0.6909
vn 0.0039 -0.8250 0.5652
vn 0.0015 -0.9760 0.2176
vn -0.0015 -0.9770 -0.2131
vn -0.0040 -0.8124 -0.5831
vn -0.0050 -0.6855 -0.7281
vn 0.0039 0.8250 0.5652
vn 0.0048 0.7230 0.6909
vn 0.0015 0.9760 0.2176
vn -0.0015 0.9770 -0.2131
vn -0.0040 0.8124 -0.5831
vn -0.0050 0.6855 -0.7281
vn 0.0038 1.0000 -0.0003
vn 0.1355 0.9881 -0.0729
vn 0.5299 0.7961 -0.2925
vn 0.6468 0.6888 -0.3275
vn 0.5952 0.6829 -0.4236
vn 0.6540 0.6662 -0.3583
vn 0.5509 0.6720 -0.4949
vn 0.4999 0.6920 -0.5207
vn 0.4090 0.7022 -0.5829
vn 0.2460 0.7327 -0.6346
vn 0.2056 0.7331 -0.6482
vn -0.0046 0.7460 -0.6659
vn -0.0046 0.7430 -0.6693
vn -0.2145 0.7331 -0.6453
vn -0.2547 0.7327 -0.6311
vn -0.4170 0.7022 -0.5772
vn -0.5071 0.6920 -0.5138
vn -0.5576 0.6720 -0.4873
vn -0.6589 0.6662 -0.3493
vn -0.6009 0.6829 -0.4154
vn -0.6512 0.6888 -0.3186
vn -0.1365 0.9881 -0.0711
vn -0.5338 0.7961 -0.2852
vn -0.0038 1.0000 -0.0002
vn -0.0045 0.7575 -0.6529
vn -0.0042 0.7922 -0.6102
vn -0.0051 0.6790 -0.7342
vn 0.0065 0.3264 0.9452
vn 0.0067 0.2323 0.9726
vn 0.0063 0.4158 0.9095
vn 0.6655 0.6023 -0.4408
vn 0.8482 0.5092 -0.1461
vn 0.5245 0.5168 -0.6766
vn 0.0133 0.4544 -0.8907
vn -0.0256 0.3745 -0.9269
vn 0.4834 0.7243 -0.4916
vn 0.0032 0.4621 -0.8868
vn 0.4439 0.7403 -0.5049
vn -0.0026 0.4506 -0.8927
vn 0.3951 0.7526 -0.5268
vn 0.4236 0.7240 -0.5444
vn -0.0081 0.4341 -0.9008
vn -0.0062 0.4306 -0.9025
vn -0.0015 0.9762 -0.2168
vn -0.4310 0.7240 -0.5385
vn -0.0043 0.4341 -0.9008
vn -0.0098 0.4506 -0.8927
vn -0.4024 0.7526 -0.5213
vn -0.4508 0.7403 -0.4988
vn -0.0154 0.4621 -0.8867
vn -0.4902 0.7243 -0.4849
vn 0.0128 0.3745 -0.9271
vn -0.6715 0.6023 -0.4316
vn -0.0256 0.4544 -0.8904
vn -0.5338 0.5168 -0.6693
vn -0.8501 0.5092 -0.1343
vn -0.7198 0.6858 -0.1075
vn -0.9458 0.2879 -0.1505
vn -0.8123 0.5347 -0.2330
vn -0.8105 0.5800 0.0819
vn -0.8645 0.5013 0.0352
vn -0.9832 -0.0029 -0.1823
vn -0.9866 -0.1597 -0.0341
vn -0.9401 0.3404 0.0182
vn -0.9798 -0.1999 0.0097
vn -0.9574 0.2879 0.0221
vn -0.9704 0.2409 0.0191
vn -0.9762 -0.2166 0.0041
vn -0.9827 -0.1852 0.0004
vn -0.9789 0.2042 0.0054
vn -0.9740 0.2266 0.0030
vn -0.9986 0.0461 -0.0245
vn -0.9087 0.4092 -0.0831
vn -0.7020 0.7109 -0.0428
vn -0.9682 0.2502 0.0014
vn -0.7135 0.7001 -0.0292
vn -0.9697 0.2440 0.0117
vn -0.7204 0.6931 0.0241
vn -0.9693 0.2457 -0.0055
vn -0.9308 0.3586 -0.0712
vn -0.9781 0.2083 -0.0035
vn -0.9899 0.1415 -0.0061
vn -0.7503 0.6561 0.0820
vn -0.8071 0.5900 0.0215
vn -0.8598 0.5098 0.0291
vn -0.8062 0.5431 0.2347
vn -0.9500 0.3122 0.0053
vn -0.9929 0.0638 -0.1006
vn -0.9851 0.1396 0.1009
vn -0.7960 0.5184 0.3124
vn -0.9763 -0.2100 -0.0526
vn -0.9803 0.1395 0.1400
vn -0.9664 0.1281 0.2229
vn -0.7132 0.5905 0.3778
vn -0.9844 -0.0909 0.1504
vn -0.9422 -0.3324 0.0423
vn -0.9629 -0.2700 0.0029
vn -0.9957 -0.0117 -0.0919
vn -0.9380 -0.3459 0.0238
vn -0.9301 -0.3183 0.1833
vn -0.4533 -0.4512 0.7687
vn 0.2668 0.9637 -0.0018
vn -0.2668 0.9637 0.0018
vn 0.9637 0.2668 -0.0067
vn 0.9637 -0.2668 -0.0067
vn 0.2668 -0.9637 -0.0018
vn -0.2668 -0.9637 0.0018
vn -0.9637 -0.2668 0.0067
vn -0.9637 0.2668 0.0067
vn 0.4122 0.7291 0.5463
vn 0.6585 0.4985 0.5638
vn 0.4423 0.6807 0.5840
vn 0.1494 0.7722 0.6176
vn 0.0455 0.7808 0.6231
vn 0.2136 0.8130 0.5416
vn 0.0039 0.8289 0.5594
vn -0.0369 0.7808 0.6237
vn -0.2061 0.8130 0.5445
vn -0.4046 0.7291 0.5520
vn -0.4342 0.6807 0.5900
vn -0.6506 0.4985 0.5728
vn -0.1409 0.7722 0.6196
vn 0.0059 0.5201 0.8541
vn 0.4940 0.0043 0.8695
vn -0.4819 0.0043 0.8762
vn 0.0067 0.2596 0.9657
vn 0.6025 0.2145 0.7688
vn -0.5918 0.2145 0.7770
vn 0.0052 0.6538 0.7567
vn -0.0000 -1.0000 -0.0005
vn -0.0003 -1.0000 -0.0008
vn 0.0020 -0.9013 0.4331
vn 0.0033 -0.8470 0.5316
vn -0.0006 -1.0000 -0.0012
vn 0.0040 -0.7107 0.7035
vn 0.0057 -0.7107 0.7035
vn 0.0040 -0.8470 0.5316
vn 0.0040 -0.9013 0.4331
vn 0.0003 -1.0000 -0.0008
vn 0.0006 -1.0000 -0.0012
vn 0.3708 0.7236 0.5821
vn 0.4277 0.6978 0.5746
vn 0.3256 0.6977 0.6381
vn 0.4286 0.6982 0.5734
vn 0.4126 0.7318 0.5424
vn 0.6240 0.6315 0.4602
vn 0.4551 0.7409 0.4939
vn 0.4118 0.7820 0.4679
vn 0.6746 0.6333 0.3794
vn 0.8081 0.5344 0.2478
vn 0.8169 0.5394 0.2043
vn 0.6353 0.6782 0.3693
vn 0.5933 0.7314 0.3361
vn 0.3615 0.8631 0.3527
vn 0.8446 0.5302 0.0747
vn 0.5192 0.8262 0.2186
vn 0.6565 0.7543 -0.0088
vn 0.7814 0.6202 0.0689
vn 0.7149 0.6992 -0.0047
vn 0.7338 0.6669 -0.1295
vn 0.8069 0.5882 -0.0550
vn 0.8621 0.5058 -0.0303
vn 0.8277 0.5273 0.1920
vn 0.8380 0.5100 0.1941
vn 0.8889 0.4519 0.0748
vn 0.9287 0.3686 -0.0416
vn 0.9932 0.1064 -0.0469
vn 0.9981 0.0420 -0.0451
vn 0.0194 0.6665 0.7453
vn -0.0384 0.6047 0.7955
vn -0.0156 0.6413 0.7671
vn 0.0140 0.6737 0.7388
vn -0.0149 0.6766 0.7362
vn 0.0023 0.6843 0.7292
vn 0.0282 0.6722 0.7398
vn 0.0171 0.6436 0.7652
vn 0.0121 0.6360 0.7716
vn -0.0065 0.6436 0.7654
vn -0.0015 0.6360 0.7717
vn -0.0180 0.6722 0.7402
vn -0.0038 0.6737 0.7390
vn -0.0092 0.6665 0.7455
vn 0.0262 0.6413 0.7668
vn 0.0493 0.6047 0.7949
vn 0.0250 0.6766 0.7359
vn 0.0078 0.6843 0.7292
vn -0.3627 0.7236 0.5872
vn -0.3168 0.6977 0.6425
vn -0.4197 0.6978 0.5804
vn -0.4207 0.6982 0.5793
vn -0.4050 0.7318 0.5481
vn -0.6176 0.6315 0.4688
vn -0.4482 0.7409 0.5001
vn -0.4053 0.7820 0.4735
vn -0.6693 0.6333 0.3886
vn -0.8046 0.5344 0.2589
vn -0.7320 0.6176 -0.2877
vn -0.4103 0.5596 -0.7201
vn -0.8250 0.5273 0.2034
vn -0.8878 0.4519 0.0870
vn -0.6301 0.6782 0.3781
vn -0.8434 0.5302 0.0864
vn -0.5886 0.7314 0.3443
vn -0.3566 0.8631 0.3576
vn -0.9986 0.0420 -0.0313
vn -0.9938 0.1064 -0.0332
vn -0.9291 0.3686 -0.0287
vn -0.8625 0.5058 -0.0184
vn -0.8076 0.5882 -0.0439
vn -0.5162 0.8262 0.2258
vn -0.6566 0.7543 0.0003
vn -0.7804 0.6202 0.0797
vn -0.7149 0.6992 0.0051
vn -0.7355 0.6669 -0.1194
vn 0.2400 -0.9708 0.0031
vn 0.1394 -0.8872 0.4398
vn 0.1101 -0.9939 0.0047
vn 0.3369 -0.8568 0.3905
vn 0.1308 -0.6122 0.7798
vn 0.5407 -0.8412 0.0080
vn 0.3126 -0.5962 0.7395
vn 0.1202 -0.6065 0.7859
vn 0.6817 -0.6499 0.3361
vn 0.8618 -0.5071 0.0103
vn 0.3247 -0.5925 0.7373
vn 0.1171 -0.6396 0.7597
vn 0.6083 -0.4920 0.6228
vn 0.8952 -0.3460 0.2810
vn 0.9960 -0.0889 -0.0046
vn 0.3374 -0.6212 0.7073
vn 0.1118 -0.7216 0.6832
vn 0.6679 -0.4932 0.5573
vn 0.7831 -0.3530 0.5120
vn 0.9784 -0.1746 0.1104
vn 0.8808 -0.3562 0.3121
vn 0.6996 -0.5048 0.5057
vn 0.3683 -0.6856 0.6279
vn 0.4019 -0.7545 0.5189
vn 0.1075 -0.8129 0.5724
vn 0.7481 -0.5081 0.4267
vn 0.8928 -0.3471 0.2872
vn 0.4542 -0.8343 0.3125
vn 0.1048 -0.9318 0.3476
vn 0.7957 -0.5086 0.3291
vn 0.9235 -0.3091 0.2273
vn 0.9805 -0.1715 0.0959
vn 0.8622 -0.4841 0.1494
vn 0.9456 -0.2832 0.1603
vn 0.4488 -0.8908 0.0715
vn 0.1094 -0.9907 0.0810
vn 0.9870 -0.1474 0.0641
vn 0.4145 -0.7508 0.5143
vn 0.1599 -0.8223 0.5461
vn 0.0891 -0.3923 0.9155
vn 0.3683 -0.3703 0.8528
vn 0.0891 -0.5664 0.8193
vn 0.8141 -0.4500 0.3671
vn 0.3912 -0.5311 0.7516
vn 0.0930 -0.7436 0.6621
vn 0.7751 -0.2612 0.5754
vn 0.8611 -0.5084 0.0034
vn 0.9633 -0.2039 0.1748
vn 0.9699 -0.2406 0.0362
vn 0.9712 -0.2344 -0.0420
vn 0.9910 -0.1281 0.0378
vn 0.9926 -0.1216 0.0022
vn 0.9955 -0.0938 0.0150
vn 0.9935 -0.1037 -0.0470
vn 0.9495 -0.1458 0.2779
vn 0.8271 0.3812 -0.4130
vn 0.7929 -0.3716 0.4830
vn 0.9946 -0.0880 0.0552
vn 0.3945 -0.6952 0.6009
vn 0.9468 -0.2180 0.2369
vn 0.7917 -0.4762 0.3827
vn 0.4268 -0.8007 0.4204
vn 0.0945 -0.8817 0.4622
vn 0.9417 -0.2770 0.1911
vn 0.4262 -0.3192 0.8465
vn 0.0710 -0.3647 0.9284
vn 0.8345 -0.4893 0.2535
vn 0.8059 0.0118 0.5919
vn 0.2819 -0.3177 0.9053
vn 0.0642 -0.3107 0.9483
vn 0.7841 0.2263 0.5779
vn 0.8114 0.4664 0.3521
vn 0.2822 -0.9153 0.2876
vn 0.0832 -0.9480 0.3073
vn 0.8483 -0.5055 0.1573
vn 0.2762 -0.9419 0.1913
vn 0.0743 -0.9761 0.2043
vn 0.8460 -0.5226 0.1055
vn 0.2760 -0.9592 0.0610
vn 0.0690 -0.9954 0.0659
vn 0.0688 -0.9976 -0.0012
vn 0.2988 -0.9543 -0.0009
vn 0.8412 -0.5398 0.0312
vn 0.8028 -0.5963 -0.0007
vn 0.9915 -0.1303 -0.0028
vn 0.9999 0.0010 -0.0101
vn 0.9924 -0.1226 -0.0087
vn 0.9999 0.0145 -0.0079
vn 0.9853 -0.1698 -0.0179
vn 0.9307 -0.3654 -0.0128
vn 0.9639 -0.2661 -0.0099
vn 0.9995 0.0303 -0.0115
vn 0.9886 -0.1503 -0.0067
vn 0.8239 0.5387 0.1761
vn 0.9791 -0.2035 0.0051
vn 0.9657 0.2595 -0.0055
vn 0.8001 0.5962 -0.0662
vn 0.9638 0.2667 -0.0056
vn 0.7881 0.6155 -0.0047
vn 0.9941 -0.1072 0.0141
vn 0.9743 -0.2201 0.0488
vn 0.7824 0.6227 -0.0061
vn 0.5072 0.8618 -0.0032
vn 0.8262 0.3266 0.4591
vn 0.5011 0.8654 -0.0048
vn 0.7591 0.4220 0.4956
vn 0.6265 0.6055 0.4908
vn 0.2250 0.9744 -0.0041
vn 0.2878 0.9577 -0.0020
vn 0.1847 0.9828 -0.0081
vn 0.0965 0.9953 -0.0052
vn 0.1591 0.9872 -0.0146
vn 0.0845 0.8483 0.5228
vn 0.2141 0.8465 0.4875
vn 0.0884 0.8641 0.4955
vn 0.4402 0.7561 0.4843
vn 0.2226 0.8681 0.4436
vn 0.0954 0.9954 -0.0005
vn 0.2293 0.9733 -0.0015
vn 0.5063 0.8623 -0.0024
vn 0.4659 0.7757 0.4258
vn 0.7741 0.6331 -0.0025
vn 0.6844 0.5988 0.4159
vn 0.9465 0.3228 -0.0050
vn 0.8334 0.3775 0.4037
vn 0.9885 0.1503 -0.0138
vn 0.8556 0.3035 0.4194
vn 0.9478 0.3189 0.0096
vn 0.7812 0.4614 0.4206
vn 0.9908 0.1233 0.0551
vn 0.8386 0.3804 0.3899
vn 0.7294 0.0306 0.6834
vn 0.9791 -0.1627 0.1223
vn 0.9099 -0.0138 0.4146
vn 0.9932 -0.0347 0.1115
vn 0.7759 -0.4020 0.4861
vn 0.9205 -0.3905 -0.0166
vn 0.9886 0.1460 0.0356
vn 0.8847 -0.2253 0.4081
vn 0.9892 -0.1465 -0.0104
vn 0.7964 -0.3392 0.5006
vn 0.8567 -0.2251 0.4642
vn 0.8806 -0.1476 0.4503
vn 0.9970 -0.0770 -0.0119
vn 0.8682 -0.1593 0.4699
vn 0.8666 -0.1344 0.4806
vn 0.9970 -0.0777 -0.0069
vn 0.8524 -0.1566 0.4988
vn 0.8825 0.2782 -0.3792
vn 0.9942 0.0240 0.1045
vn 0.9368 0.3468 0.0457
vn 0.9444 0.2578 -0.2042
vn 0.8237 0.2751 -0.4957
vn 0.8537 0.2417 -0.4613
vn 0.8602 0.2871 -0.4214
vn 0.8329 0.3168 -0.4539
vn 0.8561 0.3241 -0.4025
vn 0.8617 0.3287 -0.3866
vn 0.8387 0.3493 -0.4178
vn 0.8599 0.3472 -0.3743
vn 0.8465 0.3810 -0.3718
vn 0.8090 0.4237 -0.4073
vn 0.9697 0.2353 0.0656
vn 0.8575 0.3957 -0.3289
vn 0.8660 0.4273 -0.2597
vn 0.8335 0.4282 -0.3492
vn 0.9920 -0.1124 0.0569
vn 0.8160 0.4978 -0.2940
vn 0.9888 -0.1410 0.0480
vn 0.8314 0.5550 0.0263
vn 0.9463 -0.2814 0.1589
vn 0.2278 -0.4898 -0.8415
vn 0.2666 -0.2961 -0.9172
vn 0.1594 -0.4727 -0.8667
vn 0.4445 -0.3376 -0.8297
vn 0.4255 0.0289 -0.9045
vn 0.2395 -0.4365 -0.8672
vn 0.6540 0.1268 -0.7458
vn 0.3372 0.2554 -0.9061
vn 0.5153 -0.2911 -0.8060
vn 0.2850 -0.0707 -0.9559
vn 0.1669 -0.0917 -0.9817
vn 0.1884 0.0537 -0.9806
vn 0.7651 0.0202 -0.6436
vn 0.4108 0.0574 -0.9099
vn 0.2563 0.0776 -0.9635
vn 0.6902 0.1929 -0.6974
vn 0.2013 0.2955 -0.9339
vn 0.8880 -0.0406 -0.4580
vn 0.5180 0.0472 -0.8541
vn 0.3115 0.0594 -0.9484
vn 0.5485 0.0303 -0.8356
vn 0.9319 -0.0324 -0.3614
vn 0.7535 0.1115 -0.6480
vn 0.1574 0.2474 -0.9560
vn 0.3979 0.1581 -0.9037
vn 0.5516 -0.0520 -0.8325
vn 0.2586 -0.0477 -0.9648
vn 0.2358 -0.1645 -0.9578
vn 0.9295 -0.0690 -0.3623
vn 0.8056 0.0356 -0.5914
vn 0.6562 0.0653 -0.7518
vn 0.5384 -0.1769 -0.8239
vn 0.1949 -0.0349 -0.9802
vn 0.9276 -0.2248 -0.2983
vn 0.8836 -0.0154 -0.4679
vn 0.7385 -0.2287 -0.6343
vn 0.4907 -0.1006 -0.8655
vn 0.1560 0.0586 -0.9860
vn 0.9476 -0.3194 -0.0031
vn 0.3596 0.0292 -0.9326
vn 0.8470 -0.2043 -0.4908
vn 0.2280 -0.0193 -0.9735
vn 0.9140 -0.3001 -0.2730
vn 0.9812 -0.1107 -0.1579
vn 0.8337 -0.2493 -0.4928
vn 0.5860 -0.3151 -0.7465
vn 0.6886 -0.2166 -0.6921
vn 0.8933 0.0113 -0.4492
vn 0.7610 0.0581 -0.6462
vn 0.9181 0.2209 -0.3291
vn 0.8097 -0.1445 -0.5687
vn 0.4981 -0.3353 -0.7997
vn 0.8691 0.1098 -0.4822
vn 0.4941 0.0332 -0.8688
vn 0.8909 0.0791 -0.4473
vn 0.5985 0.1158 -0.7927
vn 0.2546 0.1224 -0.9593
vn 0.4585 0.4087 -0.7892
vn 0.2113 0.4559 -0.8646
vn 0.6671 -0.0886 -0.7397
vn 0.2413 -0.3066 -0.9207
vn 0.2196 -0.1602 -0.9624
vn 0.8260 0.2900 -0.4834
vn 0.4416 0.3665 -0.8189
vn 0.1853 0.0140 -0.9826
vn 0.0934 0.0252 -0.9953
vn 0.1526 0.6938 -0.7038
vn 0.0605 0.5125 -0.8565
vn 0.4164 0.7548 -0.5067
vn 0.2040 0.7995 -0.5650
vn 0.1998 0.6613 -0.7231
vn 0.1880 0.6593 -0.7280
vn 0.2322 -0.7576 -0.6101
vn -0.0016 -0.9714 -0.2376
vn -0.0035 -0.8584 -0.5130
vn 0.3374 -0.8796 -0.3354
vn 0.3907 -0.5164 -0.7620
vn 0.0046 -0.7493 0.6622
vn 0.6425 -0.6288 -0.4380
vn 0.3940 -0.4582 -0.7968
vn 0.3623 -0.7288 0.5809
vn 0.7483 -0.4835 -0.4542
vn 0.4098 -0.4639 -0.7854
vn 0.6917 -0.4194 0.5879
vn 0.8038 -0.4164 -0.4248
vn 0.4112 -0.5543 -0.7237
vn 0.8371 -0.1668 0.5210
vn 0.8007 -0.4656 -0.3768
vn 0.4014 -0.7754 -0.4875
vn 0.8648 0.0276 0.5013
vn 0.8748 0.0750 0.4786
vn 0.8342 -0.4418 -0.3300
vn 0.8013 -0.5367 -0.2644
vn 0.3702 -0.9149 -0.1608
vn 0.9539 0.2611 0.1482
vn 0.7583 -0.6206 -0.1995
vn 0.3447 -0.9387 0.0021
vn 0.3446 -0.9387 0.0122
vn 0.8991 0.3653 -0.2411
vn 0.9039 0.2987 -0.3061
vn 0.6309 -0.6864 -0.3616
vn 0.7401 0.1621 -0.6527
vn 0.4750 -0.6948 -0.5400
vn 0.3319 -0.9379 -0.1014
vn -0.0015 -0.9763 -0.2163
vn -0.0049 -0.6979 -0.7162
vn -0.0069 0.0806 -0.9967
vn 0.4455 0.1041 -0.8892
vn -0.0068 0.1936 -0.9811
vn 0.7539 0.1605 -0.6371
vn 0.4210 0.1232 -0.8987
vn -0.0062 -0.4289 -0.9033
vn 0.4093 -0.4593 -0.7884
vn -0.0048 -0.7225 -0.6913
vn 0.9304 0.2514 -0.2666
vn 0.3352 -0.8183 -0.4669
vn -0.0039 -0.8278 -0.5610
vn 0.9388 0.2961 -0.1763
vn 0.3667 -0.7178 -0.5918
vn 0.6703 -0.6132 -0.4179
vn 0.8459 -0.3230 -0.4244
vn 0.8365 -0.4478 -0.3158
vn 0.8274 -0.4997 -0.2565
vn 0.7877 -0.5746 -0.2221
vn 0.7454 -0.6444 -0.1705
vn 0.6481 -0.7434 -0.1654
vn 0.8108 -0.5430 -0.2185
vn 0.9029 -0.3744 -0.2111
vn 0.8747 -0.4362 -0.2114
vn 0.9813 0.1706 0.0893
vn 0.9150 -0.3724 -0.1553
vn 0.8987 0.1061 0.4256
vn 0.9624 -0.2337 -0.1389
vn 0.8806 0.0496 0.4712
vn 0.9357 -0.1908 0.2967
vn 0.9140 -0.0656 0.4004
vn 0.8228 -0.1008 0.5593
vn 0.9509 -0.2900 -0.1080
vn 0.6669 -0.3451 0.6604
vn 0.9050 -0.0540 0.4220
vn 0.8374 -0.5461 -0.0222
vn 0.5684 0.2892 0.7703
vn 0.5822 -0.0020 0.8130
vn 0.6578 -0.1990 0.7264
vn 0.6155 0.4982 0.6106
vn 0.9467 -0.0583 0.3169
vn 0.7002 0.6078 0.3745
vn 0.5365 -0.5747 0.6179
vn 0.9747 -0.0746 0.2105
vn 0.6912 0.7124 0.1212
vn 0.9983 0.0243 0.0533
vn 0.9384 0.2311 0.2570
vn 0.7477 0.4975 0.4399
vn 0.0064 0.3846 0.9231
vn 0.9484 -0.0341 0.3152
vn 0.0067 0.2240 0.9746
vn 0.8161 -0.5213 -0.2494
vn -0.0029 -0.9070 -0.4210
vn 0.9395 -0.2592 0.2239
vn 0.0037 -0.8463 0.5327
vn 0.8830 -0.4024 0.2416
vn 0.7808 -0.5817 0.2280
vn 0.2969 -0.7831 0.5464
vn 0.9688 -0.2431 -0.0472
vn 0.9789 -0.2004 0.0386
vn 0.7326 -0.6767 0.0726
vn 0.1895 -0.9549 0.2285
vn 0.1493 -0.9513 -0.2698
vn 0.7252 -0.6521 -0.2212
vn 0.0419 -0.9882 -0.1471
vn 0.9798 -0.1992 0.0151
vn 0.5929 -0.8022 -0.0710
vn 0.3318 -0.9034 0.2716
vn 0.9769 -0.2100 -0.0404
vn 0.9609 -0.2750 0.0324
vn 0.9187 -0.2756 0.2830
vn 0.9894 -0.0256 0.1427
vn 0.9914 -0.0632 0.1147
vn 0.9363 -0.2848 0.2055
vn 0.9962 -0.0858 0.0152
vn 0.9261 -0.2800 0.2529
vn 0.9607 -0.2569 0.1048
vn 0.9467 0.1096 0.3029
vn 0.9961 0.0385 -0.0793
vn 0.9500 0.0849 -0.3006
vn 0.9296 0.1630 -0.3306
vn 0.9467 0.2571 -0.1941
vn 0.9754 0.1981 -0.0971
vn 0.9505 0.2927 -0.1047
vn 0.9748 0.2220 -0.0209
vn 0.9715 0.2372 0.0032
vn 0.9942 -0.0677 0.0833
vn 0.9834 0.1806 0.0194
vn 0.9598 -0.2517 0.1242
vn 0.9793 0.2024 0.0027
vn 0.9852 0.1701 0.0230
vn 0.9755 0.2179 -0.0295
vn 0.9852 0.1702 -0.0183
vn 0.9675 0.2516 -0.0261
vn 0.9897 0.1326 -0.0540
vn 0.9911 0.1258 -0.0438
vn 0.9854 0.1683 -0.0252
vn 0.9925 0.1202 -0.0241
vn 0.9859 -0.0819 0.1456
vn 0.9739 -0.0113 0.2265
vn 0.9741 -0.1731 -0.1453
vn 0.7215 -0.3554 -0.5943
vn 0.5156 -0.6790 -0.5226
vn 0.9785 -0.2035 -0.0348
vn 0.9885 0.1271 -0.0816
vn 0.7018 -0.0897 -0.7067
vn 0.8381 0.1408 -0.5270
vn 0.7355 -0.5895 -0.3339
vn 0.9974 -0.0673 -0.0253
vn 0.5277 0.8044 -0.2727
vn 0.8614 0.4756 -0.1783
vn 0.5159 0.7486 -0.4166
vn 0.8617 0.4674 -0.1975
vn 0.9629 -0.2072 -0.1729
vn 0.9877 0.1392 -0.0707
vn 0.7904 0.5847 -0.1829
vn 0.3234 0.8104 -0.4885
vn 0.9756 0.1583 -0.1522
vn 0.9149 -0.2883 -0.2825
vn 0.8303 -0.4925 -0.2610
vn 0.9609 -0.0973 -0.2592
vn 0.9106 -0.3890 -0.1394
vn 0.8816 -0.4523 -0.1345
vn 0.7377 -0.6445 -0.2012
vn 0.8870 -0.4486 -0.1098
vn 0.7065 -0.6972 -0.1215
vn 0.9073 -0.3263 -0.2652
vn 0.8853 -0.4243 -0.1903
vn 0.9024 -0.4285 -0.0449
vn 0.7192 -0.6945 -0.0215
vn 0.9256 -0.3753 0.0494
vn 0.7567 -0.6428 0.1189
vn 0.8184 -0.5201 0.2442
vn 0.9514 -0.0966 0.2923
vn 0.9459 -0.1243 0.2996
vn 0.9707 -0.1886 0.1486
vn 0.9449 -0.3274 0.0052
vn 0.9819 -0.0247 -0.1878
vn 0.8958 -0.4338 -0.0969
vn 0.9239 -0.3147 0.2175
vn 0.9893 0.0655 0.1303
vn 1.0000 -0.0000 -0.0045
vn 0.9972 0.0260 0.0707
vn 0.9680 0.1642 0.1897
vn 0.7747 0.6295 0.0604
vn 0.8817 0.4236 0.2077
vn 0.8278 0.5488 0.1162
vn 0.8973 0.4411 0.0155
vn 0.9995 -0.0051 -0.0327
vn 0.9942 -0.0129 -0.1064
vn 0.9022 0.4253 0.0722
vn 0.8236 0.5330 0.1936
vn 0.9858 0.0306 -0.1652
vn 0.8573 0.4846 0.1738
vn 0.7230 0.5887 0.3616
vn 0.9750 0.1026 -0.1974
vn 0.7682 0.5296 0.3597
vn 0.9475 0.2253 0.2270
vn 0.9601 0.1389 0.2427
vn 0.9479 0.2922 0.1274
vn 0.4387 0.7771 -0.4512
vn 0.8607 0.4920 0.1309
vn 0.4950 0.8403 -0.2213
vn 0.3466 0.8753 -0.3373
vn 0.6099 0.7868 -0.0945
vn 0.2461 0.9119 -0.3286
vn 0.9444 0.2844 0.1650
vn 0.5350 0.8417 -0.0725
vn 0.4203 0.8805 -0.2191
vn 0.4497 0.8924 0.0359
vn 0.3418 0.9032 -0.2597
vn 0.1526 0.9360 -0.3171
vn 0.2342 0.9499 -0.2070
vn 0.9323 0.3081 0.1894
vn 0.2519 0.9169 -0.3096
vn 0.9617 0.0617 0.2671
vn 0.8387 0.5213 0.1574
vn 0.9659 0.1017 0.2382
vn 0.8827 0.4557 0.1147
vn 0.9943 0.0328 -0.1017
vn 0.9662 0.2007 0.1617
vn 0.9609 0.2651 -0.0798
vn 0.9950 0.0743 -0.0664
vn 0.9126 0.4008 0.0813
vn 0.9453 0.3255 0.0222
vn 0.9361 0.3503 -0.0319
vn 0.7347 0.6720 0.0931
vn 0.8616 0.4993 0.0914
vn 0.8110 0.5805 0.0725
vn 0.2684 0.9419 -0.2021
vn 0.7190 0.6853 -0.1157
vn 0.2553 0.9415 -0.2199
vn 0.5246 0.7916 -0.3133
vn 0.8090 0.5347 -0.2442
vn -0.0036 0.8563 -0.5164
vn 0.9733 0.2034 -0.1068
vn -0.0037 0.8413 -0.5405
vn -0.5289 0.7916 -0.3061
vn -0.2583 0.9415 -0.2164
vn -0.1569 0.9360 -0.3150
vn -0.0025 0.9315 -0.3638
vn -0.2561 0.9169 -0.3061
vn -0.4233 0.8805 -0.2133
vn -0.2506 0.9119 -0.3252
vn -0.2370 0.9499 -0.2037
vn -0.0011 0.9869 -0.1616
vn -0.4492 0.8924 0.0421
vn 0.0022 0.9488 0.3159
vn -0.5360 0.8417 -0.0651
vn -0.6111 0.7868 -0.0861
vn -0.4980 0.8403 -0.2145
vn -0.1360 -0.8662 -0.4809
vn -0.2682 -0.9151 0.3009
vn -0.3993 -0.8469 -0.3512
vn -0.5818 -0.7370 0.3439
vn -0.6152 -0.7446 -0.2590
vn -0.2584 -0.6505 0.7142
vn -0.8343 -0.4892 0.2541
vn -0.6933 -0.6814 -0.2344
vn -0.5780 -0.5194 0.6293
vn -0.2958 -0.6046 0.7396
vn -0.5410 -0.4522 0.7091
vn -0.2339 -0.2049 0.9504
vn -0.4049 -0.0849 0.9104
vn -0.7603 -0.2002 0.6179
vn -0.5424 0.1073 0.8332
vn -0.4295 0.3146 0.8465
vn -0.9459 -0.2408 0.2176
vn -0.8657 -0.2601 0.4277
vn -0.9120 -0.2755 0.3041
vn -0.9451 -0.3166 0.0806
vn -0.7854 -0.5946 -0.1722
vn -0.9332 -0.3383 0.1213
vn -0.0999 0.1286 0.9867
vn -0.9810 -0.1940 0.0020
vn -0.6489 0.0815 0.7565
vn -0.9501 -0.1500 0.2734
vn -0.9818 0.1440 -0.1240
vn -0.8542 -0.5198 0.0091
vn -0.9815 0.0994 0.1637
vn -0.9858 0.1678 -0.0109
vn -0.9374 0.3152 -0.1478
vn -0.9489 0.2666 -0.1689
vn -0.9677 0.2434 -0.0658
vn -0.8961 -0.4372 0.0763
vn -0.9293 -0.3605 0.0802
vn -0.9520 0.2820 -0.1192
vn -0.8852 -0.4651 -0.0036
vn -0.9278 0.3619 -0.0909
vn -0.9980 -0.0621 -0.0074
vn -0.9539 -0.2998 -0.0138
vn -0.2278 0.8058 0.5467
vn -0.5985 0.7399 0.3071
vn -0.0690 0.8026 0.5926
vn -0.8723 0.4768 -0.1080
vn -0.5819 0.7506 0.3131
vn -0.1060 0.8304 0.5469
vn -0.8607 0.3687 0.3512
vn -0.9285 0.3713 0.0072
vn -0.9426 -0.3169 -0.1050
vn -0.5076 0.8587 -0.0703
vn -0.6369 0.1980 -0.7451
vn -0.9908 -0.1345 -0.0175
vn -0.5554 0.8303 -0.0462
vn -0.8414 -0.5404 -0.0037
vn -0.5400 0.8404 -0.0461
vn -0.9662 -0.2577 -0.0040
vn -0.8317 -0.5552 -0.0079
vn -0.8615 -0.4982 -0.0983
vn -0.8643 -0.4954 0.0871
vn -0.6452 0.7640 -0.0014
vn -0.5904 0.8068 0.0212
vn -0.9043 -0.4141 0.1036
vn -0.8213 0.5702 -0.0205
vn -0.8223 -0.5660 0.0590
vn -0.9296 -0.3650 0.0508
vn -0.8455 0.5339 0.0105
vn -0.9277 0.3732 0.0089
vn -0.6916 0.7217 0.0310
vn -0.9496 -0.3125 0.0244
vn -0.8936 0.4489 0.0070
vn -0.8035 -0.5950 0.0167
vn -0.9504 -0.3107 -0.0140
vn -0.8851 0.4653 0.0094
vn -0.7952 -0.6061 -0.0170
vn -0.9566 -0.2884 -0.0418
vn -0.8975 0.4410 -0.0069
vn -0.7117 0.7014 0.0388
vn -0.7864 -0.6149 -0.0592
vn -0.9577 -0.2787 -0.0716
vn -0.9555 -0.2829 -0.0841
vn -0.9072 0.4204 0.0121
vn -0.8221 -0.5633 -0.0829
vn -0.9647 -0.2495 -0.0839
vn -0.8954 0.4453 -0.0026
vn -0.8548 -0.5111 -0.0899
vn -0.7136 0.6999 0.0315
vn -0.6678 0.7426 0.0510
vn -0.8528 -0.5107 -0.1088
vn -0.5882 0.8070 0.0528
vn -0.9728 -0.2134 -0.0906
vn -0.6328 0.7683 0.0961
vn -0.4553 0.8817 0.1235
vn -0.7941 0.6077 0.0110
vn -0.5931 0.8019 0.0718
vn -0.6197 0.7797 0.0895
vn -0.9600 -0.2787 -0.0282
vn -0.9548 -0.2937 -0.0448
vn -0.6576 0.7458 0.1069
vn -0.9631 -0.2686 -0.0163
vn -0.6453 0.7546 0.1191
vn -0.5888 0.8073 0.0400
vn -0.9622 -0.2723 -0.0098
vn -0.8288 -0.5592 -0.0179
vn -0.8375 -0.5458 -0.0280
vn -0.9629 -0.2695 0.0156
vn -0.8362 -0.5473 -0.0349
vn -0.9966 -0.0050 0.0816
vn -0.9750 -0.2217 0.0135
vn -0.8540 -0.5174 -0.0543
vn -0.9826 -0.1849 0.0154
vn -0.9504 -0.3020 -0.0744
vn -0.8714 -0.4867 -0.0615
vn -0.9459 -0.3093 -0.0981
vn -0.8844 -0.4543 -0.1070
vn -0.9235 -0.3542 -0.1473
vn -0.6861 0.7208 0.0989
vn -0.9881 -0.1538 0.0005
vn -0.6605 0.7418 0.1157
vn -0.9872 0.1364 0.0827
vn -0.8534 -0.5071 -0.1207
vn -0.5748 0.7641 -0.2926
vn -0.9457 -0.3087 -0.1020
vn -0.8423 0.4972 -0.2081
vn -0.7981 -0.5786 -0.1682
vn -0.5065 0.8561 0.1032
vn -0.7395 -0.0556 0.6709
vn -0.5315 0.8403 0.1064
vn -0.9868 0.1487 -0.0647
vn -0.8810 0.4666 0.0786
vn -0.5591 0.8263 0.0680
vn -0.6084 0.7884 0.0903
vn -0.9962 0.0009 -0.0874
vn -0.8192 0.5713 -0.0512
vn -0.6499 0.7496 0.1253
vn -0.9929 -0.0243 -0.1165
vn -0.8346 0.5059 0.2177
vn -0.8810 0.4557 0.1269
vn -0.9953 0.0702 -0.0665
vn -0.9099 0.4041 0.0937
vn -0.9483 0.3153 0.0362
vn -0.9638 0.2008 0.1754
vn -0.7390 0.6659 0.1020
vn -0.8602 0.4993 0.1033
vn -0.9625 0.1017 0.2515
vn -0.8365 0.5213 0.1689
vn -0.2712 0.9419 -0.1984
vn -0.9296 0.3081 0.2022
vn -0.3454 0.9032 -0.2549
vn -0.9579 0.0617 0.2804
vn -0.9421 0.2844 0.1780
vn -0.3512 0.8753 -0.3325
vn -0.8588 0.4920 0.1428
vn -0.4449 0.7771 -0.4451
vn -0.9460 0.2922 0.1404
vn -0.9566 0.1389 0.2560
vn -0.9776 0.1583 -0.1387
vn -0.9443 0.2238 0.2413
vn -0.8788 0.4236 0.2198
vn -0.9788 0.1967 0.0571
vn -0.9644 -0.1517 -0.2168
vn -0.9654 -0.1144 -0.2345
vn -0.9546 0.2345 0.1840
vn -0.9388 -0.1532 -0.3085
vn -0.9497 -0.0603 -0.3073
vn -0.4715 0.8028 0.3650
vn -0.9681 -0.0847 -0.2356
vn -0.7185 0.6411 0.2698
vn -0.6851 0.5831 0.4365
vn -0.5065 0.6563 0.5592
vn -0.4879 0.8686 -0.0864
vn -0.9179 0.3908 -0.0686
vn -0.9039 -0.2358 -0.3568
vn -0.8945 -0.2795 -0.3490
vn -0.9189 -0.2641 -0.2931
vn -0.9846 -0.1670 0.0520
vn -0.9041 -0.4159 -0.0988
vn -0.9055 -0.3527 0.2360
vn -0.8558 -0.5127 0.0683
vn -0.8883 -0.4365 -0.1426
vn -0.9037 -0.3412 0.2585
vn -0.9989 0.0130 0.0461
vn -0.9931 -0.1139 -0.0271
vn -0.9996 -0.0020 0.0291
vn -0.8943 0.4052 0.1900
vn -0.9884 0.1416 0.0541
vn -0.9675 0.2290 0.1072
vn -0.9934 0.0909 0.0703
vn -0.9987 -0.0509 0.0013
vn -0.9984 -0.0558 0.0020
vn -0.9158 0.3631 0.1717
vn -0.9994 0.0046 0.0352
vn -0.9968 -0.0468 0.0652
vn -0.9993 0.0346 0.0160
vn -0.9975 0.0691 0.0119
vn -0.9960 -0.0650 0.0617
vn -0.9937 -0.1006 -0.0501
vn -0.9834 -0.1692 0.0652
vn -0.9938 0.0170 -0.1102
vn -0.8158 0.5386 0.2109
vn -0.9956 0.0932 0.0011
vn -0.9859 -0.1628 0.0395
vn -0.9492 0.3138 -0.0212
vn -0.9340 0.3547 -0.0421
vn -0.9151 0.0094 -0.4032
vn -0.9971 0.0385 -0.0656
vn -0.9341 0.1630 -0.3178
vn -0.9931 -0.0671 0.0962
vn -0.9493 0.2571 -0.1810
vn -0.9498 0.2983 -0.0941
vn -0.9540 0.0849 -0.2875
vn -0.9766 0.1981 -0.0836
vn -0.9707 0.2397 0.0184
vn -0.9592 -0.2569 0.1181
vn -0.9773 -0.2100 -0.0269
vn -0.9424 0.1096 0.3159
vn -0.9765 0.0048 0.2155
vn -0.9225 -0.2800 0.2656
vn -0.9334 -0.2848 0.2184
vn -0.9986 -0.0446 0.0293
vn -0.9897 -0.0632 0.1284
vn -0.9959 -0.0858 0.0289
vn -0.9813 -0.1837 -0.0581
vn -0.9968 -0.0461 -0.0655
vn -0.9147 -0.2756 0.2957
vn -0.9874 -0.0256 0.1563
vn -0.9604 -0.2750 0.0457
vn -0.5938 -0.8022 -0.0628
vn -0.5332 -0.8459 0.0107
vn -0.6515 -0.7425 -0.1557
vn -0.3280 -0.9034 0.2761
vn -0.7251 -0.6241 -0.2912
vn -0.0439 -0.9882 -0.1465
vn -0.9945 0.0827 -0.0644
vn -0.7282 -0.6521 -0.2111
vn -0.1531 -0.9513 -0.2677
vn -0.9795 -0.1992 0.0286
vn -0.7316 -0.6767 0.0827
vn -0.1863 -0.9549 0.2311
vn -0.2893 -0.7831 0.5504
vn -0.9750 0.2220 -0.0075
vn -0.7776 -0.5817 0.2388
vn -0.5279 -0.5747 0.6252
vn -0.9783 -0.2004 0.0521
vn -0.8796 -0.4024 0.2538
vn -0.9830 0.1806 0.0330
vn -0.9694 -0.2431 -0.0338
vn -0.9315 -0.1908 0.3096
vn -0.6477 -0.1990 0.7354
vn -0.9847 0.1701 0.0366
vn -0.9084 -0.0656 0.4129
vn -0.5709 -0.0020 0.8210
vn -0.5577 0.2892 0.7780
vn -0.9573 -0.2520 0.1416
vn -0.8991 -0.0540 0.4344
vn -0.6071 0.4982 0.6191
vn -0.9444 -0.1015 0.3128
vn -0.9422 -0.0583 0.3300
vn -0.6950 0.6078 0.3841
vn -0.9653 0.1642 0.2030
vn -0.9717 -0.0746 0.2240
vn -0.6895 0.7124 0.1308
vn -0.8376 -0.5461 -0.0107
vn -0.9975 0.0243 0.0670
vn -0.6577 -0.3451 0.6696
vn -0.9347 0.2311 0.2699
vn -0.7415 0.4975 0.4501
vn -0.9440 -0.0341 0.3283
vn -0.8195 -0.5213 -0.2382
vn -0.9363 -0.2592 0.2369
vn -0.3543 -0.7288 0.5859
vn -0.3420 -0.8796 -0.3307
vn -0.2406 -0.7576 -0.6068
vn -0.4012 -0.5164 -0.7565
vn -0.6485 -0.6288 -0.4290
vn -0.4049 -0.4582 -0.7913
vn -0.6835 -0.4194 0.5974
vn -0.7545 -0.4835 -0.4438
vn -0.4206 -0.4639 -0.7796
vn -0.8298 -0.1668 0.5325
vn -0.8096 -0.4164 -0.4137
vn -0.4211 -0.5543 -0.7179
vn -0.8578 0.0276 0.5132
vn -0.8150 -0.1008 0.5706
vn -0.8740 0.0496 0.4833
vn -0.8681 0.0750 0.4906
vn -0.8059 -0.4656 -0.3657
vn -0.4081 -0.7754 -0.4819
vn -0.8927 0.1061 0.4379
vn -0.8387 -0.4418 -0.3184
vn -0.9517 0.2611 0.1613
vn -0.9800 0.1706 0.1028
vn -0.8048 -0.5367 -0.2533
vn -0.3724 -0.9149 -0.1557
vn -0.9024 0.3653 -0.2287
vn -0.9411 0.2961 -0.1633
vn -0.9642 -0.2337 -0.1256
vn -0.9058 -0.3744 -0.1986
vn -0.9523 -0.2900 -0.0949
vn -0.9792 0.2024 0.0162
vn -0.9170 -0.3724 -0.1427
vn -0.9854 0.1702 -0.0047
vn -0.9758 0.2179 -0.0160
vn -0.8775 -0.4362 -0.1993
vn -0.9904 0.1326 -0.0403
vn -0.9248 -0.3753 0.0622
vn -0.9029 -0.4285 -0.0324
vn -0.8150 -0.5201 0.2555
vn -0.7550 -0.6428 0.1293
vn -0.9417 -0.1243 0.3126
vn -0.9209 -0.3147 0.2302
vn -0.9686 -0.1886 0.1620
vn -0.9844 -0.0247 -0.1742
vn -0.9874 0.0655 0.1439
vn -0.9961 0.0260 0.0844
vn -1.0000 -0.0000 0.0093
vn -0.7194 -0.6945 -0.0116
vn -0.9447 -0.3274 0.0183
vn -0.8884 -0.4486 -0.0976
vn -0.7081 -0.6972 -0.1117
vn -0.9916 0.1258 -0.0302
vn -0.8834 -0.4523 -0.1223
vn -0.9677 0.2516 -0.0127
vn -0.9927 0.1202 -0.0104
vn -0.8138 -0.5430 -0.2073
vn -0.9857 0.1683 -0.0116
vn -0.9125 -0.3890 -0.1268
vn -0.8308 -0.4997 -0.2450
vn -0.7404 -0.6445 -0.1910
vn -0.9340 0.2514 -0.2537
vn -0.7907 -0.5746 -0.2112
vn -0.9080 0.2987 -0.2936
vn -0.8517 -0.3230 -0.4127
vn -0.7626 0.1605 -0.6266
vn -0.7610 -0.6206 -0.1890
vn -0.3447 -0.9387 0.0069
vn -0.3444 -0.9387 0.0170
vn -0.7490 0.1621 -0.6424
vn -0.6358 -0.6864 -0.3529
vn -0.4824 -0.6948 -0.5334
vn -0.3333 -0.9379 -0.0968
vn -0.4577 0.1041 -0.8830
vn -0.4334 0.1232 -0.8928
vn -0.4201 -0.4593 -0.7826
vn -0.3749 -0.7178 -0.5867
vn -0.3416 -0.8183 -0.4622
vn -0.6760 -0.6132 -0.4087
vn -0.8408 -0.4478 -0.3043
vn -0.7477 -0.6444 -0.1602
vn -0.6503 -0.7434 -0.1565
vn -0.9761 -0.1731 -0.1318
vn -0.7296 -0.3554 -0.5843
vn -0.9838 -0.0819 0.1592
vn -0.9707 -0.0113 0.2399
vn -0.5228 -0.6790 -0.5154
vn -0.9788 -0.2035 -0.0213
vn -0.9896 0.1271 -0.0680
vn -0.7115 -0.0897 -0.6969
vn -0.8453 0.1408 -0.5154
vn -0.7400 -0.5895 -0.3238
vn -0.9977 -0.0673 -0.0115
vn -0.5314 0.8044 -0.2654
vn -0.8638 0.4756 -0.1664
vn -0.5216 0.7486 -0.4094
vn -0.8644 0.4674 -0.1856
vn -0.9652 -0.2072 -0.1596
vn -0.9886 0.1392 -0.0571
vn -0.7928 0.5847 -0.1720
vn -0.3302 0.8104 -0.4840
vn -0.9187 -0.2883 -0.2699
vn -0.9644 -0.0973 -0.2459
vn -0.8338 -0.4925 -0.2495
vn -0.9109 -0.3263 -0.2526
vn -0.7181 0.5885 0.3715
vn -0.8878 -0.4243 -0.1781
vn -0.8209 0.5330 0.2049
vn -0.8970 -0.4338 -0.0846
vn -0.8261 0.5488 0.1277
vn -0.7738 0.6295 0.0711
vn -0.8970 0.4411 0.0279
vn -0.9011 0.4253 0.0846
vn -0.9998 -0.0051 -0.0189
vn -0.9956 -0.0129 -0.0927
vn -0.9880 0.0306 -0.1516
vn -0.8498 0.4970 0.1754
vn -0.9755 0.1001 -0.1957
vn -0.7874 0.5085 0.3485
vn -0.1333 -0.8872 0.4416
vn -0.2399 -0.9708 0.0064
vn -0.1100 -0.9939 0.0062
vn -0.3315 -0.8568 0.3951
vn -0.5405 -0.8412 0.0155
vn -0.1200 -0.6122 0.7815
vn -0.6770 -0.6499 0.3455
vn -0.8616 -0.5071 0.0222
vn -0.3024 -0.5962 0.7437
vn -0.1094 -0.6065 0.7875
vn -0.8912 -0.3460 0.2933
vn -0.9960 -0.0889 0.0092
vn -0.5996 -0.4920 0.6312
vn -0.3145 -0.5925 0.7417
vn -0.1066 -0.6396 0.7613
vn -0.7760 -0.3530 0.5227
vn -0.3276 -0.6212 0.7119
vn -0.1024 -0.7216 0.6847
vn -0.6602 -0.4932 0.5665
vn -0.3596 -0.6856 0.6329
vn -0.6925 -0.5048 0.5154
vn -0.8764 -0.3562 0.3242
vn -0.9768 -0.1746 0.1239
vn -0.8888 -0.3470 0.2995
vn -0.7422 -0.5081 0.4370
vn -0.3947 -0.7545 0.5244
vn -0.0996 -0.8129 0.5739
vn -0.9203 -0.3091 0.2400
vn -0.4499 -0.8343 0.3188
vn -0.1000 -0.9318 0.3490
vn -0.7910 -0.5086 0.3400
vn -0.4477 -0.8908 0.0777
vn -0.1083 -0.9907 0.0825
vn -0.8600 -0.4841 0.1613
vn -0.9433 -0.2832 0.1733
vn -0.9791 -0.1715 0.1095
vn -0.9860 -0.1474 0.0777
vn -0.9927 0.0240 0.1182
vn -0.9970 -0.0777 0.0069
vn -0.9471 0.2578 -0.1912
vn -0.8598 -0.1344 0.4925
vn -0.9970 -0.0770 0.0019
vn -0.9361 0.3468 0.0586
vn -0.8305 0.2751 -0.4843
vn -0.8743 -0.1476 0.4624
vn -0.9892 -0.1465 0.0032
vn -0.8455 -0.1566 0.5105
vn -0.8600 0.2417 -0.4495
vn -0.8790 -0.2253 0.4203
vn -0.9206 -0.3905 -0.0039
vn -0.8617 -0.1593 0.4818
vn -0.8659 0.2871 -0.4095
vn -0.7692 -0.4020 0.4968
vn -0.9900 0.1233 0.0688
vn -0.8502 -0.2251 0.4759
vn -0.8877 0.2782 -0.3670
vn -0.8390 0.3168 -0.4423
vn -0.8616 0.3241 -0.3906
vn -0.9904 -0.1281 0.0515
vn -0.8669 0.3287 -0.3747
vn -0.9693 -0.2406 0.0496
vn -0.9924 -0.1216 0.0159
vn -0.8610 -0.5084 0.0152
vn -0.9717 -0.2344 -0.0286
vn -0.8444 0.3493 -0.4062
vn -0.9941 -0.1037 -0.0332
vn -0.9607 -0.2039 0.1881
vn -0.9952 -0.0938 0.0287
vn -0.8327 0.3812 -0.4015
vn -0.8650 0.3472 -0.3624
vn -0.7895 -0.3392 0.5116
vn -0.7199 0.0306 0.6934
vn -0.9041 -0.0138 0.4271
vn -0.7753 0.4614 0.4314
vn -0.9475 0.3189 0.0227
vn -0.8332 0.3804 0.4014
vn -0.8497 0.3035 0.4311
vn -0.9886 0.1503 -0.0002
vn -0.8198 0.3266 0.4705
vn -0.8277 0.3775 0.4152
vn -0.9464 0.3228 0.0081
vn -0.7522 0.4220 0.5061
vn -0.6786 0.5988 0.4254
vn -0.7740 0.6331 0.0081
vn -0.4600 0.7757 0.4322
vn -0.5063 0.8623 0.0046
vn -0.6197 0.6055 0.4994
vn -0.2165 0.8681 0.4467
vn -0.2293 0.9733 0.0017
vn -0.0954 0.9954 0.0008
vn -0.0816 0.8641 0.4966
vn -0.4335 0.7561 0.4903
vn -0.2074 0.8465 0.4904
vn -0.0772 0.8483 0.5239
vn -0.5012 0.8654 0.0021
vn -0.2250 0.9744 -0.0010
vn -0.0966 0.9953 -0.0039
vn -0.1848 0.9828 -0.0055
vn -0.1593 0.9872 -0.0124
vn -0.2878 0.9577 0.0020
vn -0.5072 0.8618 0.0038
vn -0.7824 0.6227 0.0047
vn -0.7881 0.6155 0.0062
vn -0.9637 0.2667 0.0077
vn -0.9657 0.2595 0.0079
vn -0.9789 -0.2035 0.0187
vn -0.9639 -0.2661 0.0034
vn -0.9735 -0.2201 0.0622
vn -0.9773 -0.1627 0.1358
vn -0.9915 -0.0347 0.1252
vn -0.9938 -0.1072 0.0279
vn -0.9886 -0.1503 0.0069
vn -0.9687 0.2353 0.0789
vn -0.9881 0.1460 0.0493
vn -0.8516 0.3810 -0.3600
vn -0.8619 0.3957 -0.3170
vn -0.8146 0.4237 -0.3961
vn -0.9937 -0.0880 0.0690
vn -0.8383 0.4282 -0.3376
vn -0.9455 -0.1458 0.2910
vn -0.9912 -0.1124 0.0706
vn -0.9434 -0.2180 0.2499
vn -0.8695 0.4273 -0.2477
vn -0.9881 -0.1410 0.0617
vn -0.8009 0.5962 -0.0551
vn -0.8199 0.4978 -0.2827
vn -0.8310 0.5550 0.0378
vn -0.9389 -0.2770 0.2041
vn -0.9441 -0.2814 0.1719
vn -0.8213 0.5387 0.1875
vn -0.8065 0.4664 0.3633
vn -0.8309 -0.4893 0.2650
vn -0.7863 -0.4762 0.3936
vn -0.7861 -0.3716 0.4939
vn -0.4210 -0.8007 0.4262
vn -0.7670 -0.2612 0.5860
vn -0.3861 -0.6952 0.6063
vn -0.3808 -0.5311 0.7569
vn -0.8089 -0.4500 0.3783
vn -0.0839 -0.7436 0.6633
vn -0.0778 -0.5664 0.8205
vn -0.0881 -0.8817 0.4635
vn -0.3565 -0.3703 0.8578
vn -0.0764 -0.3923 0.9167
vn -0.4074 -0.7508 0.5199
vn -0.1524 -0.8223 0.5482
vn -0.4144 -0.3192 0.8523
vn -0.0582 -0.3647 0.9293
vn -0.7977 0.0118 0.6030
vn -0.2694 -0.3177 0.9091
vn -0.0511 -0.3107 0.9491
vn -0.7760 0.2263 0.5887
vn -0.2782 -0.9153 0.2914
vn -0.0789 -0.9480 0.3084
vn -0.8461 -0.5055 0.1690
vn -0.9995 0.0303 0.0023
vn -0.2735 -0.9419 0.1950
vn -0.0715 -0.9761 0.2053
vn -0.8445 -0.5226 0.1172
vn -0.9999 0.0145 0.0059
vn -0.9855 -0.1698 -0.0043
vn -0.9308 -0.3654 0.0001
vn -0.9924 -0.1226 0.0050
vn -1.0000 0.0010 0.0037
vn -0.9914 -0.1303 0.0109
vn -0.8407 -0.5398 0.0428
vn -0.8027 -0.5963 0.0104
vn -0.2988 -0.9543 0.0032
vn -0.2751 -0.9592 0.0648
vn -0.0688 -0.9976 -0.0002
vn -0.0681 -0.9954 0.0669
vn -0.2793 -0.2961 -0.9134
vn -0.2394 -0.4898 -0.8383
vn -0.1713 -0.4727 -0.8644
vn -0.4559 -0.3376 -0.8235
vn -0.4379 0.0289 -0.8985
vn -0.2515 -0.4365 -0.8638
vn -0.6643 0.1268 -0.7367
vn -0.3497 0.2554 -0.9014
vn -0.5264 -0.2911 -0.7988
vn -0.2982 -0.0707 -0.9519
vn -0.1804 -0.0917 -0.9793
vn -0.2019 0.0537 -0.9779
vn -0.7739 0.0202 -0.6329
vn -0.4233 0.0574 -0.9041
vn -0.2696 0.0776 -0.9598
vn -0.6998 0.1929 -0.6878
vn -0.2142 0.2955 -0.9310
vn -0.8942 -0.0406 -0.4457
vn -0.5298 0.0472 -0.8468
vn -0.3245 0.0594 -0.9440
vn -0.5599 0.0303 -0.8280
vn -0.9368 -0.0324 -0.3485
vn -0.5630 -0.0520 -0.8248
vn -0.2719 -0.0477 -0.9611
vn -0.2490 -0.1645 -0.9544
vn -0.7623 0.1115 -0.6375
vn -0.1706 0.2474 -0.9538
vn -0.4104 0.1581 -0.8981
vn -0.9344 -0.0690 -0.3495
vn -0.5497 -0.1769 -0.8164
vn -0.2084 -0.0349 -0.9774
vn -0.8137 0.0356 -0.5802
vn -0.6665 0.0653 -0.7427
vn -0.9317 -0.2248 -0.2854
vn -0.5026 -0.1006 -0.8586
vn -0.1696 0.0586 -0.9838
vn -0.8900 -0.0154 -0.4557
vn -0.7472 -0.2287 -0.6241
vn -0.3724 0.0292 -0.9276
vn -0.2414 -0.0193 -0.9702
vn -0.8537 -0.2043 -0.4791
vn -0.9476 -0.3194 0.0100
vn -0.9177 -0.3001 -0.2603
vn -0.8404 -0.2493 -0.4812
vn -0.5963 -0.3151 -0.7384
vn -0.9833 -0.1107 -0.1444
vn -0.6981 -0.2166 -0.6825
vn -0.7698 0.0581 -0.6356
vn -0.8995 0.0113 -0.4369
vn -0.9225 0.2209 -0.3164
vn -0.8175 -0.1445 -0.5575
vn -0.5091 -0.3353 -0.7927
vn -0.8757 0.1098 -0.4702
vn -0.5061 0.0332 -0.8619
vn -0.8969 0.0791 -0.4350
vn -0.6094 0.1158 -0.7844
vn -0.2678 0.1224 -0.9557
vn -0.4693 0.4087 -0.7828
vn -0.2232 0.4559 -0.8616
vn -0.6772 -0.0886 -0.7304
vn -0.2540 -0.3066 -0.9173
vn -0.2329 -0.1602 -0.9592
vn -0.8326 0.2900 -0.4720
vn -0.4529 0.3665 -0.8128
vn -0.1989 0.0140 -0.9799
vn -0.1071 0.0252 -0.9939
vn -0.1623 0.6938 -0.7016
vn -0.0723 0.5125 -0.8556
vn -0.4234 0.7548 -0.5009
vn -0.2117 0.7995 -0.5621
vn -0.2097 0.6613 -0.7202
vn -0.1981 0.6593 -0.7253
vn -0.9356 0.3520 -0.0279
vn -0.9618 0.2551 -0.0998
vn -0.9752 0.1895 -0.1145
vn -0.9671 0.2399 -0.0848
vn -0.9617 0.2705 -0.0443
vn -0.9350 0.3542 -0.0161
vn -0.9331 0.3595 0.0093
vn -0.9164 0.3951 0.0636
vn -0.9583 0.2786 0.0630
vn -0.9189 0.3412 0.1979
vn -0.9484 0.3002 0.1019
vn -0.9861 -0.0556 0.1566
vn -0.9805 0.1860 0.0629
vn -0.9574 -0.2631 0.1187
vn -0.9644 -0.2626 0.0311
vn -0.9855 0.1680 0.0219
vn -0.9756 -0.2193 -0.0106
vn -0.9794 0.1985 -0.0371
vn -0.9875 -0.1293 -0.0896
vn -0.9636 0.2545 -0.0825
vn -0.9796 -0.1363 -0.1476
vn -0.9679 0.2371 -0.0829
vn -0.9751 -0.0001 -0.2218
vn -0.9483 0.3169 -0.0188
vn -0.9683 0.2099 -0.1352
vn -0.9296 0.2276 -0.2898
vn -0.9212 0.3786 0.0900
vn -0.9324 0.3286 -0.1508
vn -0.8746 0.3873 -0.2916
vn -0.9788 0.1861 0.0858
vn -0.8680 0.4811 -0.1232
vn -0.7824 0.5777 -0.2326
vn -0.9244 0.3596 0.1274
vn -0.8100 -0.4320 0.3967
vn -0.6909 0.7039 -0.1645
vn -0.5858 0.8062 -0.0833
vn -0.6800 0.7332 -0.0049
vn -0.4574 0.8887 -0.0317
vn -0.4333 0.9011 0.0152
vn -0.8266 0.5627 0.0108
vn -0.7743 0.6326 0.0148
vn -0.4292 0.9027 0.0288
vn -0.4474 0.8925 0.0571
vn -0.7860 0.6177 0.0255
vn -0.6094 0.7658 0.2053
vn -0.9134 0.3988 0.0814
vn -0.7815 0.4304 0.4516
vn -0.9399 0.2975 0.1675
vn -0.8551 0.0584 0.5151
vn -0.9610 0.1609 0.2248
vn -0.9690 0.0167 0.2464
vn -0.8412 -0.2676 0.4698
vn -0.9046 0.4072 0.1261
vn -0.6469 0.7170 0.2597
vn -0.9645 -0.1122 0.2389
vn -0.8361 -0.4062 0.3687
vn -0.8376 0.5362 0.1043
vn -0.5467 0.8205 0.1671
vn -0.9362 0.2540 0.2431
vn -0.9551 0.1645 0.2466
vn 0.8526 -0.3009 0.4273
vn 0.8666 -0.2152 0.4503
vn 0.8558 -0.3238 0.4034
vn 0.7622 -0.6266 0.1624
vn 0.6748 -0.6736 0.3017
vn 0.7792 -0.6253 0.0420
vn 0.3863 -0.9220 0.0258
vn 0.5030 -0.8634 -0.0401
vn 0.5304 -0.8468 -0.0393
vn -0.0008 -0.9938 -0.1110
vn -0.0005 -0.9969 -0.0789
vn -0.0004 -0.9981 -0.0619
vn -0.5309 -0.8468 -0.0320
vn -0.5035 -0.8634 -0.0331
vn -0.3859 -0.9220 0.0311
vn -0.7786 -0.6253 0.0527
vn -0.7599 -0.6266 0.1729
vn -0.6706 -0.6736 0.3109
vn -0.8501 -0.3238 0.4152
vn -0.8466 -0.3009 0.4390
vn -0.8603 -0.2152 0.4622
vn 0.9167 0.3994 -0.0115
vn 0.9801 0.1984 -0.0082
vn 0.9202 0.3914 -0.0063
vn 0.9645 0.1395 -0.2244
vn 0.9999 -0.0067 -0.0091
vn 0.9232 0.3837 -0.0209
vn 0.7881 -0.4490 -0.4210
vn 0.8048 0.4565 -0.3794
vn 0.9992 -0.0383 -0.0061
vn 0.7830 -0.6220 -0.0053
vn 0.7209 -0.5113 0.4679
vn 0.8892 0.4474 -0.0954
vn 0.6986 0.4976 -0.5142
vn 0.8372 0.3221 -0.4419
vn 0.8530 -0.0393 0.5204
vn 0.8095 -0.1637 0.5638
vn 0.7562 0.0529 0.6522
vn 0.8721 0.2223 0.4360
vn 0.9508 0.3053 0.0525
vn 0.9658 0.2517 -0.0617
vn 0.9398 0.1597 0.3020
vn 0.9013 0.2943 0.3178
vn -0.9168 0.3994 0.0011
vn -0.9202 0.3914 0.0063
vn -0.9801 0.1984 0.0053
vn -0.9675 0.1395 -0.2110
vn -1.0000 -0.0067 0.0047
vn -0.9234 0.3837 -0.0082
vn -0.7939 -0.4490 -0.4101
vn -0.8100 0.4565 -0.3682
vn -0.9992 -0.0383 0.0076
vn -0.7830 -0.6220 0.0055
vn -0.7144 -0.5113 0.4778
vn -0.8905 0.4474 -0.0831
vn -0.7056 0.4976 -0.5045
vn -0.8433 0.3221 -0.4303
vn -0.8457 -0.0393 0.5322
vn -0.8017 -0.1637 0.5749
vn -0.7471 0.0529 0.6626
vn -0.8660 0.2223 0.4480
vn -0.9500 0.3053 0.0656
vn -0.9666 0.2517 -0.0483
vn -0.9356 0.1597 0.3149
vn -0.8969 0.2943 0.3302
vn 0.9995 -0.0309 -0.0102
vn -0.0387 -0.0010 -0.9992
vn -0.0047 0.3882 -0.9216
vn 0.9210 0.3894 -0.0111
vn -0.0295 0.9996 0.0019
vn 0.0167 0.3884 0.9213
vn -0.0155 0.0026 0.9999
vn -0.9214 0.3885 0.0103
vn -0.9994 0.0309 0.0130
vn 0.8932 0.4497 0.0025
vn 0.5268 0.8500 -0.0002
vn 0.8981 0.4398 -0.0007
vn 0.9347 0.3552 -0.0133
vn 0.3385 0.9409 -0.0067
vn -0.4161 0.9093 0.0023
vn -0.2473 0.9689 0.0010
vn -0.0000 1.0000 -0.0004
vn -0.6629 0.7487 0.0046
vn -0.9699 0.2436 0.0056
vn 0.4161 0.9093 -0.0034
vn 0.2473 0.9689 -0.0024
vn 0.6629 0.7487 -0.0045
vn 0.9698 0.2436 -0.0078
vn -0.5267 0.8500 0.0070
vn -0.3385 0.9409 -0.0021
vn -0.9348 0.3552 -0.0004
vn -0.8980 0.4398 0.0117
vn -0.8931 0.4497 0.0148
vn -0.0079 0.0001 -1.0000
vn -0.0083 0.0006 -1.0000
vn -0.0076 -0.0003 -1.0000
vn -0.0074 -0.0005 -1.0000
vn -0.0069 -0.0017 -1.0000
vn -0.0073 -0.0011 -1.0000
vn -0.0069 -0.0011 -1.0000
vn -0.0064 -0.0005 -1.0000
vn -0.0062 -0.0003 -1.0000
vn -0.0065 -0.0011 -1.0000
vn -0.0059 0.0001 -1.0000
vn -0.0055 0.0006 -1.0000
vn -0.0065 0.4635 -0.8861
vn -0.0069 -0.0077 -0.9999
vn -0.0057 0.4635 -0.8861
vn -0.4161 0.5149 -0.7495
vn -0.3747 0.5985 -0.7081
vn -0.7499 0.4044 -0.5236
vn -0.7676 0.3140 -0.5587
vn 0.4057 0.5149 -0.7552
vn 0.3649 0.5985 -0.7132
vn 0.7426 0.4044 -0.5339
vn 0.7598 0.3140 -0.5692
vn -0.4151 0.3230 -0.8505
vn -0.7671 0.1537 -0.6228
vn 0.4033 0.3230 -0.8562
vn 0.7585 0.1537 -0.6333
vn -0.3989 0.0695 -0.9143
vn -0.7435 -0.0394 -0.6676
vn 0.3863 0.0695 -0.9198
vn 0.7342 -0.0394 -0.6778
vn 0.3662 -0.2052 -0.9076
vn 0.7036 -0.2365 -0.6701
vn -0.3787 -0.2052 -0.9025
vn -0.7127 -0.2365 -0.6604
vn 0.3492 -0.4637 -0.8143
vn 0.6769 -0.4155 -0.6076
vn 0.1105 -0.5789 -0.8078
vn -0.1217 -0.5789 -0.8062
vn -0.3604 -0.4637 -0.8094
vn -0.6852 -0.4155 -0.5982
vn 0.8017 -0.1683 0.5736
vn 0.9760 -0.2163 -0.0263
vn 0.8240 -0.1208 0.5535
vn 0.9799 -0.1824 0.0810
vn 0.7556 -0.3192 0.5720
vn 0.7887 -0.2098 -0.5779
vn 0.7909 -0.3322 -0.5139
vn 0.9803 -0.1970 -0.0141
vn 0.7292 -0.3785 0.5701
vn 0.7514 -0.0338 -0.6590
vn 0.9829 -0.1706 -0.0692
vn 0.7163 -0.2939 0.6329
vn 0.7110 -0.0094 -0.7031
vn 0.9836 -0.1678 -0.0662
vn 0.6976 -0.0916 0.7106
vn 0.6871 -0.1204 -0.7165
vn 0.9826 -0.1849 -0.0176
vn 0.6685 0.1465 0.7291
vn 0.6729 -0.2822 -0.6838
vn 0.9776 -0.2065 0.0414
vn 0.6618 -0.4579 -0.5936
vn 0.6181 0.4386 0.6524
vn 0.6373 -0.6341 -0.4380
vn 0.9665 -0.2218 0.1295
vn 0.9657 -0.1511 0.2111
vn -0.8163 -0.1208 0.5648
vn -0.9762 -0.2163 -0.0128
vn -0.7937 -0.1683 0.5846
vn -0.9787 -0.1824 0.0945
vn -0.7476 -0.3192 0.5824
vn -0.7979 -0.3322 -0.5030
vn -0.7966 -0.2098 -0.5669
vn -0.9804 -0.1970 -0.0006
vn -0.7213 -0.3785 0.5801
vn -0.7604 -0.0338 -0.6486
vn -0.9838 -0.1706 -0.0557
vn -0.7075 -0.2939 0.6427
vn -0.7207 -0.0094 -0.6932
vn -0.9844 -0.1678 -0.0526
vn -0.6877 -0.0916 0.7202
vn -0.6970 -0.1204 -0.7069
vn -0.9828 -0.1849 -0.0041
vn -0.6584 0.1465 0.7383
vn -0.6822 -0.2822 -0.6745
vn -0.9769 -0.2065 0.0548
vn -0.6699 -0.4579 -0.5844
vn -0.6090 0.4386 0.6609
vn -0.6433 -0.6341 -0.4292
vn -0.9646 -0.2218 0.1428
vn -0.9627 -0.1511 0.2244
vn 0.6776 0.7345 -0.0371
vn 0.8724 0.3705 -0.3189
vn 0.8739 0.4237 -0.2382
vn 0.8752 0.4837 0.0066
vn 0.9270 -0.0235 -0.3742
vn 0.7574 0.5643 0.3285
vn -0.1609 0.7978 0.5811
vn 0.9942 0.0969 0.0465
vn 0.8798 -0.3334 -0.3388
vn 0.8293 0.5535 -0.0761
vn 0.7459 0.6654 -0.0285
vn 0.8016 0.3025 0.5157
vn 0.5819 0.8122 -0.0424
vn 0.7042 0.7099 -0.0080
vn 0.9917 -0.0909 0.0914
vn 0.8085 0.2457 0.5348
vn 0.7760 -0.5457 -0.3163
vn 0.7379 0.6632 -0.1250
vn 0.9481 -0.2820 0.1471
vn 0.9142 -0.3828 0.1332
vn 0.8083 0.1260 0.5751
vn 0.7363 0.6755 -0.0396
vn 0.9682 0.1099 -0.2246
vn 0.8937 -0.0868 -0.4402
vn 0.9721 0.2314 -0.0378
vn 0.7522 -0.3476 -0.5598
vn 0.7092 0.6509 0.2708
vn 0.7317 0.6814 -0.0184
vn 0.7112 0.7030 -0.0068
vn 0.7106 0.2854 0.6431
vn 0.5837 0.8112 -0.0348
vn 0.7023 0.7118 -0.0101
vn 0.9895 -0.1119 0.0918
vn 0.6307 0.0831 0.7715
vn 0.6005 -0.4356 -0.6706
vn 0.7350 0.6664 -0.1250
vn 0.9291 -0.3600 0.0843
vn 0.8639 -0.5007 0.0547
vn 0.5981 -0.0922 0.7961
vn 0.7285 0.6849 -0.0129
vn 0.9700 0.0968 -0.2229
vn 0.8905 -0.0880 -0.4464
vn 0.9700 0.2400 -0.0380
vn 0.7494 -0.3470 -0.5639
vn 0.7700 0.5815 0.2627
vn 0.7119 0.2824 0.6431
vn 0.8134 0.5769 -0.0746
vn 0.7220 0.6917 -0.0123
vn 0.7136 0.7006 -0.0028
vn 0.7337 0.6681 0.1240
vn 0.8501 0.5189 -0.0897
vn 0.9896 -0.1115 0.0914
vn 0.6303 0.0840 0.7718
vn 0.6001 -0.4354 -0.6710
vn 0.9292 -0.3599 0.0843
vn 0.5981 -0.0920 0.7961
vn 0.9334 0.2051 -0.2945
vn 0.5448 -0.5295 -0.6502
vn 0.9492 0.2707 -0.1602
vn 0.8910 0.4142 0.1858
vn 0.7739 0.6095 0.1720
vn 0.7935 0.6084 0.0127
vn 0.6641 0.6821 0.3061
vn 0.8528 0.5222 -0.0065
vn 0.5028 0.6535 0.5659
vn 0.7532 0.5943 0.2821
vn 0.9269 0.3746 -0.0231
vn 0.6335 0.5470 0.5473
vn 0.8348 0.4650 0.2947
vn 0.9539 0.0322 0.2983
vn 0.9969 0.0714 -0.0316
vn 0.8934 -0.4489 -0.0166
vn 0.8186 0.0747 0.5695
vn 0.9002 -0.4351 -0.0173
vn 0.8687 -0.3814 0.3159
vn 0.8489 -0.1903 0.4931
vn 0.8257 -0.5606 0.0631
vn 0.8429 -0.5377 -0.0204
vn 0.8893 -0.4444 0.1083
vn 0.8469 -0.2880 0.4470
vn 0.7315 -0.6357 -0.2466
vn 0.7078 -0.6967 -0.1168
vn 0.6355 -0.7718 -0.0228
vn 0.6231 -0.7801 -0.0570
vn 0.4581 -0.8888 0.0098
vn 0.4904 -0.8680 -0.0779
vn 0.2805 -0.9598 -0.0124
vn 0.6051 -0.7194 -0.3411
vn 0.1404 -0.9609 -0.2388
vn 0.1238 -0.9909 -0.0523
vn 0.8091 -0.5040 -0.3024
vn 0.3185 -0.9328 -0.1688
vn 0.2796 -0.7210 -0.6340
vn 0.4137 -0.7541 -0.5100
vn 0.5944 -0.5607 -0.5764
vn 0.4323 -0.5472 -0.7168
vn -0.8767 0.3705 -0.3069
vn -0.6780 0.7345 -0.0278
vn -0.8771 0.4237 -0.2261
vn -0.8751 0.4837 0.0186
vn -0.9321 -0.0235 -0.3614
vn -0.7528 0.5643 0.3389
vn 0.1689 0.7978 0.5788
vn -0.9935 0.0969 0.0602
vn -0.8844 -0.3334 -0.3266
vn -0.8303 0.5535 -0.0647
vn -0.7463 0.6654 -0.0182
vn -0.7944 0.3025 0.5268
vn -0.5824 0.8122 -0.0344
vn -0.7043 0.7099 0.0017
vn -0.7396 0.6632 -0.1148
vn -0.9903 -0.0909 0.1051
vn -0.8010 0.2457 0.5459
vn -0.7802 -0.5457 -0.3056
vn -0.9460 -0.2820 0.1601
vn -0.8003 0.1260 0.5862
vn -0.9122 -0.3828 0.1458
vn -0.7368 0.6755 -0.0294
vn -0.9712 0.1099 -0.2112
vn -0.8997 -0.0868 -0.4278
vn -0.9726 0.2314 -0.0244
vn -0.7598 -0.3476 -0.5494
vn -0.7054 0.6509 0.2806
vn -0.7319 0.6814 -0.0083
vn -0.7112 0.7030 0.0030
vn -0.7017 0.2854 0.6529
vn -0.5841 0.8112 -0.0267
vn -0.7024 0.7118 -0.0004
vn -0.9881 -0.1119 0.1055
vn -0.6200 0.0831 0.7802
vn -0.6097 -0.4356 -0.6622
vn -0.7367 0.6664 -0.1149
vn -0.9279 -0.3600 0.0971
vn -0.8630 -0.5007 0.0666
vn -0.5870 -0.0922 0.8043
vn -0.7286 0.6849 -0.0028
vn -0.9730 0.0968 -0.2095
vn -0.8966 -0.0880 -0.4341
vn -0.9705 0.2400 -0.0246
vn -0.7571 -0.3470 -0.5535
vn -0.7663 0.5815 0.2733
vn -0.7029 0.2824 0.6528
vn -0.8143 0.5769 -0.0634
vn -0.7221 0.6917 -0.0024
vn -0.7135 0.7006 0.0070
vn -0.7319 0.6681 0.1341
vn -0.8513 0.5188 -0.0780
vn -0.9882 -0.1115 0.1050
vn -0.6196 0.0840 0.7804
vn -0.6093 -0.4354 -0.6627
vn -0.9279 -0.3599 0.0971
vn -0.5870 -0.0920 0.8043
vn -0.9373 0.2051 -0.2816
vn -0.5537 -0.5295 -0.6427
vn -0.9514 0.2707 -0.1470
vn -0.8884 0.4142 0.1981
vn -0.7715 0.6095 0.1826
vn -0.7933 0.6084 0.0236
vn -0.6598 0.6821 0.3153
vn -0.4949 0.6535 0.5727
vn -0.8528 0.5222 0.0052
vn -0.7492 0.5943 0.2925
vn -0.6258 0.5470 0.5560
vn -0.9271 0.3746 -0.0103
vn -0.8307 0.4650 0.3062
vn -0.9497 0.0322 0.3114
vn -0.9973 0.0714 -0.0178
vn -0.8935 -0.4489 -0.0042
vn -0.8106 0.0747 0.5808
vn -0.9004 -0.4351 -0.0049
vn -0.8643 -0.3814 0.3279
vn -0.8420 -0.1903 0.5048
vn -0.8247 -0.5606 0.0745
vn -0.8431 -0.5377 -0.0088
vn -0.8877 -0.4444 0.1206
vn -0.8407 -0.2880 0.4586
vn -0.7348 -0.6357 -0.2365
vn -0.7093 -0.6967 -0.1070
vn -0.6357 -0.7718 -0.0140
vn -0.6238 -0.7801 -0.0484
vn -0.4579 -0.8888 0.0162
vn -0.4914 -0.8680 -0.0711
vn -0.2807 -0.9598 -0.0086
vn -0.6098 -0.7194 -0.3327
vn -0.1437 -0.9609 -0.2368
vn -0.1245 -0.9909 -0.0506
vn -0.3208 -0.9328 -0.1644
vn -0.2883 -0.7210 -0.6301
vn -0.4207 -0.7541 -0.5043
vn -0.6023 -0.5607 -0.5681
vn -0.4421 -0.5472 -0.7107
vn -0.8132 -0.5040 -0.2912
vn 0.7878 -0.5426 0.2914
vn 0.9999 -0.0163 -0.0001
vn 0.7924 -0.6099 0.0066
vn 0.8927 0.1759 0.4149
vn 0.8363 0.5483 -0.0052
vn 0.7656 0.5400 0.3495
vn 0.8527 -0.1562 0.4985
vn 0.8802 -0.4424 0.1717
vn 0.9724 0.2333 -0.0098
vn 0.8545 -0.1319 -0.5024
vn 0.8793 -0.4325 -0.1995
vn 0.7949 -0.5304 -0.2946
vn 0.8107 0.5853 -0.0113
vn 0.6799 0.7333 0.0010
vn 0.7475 0.5546 -0.3656
vn 0.8901 0.1841 -0.4169
vn 0.7682 0.5400 0.3440
vn 0.8930 0.1748 0.4147
vn 0.7903 -0.5383 0.2928
vn 0.9724 0.2330 -0.0131
vn 0.8442 -0.1089 -0.5248
vn 0.7980 -0.5281 -0.2904
vn 0.8107 0.5853 -0.0139
vn 0.6798 0.7334 -0.0001
vn 0.7497 0.5502 -0.3676
vn 0.8700 0.2222 -0.4402
vn 0.8174 0.5463 -0.1826
vn 0.9783 -0.0300 -0.2051
vn 0.7777 -0.5902 -0.2164
vn 0.7225 0.5269 -0.4477
vn 0.6666 -0.6012 -0.4407
vn 0.8572 -0.0449 -0.5130
vn 0.6243 0.5131 -0.5891
vn 0.7184 -0.0613 -0.6929
vn 0.5450 -0.6237 -0.5604
vn 0.5211 -0.6291 -0.5769
vn 0.6757 -0.0475 -0.7356
vn 0.5937 0.4966 -0.6332
vn -0.9997 -0.0185 0.0137
vn -0.7837 -0.5426 0.3022
vn -0.7923 -0.6099 0.0176
vn -0.8870 0.1757 0.4270
vn -0.8390 0.5441 0.0063
vn -0.7608 0.5401 0.3598
vn -0.8457 -0.1562 0.5103
vn -0.8778 -0.4424 0.1839
vn -0.9724 0.2333 0.0036
vn -0.8613 -0.1319 -0.4906
vn -0.8819 -0.4325 -0.1874
vn -0.7989 -0.5304 -0.2836
vn -0.8108 0.5853 -0.0002
vn -0.6798 0.7333 0.0104
vn -0.7524 0.5546 -0.3553
vn -0.8958 0.1841 -0.4046
vn -0.7634 0.5400 0.3545
vn -0.8872 0.1748 0.4270
vn -0.7862 -0.5383 0.3036
vn -0.9725 0.2330 0.0003
vn -0.8514 -0.1089 -0.5131
vn -0.8019 -0.5281 -0.2794
vn -0.8108 0.5853 -0.0027
vn -0.6798 0.7334 0.0093
vn -0.7547 0.5502 -0.3572
vn -0.8760 0.2222 -0.4282
vn -0.8199 0.5463 -0.1713
vn -0.9810 -0.0300 -0.1916
vn -0.7806 -0.5902 -0.2057
vn -0.7286 0.5269 -0.4377
vn -0.6727 -0.6012 -0.4314
vn -0.8642 -0.0449 -0.5011
vn -0.6323 0.5131 -0.5804
vn -0.7279 -0.0613 -0.6830
vn -0.5527 -0.6237 -0.5528
vn -0.5290 -0.6291 -0.5696
vn -0.6858 -0.0475 -0.7262
vn -0.6024 0.4966 -0.6250
vn 0.2952 0.2504 -0.9220
vn 0.5493 -0.1896 -0.8139
vn 0.3764 -0.1270 -0.9177
vn 0.4468 0.2582 -0.8566
vn 0.1155 0.6116 -0.7827
vn 0.7280 0.2111 -0.6523
vn 0.8214 -0.2351 -0.5197
vn 0.2729 0.5788 -0.7685
vn 0.1972 0.3699 -0.9079
vn 0.8915 0.1082 -0.4399
vn 0.9106 -0.2274 -0.3451
vn 0.6711 0.3997 -0.6244
vn 0.4106 0.3000 -0.8611
vn 0.1630 0.4354 -0.8854
vn 0.9484 0.0568 -0.3118
vn 0.9531 -0.1730 -0.2485
vn 0.3878 0.3855 -0.8373
vn 0.0867 0.6587 -0.7474
vn 0.7494 0.2802 -0.5999
vn 0.8965 0.2678 -0.3529
vn 0.9899 0.0701 -0.1231
vn 0.9839 -0.1538 -0.0913
vn 0.9494 -0.1233 -0.2889
vn 0.9581 -0.0318 -0.2846
vn 0.9218 -0.2698 -0.2783
vn 0.8033 -0.0716 -0.5913
vn 0.9630 -0.1913 -0.1898
vn 0.9405 -0.0472 -0.3365
vn 0.9052 -0.2575 -0.3382
vn 0.7097 -0.0836 -0.6995
vn 0.9851 -0.0402 0.1673
vn 0.9932 0.0768 0.0879
vn 0.9600 -0.2616 -0.0995
vn 0.9695 -0.1260 0.2102
vn 0.9632 -0.2155 0.1608
vn 0.9987 -0.0436 0.0262
vn 0.9105 -0.2454 0.3329
vn 0.9095 -0.3526 0.2203
vn 0.9836 -0.0820 0.1609
vn 0.9215 -0.2092 0.3271
vn 0.8569 -0.5125 -0.0553
vn 0.8537 -0.5193 -0.0396
vn 0.9524 -0.2726 -0.1362
vn 0.8953 -0.4438 -0.0386
vn 0.9474 -0.0886 -0.3076
vn 0.9656 0.1288 -0.2257
vn 0.9015 -0.0069 -0.4327
vn 0.8652 0.2866 -0.4115
vn 0.7459 0.3059 -0.5917
vn 0.5570 0.5035 -0.6605
vn 0.2481 0.6182 -0.7459
vn 0.1611 0.5618 -0.8115
vn 0.2116 0.5878 -0.7809
vn 0.8537 0.2814 -0.4382
vn 0.4944 0.1809 -0.8502
vn 0.3568 0.1644 -0.9196
vn 0.7200 0.1578 -0.6758
vn 0.4632 0.2881 -0.8381
vn 0.3209 0.4090 -0.8542
vn 0.1636 0.6802 -0.7145
vn 0.2696 0.6463 -0.7139
vn 0.1347 0.5071 -0.8513
vn 0.6851 0.2718 -0.6758
vn 0.3272 0.4752 -0.8168
vn 0.1354 0.4944 -0.8586
vn 0.5299 0.5625 -0.6347
vn 0.8976 0.0169 -0.4405
vn 0.8573 0.1197 -0.5007
vn 0.9331 0.1792 -0.3119
vn 0.9842 0.1725 -0.0409
vn 0.9996 0.0288 0.0077
vn 0.9658 -0.1974 -0.1683
vn 0.9991 -0.0416 -0.0041
vn 0.9750 -0.2121 0.0663
vn 0.9749 -0.0546 0.2158
vn 0.8856 -0.4641 -0.0152
vn 0.9798 -0.1084 0.1682
vn 0.9667 -0.2378 0.0952
vn 0.9507 -0.2542 0.1778
vn 0.9231 -0.1579 0.3507
vn 0.8745 -0.1329 0.4664
vn 0.8746 -0.2715 0.4017
vn 0.8047 -0.3129 0.5046
vn 0.5959 -0.4834 0.6413
vn 0.8352 -0.4771 0.2733
vn 0.5636 -0.4489 0.6934
vn 0.2594 -0.5619 0.7855
vn 0.7852 -0.2932 0.5454
vn 0.2363 -0.4780 0.8460
vn 0.0685 -0.5655 0.8219
vn -0.0084 -0.4862 0.8738
vn 0.2112 -0.6691 0.7125
vn 0.6747 -0.5136 0.5301
vn 0.4358 -0.6608 0.6111
vn 0.5898 -0.2263 0.7752
vn 0.2939 -0.4237 0.8568
vn 0.1897 -0.4831 0.8548
vn 0.1368 -0.2642 0.9547
vn 0.7862 -0.0619 0.6149
vn 0.5984 -0.1301 0.7906
vn 0.7500 -0.3131 0.5827
vn 0.2918 -0.2179 0.9313
vn 0.7945 -0.3256 0.5126
vn 0.4449 -0.3736 0.8139
vn 0.2537 -0.3846 0.8876
vn 0.5283 -0.3006 0.7941
vn 0.3458 -0.2523 0.9038
vn 0.8276 -0.4675 0.3107
vn 0.8333 -0.5399 0.1187
vn 0.6672 -0.7250 0.1709
vn 0.6308 -0.5478 0.5496
vn 0.5117 -0.6250 0.5896
vn 0.4885 -0.8497 0.1984
vn -0.5602 -0.1904 -0.8062
vn -0.3062 0.2504 -0.9184
vn -0.3884 -0.1271 -0.9127
vn -0.4576 0.2577 -0.8510
vn -0.1260 0.6119 -0.7809
vn -0.7371 0.2110 -0.6420
vn -0.8286 -0.2353 -0.5079
vn -0.2834 0.5790 -0.7645
vn -0.2097 0.3699 -0.9051
vn -0.8977 0.1081 -0.4271
vn -0.9154 -0.2273 -0.3323
vn -0.4225 0.3000 -0.8553
vn -0.1752 0.4354 -0.8830
vn -0.6797 0.3997 -0.6151
vn -0.9527 0.0568 -0.2987
vn -0.9564 -0.1730 -0.2353
vn -0.3993 0.3855 -0.8318
vn -0.0970 0.6587 -0.7462
vn -0.9915 0.0701 -0.1095
vn -0.9850 -0.1538 -0.0777
vn -0.9013 0.2678 -0.3405
vn -0.7576 0.2802 -0.5895
vn -0.9619 -0.0318 -0.2714
vn -0.9256 -0.2698 -0.2655
vn -0.9655 -0.1913 -0.1765
vn -0.8114 -0.0716 -0.5801
vn -0.9533 -0.1233 -0.2758
vn -0.7540 0.3059 -0.5813
vn -0.2584 0.6182 -0.7424
vn -0.1723 0.5618 -0.8092
vn -0.9074 -0.0069 -0.4202
vn -0.2224 0.5878 -0.7779
vn -0.5660 0.5035 -0.6528
vn -0.5061 0.1809 -0.8433
vn -0.3694 0.1644 -0.9146
vn -0.7293 0.1578 -0.6658
vn -0.4748 0.2881 -0.8316
vn -0.3327 0.4090 -0.8497
vn -0.1734 0.6802 -0.7122
vn -0.2794 0.6463 -0.7101
vn -0.1464 0.5071 -0.8494
vn -0.6944 0.2718 -0.6663
vn -0.3384 0.4752 -0.8122
vn -0.1473 0.4944 -0.8567
vn -0.5386 0.5625 -0.6273
vn -0.3374 0.4904 -0.8035
vn -0.1380 0.6531 -0.7446
vn -0.2923 0.6254 -0.7235
vn -0.6988 0.3449 -0.6267
vn -0.6372 0.3828 -0.6689
vn -0.7879 0.2365 -0.5686
vn -0.8497 0.2992 -0.4341
vn -0.9067 0.0842 -0.4133
vn -0.8873 0.1110 -0.4476
vn -0.8641 0.1197 -0.4888
vn -0.7814 -0.1183 -0.6127
vn -0.9036 0.0169 -0.4281
vn -0.8662 0.2292 -0.4441
vn -0.8104 0.5438 -0.2179
vn -0.8026 0.0264 -0.5959
vn -0.8622 0.0145 -0.5063
vn -0.9110 0.3802 -0.1595
vn -0.9995 0.0309 0.0047
vn -0.9984 0.0072 0.0561
vn -0.9727 -0.0951 0.2117
vn -0.9266 -0.0963 -0.3634
vn -0.9659 -0.1146 0.2323
vn -0.9572 -0.1640 0.2385
vn -0.9063 0.0151 -0.4224
vn -0.9168 -0.2402 0.3191
vn -0.9084 -0.3095 0.2811
vn -0.9573 -0.2496 -0.1456
vn -0.9397 -0.2518 -0.2315
vn -0.9952 -0.0895 0.0389
vn -0.9583 -0.0843 -0.2731
vn -0.9633 -0.2593 0.0690
vn -0.9680 -0.1974 -0.1550
vn -0.9572 -0.2822 -0.0638
vn -0.9991 -0.0416 0.0097
vn -0.9412 -0.3296 0.0736
vn -0.9774 -0.1084 0.1817
vn -0.9632 -0.2438 0.1131
vn -0.8157 -0.3661 0.4479
vn -0.7663 -0.4829 0.4237
vn -0.7958 -0.3759 0.4748
vn -0.6471 -0.4467 0.6179
vn -0.3670 -0.6253 0.6887
vn -0.8652 -0.4573 0.2057
vn -0.8680 -0.1329 0.4785
vn -0.7635 -0.6428 -0.0623
vn -0.9718 -0.0546 0.2292
vn -0.7287 -0.5566 0.3990
vn -0.6517 -0.7569 0.0495
vn -0.4526 -0.8792 0.1485
vn -0.3183 -0.4554 0.8315
vn -0.0760 -0.5779 0.8126
vn -0.1668 -0.4117 0.8959
vn -0.5014 -0.6388 0.5836
vn -0.3017 -0.9025 0.3073
vn -0.3407 -0.5966 0.7266
vn -0.9181 -0.1579 0.3634
vn -0.8690 -0.2715 0.4137
vn -0.7976 -0.3129 0.5156
vn -0.5870 -0.4834 0.6494
vn -0.9740 -0.2121 0.0798
vn -0.5540 -0.4489 0.7011
vn -0.2486 -0.5619 0.7890
vn -0.9481 -0.2543 0.1909
vn -0.8314 -0.4771 0.2848
vn -0.2246 -0.4780 0.8491
vn -0.0572 -0.5655 0.8227
vn 0.0204 -0.4862 0.8736
vn -0.2014 -0.6691 0.7154
vn -0.6673 -0.5136 0.5394
vn -0.4274 -0.6608 0.6171
vn -0.2820 -0.4237 0.8608
vn -0.1779 -0.4831 0.8573
vn -0.5790 -0.2263 0.7833
vn -0.1236 -0.2642 0.9565
vn -0.7776 -0.2932 0.5562
vn -0.2789 -0.2179 0.9353
vn -0.9652 -0.2378 0.1085
vn -0.7776 -0.0619 0.6257
vn -0.5874 -0.1301 0.7987
vn -0.8858 -0.4641 -0.0030
vn -0.8541 -0.5193 -0.0278
vn -0.9813 -0.0820 0.1744
vn -0.9169 -0.2092 0.3398
vn -0.7419 -0.3131 0.5930
vn -0.4336 -0.3736 0.8200
vn -0.2414 -0.3846 0.8910
vn -0.9058 -0.2454 0.3455
vn -0.5173 -0.3006 0.8013
vn -0.3332 -0.2523 0.9085
vn -0.7874 -0.3256 0.5235
vn -0.6231 -0.5478 0.5583
vn -0.5035 -0.6250 0.5966
vn -0.4857 -0.8497 0.2052
vn -0.6648 -0.7250 0.1801
vn -0.8232 -0.4675 0.3221
vn -0.8316 -0.5399 0.1302
vn -0.9063 -0.3526 0.2328
vn -0.9609 -0.2155 0.1741
vn -0.9665 -0.1260 0.2236
vn -0.9827 -0.0402 0.1809
vn -0.9450 -0.0472 -0.3235
vn -0.9982 -0.0436 0.0400
vn -0.9919 0.0768 0.1016
vn -0.7193 -0.0836 -0.6897
vn -0.9097 -0.2575 -0.3257
vn -0.9613 -0.2616 -0.0862
vn -0.8576 -0.5125 -0.0435
vn -0.9515 -0.0886 -0.2945
vn -0.9542 -0.2726 -0.1231
vn -0.8957 -0.4438 -0.0262
vn -0.8708 0.2866 -0.3995
vn -0.9687 0.1288 -0.2124
vn -0.8596 0.2814 -0.4264
vn -0.9994 0.0288 0.0215
vn -0.9373 0.1792 -0.2990
vn -0.9846 0.1725 -0.0273
vn 0.8422 0.5391 -0.0058
vn 0.8128 0.5190 0.2646
vn 0.5210 0.8109 0.2665
vn 0.5391 0.8422 -0.0037
vn 0.6771 0.6750 0.2931
vn 0.8434 0.4820 0.2373
vn 0.4837 0.8418 0.2397
vn 0.6792 0.6773 0.2829
vn 0.8755 0.4831 -0.0060
vn 0.4830 0.8756 -0.0033
vn 0.7070 0.7072 -0.0072
vn 0.9423 0.3346 -0.0125
vn 0.3348 0.9423 -0.0094
vn 0.6847 0.6847 -0.2498
vn 0.9322 0.2616 -0.2502
vn 0.9420 -0.3352 -0.0131
vn 0.2634 0.9323 -0.2479
vn 0.6187 0.6074 -0.4982
vn 0.8393 0.2160 -0.4990
vn 0.2347 0.8371 -0.4942
vn 0.9302 -0.2674 -0.2514
vn 0.8318 -0.2447 -0.4983
vn 0.6040 -0.6222 -0.4981
vn -0.2667 0.9323 -0.2443
vn -0.2416 0.8371 -0.4909
vn -0.3349 0.9422 -0.0048
vn -0.6256 0.6074 -0.4896
vn -0.6881 0.6847 -0.2403
vn -0.7070 0.7072 0.0026
vn -0.4830 0.8756 0.0033
vn -0.9356 0.2616 -0.2373
vn -0.8461 0.2160 -0.4874
vn -0.9424 0.3346 0.0005
vn -0.8755 0.4831 0.0060
vn -0.9421 -0.3352 -0.0001
vn -0.6752 0.6773 0.2923
vn -0.8400 0.4820 0.2489
vn -0.4803 0.8418 0.2463
vn -0.6730 0.6750 0.3024
vn -0.8090 0.5190 0.2758
vn -0.5173 0.8109 0.2736
vn -0.8422 0.5391 0.0058
vn -0.5391 0.8422 0.0037
vn -0.9336 -0.2674 -0.2385
vn -0.8386 -0.2447 -0.4868
vn -0.6108 -0.6222 -0.4897
vn -0.6864 -0.6864 -0.2404
vn -0.2230 -0.8431 -0.4893
vn -0.2642 -0.9337 -0.2417
vn -0.3347 -0.9423 -0.0037
vn -0.7072 -0.7070 0.0026
vn -0.8756 -0.4830 0.0060
vn -0.4831 -0.8755 0.0033
vn -0.6753 -0.6772 0.2923
vn -0.8401 -0.4820 0.2488
vn -0.4803 -0.8417 0.2464
vn -0.6730 -0.6751 0.3024
vn -0.8090 -0.5191 0.2757
vn -0.5171 -0.8109 0.2738
vn -0.8422 -0.5392 0.0058
vn -0.5391 -0.8423 0.0037
vn 0.2162 -0.8431 -0.4924
vn 0.2608 -0.9337 -0.2453
vn 0.3346 -0.9423 -0.0084
vn 0.6830 -0.6864 -0.2498
vn 0.7071 -0.7070 -0.0072
vn 0.4831 -0.8755 -0.0033
vn 0.8756 -0.4830 -0.0060
vn 0.6792 -0.6772 0.2829
vn 0.4837 -0.8417 0.2398
vn 0.8435 -0.4820 0.2372
vn 0.6771 -0.6751 0.2931
vn 0.5209 -0.8109 0.2666
vn 0.8128 -0.5191 0.2645
vn 0.5391 -0.8423 -0.0037
vn 0.8422 -0.5392 -0.0058
vn -0.3449 -0.9325 0.1074
vn -0.2593 -0.9658 0.0018
vn -0.3139 -0.9270 -0.2054
vn -0.0154 -0.9999 -0.0006
vn -0.9318 -0.3456 0.1112
vn -0.9658 -0.2593 0.0067
vn -0.9324 -0.3013 -0.1996
vn -0.9998 -0.0166 0.0062
vn -0.9650 0.0020 -0.2624
vn -1.0000 -0.0001 0.0055
vn -0.9998 0.0166 0.0062
vn -0.9964 0.0005 -0.0853
vn -0.9318 0.3455 0.1112
vn -0.9293 0.3104 -0.2003
vn -0.3117 0.9277 -0.2053
vn -0.0154 0.9999 -0.0006
vn -0.3448 0.9325 0.1074
vn -0.0018 0.9639 -0.2661
vn -0.0001 1.0000 -0.0014
vn 0.0153 0.9999 -0.0008
vn -0.0006 0.9956 -0.0932
vn 0.3463 0.9325 0.1026
vn 0.3089 0.9277 -0.2095
vn 0.9264 0.3104 -0.2131
vn 0.9998 0.0166 -0.0076
vn 0.9332 0.3455 0.0984
vn 0.9612 0.0020 -0.2757
vn 1.0000 -0.0001 -0.0083
vn 0.9998 -0.0166 -0.0076
vn 0.9951 0.0005 -0.0990
vn 0.9296 -0.3013 -0.2124
vn 0.9332 -0.3456 0.0984
vn 0.9658 -0.2593 -0.0067
vn 0.3464 -0.9325 0.1026
vn 0.2593 -0.9658 -0.0018
vn 0.3110 -0.9270 -0.2097
vn 0.0153 -0.9999 -0.0008
vn -0.0006 -0.9956 -0.0938
vn -0.0018 -0.9642 -0.2650
vn -0.0001 -1.0000 -0.0014
vn 0.4926 -0.8239 0.2803
vn 0.6190 -0.7783 0.1056
vn 0.3014 -0.9096 0.2859
vn 0.8721 -0.4844 0.0690
vn 0.8446 -0.4728 0.2514
vn 0.8258 -0.5459 -0.1418
vn 0.9339 -0.3201 -0.1594
vn 0.9136 0.1187 0.3888
vn 0.9868 -0.1232 0.1053
vn 0.8495 -0.3802 -0.3658
vn 0.6484 -0.6280 -0.4303
vn 0.7930 -0.5377 -0.2864
vn 0.4514 -0.8909 0.0494
vn 0.5447 -0.8110 -0.2134
vn 0.8832 -0.4690 -0.0069
vn 0.4838 -0.8561 0.1816
vn 0.7796 -0.6228 0.0665
vn 0.9999 0.0050 0.0147
vn 0.9655 -0.0145 0.2600
vn 0.7541 0.6533 0.0667
vn 0.9191 0.3938 -0.0081
vn 0.5183 0.8394 0.1633
vn 0.5053 0.8595 0.0775
vn 0.5193 0.8541 0.0284
vn 0.7201 0.6914 -0.0577
vn 0.9273 0.3726 0.0351
vn 0.7569 0.6426 0.1192
vn 0.9708 0.0986 -0.2186
vn 0.8927 0.1556 0.4229
vn 0.9534 -0.1114 -0.2803
vn 0.9670 0.0862 0.2398
vn 0.9577 -0.0977 -0.2708
vn 0.9963 -0.0324 -0.0796
vn 0.9522 -0.1059 -0.2866
vn 0.8772 -0.1784 -0.4458
vn -0.6174 -0.7783 0.1141
vn -0.4887 -0.8239 0.2871
vn -0.2974 -0.9096 0.2900
vn -0.8711 -0.4844 0.0811
vn -0.8410 -0.4728 0.2631
vn -0.8277 -0.5459 -0.1304
vn -0.9360 -0.3201 -0.1465
vn -0.9082 0.1187 0.4014
vn -0.9852 -0.1232 0.1189
vn -0.8544 -0.3802 -0.3541
vn -0.6543 -0.6280 -0.4213
vn -0.7969 -0.5377 -0.2754
vn -0.4507 -0.8909 0.0557
vn -0.5476 -0.8110 -0.2058
vn -0.8832 -0.4690 0.0053
vn -0.4812 -0.8561 0.1883
vn -0.7786 -0.6228 0.0773
vn -0.9996 0.0050 0.0285
vn -0.9618 -0.0145 0.2733
vn -0.7531 0.6533 0.0771
vn -0.9192 0.3938 0.0046
vn -0.5160 0.8394 0.1704
vn -0.5042 0.8595 0.0845
vn -0.5189 0.8541 0.0356
vn -0.7209 0.6914 -0.0478
vn -0.9268 0.3726 0.0479
vn -0.7552 0.6426 0.1296
vn -0.9737 0.0986 -0.2052
vn -0.8868 0.1556 0.4351
vn -0.9572 -0.1114 -0.2671
vn -0.9636 0.0862 0.2531
vn -0.9613 -0.0977 -0.2575
vn -0.9973 -0.0324 -0.0658
vn -0.9561 -0.1059 -0.2734
vn -0.8832 -0.1784 -0.4337
vn -0.0062 0.4325 -0.9016
vn 0.5737 0.3513 -0.7399
vn -0.0068 -0.1749 -0.9846
vn -0.0033 0.8768 -0.4809
vn -0.5839 0.3513 -0.7319
vn -0.0027 1.0000 0.0048
vn -0.0047 0.8139 -0.5809
vn -0.5856 0.8106 0.0043
vn 0.5821 0.8131 -0.0063
vn 0.0059 0.8097 0.5868
vn 0.9971 -0.0493 -0.0580
vn 0.7969 -0.5817 0.1632
vn 0.7703 -0.2346 -0.5929
vn 0.8273 0.5111 -0.2333
vn 0.8499 0.1600 0.5020
vn 0.8387 0.5104 -0.1899
vn 0.9855 -0.0110 0.1692
vn 0.7433 0.0853 -0.6635
vn 0.3339 0.8107 -0.4808
vn 0.5711 0.7459 0.3428
vn 0.9952 0.0883 -0.0430
vn 0.8496 -0.4843 0.2089
vn 0.7736 -0.1099 -0.6241
vn 0.7201 0.6612 -0.2105
vn 0.7758 0.3186 0.5446
vn 0.9942 -0.0904 -0.0587
vn 0.7842 -0.6029 0.1464
vn 0.7551 -0.2950 -0.5855
vn 0.8648 0.4442 -0.2342
vn 0.8542 0.0974 0.5107
vn 0.8588 -0.3432 0.3803
vn 0.3441 -0.6316 0.6947
vn 0.6447 -0.7619 -0.0622
vn 0.9849 0.0217 -0.1717
vn 0.7134 0.1867 0.6755
vn -0.9978 -0.0493 -0.0443
vn -0.7784 -0.2346 -0.5823
vn -0.7946 -0.5817 0.1741
vn -0.8304 0.5111 -0.2218
vn -0.8429 0.1600 0.5137
vn -0.7592 0.6508 0.0069
vn -0.6223 0.5276 -0.5783
vn -0.9991 0.0425 0.0052
vn -0.1925 0.9813 0.0054
vn -0.6164 0.5222 0.5894
vn -0.8413 0.5104 -0.1783
vn -0.7524 0.0853 -0.6532
vn -0.9831 -0.0110 0.1828
vn -0.3405 0.8107 -0.4762
vn -0.5663 0.7459 0.3507
vn 0.9063 0.4221 -0.0221
vn 0.9735 -0.2247 -0.0437
vn 0.7181 0.3392 -0.6077
vn 0.4698 0.8828 0.0083
vn 0.7683 0.3052 0.5627
vn 0.7592 0.6508 -0.0036
vn 0.9991 0.0425 -0.0086
vn 0.6142 0.5276 -0.5868
vn 0.1926 0.9813 0.0028
vn 0.6244 0.5222 0.5809
vn 0.9557 0.2938 -0.0168
vn 0.9439 -0.3290 -0.0296
vn 0.7492 0.2577 -0.6102
vn 0.5902 0.8070 -0.0187
vn 0.7747 0.2524 0.5798
vn -0.9949 -0.0904 -0.0450
vn -0.7631 -0.2950 -0.5750
vn -0.7821 -0.6029 0.1572
vn -0.8679 0.4442 -0.2223
vn -0.8471 0.0974 0.5224
vn -0.9957 0.0883 -0.0293
vn -0.7821 -0.1099 -0.6134
vn -0.8467 -0.4843 0.2206
vn -0.7229 0.6612 -0.2005
vn -0.7682 0.3186 0.5553
vn -0.8535 -0.3432 0.3921
vn -0.6455 -0.7619 -0.0533
vn -0.3345 -0.6316 0.6994
vn -0.9872 0.0217 -0.1581
vn -0.7040 0.1867 0.6852
vn -0.9065 0.4221 -0.0095
vn -0.7264 0.3392 -0.5977
vn -0.9740 -0.2247 -0.0303
vn -0.4696 0.8828 0.0148
vn -0.7605 0.3052 0.5732
vn -0.9559 0.2938 -0.0036
vn -0.7575 0.2577 -0.5998
vn -0.9442 -0.3290 -0.0166
vn -0.5904 0.8070 -0.0106
vn -0.7666 0.2524 0.5904
vn -0.9153 -0.1754 0.3625
vn -0.9828 0.1424 0.1174
vn -0.9643 0.1718 0.2016
vn -0.7705 -0.0715 0.6334
vn -0.9315 0.3077 -0.1938
vn -0.9614 -0.2455 0.1242
vn -0.9048 0.2844 -0.3168
vn -0.6985 -0.0948 0.7093
vn -0.9094 0.2118 -0.3581
vn -0.7377 -0.4844 0.4703
vn -0.6994 -0.0461 0.7133
vn -0.7179 -0.6548 0.2363
vn -0.5997 -0.7983 0.0558
vn -0.5539 -0.8232 0.1247
vn -0.5266 -0.8251 0.2047
vn -0.5495 -0.7973 0.2497
vn -0.7828 -0.6161 -0.0878
vn -0.5949 -0.7454 0.3008
vn -0.8945 -0.3805 -0.2348
vn -0.8769 -0.1536 -0.4555
vn -0.8593 -0.1402 -0.4919
vn -0.8508 -0.3399 -0.4008
vn -0.8496 -0.1775 -0.4967
vn -0.8486 -0.2899 -0.4426
vn -0.8451 -0.1839 -0.5020
vn -0.8351 -0.2571 -0.4863
vn -0.8392 -0.2158 -0.4992
vn -0.8140 -0.2806 -0.5087
vn -0.8977 -0.0458 -0.4383
vn -0.7664 -0.3184 -0.5580
vn -0.9311 0.1520 -0.3315
vn -0.8980 -0.1112 -0.4258
vn -0.7988 -0.3137 -0.5133
vn -0.8910 -0.1378 -0.4326
vn 0.9203 -0.1754 0.3498
vn 0.9670 0.1718 0.1883
vn 0.9843 0.1424 0.1039
vn 0.7791 -0.0715 0.6228
vn 0.9288 0.3077 -0.2066
vn 0.9630 -0.2455 0.1109
vn 0.9004 0.2844 -0.3293
vn 0.7082 -0.0948 0.6996
vn 0.9043 0.2118 -0.3706
vn 0.7441 -0.4844 0.4601
vn 0.7091 -0.0461 0.7036
vn 0.7211 -0.6548 0.2264
vn 0.6004 -0.7983 0.0475
vn 0.5556 -0.8232 0.1170
vn 0.5293 -0.8251 0.1975
vn 0.5529 -0.7973 0.2421
vn 0.7815 -0.6161 -0.0986
vn 0.5990 -0.7454 0.2926
vn 0.8911 -0.3805 -0.2471
vn 0.8705 -0.1536 -0.4676
vn 0.8524 -0.1402 -0.5037
vn 0.8452 -0.3399 -0.4125
vn 0.8426 -0.1775 -0.5084
vn 0.8424 -0.2899 -0.4543
vn 0.8381 -0.1839 -0.5136
vn 0.8283 -0.2571 -0.4978
vn 0.8322 -0.2158 -0.5107
vn 0.8069 -0.2806 -0.5199
vn 0.8915 -0.0458 -0.4506
vn 0.7586 -0.3184 -0.5685
vn 0.9265 0.1520 -0.3443
vn 0.8920 -0.1112 -0.4381
vn 0.7916 -0.3137 -0.5243
vn 0.8849 -0.1378 -0.4449
vn 0.3273 -0.8137 -0.4804
vn -0.0050 -0.6831 -0.7303
vn 0.4589 -0.3076 -0.8336
vn -0.3339 -0.8137 -0.4758
vn -0.0068 -0.1688 -0.9856
vn -0.4703 -0.3076 -0.8272
vn -0.0067 -0.2251 -0.9743
vn -0.0067 -0.0014 -1.0000
vn -0.0071 -0.0014 -1.0000
vn 0.5455 -0.5201 -0.6572
vn -0.5545 -0.5201 -0.6496
vn -0.0066 -0.3060 -0.9520
vn 0.5998 -0.0420 -0.7991
vn -0.6107 -0.0420 -0.7907
vn -0.0064 0.3816 -0.9243
vn -0.8194 -0.5147 0.2523
vn 0.0033 -0.8741 0.4857
vn -0.3823 -0.7164 0.5836
vn 0.0033 -0.8760 0.4823
vn 0.3903 -0.7164 0.5783
vn 0.8228 -0.5147 0.2410
vn 0.2387 -0.9447 -0.2250
vn 0.0907 -0.7822 -0.6163
vn 0.1500 -0.9770 -0.1515
vn 0.1471 -0.6858 -0.7128
vn 0.1594 -0.9836 -0.0846
vn 0.4564 -0.8375 -0.3006
vn 0.2396 -0.6854 -0.6876
vn 0.1263 -0.5319 -0.8373
vn 0.2885 -0.9562 -0.0498
vn 0.2238 -0.9071 -0.3564
vn 0.1239 -0.9096 -0.3966
vn 0.1338 -0.9858 -0.1017
vn 0.5438 -0.8276 -0.1393
vn 0.2497 -0.9634 -0.0977
vn 0.1344 -0.9909 -0.0021
vn 0.4210 -0.8300 -0.3658
vn 0.2554 -0.9668 -0.0033
vn 0.5059 -0.8606 -0.0589
vn 0.4669 -0.7808 -0.4151
vn 0.5296 -0.7044 -0.4727
vn 0.6215 -0.7334 -0.2754
vn 0.5234 -0.7017 -0.4834
vn 0.0172 -0.5999 -0.7999
vn 0.5305 -0.7333 -0.4252
vn 0.0186 -0.7117 -0.7022
vn 0.7261 -0.6383 -0.2556
vn 0.5666 -0.7539 -0.3325
vn 0.0207 -0.8633 -0.5042
vn -0.0370 -0.9067 -0.4201
vn 0.9566 -0.2615 -0.1283
vn 0.6312 -0.7187 -0.2917
vn 0.7644 -0.6131 -0.1996
vn 0.7548 -0.6558 -0.0135
vn 0.6639 -0.7164 -0.2146
vn 0.7393 -0.6589 -0.1392
vn 0.9989 0.0360 0.0298
vn 0.9082 0.4184 0.0033
vn 0.7033 -0.6902 -0.1704
vn 0.6399 -0.7677 -0.0344
vn 0.9122 -0.4096 -0.0007
vn 0.6535 -0.7538 -0.0688
vn 0.9933 -0.0646 -0.0953
vn 0.6012 -0.4616 -0.6523
vn 0.9109 -0.3674 -0.1879
vn 0.9263 0.3404 -0.1617
vn 0.6500 0.5122 -0.5614
vn 0.7539 0.4895 -0.4383
vn 0.8299 0.1050 -0.5479
vn 0.8985 0.4338 -0.0672
vn 0.8417 0.5399 0.0030
vn 0.6221 0.7829 -0.0001
vn 0.9849 -0.0649 -0.1604
vn 0.6044 0.7741 -0.1886
vn 0.9625 -0.1878 -0.1955
vn 0.7100 0.2680 -0.6512
vn 0.8088 0.3756 -0.4526
vn 0.9209 0.3752 -0.1055
vn 0.5520 0.8034 -0.2235
vn 0.9972 0.0732 -0.0116
vn 0.9943 -0.0997 -0.0374
vn 0.9797 0.1810 -0.0857
vn 0.9983 -0.0583 -0.0062
vn 0.9934 0.1143 -0.0063
vn 0.5134 0.8582 -0.0045
vn 0.2337 0.9723 -0.0018
vn 0.2432 0.9700 -0.0005
vn 0.2597 0.9657 -0.0047
vn 0.9742 0.2255 -0.0107
vn 0.5460 0.8375 -0.0223
vn 0.2278 0.9732 -0.0302
vn 0.9956 0.0942 0.0007
vn 0.5558 0.8307 -0.0312
vn 0.2332 0.9717 -0.0371
vn 0.3004 0.9524 -0.0514
vn 0.9682 0.2502 0.0080
vn 0.5559 0.8293 -0.0574
vn 0.4099 0.9099 -0.0641
vn 0.5713 0.8179 -0.0684
vn 0.8205 0.5669 -0.0736
vn 0.8703 0.4899 -0.0502
vn 0.9355 0.3448 -0.0771
vn 0.9097 0.3690 0.1902
vn 0.7419 0.6500 0.1647
vn 0.9958 0.0919 0.0037
vn 0.9910 0.1329 0.0152
vn 0.7006 0.6906 0.1796
vn 0.6098 0.7862 0.1002
vn 0.6629 0.7381 0.1254
vn 0.8817 0.0807 0.4648
vn 0.9880 0.1167 0.1015
vn 0.9977 0.0681 -0.0046
vn 0.7212 -0.6138 0.3212
vn 0.9602 -0.2792 -0.0092
vn 0.7401 -0.5559 0.3785
vn 0.8527 -0.3387 0.3976
vn 0.8218 -0.5527 -0.1386
vn 0.9586 -0.2844 -0.0144
vn 0.9054 -0.4246 -0.0092
vn 0.9232 -0.3832 0.0299
vn 0.7512 -0.6601 -0.0054
vn 0.9090 -0.4167 -0.0071
vn 0.7515 -0.6597 0.0007
vn 0.5001 -0.8659 -0.0050
vn 0.7846 -0.6088 0.1177
vn 0.5095 -0.8602 0.0235
vn 0.2623 -0.9642 0.0392
vn 0.1348 -0.9900 0.0417
vn 0.1353 -0.9621 0.2367
vn 0.2581 -0.9421 0.2141
vn 0.1376 -0.9174 0.3735
vn 0.2973 -0.8871 0.3530
vn 0.4605 -0.8420 0.2810
vn 0.6008 -0.7429 0.2952
vn 0.7194 -0.2539 0.6465
vn 0.3235 -0.9460 0.0197
vn 0.8078 -0.2660 0.5260
vn 0.2279 -0.7392 0.6337
vn 0.7951 -0.3440 0.4994
vn 0.3285 -0.9417 -0.0731
vn 0.8283 -0.2647 0.4938
vn 0.7703 -0.3776 0.5138
vn 0.6640 -0.7130 -0.2254
vn 0.2248 -0.8835 -0.4109
vn 0.5115 -0.8402 -0.1803
vn 0.5774 -0.7797 -0.2422
vn 0.8328 -0.4996 0.2385
vn 0.4608 -0.8811 -0.1067
vn -0.0992 -0.7822 -0.6150
vn -0.2418 -0.9447 -0.2217
vn -0.1521 -0.9770 -0.1494
vn -0.1570 -0.6858 -0.7107
vn -0.1606 -0.9836 -0.0824
vn -0.4605 -0.8375 -0.2942
vn -0.2491 -0.6854 -0.6843
vn -0.1379 -0.5319 -0.8355
vn -0.2892 -0.9562 -0.0458
vn -0.2287 -0.9071 -0.3533
vn -0.1293 -0.9096 -0.3949
vn -0.1352 -0.9858 -0.0998
vn -0.5456 -0.8276 -0.1318
vn -0.2510 -0.9634 -0.0942
vn -0.4260 -0.8300 -0.3600
vn -0.1344 -0.9909 -0.0003
vn -0.5360 -0.7044 -0.4653
vn -0.2554 -0.9668 0.0002
vn -0.5300 -0.7017 -0.4762
vn -0.0283 -0.5999 -0.7996
vn -0.6252 -0.7334 -0.2668
vn -0.5363 -0.7333 -0.4178
vn -0.0283 -0.7117 -0.7019
vn -0.7296 -0.6383 -0.2455
vn -0.5711 -0.7539 -0.3247
vn -0.0277 -0.8633 -0.5039
vn 0.0312 -0.9067 -0.4206
vn -0.9583 -0.2615 -0.1151
vn -0.7670 -0.6131 -0.1890
vn -0.6351 -0.7187 -0.2830
vn -0.4726 -0.7808 -0.4086
vn -0.6668 -0.7164 -0.2054
vn -0.5066 -0.8606 -0.0519
vn -0.7549 -0.6558 -0.0031
vn -0.5002 -0.8659 0.0019
vn -0.7411 -0.6589 -0.1289
vn -0.9122 -0.4096 0.0119
vn -0.9984 0.0360 0.0436
vn -0.9081 0.4184 0.0158
vn -0.7056 -0.6902 -0.1607
vn -0.6403 -0.7677 -0.0255
vn -0.6544 -0.7538 -0.0598
vn -0.7512 -0.6601 0.0049
vn -0.9134 -0.3674 -0.1754
vn -0.9054 -0.4246 0.0033
vn -0.7514 -0.6597 0.0111
vn -0.6102 -0.4616 -0.6439
vn -0.9946 -0.0646 -0.0816
vn -0.6576 0.5122 -0.5524
vn -0.9284 0.3404 -0.1489
vn -0.7598 0.4895 -0.4278
vn -0.8374 0.1050 -0.5364
vn -0.8994 0.4338 -0.0548
vn -0.8416 0.5399 0.0146
vn -0.6221 0.7829 0.0084
vn -0.9870 -0.0649 -0.1468
vn -0.6069 0.7741 -0.1802
vn -0.9652 -0.1878 -0.1822
vn -0.7189 0.2680 -0.6414
vn -0.9223 0.3752 -0.0928
vn -0.5550 0.8034 -0.2158
vn -0.8149 0.3756 -0.4414
vn -0.9947 -0.0997 -0.0236
vn -0.9808 0.1810 -0.0722
vn -0.9934 0.1143 0.0075
vn -0.5134 0.8582 0.0026
vn -0.2337 0.9723 0.0014
vn -0.2432 0.9700 0.0028
vn -0.2598 0.9657 -0.0012
vn -0.9983 -0.0583 0.0076
vn -0.9742 0.2255 0.0028
vn -0.5462 0.8375 -0.0147
vn -0.2282 0.9732 -0.0270
vn -0.9973 0.0732 0.0021
vn -0.5562 0.8307 -0.0235
vn -0.2337 0.9717 -0.0338
vn -0.3011 0.9524 -0.0473
vn -0.9587 -0.2844 -0.0012
vn -0.9602 -0.2792 0.0040
vn -0.9976 0.0681 0.0092
vn -0.9954 0.0942 0.0144
vn -0.9865 0.1167 0.1152
vn -0.9090 -0.4167 0.0055
vn -0.9227 -0.3832 0.0426
vn -0.7829 -0.6088 0.1285
vn -0.7348 -0.5559 0.3887
vn -0.5091 -0.8602 0.0306
vn -0.8005 -0.2660 0.5371
vn -0.2617 -0.9642 0.0429
vn -0.1342 -0.9900 0.0436
vn -0.1320 -0.9621 0.2385
vn -0.2551 -0.9421 0.2176
vn -0.1324 -0.9174 0.3753
vn -0.2924 -0.8871 0.3571
vn -0.4566 -0.8420 0.2874
vn -0.5967 -0.7429 0.3035
vn -0.7105 -0.2539 0.6563
vn -0.3232 -0.9460 0.0242
vn -0.2192 -0.7392 0.6368
vn -0.4623 -0.8811 -0.1003
vn -0.8294 -0.4996 0.2499
vn -0.3295 -0.9417 -0.0686
vn -0.7632 -0.3776 0.5244
vn -0.5807 -0.7797 -0.2342
vn -0.2304 -0.8835 -0.4077
vn -0.5139 -0.8402 -0.1733
vn -0.6670 -0.7130 -0.2162
vn -0.8236 -0.5527 -0.1272
vn -0.8214 -0.2647 0.5052
vn -0.8472 -0.3387 0.4093
vn -0.9956 0.0919 0.0175
vn -0.7882 -0.3440 0.5103
vn -0.7167 -0.6138 0.3311
vn -0.8752 0.0807 0.4769
vn -0.6084 0.7862 0.1086
vn -0.6612 0.7381 0.1345
vn -0.7395 0.6500 0.1749
vn -0.9365 0.3448 -0.0642
vn -0.6980 0.6906 0.1892
vn -0.9907 0.1329 0.0289
vn -0.9070 0.3690 0.2028
vn -0.8709 0.4899 -0.0382
vn -0.8214 0.5669 -0.0623
vn -0.9680 0.2502 0.0214
vn -0.5566 0.8293 -0.0498
vn -0.5722 0.8179 -0.0605
vn -0.4108 0.9099 -0.0584
vn -0.9626 -0.2710 0.0028
vn -0.9279 0.3687 -0.0551
vn -0.9416 0.3223 0.0977
vn -0.9660 0.2411 0.0931
vn -0.9449 -0.2817 0.1668
vn -0.9474 0.2900 0.1353
vn -0.9934 0.1012 -0.0533
vn -0.9374 -0.3171 0.1440
vn -0.8806 -0.4738 0.0111
vn -0.9431 0.3323 -0.0120
vn -0.9741 -0.1303 -0.1850
vn -0.8982 -0.4292 0.0953
vn -0.9642 0.2559 0.0701
vn -0.9950 0.0328 -0.0942
vn -0.9991 0.0101 -0.0424
vn -0.9498 -0.2097 -0.2323
vn -0.9963 0.0658 0.0552
vn -0.9802 0.1777 0.0871
vn -0.9851 0.1547 -0.0757
vn -0.7430 -0.5128 -0.4300
vn -0.9984 -0.0560 0.0079
vn -0.7307 -0.3815 -0.5662
vn -0.9513 0.0217 0.3075
vn -0.9984 -0.0541 -0.0146
vn -0.9975 -0.0709 0.0042
vn -0.9956 -0.0724 -0.0593
vn -0.8350 -0.4988 0.2323
vn -0.9964 -0.0846 -0.0016
vn -0.7373 -0.5411 0.4044
vn -0.9973 -0.0656 0.0329
vn -0.9932 -0.1123 0.0305
vn -0.6889 -0.5014 0.5234
vn -0.9307 -0.3527 -0.0970
vn -0.7112 -0.2409 -0.6604
vn -0.9986 -0.0528 -0.0028
vn -0.9904 -0.1267 0.0553
vn -0.6450 -0.4510 0.6169
vn -0.9474 -0.2775 -0.1593
vn -0.7120 -0.1134 -0.6930
vn -0.7489 0.0148 -0.6626
vn -0.9970 -0.0729 -0.0269
vn -0.9902 -0.1025 0.0951
vn -0.9909 -0.1223 0.0557
vn -0.6156 -0.3699 0.6959
vn -0.8288 0.1172 -0.5471
vn -0.9284 -0.3707 0.0266
vn -0.7111 -0.7026 0.0256
vn -0.6832 -0.5960 -0.4220
vn -0.7455 0.1325 -0.6532
vn -0.8388 -0.0737 -0.5395
vn -0.7960 -0.4933 -0.3507
vn -0.7230 0.2838 -0.6298
vn -0.7987 0.1049 -0.5925
vn -0.8566 0.1263 -0.5002
vn -0.8746 -0.3999 -0.2741
vn -0.6546 0.2804 -0.7020
vn -0.0069 0.0135 -0.9999
vn -0.7353 0.1333 -0.6645
vn -0.9215 -0.3223 -0.2165
vn -0.5508 0.1474 -0.8215
vn -0.0067 -0.2337 -0.9723
vn -0.5891 0.0377 -0.8072
vn -0.4885 -0.0980 -0.8671
vn -0.0061 -0.4568 -0.8895
vn -0.5801 -0.2449 -0.7769
vn -0.9115 -0.3507 -0.2148
vn -0.9949 0.1000 0.0095
vn -0.8887 0.1842 -0.4199
vn -0.9636 0.2669 0.0176
vn -0.8872 0.1543 0.4349
vn -0.7882 0.4011 -0.4667
vn -0.8035 0.3385 0.4897
vn -0.6250 0.7791 0.0496
vn -0.4291 0.9032 -0.0080
vn -0.9949 0.1000 0.0102
vn -0.8872 0.1916 -0.4197
vn -0.9635 0.2666 0.0225
vn -0.8882 0.1472 0.4352
vn -0.7819 0.4160 -0.4642
vn -0.8082 0.3229 0.4924
vn -0.6274 0.7753 0.0718
vn -0.4280 0.9037 -0.0134
vn 0.9950 0.1000 -0.0042
vn 0.9637 0.2669 0.0043
vn 0.8828 0.1841 -0.4321
vn 0.8931 0.1543 0.4226
vn 0.7817 0.4011 -0.4776
vn 0.8102 0.3385 0.4785
vn 0.6256 0.7791 0.0410
vn 0.4289 0.9032 -0.0139
vn 0.9950 0.1000 -0.0035
vn 0.9638 0.2666 0.0092
vn 0.8813 0.1916 -0.4319
vn 0.8942 0.1472 0.4229
vn 0.7754 0.4160 -0.4750
vn 0.8149 0.3229 0.4812
vn 0.6284 0.7753 0.0632
vn 0.4278 0.9037 -0.0193
vn 0.3059 -0.9025 0.3031
vn 0.5094 -0.6388 0.5766
vn 0.3507 -0.5966 0.7219
vn 0.4546 -0.8792 0.1422
vn 0.1792 -0.4117 0.8935
vn 0.7341 -0.5566 0.3889
vn 0.6523 -0.7569 0.0405
vn 0.3297 -0.4554 0.8270
vn 0.0872 -0.5779 0.8115
vn 0.7626 -0.6428 -0.0728
vn 0.3765 -0.6253 0.6836
vn 0.8680 -0.4573 0.1938
vn 0.6555 -0.4467 0.6089
vn 0.7721 -0.4829 0.4131
vn 0.8023 -0.3759 0.4637
vn 0.8218 -0.3661 0.4366
vn 0.9122 -0.3095 0.2685
vn 0.9422 -0.3296 0.0606
vn 0.9211 -0.2402 0.3064
vn 0.9604 -0.1640 0.2252
vn 0.9647 -0.2438 0.0998
vn 0.9690 -0.1146 0.2189
vn 0.9755 -0.0951 0.1982
vn 0.9563 -0.2822 -0.0770
vn 0.9552 -0.2496 -0.1588
vn 0.9642 -0.2593 0.0557
vn 0.9364 -0.2518 -0.2445
vn 0.9215 -0.0963 -0.3762
vn 0.9991 0.0072 0.0423
vn 0.9995 0.0309 -0.0091
vn 0.9087 0.3802 -0.1721
vn 0.8073 0.5438 -0.2291
vn 0.8551 0.0145 -0.5182
vn 0.8600 0.2292 -0.4560
vn 0.8811 0.1110 -0.4598
vn 0.7729 -0.1183 -0.6234
vn 0.7943 0.0264 -0.6069
vn 0.9009 0.0842 -0.4257
vn 0.7800 0.2365 -0.5794
vn 0.9004 0.0151 -0.4349
vn 0.6279 0.3828 -0.6776
vn 0.9957 -0.0895 0.0252
vn 0.2823 0.6254 -0.7275
vn 0.9544 -0.0843 -0.2863
vn 0.8437 0.2992 -0.4458
vn 0.6900 0.3449 -0.6363
vn 0.3263 0.4904 -0.8081
vn 0.1277 0.6531 -0.7464
vn 0.9196 0.3928 -0.0063
vn 0.5564 0.8292 -0.0540
vn 0.5512 0.8343 -0.0038
vn 0.7908 0.5513 -0.2659
vn -0.5512 0.8343 0.0038
vn 0.3776 0.8707 -0.3150
vn 0.4354 0.6950 -0.5722
vn 0.1205 0.7078 -0.6961
vn -0.5571 0.8292 -0.0464
vn -0.9196 0.3928 0.0063
vn -0.7944 0.5513 -0.2550
vn -0.3819 0.8707 -0.3098
vn -0.4432 0.6950 -0.5662
vn -0.1301 0.7077 -0.6944
vn -0.0629 0.9095 -0.4110
vn 0.0572 0.9095 -0.4118
vn -0.0068 0.0017 -1.0000
vn -0.0082 0.0013 -1.0000
vn -0.0077 -0.0000 -1.0000
vn 0.0002 0.0071 -1.0000
vn -0.0076 0.0004 -1.0000
vn 0.0025 0.0094 -1.0000
vn -0.0066 -0.0008 -1.0000
vn -0.0052 0.0001 -1.0000
vn -0.0024 -0.0078 -1.0000
vn -0.0055 -0.0013 -1.0000
vn -0.0019 -0.0075 -1.0000
vn -0.0086 0.0001 -1.0000
vn -0.0053 0.0003 -1.0000
vn -0.0083 -0.0013 -1.0000
vn -0.0055 0.0013 -1.0000
vn -0.0140 0.0071 -0.9999
vn -0.0085 0.0003 -1.0000
vn -0.0163 0.0094 -0.9998
vn -0.0083 0.0013 -1.0000
vn -0.0070 0.0017 -1.0000
vn -0.0119 -0.0075 -0.9999
vn -0.0056 0.0013 -1.0000
vn -0.0114 -0.0078 -0.9999
vn -0.0061 -0.0000 -1.0000
vn -0.0072 -0.0008 -1.0000
vn -0.0062 0.0004 -1.0000
vn 0.0068 -0.0000 1.0000
vn 0.0070 -0.0000 1.0000
vn 0.0071 -0.0001 1.0000
vn 0.0073 -0.0005 1.0000
vn 0.0067 -0.0001 1.0000
vn 0.0065 -0.0005 1.0000
vn 0.0070 -0.0001 1.0000
vn 0.0068 -0.0001 1.0000
vn 0.0070 0.0003 1.0000
vn 0.0074 0.0011 1.0000
vn 0.0068 0.0003 1.0000
vn 0.0076 0.0012 1.0000
vn 0.0064 0.0011 1.0000
vn 0.0075 0.0008 1.0000
vn 0.0062 0.0012 1.0000
vn 0.0069 0.0003 1.0000
vn 0.0063 0.0008 1.0000
vn 0.9973 0.0730 -0.0053
vn 0.9642 0.2653 -0.0053
vn 0.9633 0.2683 -0.0116
vn 0.9978 0.0652 -0.0068
vn 0.7872 0.6167 -0.0029
vn 0.9710 0.2389 -0.0040
vn 0.9982 0.0595 -0.0081
vn 0.9544 0.2985 -0.0037
vn 0.8981 0.4395 -0.0111
vn 0.7400 0.6644 -0.1048
vn 0.5091 0.8607 -0.0017
vn 0.4354 0.8852 -0.1635
vn 0.2909 0.9567 -0.0070
vn 0.8694 0.4912 -0.0532
vn 0.2095 0.9532 -0.2178
vn 0.1879 0.9821 -0.0092
vn 0.5180 0.8218 -0.2373
vn 0.0822 0.9651 -0.2487
vn -0.0000 1.0000 -0.0061
vn 0.2645 0.8939 -0.3620
vn 0.7693 0.6376 0.0391
vn 0.9057 0.4210 0.0497
vn 0.6983 0.7087 0.1007
vn 0.8614 0.4197 0.2859
vn 0.4413 0.8914 0.1035
vn 0.6409 0.5806 0.5021
vn 0.7443 0.6527 0.1415
vn 0.0604 0.8928 -0.4463
vn 0.3259 0.9398 0.1030
vn -0.0020 0.9554 -0.2952
vn 0.1406 0.9816 0.1292
vn -0.0856 0.9651 -0.2475
vn -0.1880 0.9821 -0.0066
vn -0.0031 0.8902 -0.4556
vn -0.0666 0.8928 -0.4455
vn -0.2125 0.9532 -0.2149
vn -0.2910 0.9567 -0.0030
vn -0.2695 0.8939 -0.3583
vn -0.4377 0.8852 -0.1575
vn -0.5090 0.8607 0.0053
vn -0.5212 0.8218 -0.2301
vn -0.7414 0.6644 -0.0946
vn -0.7872 0.6167 0.0079
vn -0.8700 0.4912 -0.0412
vn -0.9633 0.2683 0.0017
vn -0.9641 0.2653 0.0080
vn -0.9973 0.0730 0.0085
vn -0.9978 0.0652 0.0070
vn -0.7687 0.6376 0.0498
vn -0.9049 0.4210 0.0622
vn -0.9710 0.2389 0.0094
vn -0.9982 0.0595 0.0056
vn -0.9544 0.2985 0.0095
vn -0.8982 0.4395 0.0013
vn -0.8574 0.4197 0.2978
vn -0.6969 0.7087 0.1103
vn -0.4398 0.8914 0.1096
vn -0.6339 0.5806 0.5109
vn -0.7423 0.6527 0.1517
vn -0.3245 0.9398 0.1074
vn -0.1389 0.9816 0.1311
vn -0.2861 0.7256 0.6259
vn 0.0017 0.9698 0.2439
vn 0.0047 0.7261 0.6876
vn -0.4862 0.8294 0.2751
vn -0.1601 0.9318 0.3258
vn 0.2947 0.7256 0.6219
vn 0.4900 0.8294 0.2684
vn 0.1645 0.9318 0.3235
vn 0.0021 0.9505 0.3108
vn 0.1802 0.9509 -0.2518
vn 0.4282 0.8804 -0.2038
vn 0.7594 0.6433 -0.0975
vn 0.4365 0.8483 -0.2997
vn 0.8605 0.5057 -0.0617
vn 0.9085 0.4155 0.0441
vn 0.7396 0.6729 -0.0153
vn 0.1780 0.8882 -0.4235
vn 0.0098 0.9396 -0.3422
vn 0.6555 0.7544 0.0342
vn -0.0029 0.9056 -0.4242
vn 0.8640 0.4203 0.2772
vn 0.0255 0.8606 -0.5087
vn 0.4223 0.9002 0.1064
vn 0.6469 0.5644 0.5128
vn 0.7463 0.6473 0.1549
vn 0.7634 0.6370 -0.1069
vn 0.5061 0.8110 0.2935
vn 0.8602 0.5053 -0.0691
vn 0.9010 0.4211 0.1047
vn 0.3594 0.8186 -0.4480
vn 0.4127 0.6802 -0.6058
vn 0.8050 0.5901 0.0606
vn 0.7754 0.3459 0.5283
vn 0.6882 0.6571 0.3076
vn 0.5677 0.8139 -0.1235
vn 0.4975 0.7507 0.4347
vn 0.2054 0.7079 -0.6758
vn 0.4020 0.9122 -0.0792
vn 0.2596 0.9653 0.0301
vn 0.2135 0.6725 0.7086
vn 0.2282 0.8743 -0.4285
vn 0.0953 0.7079 -0.6998
vn 0.1318 0.9854 0.1077
vn 0.0743 0.5762 0.8139
vn 0.1204 0.9065 -0.4047
vn 0.0010 0.9897 0.1433
vn 0.0058 0.5299 0.8481
vn -0.0631 0.5762 0.8149
vn -0.0048 0.7167 -0.6973
vn -0.1303 0.9854 0.1095
vn -0.2037 0.6725 0.7115
vn -0.2591 0.9653 0.0337
vn -0.4914 0.7507 0.4415
vn -0.1049 0.7079 -0.6985
vn -0.4031 0.9122 -0.0736
vn -0.2147 0.7079 -0.6729
vn -0.5694 0.8139 -0.1156
vn -0.6838 0.6571 0.3171
vn -0.8041 0.5901 0.0717
vn -0.7680 0.3459 0.5390
vn -0.8994 0.4211 0.1171
vn -0.4211 0.6802 -0.6000
vn -0.8610 0.5053 -0.0573
vn -0.7648 0.6370 -0.0964
vn -0.3656 0.8186 -0.4430
vn -0.9078 0.4155 0.0566
vn -0.7441 0.6473 0.1651
vn -0.2341 0.8743 -0.4253
vn -0.5020 0.8110 0.3005
vn -0.1260 0.9065 -0.4030
vn -0.2269 0.9066 0.3557
vn -0.0029 0.9065 -0.4222
vn -0.0000 1.0000 0.0070
vn 0.2318 0.9066 0.3525
vn 0.0024 0.9387 0.3446
vn 0.0047 0.7387 0.6740
vn 0.3061 0.7056 0.6391
vn 0.3131 0.9404 0.1326
vn 0.1315 0.9820 0.1357
vn -0.0035 0.8581 -0.5135
vn 0.0014 0.9801 0.1983
vn -0.1296 0.9820 0.1375
vn -0.0046 0.7504 -0.6610
vn -0.0325 0.8606 -0.5083
vn -0.2972 0.7056 0.6433
vn -0.3113 0.9404 0.1369
vn -0.6397 0.5644 0.5217
vn -0.4208 0.9002 0.1122
vn -0.8601 0.4203 0.2891
vn -0.6549 0.7544 0.0433
vn -0.1839 0.8882 -0.4210
vn -0.7397 0.6729 -0.0051
vn -0.8613 0.5057 -0.0498
vn -0.4406 0.8483 -0.2936
vn -0.7607 0.6433 -0.0870
vn -0.4310 0.8804 -0.1979
vn -0.1837 0.9509 -0.2492
vn -0.0145 0.9396 -0.3420
vn 0.9914 -0.1025 0.0815
vn 0.9916 -0.1223 0.0420
vn 0.6251 -0.3699 0.6873
vn 0.8212 0.1172 -0.5585
vn 0.9286 -0.3707 0.0138
vn 0.7114 -0.7026 0.0158
vn 0.6773 -0.5960 -0.4314
vn 0.7364 0.1325 -0.6634
vn 0.8312 -0.0737 -0.5510
vn 0.7911 -0.4933 -0.3616
vn 0.7143 0.2838 -0.6397
vn 0.7904 0.1049 -0.6035
vn 0.8497 0.1263 -0.5120
vn 0.8708 -0.3999 -0.2861
vn 0.6449 0.2804 -0.7110
vn 0.7261 0.1333 -0.6746
vn 0.9185 -0.3223 -0.2292
vn 0.5395 0.1474 -0.8290
vn 0.5779 0.0377 -0.8153
vn 0.4765 -0.0980 -0.8737
vn 0.5693 -0.2449 -0.7848
vn 0.9085 -0.3507 -0.2274
vn -0.1273 -0.6164 -0.7771
vn -0.6775 -0.6219 -0.3927
vn -0.8609 -0.3703 -0.3490
vn -0.9852 -0.1606 0.0596
vn -0.1788 -0.9018 -0.3934
vn -0.0260 -0.7238 -0.6895
vn -0.7314 -0.6434 0.2261
vn -0.7016 -0.1828 0.6887
vn -0.8915 -0.0245 0.4524
vn -0.2181 0.1422 0.9655
vn -0.2782 -0.9012 0.3324
vn -0.0135 -0.9394 -0.3426
vn 0.0298 -0.8148 -0.5790
vn -0.2629 -0.3822 0.8859
vn -0.1824 0.0321 0.9827
vn -0.1818 -0.9193 0.3490
vn -0.2027 -0.3919 0.8974
vn -0.2221 -0.0657 0.9728
vn -0.1273 -0.9534 -0.2735
vn -0.0454 -0.8762 -0.4798
vn -0.2230 -0.9037 -0.3656
vn -0.3902 -0.3834 0.8371
vn -0.3772 -0.1482 0.9142
vn -0.3631 -0.8994 -0.2435
vn -0.7472 -0.5946 0.2968
vn -0.3798 -0.8650 0.3279
vn -0.6309 -0.7259 0.2738
vn -0.6315 -0.2884 0.7198
vn -0.6056 -0.1805 0.7750
vn -0.0569 0.9690 0.2402
vn 0.0559 0.9392 0.3388
vn -0.2724 0.9277 -0.2553
vn 0.1907 0.7961 0.5743
vn -0.0316 0.9616 -0.2725
vn -0.0589 0.5620 -0.8251
vn 0.2957 0.8466 0.4425
vn 0.3416 0.7029 0.6239
vn 0.1582 0.5050 -0.8485
vn 0.2946 0.1640 -0.9415
vn 0.4446 0.8588 -0.2546
vn 0.4113 0.3358 -0.8474
vn 0.5006 0.0041 -0.8657
vn 0.4301 0.7562 0.4931
vn 0.4060 0.6222 0.6693
vn 0.6682 0.7131 -0.2123
vn 0.5929 0.1618 -0.7889
vn 0.6128 -0.1457 -0.7766
vn 0.8222 0.5446 -0.1656
vn 0.5120 0.6728 0.5341
vn 0.4306 0.5632 0.7053
vn 0.7016 0.0002 -0.7125
vn 0.6694 -0.2640 -0.6944
vn 0.5643 0.6001 0.5670
vn 0.4412 0.5134 0.7361
vn 0.9136 0.3931 -0.1041
vn 0.7604 -0.1306 -0.6362
vn 0.6819 -0.3410 -0.6471
vn 0.7743 -0.2173 -0.5943
vn 0.9841 0.1772 0.0087
vn 0.9623 0.2661 -0.0556
vn 0.5996 0.5307 0.5991
vt 0.398193 0.495117
vt 0.386719 0.495117
vt 0.386719 0.490234
vt 0.398193 0.490234
vt 0.389404 0.568848
vt 0.328613 0.565430
vt 0.389404 0.565430
vt 0.328613 0.568848
vt 1.388672 0.568848
vt 1.328125 0.565430
vt 1.328125 0.568848
vt 1.388672 0.565430
vt 0.055847 0.788940
vt 0.055847 0.810303
vt 0.034637 0.788940
vt 0.034637 0.810303
vt 0.034363 0.783325
vt 0.034363 0.709717
vt 0.055603 0.783325
vt 0.055603 0.709717
vt 0.309082 0.794922
vt 0.337646 0.812744
vt 0.305420 0.794678
vt 0.338379 0.808594
vt 0.365967 0.792725
vt 0.365723 0.787476
vt 0.380615 0.806152
vt 0.407471 0.783813
vt 0.407715 0.789673
vt 0.380615 0.810181
vt 0.417480 0.802734
vt 0.448975 0.783569
vt 0.448730 0.789429
vt 0.378906 0.779663
vt 0.418945 0.777222
vt 0.335449 0.783447
vt 0.391846 0.761475
vt 0.352783 0.761230
vt 0.458496 0.778076
vt 0.431885 0.762207
vt 0.391602 0.742188
vt 0.490723 0.785156
vt 0.468018 0.763672
vt 0.498291 0.779785
vt 0.490234 0.790894
vt 0.532227 0.787842
vt 0.509277 0.765747
vt 0.538086 0.782104
vt 0.464355 0.738525
vt 0.570312 0.790771
vt 0.431885 0.738770
vt 0.531738 0.793579
vt 0.394043 0.732666
vt 0.320312 0.747070
vt 0.430908 0.728027
vt 0.464844 0.728027
vt 0.384766 0.720703
vt 0.454590 0.710938
vt 0.478516 0.729736
vt 0.492432 0.739014
vt 0.517090 0.707275
vt 0.431396 0.685303
vt 0.445557 0.677246
vt 0.385010 0.697754
vt 0.458008 0.662109
vt 0.313232 0.711670
vt 0.510742 0.661377
vt 0.311768 0.736572
vt 0.300293 0.710938
vt 0.300293 0.752319
vt 0.294189 0.729492
vt 0.284424 0.756958
vt 0.284668 0.723145
vt 0.287354 0.708740
vt 0.288330 0.742188
vt 0.294434 0.745361
vt 0.281494 0.752808
vt 0.272461 0.750000
vt 0.271484 0.760254
vt 0.258789 0.734619
vt 0.254395 0.786865
vt 0.261719 0.756226
vt 0.251953 0.786377
vt 0.249512 0.740723
vt 0.257080 0.755127
vt 0.246582 0.742920
vt 0.236206 0.733398
vt 0.271729 0.809570
vt 0.251953 0.787598
vt 0.238770 0.730469
vt 0.276611 0.811401
vt 0.284424 0.823975
vt 0.224121 0.725342
vt 0.292236 0.825439
vt 0.288086 0.828125
vt 0.210938 0.713379
vt 0.209229 0.717285
vt 0.343506 0.821655
vt 0.226440 0.721680
vt 0.216797 0.704590
vt 0.231323 0.712891
vt 0.244629 0.684082
vt 0.230713 0.676025
vt 0.245850 0.723877
vt 0.234619 0.671387
vt 0.247559 0.679443
vt 0.262451 0.690674
vt 0.258301 0.697754
vt 0.274658 0.702148
vt 0.270752 0.712158
vt 0.297607 0.838135
vt 0.290039 0.834961
vt 0.343262 0.826782
vt 0.381592 0.822021
vt 0.335205 0.850830
vt 0.382080 0.817383
vt 0.455811 0.850830
vt 0.417236 0.806763
vt 0.417236 0.813965
vt 0.421143 0.817993
vt 0.452393 0.813110
vt 0.452393 0.817749
vt 0.454346 0.801514
vt 0.454346 0.805420
vt 0.488525 0.813965
vt 0.489746 0.818359
vt 0.526855 0.820190
vt 0.569336 0.850830
vt 0.524414 0.815918
vt 0.490479 0.805786
vt 0.490723 0.801758
vt 0.526367 0.807617
vt 0.526855 0.803711
vt 0.562012 0.818970
vt 0.562500 0.810547
vt 0.563477 0.806396
vt 0.564453 0.823486
vt 0.598633 0.814331
vt 0.599609 0.822632
vt 0.600586 0.827393
vt 0.649414 0.850830
vt 0.635254 0.818237
vt 0.635742 0.826660
vt 0.640137 0.831177
vt 0.599609 0.810303
vt 0.671875 0.837280
vt 0.569824 0.796509
vt 0.606934 0.801025
vt 0.607910 0.795166
vt 0.635742 0.815063
vt 0.574219 0.784668
vt 0.671387 0.824097
vt 0.543457 0.769287
vt 0.671387 0.832520
vt 0.544434 0.746826
vt 0.576660 0.772339
vt 0.529785 0.733643
vt 0.580566 0.752808
vt 0.554688 0.736328
vt 0.608887 0.788208
vt 0.608887 0.776733
vt 0.643555 0.793701
vt 0.645020 0.801514
vt 0.645996 0.784546
vt 0.644043 0.807373
vt 0.676758 0.800781
vt 0.681152 0.809692
vt 0.672363 0.821289
vt 0.680176 0.815308
vt 0.698242 0.814819
vt 0.708496 0.831543
vt 0.699219 0.819824
vt 0.708008 0.830811
vt 0.707031 0.838867
vt 0.733398 0.833008
vt 0.738281 0.834961
vt 0.720703 0.828735
vt 0.711426 0.820312
vt 0.722656 0.825317
vt 0.706055 0.812256
vt 0.714844 0.817505
vt 0.706543 0.807861
vt 0.693848 0.805908
vt 0.715820 0.805176
vt 0.691895 0.799194
vt 0.701660 0.800537
vt 0.709961 0.794189
vt 0.698242 0.794434
vt 0.677246 0.793457
vt 0.711914 0.786743
vt 0.651855 0.767700
vt 0.721191 0.801636
vt 0.685059 0.775024
vt 0.706543 0.779297
vt 0.616211 0.759521
vt 0.667969 0.763672
vt 0.583496 0.741211
vt 0.643555 0.755127
vt 0.618652 0.748535
vt 0.646484 0.746094
vt 0.690918 0.772583
vt 0.617676 0.737061
vt 0.587891 0.728271
vt 0.552734 0.717285
vt 0.596191 0.714111
vt 0.553223 0.696777
vt 0.548828 0.676270
vt 0.546875 0.657471
vt 0.559570 0.683350
vt 0.564941 0.664062
vt 0.561523 0.652588
vt 0.571777 0.691406
vt 0.573730 0.669434
vt 0.580566 0.650879
vt 0.575195 0.643555
vt 0.609375 0.688965
vt 0.587891 0.656494
vt 0.587891 0.642822
vt 0.582520 0.636475
vt 0.595703 0.646973
vt 0.596680 0.630859
vt 0.590332 0.625732
vt 0.610352 0.657959
vt 0.604004 0.635498
vt 0.654297 0.655273
vt 0.651367 0.641602
vt 0.661133 0.667969
vt 0.612793 0.638428
vt 0.651367 0.630859
vt 0.653809 0.620117
vt 0.631836 0.708008
vt 0.670898 0.678467
vt 0.624023 0.724121
vt 0.651367 0.717041
vt 0.647461 0.732666
vt 0.673340 0.719971
vt 0.683105 0.685059
vt 0.677734 0.747559
vt 0.693359 0.717529
vt 0.697266 0.687744
vt 0.679688 0.733887
vt 0.679199 0.741943
vt 0.673828 0.757080
vt 0.695312 0.758911
vt 0.692383 0.766357
vt 0.706055 0.773682
vt 0.708008 0.769165
vt 0.716309 0.779663
vt 0.715820 0.782959
vt 0.731445 0.786133
vt 0.717773 0.776855
vt 0.724121 0.764282
vt 0.725098 0.770996
vt 0.727539 0.810669
vt 0.735840 0.772217
vt 0.722656 0.813477
vt 0.730469 0.820679
vt 0.733887 0.817017
vt 0.742676 0.829224
vt 0.755859 0.811768
vt 0.746094 0.825195
vt 0.766602 0.845093
vt 0.739746 0.841919
vt 0.768555 0.842285
vt 0.706543 0.843994
vt 0.740234 0.847290
vt 0.705566 0.852661
vt 0.767578 0.848999
vt 0.735840 0.867065
vt 0.678711 0.852295
vt 0.777832 0.848755
vt 0.663086 0.850342
vt 0.707520 0.858521
vt 0.657227 0.852905
vt 0.653320 0.853516
vt 0.657227 0.859619
vt 0.667969 0.863037
vt 0.655273 0.869263
vt 0.652344 0.864868
vt 0.646484 0.867432
vt 0.684082 0.865723
vt 0.644043 0.872681
vt 0.528809 0.867432
vt 0.654785 0.888794
vt 0.528809 0.872681
vt 0.340576 0.867432
vt 0.708496 0.871094
vt 0.339844 0.872681
vt 0.334229 0.866455
vt 0.692383 0.888794
vt 0.330322 0.870361
vt 0.329346 0.863647
vt 0.729004 0.888794
vt 0.322021 0.866943
vt 0.324219 0.858154
vt 0.692383 0.901184
vt 0.653320 0.901184
vt 0.730469 0.901184
vt 0.555176 0.901184
vt 0.759277 0.892883
vt 0.756836 0.905029
vt 0.541504 0.888794
vt 0.777344 0.911621
vt 0.355469 0.888794
vt 0.394287 0.901184
vt 0.339600 0.886108
vt 0.332031 0.900574
vt 0.383789 0.906006
vt 0.365967 0.920593
vt 0.325195 0.883118
vt 0.286377 0.920593
vt 0.311768 0.878540
vt 0.293701 0.895081
vt 0.312012 0.858154
vt 0.296875 0.872803
vt 0.256104 0.905945
vt 0.253662 0.920593
vt 0.243774 0.906189
vt 0.229004 0.890198
vt 0.260742 0.887268
vt 0.277100 0.864624
vt 0.294434 0.856934
vt 0.262939 0.858521
vt 0.233643 0.875000
vt 0.212402 0.878174
vt 0.236694 0.866943
vt 0.216309 0.870117
vt 0.201416 0.864380
vt 0.194946 0.867920
vt 0.162720 0.849121
vt 0.193481 0.848145
vt 0.224121 0.845337
vt 0.258057 0.852783
vt 0.257324 0.841431
vt 0.273193 0.848389
vt 0.276611 0.850586
vt 0.324219 0.852539
vt 0.329590 0.853027
vt 0.034546 0.854858
vt 0.055756 0.815430
vt 0.055756 0.854858
vt 0.034546 0.815430
vt 1.389648 0.538330
vt 1.395508 0.538330
vt 1.395508 0.518799
vt 1.389648 0.510254
vt 1.390625 0.508789
vt 0.343262 0.531738
vt 0.338623 0.526367
vt 0.343262 0.520508
vt 0.348145 0.531738
vt 0.348145 0.520508
vt 0.227539 0.741943
vt 0.227539 0.807617
vt 0.224487 0.743652
vt 0.224487 0.806152
vt 0.221069 0.746582
vt 0.221069 0.805298
vt 0.217529 0.750366
vt 0.216064 0.805298
vt 0.215698 0.756104
vt 0.214355 0.761597
vt 0.211182 0.772095
vt 0.214722 0.967926
vt 0.214722 0.971863
vt 0.201904 0.968018
vt 0.217041 0.961914
vt 0.192139 0.962067
vt 0.220459 0.956970
vt 0.184570 0.957214
vt 0.224243 0.952301
vt 0.178589 0.952118
vt 0.176270 0.948364
vt 0.228394 0.947662
vt 0.175415 0.944427
vt 0.229614 0.944061
vt 0.171997 0.940796
vt 0.232910 0.940796
vt 0.481934 0.596436
vt 0.481934 0.640137
vt 0.461670 0.640137
vt 0.461670 0.596436
vt 0.455322 0.637451
vt 0.455322 0.599121
vt 0.449463 0.634521
vt 0.449463 0.602295
vt 0.442383 0.606445
vt 0.442383 0.630127
vt 0.421875 0.618408
vt 0.493896 0.640381
vt 0.493896 0.596436
vt 0.515137 0.640381
vt 0.515137 0.596436
vt 0.523926 0.638184
vt 0.523926 0.598633
vt 0.532715 0.601807
vt 0.532715 0.635010
vt 0.543945 0.631104
vt 0.543945 0.605713
vt 0.579590 0.618408
vt 0.439941 0.665771
vt 0.394043 0.665771
vt 0.433350 0.658203
vt 0.400635 0.658203
vt 0.423340 0.642578
vt 0.411377 0.642578
vt 0.132690 0.225586
vt 0.135742 0.231445
vt 0.129517 0.225098
vt 0.132324 0.217285
vt 0.126099 0.218750
vt 0.126465 0.214355
vt 0.132568 0.211914
vt 0.125488 0.210449
vt 0.131348 0.206055
vt 0.126099 0.203613
vt 0.122742 0.209473
vt 0.110535 0.208984
vt 0.099182 0.203613
vt 0.102356 0.214355
vt 0.053589 0.222656
vt 0.056854 0.211426
vt 0.064941 0.216797
vt 0.080566 0.222656
vt 0.077209 0.216797
vt 0.080017 0.215820
vt 0.085693 0.220215
vt 0.086975 0.214355
vt 0.080933 0.211914
vt 0.086792 0.208984
vt 0.080627 0.207520
vt 0.083984 0.201172
vt 0.087219 0.201172
vt 0.090332 0.195312
vt 0.764648 0.495117
vt 0.756348 0.502686
vt 0.755859 0.501709
vt 0.749023 0.507568
vt 0.745605 0.502197
vt 0.739746 0.512451
vt 0.736816 0.503906
vt 0.728027 0.503906
vt 0.729492 0.515869
vt 0.727051 0.515869
vt 0.725586 0.503906
vt 0.723633 0.515869
vt 0.722656 0.503906
vt 0.683105 0.515869
vt 0.681152 0.503906
vt 0.680176 0.515869
vt 0.677246 0.503906
vt 0.673340 0.503906
vt 0.671875 0.515869
vt 0.658691 0.506104
vt 0.660645 0.515869
vt 0.649902 0.508057
vt 0.648926 0.515869
vt 0.637695 0.511230
vt 0.637207 0.512695
vt 0.625977 0.508301
vt 0.575195 0.421875
vt 0.584473 0.415527
vt 0.584961 0.417480
vt 0.592773 0.411621
vt 0.594727 0.417480
vt 0.602539 0.408203
vt 0.603027 0.417480
vt 0.612305 0.417480
vt 0.612305 0.406738
vt 0.615234 0.406738
vt 0.615234 0.417480
vt 0.618652 0.406738
vt 0.618652 0.417480
vt 0.660156 0.406738
vt 0.660156 0.417480
vt 0.667969 0.417480
vt 0.667969 0.406738
vt 0.683594 0.417480
vt 0.683594 0.414062
vt 0.703613 0.417480
vt 0.708008 0.411621
vt 0.712891 0.429199
vt 0.719727 0.421875
vt 0.718750 0.410645
vt 0.729004 0.412109
vt 0.727051 0.421875
vt 0.736328 0.425293
vt 0.738770 0.414551
vt 0.750977 0.431152
vt 0.756836 0.426270
vt 0.044403 0.603027
vt 0.053772 0.621338
vt 0.035034 0.621338
vt 0.057404 0.628174
vt 0.031403 0.628174
vt 0.028168 0.634521
vt 0.060638 0.634521
vt 0.025146 0.640381
vt 0.063599 0.640381
vt 0.066650 0.646240
vt 0.022095 0.646240
vt 0.018784 0.652588
vt 0.069946 0.652588
vt 0.070618 0.673096
vt 0.018112 0.673096
vt 0.017761 0.684082
vt 0.070984 0.684082
vt 0.071350 0.694824
vt 0.017395 0.694824
vt 0.066101 0.702637
vt 0.071594 0.702637
vt 0.022552 0.702637
vt 0.066101 0.715576
vt 0.017136 0.702637
vt 0.072021 0.715576
vt 0.022552 0.715332
vt 0.066101 0.727783
vt 0.016724 0.715332
vt 0.072449 0.727783
vt 0.022552 0.727783
vt 0.066101 0.756470
vt 0.016312 0.727783
vt 0.073364 0.756470
vt 0.022552 0.756470
vt 0.066101 0.796997
vt 0.015366 0.756470
vt 0.074707 0.796997
vt 0.022552 0.796997
vt 0.066101 0.810425
vt 0.014023 0.796997
vt 0.075195 0.810425
vt 0.022552 0.810425
vt 0.066101 0.822876
vt 0.013580 0.810425
vt 0.075562 0.822876
vt 0.022552 0.822876
vt 0.066101 0.860229
vt 0.013168 0.822876
vt 0.076843 0.860229
vt 0.022552 0.860229
vt 0.078735 0.917175
vt 0.011932 0.860229
vt 0.010048 0.917175
vt 0.078796 0.927002
vt 0.009949 0.927063
vt 0.010002 0.936707
vt 0.078796 0.936646
vt 0.076050 0.946289
vt 0.012779 0.946320
vt 0.067444 0.954498
vt 0.021362 0.954529
vt 0.055847 0.961212
vt 0.032959 0.961243
vt 0.044403 0.962769
vt 0.755371 0.630127
vt 0.780762 0.636475
vt 0.775391 0.666504
vt 0.747559 0.625977
vt 0.669434 0.666504
vt 0.713379 0.619141
vt 0.741699 0.618896
vt 0.693359 0.616943
vt 0.684570 0.614746
vt 0.676758 0.610352
vt 0.895020 0.977295
vt 0.895020 0.992111
vt 0.887695 0.977295
vt 0.887695 0.992111
vt 0.880859 0.977295
vt 0.880859 0.992111
vt 0.791016 0.992111
vt 0.791016 0.977295
vt 0.664551 0.992111
vt 0.664551 0.977295
vt 0.531738 0.992111
vt 0.531738 0.977295
vt 0.525879 0.992111
vt 0.525879 0.977295
vt 0.517090 0.977295
vt 0.517090 0.992111
vt 0.096863 0.092773
vt 0.096863 0.061523
vt 0.108948 0.092773
vt 0.108948 0.061523
vt 0.111084 0.092773
vt 0.111084 0.061523
vt 0.112366 0.092773
vt 0.112366 0.061523
vt 0.113770 0.092773
vt 0.113770 0.061523
vt 0.115173 0.092773
vt 0.115173 0.061523
vt 0.132080 0.092773
vt 0.132080 0.061523
vt 0.152344 0.092773
vt 0.152344 0.061523
vt 0.173096 0.092773
vt 0.173096 0.061523
vt 0.192993 0.061523
vt 0.192993 0.092773
vt 0.205933 0.061523
vt 0.205933 0.092773
vt 0.212402 0.061523
vt 0.212402 0.092773
vt 0.218140 0.061523
vt 0.218140 0.092773
vt 0.223999 0.061523
vt 0.223999 0.092773
vt 0.228394 0.061523
vt 0.228394 0.092773
vt 0.208984 0.101562
vt 0.208984 0.129395
vt 0.204712 0.129395
vt 0.204712 0.101562
vt 0.197876 0.129395
vt 0.197876 0.101562
vt 0.190674 0.129395
vt 0.190674 0.101562
vt 0.123779 0.101562
vt 0.123779 0.129395
vt 0.107605 0.101562
vt 0.107605 0.129395
vt 0.100159 0.101562
vt 0.100159 0.129395
vt 0.092346 0.101562
vt 0.092346 0.129395
vt 0.609863 0.854858
vt 0.614258 0.858765
vt 0.609863 0.862915
vt 0.606445 0.853149
vt 0.606445 0.865112
vt 0.601074 0.853271
vt 0.514160 0.865112
vt 0.456055 0.853271
vt 0.427246 0.865112
vt 0.365234 0.853271
vt 0.365234 0.865112
vt 0.361084 0.862793
vt 0.361084 0.855103
vt 0.357666 0.858765
vt 1.236328 0.440918
vt 1.230469 0.447266
vt 1.225586 0.440918
vt 1.236328 0.436035
vt 1.225586 0.436035
vt 1.225586 0.428711
vt 1.236328 0.428711
vt 1.236328 0.364258
vt 1.225586 0.364258
vt 1.236328 0.358398
vt 1.225586 0.358398
vt 1.225586 0.350586
vt 1.236328 0.350586
vt 1.236328 0.340820
vt 1.225586 0.340820
vt 0.324463 0.547607
vt 0.323975 0.552002
vt 0.321533 0.553223
vt 0.322998 0.558838
vt 0.316162 0.556396
vt 0.310059 0.556396
vt 0.303223 0.558838
vt 0.304688 0.553223
vt 0.302002 0.552002
vt 0.301514 0.547607
vt 0.304688 0.565186
vt 0.321533 0.565186
vt 0.319580 0.571533
vt 0.306641 0.571533
vt 0.307373 0.579834
vt 0.318604 0.579834
vt 0.216797 0.663086
vt 0.216797 0.635742
vt 0.228516 0.651611
vt 0.228516 0.635742
vt 0.231812 0.650635
vt 0.231812 0.635742
vt 0.240234 0.648193
vt 0.237549 0.635742
vt 0.192871 0.414062
vt 0.198242 0.416992
vt 0.196899 0.444824
vt 0.204346 0.416992
vt 0.205688 0.444824
vt 0.209717 0.414062
vt 1.214844 0.313965
vt 1.227539 0.324219
vt 1.214844 0.330078
vt 1.220703 0.334961
vt 1.214844 0.344238
vt 1.217773 0.344238
vt 1.214844 0.439941
vt 1.217773 0.439941
vt 1.212891 0.443848
vt 1.217773 0.446289
vt 1.212891 0.454590
vt 1.219727 0.449707
vt 1.211914 0.464355
vt 1.215820 0.472168
vt 1.224609 0.452637
vt 1.219727 0.476074
vt 1.212891 0.472656
vt 1.206055 0.464355
vt 1.208984 0.477051
vt 1.213867 0.473633
vt 1.214844 0.480957
vt 0.202881 0.379883
vt 0.199951 0.378418
vt 0.205078 0.374512
vt 0.194580 0.374512
vt 0.206787 0.369629
vt 0.194580 0.368652
vt 0.207153 0.365723
vt 0.194580 0.362305
vt 0.206787 0.361328
vt 0.194580 0.356445
vt 0.205078 0.356445
vt 0.199951 0.353027
vt 0.202881 0.351074
vt 0.223511 0.594727
vt 0.226074 0.599365
vt 0.223511 0.604004
vt 0.219849 0.593750
vt 0.219849 0.604980
vt 0.215820 0.596191
vt 0.217285 0.590820
vt 0.215820 0.602783
vt 0.212280 0.590576
vt 0.217285 0.607910
vt 0.212280 0.608154
vt 0.207275 0.583252
vt 0.206299 0.587402
vt 0.213623 0.580566
vt 0.207275 0.615479
vt 0.213623 0.618164
vt 0.206299 0.611328
vt 0.203247 0.620850
vt 0.203491 0.629395
vt 0.193237 0.618164
vt 0.198608 0.615479
vt 0.199585 0.611328
vt 0.188965 0.609131
vt 0.193726 0.608398
vt 0.190186 0.602783
vt 0.186035 0.604980
vt 0.190186 0.595947
vt 0.186035 0.593750
vt 0.188965 0.589600
vt 0.193726 0.590332
vt 0.198608 0.583252
vt 0.199585 0.587402
vt 0.193359 0.580566
vt 0.203247 0.577881
vt 0.203491 0.569336
vt 0.159058 0.814087
vt 0.159058 0.841919
vt 0.150269 0.814087
vt 0.150269 0.841919
vt 0.125977 0.814087
vt 0.125977 0.841919
vt 0.434082 0.447754
vt 0.434082 0.442871
vt 0.438965 0.442871
vt 0.447021 0.447754
vt 0.447021 0.442871
vt 0.458984 0.442871
vt 0.458984 0.447754
vt 0.465088 0.442871
vt 0.462402 0.452637
vt 0.471924 0.442871
vt 0.471924 0.449707
vt 0.466797 0.452637
vt 0.465332 0.462402
vt 0.471924 0.455078
vt 0.471924 0.462402
vt 0.459229 0.458008
vt 0.459229 0.462402
vt 0.447021 0.458008
vt 0.447021 0.462402
vt 0.438721 0.462402
vt 0.433838 0.458008
vt 0.433838 0.462402
vt 0.304199 0.309082
vt 0.304199 0.497559
vt 0.298584 0.478516
vt 0.298584 0.299316
vt 0.293701 0.475098
vt 0.293701 0.291016
vt 0.289307 0.474609
vt 0.289307 0.285645
vt 0.283936 0.478516
vt 0.283936 0.280273
vt 0.278564 0.470215
vt 0.278564 0.282715
vt 0.269531 0.461914
vt 0.269531 0.288574
vt 0.260986 0.299805
vt 0.260986 0.456543
vt 0.035553 0.254883
vt 0.040375 0.249512
vt 0.045197 0.254883
vt 0.033386 0.259766
vt 0.047333 0.259766
vt 0.033386 0.578613
vt 0.047333 0.578613
vt 0.045197 0.583496
vt 0.035553 0.583496
vt 0.040375 0.588379
vt 0.974121 0.309082
vt 0.991211 0.309082
vt 0.991211 0.315918
vt 0.974121 0.315918
vt 0.991211 0.322754
vt 0.974121 0.322754
vt 0.974121 0.329590
vt 0.991211 0.329590
vt 0.974121 0.336426
vt 0.991211 0.336426
vt 0.991211 0.343262
vt 0.974121 0.343262
vt 0.991211 0.350098
vt 0.974121 0.350098
vt 0.974121 0.356934
vt 0.991211 0.356934
vt 0.991211 0.363770
vt 0.974121 0.363770
vt 0.390625 0.508789
vt 0.395508 0.518799
vt 0.389893 0.510254
vt 0.389893 0.538330
vt 0.395508 0.538330
vt 1.342773 0.520508
vt 1.347656 0.531738
vt 1.347656 0.520508
vt 1.342773 0.531738
vt 1.337891 0.526367
vt 0.356201 0.537842
vt 0.367676 0.508789
vt 0.367676 0.537842
vt 0.356201 0.508789
vt 0.367676 0.507080
vt 0.356201 0.507080
vt 0.351807 0.495117
vt 0.351807 0.507080
vt 0.344727 0.498047
vt 0.344727 0.509766
vt 0.344727 0.489258
vt 0.372070 0.495117
vt 0.372070 0.507080
vt 0.352539 0.487305
vt 0.346191 0.480957
vt 0.379150 0.498047
vt 0.379150 0.509766
vt 0.379150 0.489258
vt 0.371338 0.487305
vt 0.377441 0.480469
vt 0.353760 0.479980
vt 0.348877 0.472168
vt 0.369873 0.479980
vt 0.374756 0.472168
vt 0.368164 0.472656
vt 0.355469 0.472656
vt 0.366455 0.465332
vt 0.370850 0.464355
vt 0.363525 0.452148
vt 0.357178 0.465332
vt 0.352783 0.464355
vt 0.360107 0.452148
vt 0.421143 0.580322
vt 0.397705 0.577637
vt 0.418213 0.577637
vt 0.330078 0.580322
vt 0.395264 0.575195
vt 0.334473 0.575195
vt 0.166504 0.943451
vt 0.153687 0.943359
vt 0.166504 0.939484
vt 0.168823 0.949463
vt 0.143921 0.949280
vt 0.172241 0.954376
vt 0.136353 0.954163
vt 0.176025 0.959045
vt 0.130371 0.959259
vt 0.128174 0.963013
vt 0.180176 0.963684
vt 0.127197 0.966919
vt 0.181396 0.967285
vt 0.123901 0.970551
vt 0.184692 0.970551
vt 0.158936 0.894592
vt 0.159058 0.892456
vt 0.162964 0.891602
vt 0.152832 0.894043
vt 0.152710 0.899475
vt 0.146851 0.894165
vt 0.146729 0.902527
vt 0.141235 0.891907
vt 0.141235 0.904724
vt 0.135498 0.905762
vt 0.135620 0.889282
vt 0.128662 0.900085
vt 0.128540 0.905701
vt 0.127563 0.896973
vt 0.129272 0.888672
vt 0.125854 0.894592
vt 0.125854 0.889648
vt 0.133911 0.885864
vt 0.129272 0.885437
vt 0.429688 0.586670
vt 0.432617 0.588867
vt 0.434326 0.591797
vt 0.435059 0.594971
vt 0.426025 0.585449
vt 0.334961 0.585449
vt 0.334961 0.604492
vt 0.426025 0.604492
vt 0.429688 0.603271
vt 0.434326 0.597900
vt 0.432617 0.601074
vt 1.397461 0.577637
vt 1.420898 0.580322
vt 1.417969 0.577637
vt 1.330078 0.580322
vt 1.394531 0.575195
vt 1.333984 0.575195
vt 0.234741 0.743652
vt 0.231689 0.807617
vt 0.231689 0.741943
vt 0.234741 0.806152
vt 0.238281 0.746582
vt 0.238281 0.805298
vt 0.241699 0.750366
vt 0.243286 0.805298
vt 0.243530 0.756104
vt 0.244995 0.761597
vt 0.248169 0.772095
vt 0.266113 0.962311
vt 0.270264 0.965332
vt 0.266357 0.964478
vt 0.260254 0.962860
vt 0.260010 0.957428
vt 0.254150 0.962799
vt 0.254150 0.954376
vt 0.248657 0.965027
vt 0.248657 0.952209
vt 0.242920 0.951172
vt 0.243042 0.967651
vt 0.236084 0.956848
vt 0.235962 0.951233
vt 0.234985 0.959961
vt 0.236694 0.968231
vt 0.233276 0.962311
vt 0.233276 0.967255
vt 0.241333 0.971085
vt 0.236694 0.971497
vt 0.068298 0.238281
vt 0.073242 0.241699
vt 0.064758 0.246582
vt 0.079590 0.227539
vt 0.082153 0.232910
vt 0.116882 0.227539
vt 0.114258 0.232910
vt 0.123169 0.241699
vt 0.128052 0.238281
vt 0.131592 0.246582
vt 0.240112 0.283691
vt 0.240112 0.277344
vt 0.244141 0.280762
vt 0.234863 0.274414
vt 0.234741 0.286621
vt 0.231934 0.289551
vt 0.232056 0.271973
vt 0.085876 0.292480
vt 0.230835 0.292480
vt 0.085999 0.268066
vt 0.231079 0.268066
vt 0.084290 0.296875
vt 0.232910 0.296875
vt 0.249023 0.310059
vt 0.080078 0.310059
vt 0.073364 0.305664
vt 0.080261 0.291016
vt 0.067078 0.294434
vt 0.080383 0.268555
vt 0.067139 0.265137
vt 0.073486 0.253906
vt 0.084412 0.263672
vt 0.080322 0.250488
vt 0.233276 0.263672
vt 0.249634 0.250488
vt 0.116516 0.705078
vt 0.090454 0.800049
vt 0.090454 0.705078
vt 0.116516 0.800049
vt 0.090454 0.877502
vt 0.116516 0.877502
vt 0.099609 0.953918
vt 0.090454 0.944031
vt 0.085632 0.953918
vt 0.092712 0.984009
vt 0.115784 0.983978
vt 0.108521 0.953918
vt 0.116516 0.943939
vt 0.122498 0.953918
vt 0.059662 0.009277
vt 0.016678 0.064453
vt 0.031952 0.009277
vt 0.074951 0.064453
vt 0.012802 0.080078
vt 0.078796 0.080078
vt 0.082764 0.093262
vt 0.008842 0.093262
vt 0.008842 0.123535
vt 0.082764 0.123535
vt 0.076965 0.144043
vt 0.014679 0.144043
vt 0.020187 0.160645
vt 0.071411 0.160645
vt 0.045807 0.217285
vt 0.428711 0.415039
vt 0.427246 0.416992
vt 0.415771 0.412109
vt 0.438721 0.419434
vt 0.439209 0.412598
vt 0.450439 0.421387
vt 0.449951 0.410645
vt 0.461426 0.421387
vt 0.461182 0.409668
vt 0.469482 0.421387
vt 0.466797 0.409668
vt 0.470215 0.409668
vt 0.473633 0.421387
vt 0.504395 0.409668
vt 0.505859 0.421387
vt 0.508789 0.409668
vt 0.510254 0.421387
vt 0.512695 0.409668
vt 0.513184 0.421387
vt 0.520996 0.409668
vt 0.523926 0.419434
vt 0.530762 0.409668
vt 0.533203 0.416992
vt 0.541016 0.409668
vt 0.541992 0.412109
vt 0.553711 0.404297
vt 0.768066 0.939362
vt 0.781250 0.946747
vt 0.768066 0.954102
vt 0.751953 0.963135
vt 0.751953 0.930359
vt 0.732422 0.925171
vt 0.732422 0.968292
vt 0.708496 0.922424
vt 0.708496 0.971008
vt 0.673828 0.922424
vt 0.673828 0.971008
vt 0.639160 0.922424
vt 0.639160 0.971008
vt 0.551270 0.922424
vt 0.551270 0.971008
vt 0.406982 0.922424
vt 0.406982 0.971008
vt 0.396973 0.925842
vt 0.396973 0.967560
vt 0.378418 0.933960
vt 0.378418 0.959625
vt 0.309326 0.933960
vt 0.309326 0.959625
vt 0.281494 0.933960
vt 0.281494 0.959625
vt 0.504395 0.541016
vt 0.549805 0.539795
vt 0.547363 0.541016
vt 0.500000 0.539795
vt 0.551270 0.537598
vt 0.497314 0.537598
vt 0.549316 0.527832
vt 0.486572 0.527832
vt 0.548340 0.519531
vt 0.480957 0.519531
vt 0.547852 0.509033
vt 0.474365 0.509033
vt 0.548828 0.498047
vt 0.468506 0.498047
vt 0.468750 0.495605
vt 0.406250 0.495605
vt 0.611816 0.495605
vt 0.467529 0.509033
vt 0.554688 0.509033
vt 0.398438 0.509033
vt 0.617676 0.509033
vt 0.467773 0.519043
vt 0.561035 0.519043
vt 0.405273 0.527588
vt 0.622070 0.519043
vt 0.468994 0.527588
vt 0.567871 0.527832
vt 0.417725 0.537598
vt 0.625977 0.527832
vt 0.470703 0.537598
vt 0.576172 0.536377
vt 0.424561 0.541016
vt 0.626465 0.536377
vt 0.466797 0.541016
vt 0.469727 0.539795
vt 0.580566 0.539551
vt 0.624023 0.539551
vt 0.619629 0.541016
vt 0.583984 0.541016
vt 0.395752 0.567139
vt 0.404541 0.564209
vt 0.404541 0.569824
vt 0.415283 0.573242
vt 0.415283 0.560791
vt 0.421631 0.558594
vt 0.421631 0.575439
vt 0.427979 0.577637
vt 0.427979 0.556396
vt 0.436035 0.554199
vt 0.436035 0.579834
vt 0.444824 0.552246
vt 0.444824 0.581787
vt 0.454102 0.552246
vt 0.454102 0.581787
vt 0.463379 0.581787
vt 0.463379 0.552246
vt 0.472900 0.552246
vt 0.472900 0.581787
vt 0.479736 0.552246
vt 0.479736 0.581787
vt 0.493164 0.552246
vt 0.493164 0.581787
vt 0.502930 0.581787
vt 0.502930 0.552246
vt 0.512695 0.552246
vt 0.512695 0.581787
vt 0.522461 0.581787
vt 0.522461 0.552246
vt 0.530273 0.581787
vt 0.530273 0.552246
vt 0.538086 0.581787
vt 0.538086 0.552246
vt 0.546875 0.580322
vt 0.546875 0.553711
vt 0.555664 0.555420
vt 0.555664 0.578857
vt 0.566406 0.577148
vt 0.566406 0.556885
vt 0.579102 0.575684
vt 0.579102 0.558350
vt 0.593750 0.560547
vt 0.593750 0.573486
vt 0.608887 0.571289
vt 0.608887 0.562988
vt 0.629395 0.567139
vt 0.126953 0.977921
vt 0.135132 0.991486
vt 0.126953 0.991486
vt 0.135132 0.977921
vt 0.141357 0.991486
vt 0.141357 0.977921
vt 0.148804 0.991486
vt 0.148804 0.977921
vt 0.361816 0.977921
vt 0.361816 0.991486
vt 0.495117 0.977921
vt 0.495117 0.991486
vt 0.501465 0.977921
vt 0.501465 0.991486
vt 0.509277 0.977921
vt 0.509277 0.991486
vt 0.707520 0.603760
vt 0.703613 0.611572
vt 0.699707 0.603760
vt 0.698242 0.587158
vt 0.708496 0.587158
vt 0.692383 0.567871
vt 0.714844 0.567871
vt 0.690918 0.542725
vt 0.716309 0.542725
vt 0.703613 0.525391
vt 0.716797 0.525146
vt 0.689941 0.525146
vt 1.764648 0.495117
vt 1.755859 0.501465
vt 1.755859 0.502686
vt 1.748047 0.507568
vt 1.745117 0.502197
vt 1.739258 0.512451
vt 1.736328 0.503906
vt 1.727539 0.503906
vt 1.729492 0.515869
vt 1.726562 0.515869
vt 1.725586 0.503906
vt 1.723633 0.515869
vt 1.722656 0.503906
vt 1.682617 0.515869
vt 1.680664 0.503906
vt 1.679688 0.515869
vt 1.676758 0.503906
vt 1.672852 0.503906
vt 1.671875 0.515869
vt 1.658203 0.506104
vt 1.660156 0.515869
vt 1.649414 0.508057
vt 1.648438 0.515869
vt 1.637695 0.511230
vt 1.636719 0.512695
vt 1.625977 0.508301
vt 1.428711 0.415039
vt 1.415039 0.412109
vt 1.426758 0.416992
vt 1.438477 0.419434
vt 1.438477 0.412598
vt 1.450195 0.421387
vt 1.449219 0.410645
vt 1.460938 0.421387
vt 1.460938 0.409668
vt 1.468750 0.421387
vt 1.466797 0.409668
vt 1.469727 0.409668
vt 1.473633 0.421387
vt 1.503906 0.409668
vt 1.505859 0.421387
vt 1.508789 0.409668
vt 1.509766 0.421387
vt 1.512695 0.409668
vt 1.512695 0.421387
vt 1.520508 0.409668
vt 1.523438 0.419434
vt 1.530273 0.409668
vt 1.533203 0.416992
vt 1.541016 0.409668
vt 1.541992 0.412109
vt 1.553711 0.404297
vt 1.575195 0.421875
vt 1.584961 0.417480
vt 1.583984 0.415527
vt 1.592773 0.411621
vt 1.594727 0.417480
vt 1.602539 0.408203
vt 1.602539 0.417480
vt 1.612305 0.417480
vt 1.612305 0.406738
vt 1.615234 0.406738
vt 1.615234 0.417480
vt 1.618164 0.406738
vt 1.618164 0.417480
vt 1.660156 0.406738
vt 1.660156 0.417480
vt 1.667969 0.417480
vt 1.667969 0.406738
vt 1.683594 0.417480
vt 1.683594 0.414062
vt 1.703125 0.417480
vt 1.708008 0.411621
vt 1.712891 0.429199
vt 1.719727 0.421875
vt 1.718750 0.410645
vt 1.728516 0.412109
vt 1.726562 0.421875
vt 1.736328 0.425293
vt 1.738281 0.414551
vt 1.750977 0.431152
vt 1.756836 0.426270
vt 1.549805 0.539795
vt 1.503906 0.541016
vt 1.546875 0.541016
vt 1.500000 0.539795
vt 1.550781 0.537598
vt 1.497070 0.537598
vt 1.548828 0.527832
vt 1.486328 0.527832
vt 1.547852 0.519531
vt 1.480469 0.519531
vt 1.547852 0.509033
vt 1.473633 0.509033
vt 1.548828 0.498047
vt 1.467773 0.498047
vt 1.468750 0.495605
vt 1.406250 0.495605
vt 1.611328 0.495605
vt 1.466797 0.509033
vt 1.554688 0.509033
vt 1.398438 0.509033
vt 1.617188 0.509033
vt 1.467773 0.519043
vt 1.560547 0.519043
vt 1.405273 0.527588
vt 1.622070 0.519043
vt 1.468750 0.527588
vt 1.567383 0.527832
vt 1.416992 0.537598
vt 1.625977 0.527832
vt 1.470703 0.537598
vt 1.576172 0.536377
vt 1.423828 0.541016
vt 1.625977 0.536377
vt 1.466797 0.541016
vt 1.469727 0.539795
vt 1.580078 0.539551
vt 1.624023 0.539551
vt 1.619141 0.541016
vt 1.583984 0.541016
vt 1.754883 0.630127
vt 1.775391 0.666504
vt 1.780273 0.636475
vt 1.747070 0.625977
vt 1.668945 0.666504
vt 1.712891 0.619141
vt 1.741211 0.618896
vt 1.693359 0.616943
vt 1.684570 0.614746
vt 1.676758 0.610352
vt 0.097351 0.041504
vt 0.127563 0.025879
vt 0.127563 0.041504
vt 0.097351 0.025879
vt 0.127563 0.018066
vt 0.097351 0.018066
vt 0.097351 0.014160
vt 0.127563 0.014160
vt 0.132568 0.800049
vt 0.130737 0.794434
vt 0.138672 0.798706
vt 0.145874 0.795044
vt 0.128906 0.784790
vt 0.151611 0.789429
vt 0.155762 0.781494
vt 0.128662 0.774536
vt 0.158081 0.763672
vt 0.158081 0.735840
vt 0.128662 0.679199
vt 0.158081 0.707031
vt 0.140015 0.672119
vt 0.130005 0.656006
vt 0.156494 0.678955
vt 0.137573 0.650146
vt 0.147217 0.656738
vt 0.131104 0.645508
vt 0.154053 0.655273
vt 0.134766 0.639404
vt 0.132568 0.634277
vt 0.149170 0.654541
vt 0.152588 0.654053
vt 0.150635 0.653809
vt 0.147705 0.221191
vt 0.147705 0.234375
vt 0.141479 0.227539
vt 0.154297 0.215820
vt 0.154297 0.239746
vt 0.161865 0.212402
vt 0.161865 0.242676
vt 0.192871 0.242676
vt 0.192871 0.212402
vt 0.197266 0.240234
vt 0.197266 0.214844
vt 0.201538 0.219727
vt 0.201538 0.235352
vt 0.205811 0.240234
vt 0.205811 0.214844
vt 0.210449 0.212402
vt 0.210449 0.242676
vt 0.233398 0.242676
vt 0.233398 0.212402
vt 0.237793 0.240234
vt 0.237793 0.214844
vt 0.242065 0.219727
vt 0.242065 0.235352
vt 0.246338 0.240234
vt 0.246216 0.214844
vt 0.250977 0.212402
vt 0.250977 0.242676
vt 0.280029 0.241211
vt 0.280029 0.243652
vt 0.280029 0.213867
vt 0.280029 0.211914
vt 0.872559 0.565186
vt 0.873535 0.560303
vt 0.876465 0.562988
vt 0.863281 0.563477
vt 0.867188 0.568604
vt 0.860840 0.568604
vt 0.863770 0.572754
vt 0.852539 0.568604
vt 0.855957 0.572754
vt 0.861328 0.578125
vt 0.846191 0.572754
vt 0.852539 0.578125
vt 0.839355 0.578125
vt 0.846191 0.583496
vt 0.855957 0.583496
vt 0.863281 0.583496
vt 0.852539 0.587402
vt 0.860352 0.587402
vt 0.867188 0.587402
vt 0.862793 0.592773
vt 0.872070 0.591309
vt 0.872559 0.595947
vt 0.875977 0.593262
vt 0.205200 0.401855
vt 0.194946 0.389160
vt 0.205200 0.389160
vt 0.194946 0.401855
vt 0.200073 0.406738
vt 1.247070 0.313965
vt 1.247070 0.330078
vt 1.234375 0.324219
vt 1.241211 0.334961
vt 1.247070 0.344238
vt 1.244141 0.344238
vt 1.247070 0.440430
vt 1.244141 0.440430
vt 1.249023 0.443848
vt 1.244141 0.446777
vt 1.248047 0.455078
vt 1.242188 0.449707
vt 1.250000 0.464355
vt 1.246094 0.472168
vt 1.236328 0.453125
vt 1.241211 0.476074
vt 1.248047 0.472656
vt 1.255859 0.464355
vt 1.251953 0.477051
vt 1.247070 0.473633
vt 1.247070 0.480957
vt 0.215088 0.330078
vt 0.215088 0.313965
vt 0.227783 0.324219
vt 0.220703 0.334961
vt 0.215088 0.344238
vt 0.218140 0.344238
vt 0.215088 0.439941
vt 0.218140 0.439941
vt 0.213257 0.443848
vt 0.218140 0.446289
vt 0.213501 0.454590
vt 0.219971 0.449707
vt 0.211914 0.464355
vt 0.215820 0.472168
vt 0.225464 0.452637
vt 0.220093 0.476074
vt 0.213501 0.472656
vt 0.206055 0.464355
vt 0.209717 0.477051
vt 0.214722 0.473633
vt 0.215210 0.480957
vt 0.083740 0.617432
vt 0.083740 0.625732
vt 0.077576 0.624268
vt 0.087219 0.625732
vt 0.087280 0.612061
vt 0.091187 0.623291
vt 0.091187 0.604736
vt 0.096252 0.619873
vt 0.087280 0.552734
vt 0.083740 0.552734
vt 0.083740 0.612061
vt 0.091187 0.552734
vt 0.077576 0.612061
vt 0.077576 0.552734
vt 0.071411 0.612061
vt 0.071411 0.552734
vt 0.065308 0.612061
vt 0.065308 0.552734
vt 0.096252 0.596191
vt 0.096252 0.552734
vt 0.102417 0.589844
vt 0.102417 0.616699
vt 0.102417 0.552734
vt 0.108521 0.552734
vt 0.108521 0.589844
vt 0.114746 0.552734
vt 0.114746 0.596436
vt 0.119812 0.552734
vt 0.114746 0.619873
vt 0.108521 0.616699
vt 0.119812 0.604736
vt 0.123718 0.552734
vt 0.119812 0.623291
vt 0.123718 0.612061
vt 0.127197 0.552734
vt 0.123779 0.625732
vt 0.127197 0.612061
vt 0.127197 0.617432
vt 0.133301 0.612061
vt 0.127197 0.625732
vt 0.133301 0.624268
vt 0.133301 0.552734
vt 0.139526 0.612061
vt 0.139526 0.552734
vt 0.226318 0.440918
vt 0.236450 0.440918
vt 0.231323 0.447266
vt 0.236450 0.436035
vt 0.226318 0.436035
vt 0.236450 0.428711
vt 0.226318 0.428711
vt 0.226318 0.364258
vt 0.236450 0.364258
vt 0.226318 0.358398
vt 0.236450 0.358398
vt 0.236450 0.350586
vt 0.226318 0.350586
vt 0.236450 0.340820
vt 0.226318 0.340820
vt 0.067383 0.456055
vt 0.073181 0.541016
vt 0.067383 0.541016
vt 0.073181 0.456055
vt 0.078979 0.541016
vt 0.078979 0.456055
vt 0.084778 0.456055
vt 0.084778 0.541016
vt 0.090576 0.541016
vt 0.090576 0.456055
vt 0.096375 0.541016
vt 0.096375 0.456055
vt 0.102173 0.456055
vt 0.102173 0.541016
vt 0.107971 0.456055
vt 0.107971 0.541016
vt 0.113770 0.541016
vt 0.113770 0.456055
vt 0.119568 0.456055
vt 0.119568 0.541016
vt 0.125366 0.456055
vt 0.125366 0.541016
vt 0.131104 0.541016
vt 0.131104 0.456055
vt 0.136963 0.456055
vt 0.136963 0.541016
vt 0.247192 0.330078
vt 0.234375 0.324219
vt 0.247192 0.313965
vt 0.241577 0.334961
vt 0.247192 0.344238
vt 0.244141 0.344238
vt 0.247192 0.440430
vt 0.244141 0.440430
vt 0.249023 0.443848
vt 0.244141 0.446777
vt 0.248779 0.455078
vt 0.242188 0.449707
vt 0.250244 0.464355
vt 0.246338 0.472168
vt 0.236694 0.453125
vt 0.242065 0.476074
vt 0.248779 0.472656
vt 0.256104 0.464355
vt 0.252441 0.477051
vt 0.247437 0.473633
vt 0.247070 0.480957
vt 1.317383 0.585938
vt 1.326172 0.598389
vt 1.323242 0.585938
vt 1.317383 0.600830
vt 1.314453 0.585938
vt 1.314453 0.601807
vt 1.302734 0.585938
vt 1.302734 0.613281
vt 0.645996 0.467773
vt 0.641113 0.464844
vt 0.647461 0.465820
vt 0.639648 0.459961
vt 0.634277 0.457520
vt 0.633301 0.454590
vt 0.628418 0.448730
vt 0.630859 0.437500
vt 0.624512 0.438965
vt 0.622070 0.428223
vt 0.634766 0.432129
vt 0.642090 0.433594
vt 0.400635 0.909180
vt 0.427490 0.912964
vt 0.400635 0.912964
vt 0.427490 0.909180
vt 0.434814 0.912964
vt 0.434814 0.909180
vt 0.441895 0.912964
vt 0.441895 0.909180
vt 0.449463 0.912964
vt 0.449463 0.909180
vt 0.457520 0.912964
vt 0.457520 0.909180
vt 0.470947 0.912964
vt 0.470947 0.909180
vt 0.482666 0.909180
vt 0.482666 0.912964
vt 0.493652 0.909180
vt 0.493652 0.912964
vt 0.504395 0.909180
vt 0.504395 0.912964
vt 0.514648 0.909180
vt 0.514648 0.912964
vt 0.520508 0.909180
vt 0.520508 0.912964
vt 0.602051 0.434570
vt 0.602539 0.428711
vt 0.604492 0.429199
vt 0.604492 0.438477
vt 0.602539 0.444336
vt 0.604492 0.447266
vt 0.605469 0.454590
vt 0.616211 0.459961
vt 0.610840 0.463867
vt 0.617676 0.472656
vt 0.622559 0.460449
vt 0.625977 0.453613
vt 0.566406 0.910400
vt 0.539551 0.914246
vt 0.539551 0.910400
vt 0.566406 0.914246
vt 0.573730 0.910400
vt 0.573730 0.914246
vt 0.581055 0.910400
vt 0.581055 0.914246
vt 0.588379 0.910400
vt 0.588379 0.914246
vt 0.596680 0.910400
vt 0.596680 0.914246
vt 0.609863 0.910400
vt 0.609863 0.914246
vt 0.621582 0.914246
vt 0.621582 0.910400
vt 0.632812 0.914246
vt 0.632812 0.910400
vt 0.643555 0.914246
vt 0.643555 0.910400
vt 0.653809 0.914246
vt 0.653809 0.910400
vt 0.659668 0.914246
vt 0.659668 0.910400
vt 0.021027 0.589600
vt 0.025726 0.582520
vt 0.025726 0.589600
vt 0.021027 0.582520
vt 0.025726 0.577148
vt 0.021027 0.577148
vt 0.021027 0.258301
vt 0.025726 0.258301
vt 0.025726 0.252930
vt 0.021027 0.252930
vt 0.021027 0.246094
vt 0.025726 0.246094
vt 0.009232 0.582764
vt 0.013931 0.590088
vt 0.009232 0.590088
vt 0.013931 0.582764
vt 0.009232 0.577393
vt 0.013931 0.577393
vt 0.013931 0.258789
vt 0.009232 0.258789
vt 0.013931 0.252930
vt 0.009232 0.252930
vt 0.013931 0.246094
vt 0.009232 0.246094
vt 0.761719 0.473633
vt 0.750488 0.473633
vt 0.761230 0.468262
vt 0.741699 0.468262
vt 0.737793 0.469727
vt 0.726074 0.473633
vt 0.734375 0.468262
vt 0.723145 0.471191
vt 0.731445 0.465820
vt 0.719727 0.467773
vt 0.729492 0.462891
vt 0.717773 0.463867
vt 0.729004 0.459473
vt 0.717285 0.459473
vt 0.717773 0.455078
vt 0.729492 0.456055
vt 0.719727 0.451172
vt 0.731445 0.453125
vt 0.722656 0.447754
vt 0.733887 0.450195
vt 0.726074 0.444336
vt 0.737305 0.448730
vt 0.750000 0.444336
vt 0.741699 0.449707
vt 0.761230 0.449707
vt 0.761230 0.444336
vt 0.278076 0.827271
vt 0.257812 0.837036
vt 0.246826 0.827271
vt 0.246826 0.837036
vt 0.181030 0.837036
vt 0.172974 0.827271
vt 0.278320 0.823730
vt 0.246948 0.823730
vt 0.258057 0.813965
vt 0.246948 0.813965
vt 0.181274 0.813965
vt 0.173218 0.823730
vt 0.335449 0.543701
vt 0.405518 0.558838
vt 0.335449 0.558838
vt 0.405518 0.543701
vt 0.406982 0.544434
vt 0.406982 0.558105
vt 0.407471 0.556641
vt 0.407471 0.545898
vt 0.397461 0.633057
vt 0.361572 0.619873
vt 0.407227 0.619873
vt 0.371094 0.633057
vt 0.378418 0.645996
vt 0.389893 0.645996
vt 0.380371 0.676025
vt 0.368408 0.666504
vt 0.380371 0.666504
vt 0.368408 0.676025
vt 0.368408 0.687012
vt 0.380371 0.687012
vt 0.893066 0.556396
vt 0.885254 0.535156
vt 0.892090 0.546631
vt 0.897461 0.554443
vt 0.903809 0.562988
vt 0.901855 0.566650
vt 0.912109 0.569092
vt 0.911133 0.575684
vt 0.924316 0.572754
vt 0.919922 0.583496
vt 0.928711 0.591797
vt 0.937012 0.573975
vt 0.942383 0.573975
vt 0.942383 0.607666
vt 0.955566 0.591797
vt 0.947754 0.573975
vt 0.960449 0.572754
vt 0.964355 0.583496
vt 0.973633 0.575684
vt 0.972168 0.569092
vt 0.982422 0.566650
vt 0.980957 0.562988
vt 0.991699 0.556641
vt 0.987305 0.554688
vt 0.992676 0.546631
vt 0.999023 0.535156
vt 1.793945 0.907959
vt 1.777344 0.911621
vt 1.791016 0.923828
vt 1.783203 0.901367
vt 1.758789 0.892883
vt 1.756836 0.905029
vt 1.730469 0.901184
vt 1.728516 0.888794
vt 1.692383 0.901184
vt 1.692383 0.888794
vt 1.654297 0.888794
vt 1.653320 0.901184
vt 1.554688 0.901184
vt 1.541016 0.888794
vt 1.355469 0.888794
vt 1.393555 0.901184
vt 1.332031 0.900574
vt 1.383789 0.906006
vt 1.338867 0.886108
vt 1.365234 0.920593
vt 1.325195 0.883118
vt 1.286133 0.920593
vt 1.311523 0.878540
vt 1.292969 0.895081
vt 1.296875 0.872803
vt 1.276367 0.864624
vt 1.255859 0.905945
vt 1.252930 0.920593
vt 1.243164 0.906189
vt 1.228516 0.890198
vt 1.260742 0.887268
vt 1.262695 0.858521
vt 1.233398 0.875000
vt 1.211914 0.878174
vt 1.236328 0.866943
vt 1.215820 0.870117
vt 1.201172 0.864380
vt 1.194336 0.867920
vt 1.162109 0.849121
vt 1.193359 0.848145
vt 1.223633 0.845337
vt 1.257812 0.852783
vt 1.256836 0.841431
vt 1.272461 0.848389
vt 1.290039 0.834961
vt 0.147949 0.593750
vt 0.165527 0.600098
vt 0.147949 0.600098
vt 0.165527 0.593750
vt 0.165527 0.589111
vt 0.147949 0.589111
vt 0.147949 0.584229
vt 0.165527 0.584229
vt 0.147949 0.577881
vt 0.165527 0.577881
vt 0.165527 0.573242
vt 0.147949 0.573242
vt 0.165527 0.568359
vt 0.147949 0.568359
vt 0.147949 0.562012
vt 0.165527 0.562012
vt 0.147949 0.557373
vt 0.165527 0.557373
vt 0.147949 0.552490
vt 0.165527 0.552490
vt 0.165527 0.546143
vt 0.147949 0.546143
vt 0.165527 0.541504
vt 0.147949 0.541504
vt 0.147949 0.536621
vt 0.165527 0.536621
vt 0.229736 0.627441
vt 0.224976 0.623535
vt 0.226807 0.619141
vt 0.230103 0.613525
vt 0.235840 0.609131
vt 0.234741 0.629883
vt 0.239014 0.630615
vt 0.242065 0.609131
vt 0.243286 0.629883
vt 0.248291 0.627441
vt 0.250977 0.619141
vt 0.252930 0.623535
vt 0.247803 0.613525
vt 0.239014 0.594727
vt 0.236816 0.592773
vt 0.241089 0.592773
vt 0.239014 0.591064
vt 0.235596 0.590820
vt 0.242310 0.590820
vt 0.239014 0.586182
vt 0.246948 0.569092
vt 0.248657 0.576416
vt 0.246948 0.573730
vt 0.248657 0.566406
vt 0.251465 0.564453
vt 0.251465 0.578369
vt 0.255859 0.578369
vt 0.255859 0.564453
vt 0.258789 0.576416
vt 0.258789 0.566406
vt 0.260498 0.569092
vt 0.260498 0.573730
vt 0.022537 0.971115
vt 0.021088 0.971115
vt 0.022537 0.968781
vt 0.016296 0.966125
vt 0.016296 0.978683
vt 0.021103 0.977310
vt 0.007717 0.966125
vt 0.007717 0.993256
vt 0.016296 0.980698
vt 0.016296 0.993256
vt 0.021088 0.988266
vt 0.021103 0.982071
vt 0.022537 0.990585
vt 0.022537 0.988266
vt 0.130615 0.930542
vt 0.132568 0.926147
vt 0.142090 0.935608
vt 0.143188 0.928223
vt 0.149292 0.932373
vt 0.135620 0.922424
vt 0.150879 0.928894
vt 0.158325 0.930786
vt 0.144653 0.923950
vt 0.140381 0.918701
vt 0.145264 0.915588
vt 0.152222 0.925476
vt 0.159912 0.926331
vt 0.169800 0.929199
vt 0.161743 0.915955
vt 0.170898 0.926392
vt 0.182495 0.924377
vt 0.166992 0.919434
vt 0.175781 0.922241
vt 0.180054 0.919861
vt 0.177124 0.912598
vt 0.176392 0.905823
vt 0.149414 0.917725
vt 0.155273 0.910950
vt 0.176758 0.899963
vt 0.177734 0.894165
vt 0.179077 0.887390
vt 0.555176 0.455566
vt 0.549316 0.466309
vt 0.546875 0.462402
vt 0.546387 0.456055
vt 0.543457 0.461426
vt 0.542969 0.456055
vt 0.552246 0.453125
vt 0.548340 0.449707
vt 0.552246 0.440430
vt 0.529297 0.449707
vt 0.524902 0.440430
vt 0.524902 0.453125
vt 0.531250 0.456055
vt 0.521973 0.455566
vt 0.530273 0.462402
vt 0.528320 0.466309
vt 0.534180 0.461426
vt 0.534180 0.456055
vt 0.239624 0.917297
vt 0.228149 0.922363
vt 0.237671 0.912903
vt 0.227051 0.914978
vt 0.220825 0.919128
vt 0.234619 0.909241
vt 0.219360 0.915649
vt 0.211914 0.917542
vt 0.225586 0.910767
vt 0.229858 0.905457
vt 0.224976 0.902344
vt 0.220825 0.904480
vt 0.214966 0.897766
vt 0.217896 0.912231
vt 0.208374 0.902710
vt 0.210205 0.913086
vt 0.200317 0.916016
vt 0.191040 0.874146
vt 0.192505 0.880981
vt 0.193481 0.886719
vt 0.193726 0.892639
vt 0.193115 0.899353
vt 0.199219 0.913147
vt 0.187744 0.911194
vt 0.203247 0.906250
vt 0.194458 0.908997
vt 0.190186 0.906677
vt 0.793457 0.039551
vt 0.787109 0.086426
vt 0.787109 0.039062
vt 0.793457 0.084473
vt 0.794922 0.097168
vt 0.799316 0.041016
vt 0.801758 0.094238
vt 0.802734 0.106934
vt 0.799316 0.083984
vt 0.804688 0.042480
vt 0.810059 0.102051
vt 0.807129 0.112305
vt 0.805176 0.093262
vt 0.804688 0.084473
vt 0.828613 0.055664
vt 0.814941 0.106934
vt 0.814941 0.122559
vt 0.813477 0.100586
vt 0.809082 0.092285
vt 0.826660 0.094727
vt 0.818359 0.098633
vt 0.818848 0.104980
vt 0.823730 0.117188
vt 0.831055 0.127930
vt 0.821777 0.133301
vt 0.828125 0.114746
vt 0.823242 0.103027
vt 0.838867 0.142578
vt 0.828613 0.146973
vt 0.836426 0.125488
vt 0.833008 0.112793
vt 0.830566 0.098633
vt 0.846680 0.141113
vt 0.841797 0.122559
vt 0.842773 0.154297
vt 0.833008 0.157715
vt 0.841309 0.108398
vt 0.845215 0.164062
vt 0.836914 0.168945
vt 0.849121 0.181641
vt 0.857422 0.173828
vt 0.857910 0.190918
vt 0.851074 0.162109
vt 0.867676 0.182129
vt 0.866699 0.202148
vt 0.862793 0.169922
vt 0.850586 0.152832
vt 0.858398 0.160645
vt 0.854004 0.139648
vt 0.858398 0.150879
vt 0.851562 0.118164
vt 0.867188 0.134766
vt 0.875488 0.156250
vt 0.874023 0.145508
vt 0.868652 0.166504
vt 0.886719 0.147949
vt 0.873535 0.178223
vt 0.881348 0.160645
vt 0.878418 0.194336
vt 0.879395 0.174805
vt 0.883789 0.189941
vt 0.887207 0.207520
vt 0.874512 0.214844
vt 0.889648 0.186523
vt 0.895996 0.226074
vt 0.882812 0.232422
vt 0.895020 0.205078
vt 0.902832 0.221191
vt 0.895508 0.229980
vt 0.883789 0.234375
vt 0.904297 0.222656
vt 0.908691 0.212402
vt 0.900879 0.245605
vt 0.888672 0.249512
vt 0.910645 0.240723
vt 0.905273 0.260742
vt 0.892090 0.263672
vt 0.915527 0.257324
vt 0.908691 0.279785
vt 0.895020 0.281738
vt 0.905762 0.378906
vt 0.919922 0.378418
vt 0.919922 0.278809
vt 0.930176 0.378906
vt 0.936035 0.376953
vt 0.927246 0.277832
vt 0.947266 0.367676
vt 0.922363 0.253906
vt 0.934082 0.255371
vt 0.959961 0.351562
vt 0.949707 0.249512
vt 0.917480 0.234375
vt 0.932617 0.194824
vt 0.912109 0.212891
vt 0.949707 0.175293
vt 0.960449 0.249512
vt 0.915527 0.190918
vt 0.960449 0.157715
vt 0.967773 0.249512
vt 0.933594 0.172852
vt 0.947266 0.153320
vt 0.967773 0.157715
vt 0.973145 0.249512
vt 0.947754 0.102539
vt 0.973145 0.157715
vt 0.960449 0.097168
vt 0.967773 0.095703
vt 0.979004 0.157715
vt 0.979004 0.249512
vt 0.985352 0.249512
vt 0.991211 0.157715
vt 0.991211 0.249512
vt 0.991211 0.095703
vt 0.979004 0.095703
vt 0.991211 0.092773
vt 0.973145 0.095703
vt 0.979004 0.092773
vt 0.991211 0.059082
vt 0.979004 0.059082
vt 0.973145 0.059570
vt 0.973145 0.092773
vt 0.967773 0.060547
vt 0.967773 0.092773
vt 0.960449 0.062500
vt 0.960449 0.094238
vt 0.948242 0.068848
vt 0.946777 0.099609
vt 0.938477 0.073730
vt 0.936035 0.106445
vt 0.926758 0.080078
vt 0.936035 0.110840
vt 0.926758 0.114258
vt 0.940430 0.133301
vt 0.926270 0.119141
vt 0.933105 0.152832
vt 0.913574 0.108887
vt 0.913574 0.079590
vt 0.920410 0.167480
vt 0.898926 0.103516
vt 0.898926 0.076172
vt 0.913086 0.113281
vt 0.896973 0.106934
vt 0.868164 0.098633
vt 0.865723 0.067871
vt 0.868164 0.102051
vt 0.853516 0.095703
vt 0.847656 0.062500
vt 0.854004 0.099609
vt 0.871582 0.123535
vt 0.838379 0.093750
vt 0.841797 0.097168
vt 0.837891 0.097168
vt 0.847656 0.106445
vt 0.849609 0.103516
vt 0.859863 0.112305
vt 0.857422 0.115234
vt 0.870117 0.127930
vt 0.880859 0.134277
vt 0.878418 0.137695
vt 0.889648 0.144531
vt 0.896973 0.154297
vt 0.893555 0.157227
vt 0.922852 0.150391
vt 0.903320 0.164062
vt 0.910156 0.175781
vt 0.899902 0.166992
vt 0.891113 0.168945
vt 0.906250 0.178223
vt 0.900879 0.180176
vt 0.910645 0.193848
vt 0.901855 0.201660
vt 0.802734 0.006836
vt 0.800781 0.013672
vt 0.800293 0.006836
vt 0.804199 0.014648
vt 0.802246 0.019043
vt 0.806641 0.006836
vt 0.809082 0.021484
vt 0.805664 0.023438
vt 0.808105 0.013672
vt 0.811523 0.010254
vt 0.812012 0.006836
vt 0.818359 0.006836
vt 0.814453 0.017578
vt 0.818359 0.011719
vt 0.831055 0.006836
vt 0.828125 0.032715
vt 0.830078 0.036133
vt 0.829590 0.022949
vt 0.831543 0.014160
vt 0.851074 0.006836
vt 0.851074 0.016602
vt 0.851074 0.028320
vt 0.850586 0.040527
vt 0.849121 0.042969
vt 0.867188 0.047852
vt 0.870605 0.018066
vt 0.871582 0.006836
vt 0.892578 0.006836
vt 0.870605 0.031250
vt 0.869141 0.046875
vt 0.902344 0.060059
vt 0.894531 0.018555
vt 0.905273 0.006836
vt 0.903320 0.033203
vt 0.903320 0.058594
vt 0.917480 0.065430
vt 0.907227 0.019531
vt 0.916016 0.006836
vt 0.913086 0.050781
vt 0.918457 0.019531
vt 0.914551 0.031250
vt 0.939941 0.006836
vt 0.917969 0.060547
vt 0.924316 0.045898
vt 0.930176 0.062012
vt 0.932617 0.069824
vt 0.940918 0.059570
vt 0.939941 0.055176
vt 0.923828 0.029785
vt 0.932129 0.040527
vt 0.951660 0.049805
vt 0.952637 0.052734
vt 0.936523 0.030273
vt 0.938965 0.020508
vt 0.949707 0.031250
vt 0.948730 0.021484
vt 0.948242 0.006836
vt 0.961426 0.020508
vt 0.960938 0.006836
vt 0.966309 0.041504
vt 0.968262 0.044922
vt 0.976074 0.038574
vt 0.963379 0.030762
vt 0.976562 0.030762
vt 0.980469 0.032227
vt 0.983398 0.023926
vt 0.983398 0.006836
vt 0.985840 0.006836
vt 0.971680 0.023438
vt 0.975586 0.006836
vt 0.968262 0.017090
vt 0.969238 0.006836
vt 0.863281 0.611572
vt 0.861816 0.600098
vt 0.865234 0.600342
vt 0.858398 0.611572
vt 0.861328 0.622559
vt 0.851074 0.599609
vt 0.856445 0.623535
vt 0.859863 0.635254
vt 0.848633 0.612793
vt 0.842773 0.613037
vt 0.845703 0.599365
vt 0.854980 0.637207
vt 0.861328 0.649170
vt 0.844238 0.625244
vt 0.855957 0.652100
vt 0.865723 0.665039
vt 0.843750 0.641357
vt 0.859863 0.667969
vt 0.873047 0.680420
vt 0.845215 0.657959
vt 0.849121 0.673828
vt 0.869141 0.685059
vt 0.884766 0.687012
vt 0.886719 0.681641
vt 0.859863 0.695068
vt 0.902832 0.685791
vt 0.902832 0.680420
vt 0.916016 0.676270
vt 0.880371 0.699951
vt 0.902344 0.699463
vt 0.916992 0.681152
vt 0.920898 0.695312
vt 0.929688 0.676270
vt 0.927246 0.670898
vt 0.937500 0.664062
vt 0.939941 0.668945
vt 0.946289 0.680908
vt 0.934570 0.687500
vt 0.949219 0.685303
vt 0.921387 0.700684
vt 0.937012 0.692871
vt 0.963379 0.714355
vt 0.948242 0.724854
vt 0.975586 0.730957
vt 0.901367 0.704346
vt 0.972656 0.759888
vt 0.989258 0.744629
vt 0.877930 0.704834
vt 0.958984 0.744141
vt 0.963379 0.773315
vt 0.929688 0.734619
vt 0.942383 0.755249
vt 0.889160 0.744873
vt 0.914551 0.755127
vt 0.937012 0.763672
vt 0.935059 0.771362
vt 0.911621 0.764893
vt 0.865723 0.732910
vt 0.885742 0.755737
vt 0.853027 0.702148
vt 0.860352 0.745605
vt 0.844238 0.676758
vt 0.840332 0.715576
vt 0.840332 0.660400
vt 0.813965 0.684082
vt 0.814453 0.666016
vt 0.838867 0.643066
vt 0.833984 0.731201
vt 0.839844 0.626221
vt 0.821777 0.606445
vt 0.811523 0.644287
vt 0.815918 0.619385
vt 0.794922 0.592529
vt 0.792480 0.646729
vt 0.792969 0.661133
vt 0.790039 0.674072
vt 0.788086 0.630615
vt 0.803711 0.624756
vt 0.777832 0.613525
vt 0.783203 0.682129
vt 0.786621 0.604492
vt 0.757812 0.600586
vt 0.777832 0.574463
vt 0.765137 0.590088
vt 0.764648 0.558350
vt 0.747559 0.583252
vt 0.734375 0.590576
vt 0.724121 0.557617
vt 0.738770 0.557373
vt 0.725098 0.534912
vt 0.745605 0.548340
vt 0.761719 0.548096
vt 0.749512 0.540283
vt 0.733887 0.538086
vt 0.729980 0.522461
vt 0.802246 0.703125
vt 0.780273 0.710205
vt 0.774414 0.686768
vt 0.817871 0.716797
vt 0.779785 0.726562
vt 0.762207 0.712402
vt 0.761230 0.688721
vt 0.747559 0.686279
vt 0.744629 0.709961
vt 0.729980 0.683350
vt 0.759766 0.728271
vt 0.730469 0.702637
vt 0.707520 0.687256
vt 0.739746 0.727539
vt 0.706543 0.713135
vt 0.720215 0.719971
vt 0.715820 0.714844
vt 0.704590 0.724854
vt 0.717773 0.730469
vt 0.696289 0.728760
vt 0.704590 0.740479
vt 0.718750 0.744873
vt 0.704590 0.750000
vt 0.724609 0.755981
vt 0.737793 0.750977
vt 0.740234 0.765869
vt 0.746582 0.760132
vt 0.756348 0.745850
vt 0.756348 0.755615
vt 0.779785 0.744385
vt 0.780273 0.753784
vt 0.756836 0.777588
vt 0.800781 0.744141
vt 0.785156 0.773560
vt 0.827637 0.746338
vt 0.804199 0.754028
vt 0.858398 0.751221
vt 0.828613 0.757080
vt 0.884766 0.758667
vt 0.852539 0.761841
vt 0.874023 0.767334
vt 0.911133 0.768188
vt 0.897461 0.774292
vt 0.934082 0.778320
vt 0.925781 0.785278
vt 0.945312 0.784912
vt 0.966309 0.784912
vt 0.976074 0.807495
vt 0.921875 0.793457
vt 0.957031 0.800537
vt 0.995605 0.834595
vt 0.991699 0.835815
vt 0.972168 0.812256
vt 0.956055 0.831543
vt 0.960449 0.843994
vt 0.994629 0.838257
vt 0.957520 0.841309
vt 0.943359 0.850708
vt 0.943848 0.846924
vt 0.927734 0.828125
vt 0.937500 0.842163
vt 0.932617 0.854736
vt 0.934082 0.857544
vt 0.923340 0.866455
vt 0.923828 0.856567
vt 0.911133 0.839111
vt 0.914551 0.812256
vt 0.893555 0.798096
vt 0.900391 0.821289
vt 0.894531 0.787598
vt 0.874512 0.782471
vt 0.874512 0.789795
vt 0.855469 0.777710
vt 0.854492 0.784546
vt 0.886719 0.808838
vt 0.870117 0.800659
vt 0.832520 0.773926
vt 0.832520 0.781738
vt 0.809570 0.772461
vt 0.810059 0.781250
vt 0.788086 0.784424
vt 0.770508 0.789551
vt 0.788574 0.791138
vt 0.811035 0.790894
vt 0.833008 0.792236
vt 0.794434 0.793457
vt 0.852539 0.795410
vt 0.797363 0.799072
vt 0.811035 0.795410
vt 0.831055 0.797729
vt 0.811035 0.805298
vt 0.794922 0.808594
vt 0.849121 0.800537
vt 0.785156 0.820679
vt 0.864258 0.805664
vt 0.850586 0.803467
vt 0.829590 0.806763
vt 0.848145 0.811768
vt 0.866211 0.810059
vt 0.878418 0.813110
vt 0.863770 0.817383
vt 0.880859 0.819458
vt 0.890625 0.823120
vt 0.877930 0.825195
vt 0.888184 0.826538
vt 0.896973 0.840210
vt 0.875488 0.855469
vt 0.887695 0.859985
vt 0.905273 0.870605
vt 0.796875 0.847900
vt 0.906250 0.875122
vt 0.918457 0.873535
vt 0.914551 0.883911
vt 0.910645 0.893127
vt 0.873047 0.886292
vt 0.890625 0.892029
vt 0.907715 0.901245
vt 0.873535 0.892639
vt 0.862305 0.875916
vt 0.886230 0.901855
vt 0.905762 0.908936
vt 0.871582 0.901611
vt 0.881836 0.911865
vt 0.905273 0.923096
vt 0.845703 0.896301
vt 0.846191 0.902161
vt 0.866699 0.913330
vt 0.838379 0.887878
vt 0.847656 0.912109
vt 0.852539 0.870605
vt 0.800781 0.866211
vt 0.828613 0.884399
vt 0.800781 0.878662
vt 0.763672 0.881836
vt 0.811035 0.893005
vt 0.760254 0.887207
vt 0.783203 0.893372
vt 0.799316 0.891113
vt 0.792969 0.900757
vt 0.782715 0.896790
vt 0.793945 0.902954
vt 0.814941 0.897827
vt 0.783203 0.901367
vt 0.817383 0.904297
vt 0.794434 0.907959
vt 0.817871 0.908752
vt 0.820801 0.918457
vt 0.791016 0.923828
vt 0.798828 0.935913
vt 0.732422 0.877441
vt 0.823730 0.930420
vt 0.824707 0.942230
vt 0.795410 0.951019
vt 0.807129 0.962433
vt 0.825195 0.951599
vt 0.852539 0.951630
vt 0.848633 0.927246
vt 0.851074 0.942047
vt 0.875488 0.949097
vt 0.878418 0.957764
vt 0.869141 0.938110
vt 0.868652 0.925598
vt 0.884277 0.937500
vt 0.883301 0.924622
vt 0.908203 0.937195
vt 0.889648 0.946899
vt 0.911133 0.945007
vt 0.895508 0.956085
vt 0.915039 0.953400
vt 0.911621 0.971771
vt 0.919434 0.962708
vt 0.923828 0.973053
vt 0.928223 0.989677
vt 1.230469 0.676025
vt 1.247070 0.679443
vt 1.234375 0.671387
vt 1.244141 0.684082
vt 1.261719 0.690674
vt 1.216797 0.704590
vt 1.257812 0.697754
vt 1.274414 0.702148
vt 1.230469 0.712891
vt 1.270508 0.712158
vt 1.287109 0.708740
vt 1.245117 0.723877
vt 1.225586 0.721680
vt 1.210938 0.713379
vt 1.238281 0.730469
vt 1.223633 0.725342
vt 1.208984 0.717285
vt 1.235352 0.733398
vt 1.249023 0.740723
vt 1.246094 0.742920
vt 1.256836 0.755127
vt 1.261719 0.756226
vt 1.258789 0.734619
vt 1.272461 0.750000
vt 1.284180 0.723145
vt 1.299805 0.710938
vt 1.271484 0.760254
vt 1.251953 0.786377
vt 1.293945 0.729492
vt 1.253906 0.786865
vt 1.288086 0.742188
vt 1.311523 0.736572
vt 1.312500 0.711670
vt 1.281250 0.752808
vt 1.293945 0.745361
vt 1.284180 0.756958
vt 1.299805 0.752319
vt 1.384766 0.720703
vt 1.384766 0.697754
vt 1.430664 0.685303
vt 1.320312 0.747070
vt 1.352539 0.761230
vt 1.393555 0.732666
vt 1.334961 0.783447
vt 1.391602 0.742188
vt 1.271484 0.809570
vt 1.251953 0.787598
vt 1.276367 0.811401
vt 1.284180 0.823975
vt 1.304688 0.794678
vt 1.291992 0.825439
vt 1.288086 0.828125
vt 1.296875 0.838135
vt 1.342773 0.821655
vt 1.336914 0.812744
vt 1.365234 0.787476
vt 1.308594 0.794922
vt 1.378906 0.779663
vt 1.365234 0.792725
vt 1.391602 0.761475
vt 1.407227 0.783813
vt 1.418945 0.777222
vt 1.431641 0.762207
vt 1.337891 0.808594
vt 1.379883 0.806152
vt 1.407227 0.789673
vt 1.448242 0.783569
vt 1.379883 0.810181
vt 1.381836 0.817383
vt 1.416992 0.802734
vt 1.416992 0.806763
vt 1.416992 0.813965
vt 1.452148 0.813110
vt 1.448242 0.789429
vt 1.454102 0.805420
vt 1.488281 0.813965
vt 1.454102 0.801514
vt 1.490234 0.805786
vt 1.524414 0.815918
vt 1.490234 0.801758
vt 1.526367 0.807617
vt 1.561523 0.818970
vt 1.490234 0.790894
vt 1.526367 0.803711
vt 1.562500 0.810547
vt 1.598633 0.814331
vt 1.599609 0.822632
vt 1.563477 0.806396
vt 1.634766 0.818237
vt 1.635742 0.826660
vt 1.599609 0.810303
vt 1.531250 0.793579
vt 1.569336 0.796509
vt 1.635742 0.815063
vt 1.532227 0.787842
vt 1.670898 0.824097
vt 1.606445 0.801025
vt 1.670898 0.832520
vt 1.671875 0.837280
vt 1.570312 0.790771
vt 1.607422 0.795166
vt 1.538086 0.782104
vt 1.574219 0.784668
vt 1.644531 0.801514
vt 1.498047 0.779785
vt 1.643555 0.807373
vt 1.490234 0.785156
vt 1.458008 0.778076
vt 1.467773 0.763672
vt 1.508789 0.765747
vt 1.463867 0.738525
vt 1.542969 0.769287
vt 1.492188 0.739014
vt 1.543945 0.746826
vt 1.576172 0.772339
vt 1.580078 0.752808
vt 1.608398 0.788208
vt 1.608398 0.776733
vt 1.643555 0.793701
vt 1.645508 0.784546
vt 1.676758 0.800781
vt 1.680664 0.809692
vt 1.616211 0.759521
vt 1.679688 0.815308
vt 1.583008 0.741211
vt 1.671875 0.821289
vt 1.698242 0.814819
vt 1.708008 0.831543
vt 1.699219 0.819824
vt 1.708008 0.830811
vt 1.707031 0.838867
vt 1.733398 0.833008
vt 1.706055 0.843994
vt 1.705078 0.852661
vt 1.738281 0.834961
vt 1.739258 0.841919
vt 1.740234 0.847290
vt 1.735352 0.867065
vt 1.766602 0.845093
vt 1.767578 0.848999
vt 1.763672 0.881836
vt 1.777344 0.848755
vt 1.800781 0.878662
vt 1.783203 0.893372
vt 1.798828 0.891113
vt 1.792969 0.900757
vt 1.810547 0.893005
vt 1.793945 0.902954
vt 1.814453 0.897827
vt 1.828125 0.884399
vt 1.800781 0.866211
vt 1.817383 0.904297
vt 1.817383 0.908752
vt 1.845703 0.902161
vt 1.837891 0.887878
vt 1.845703 0.896301
vt 1.873047 0.892639
vt 1.852539 0.870605
vt 1.862305 0.875916
vt 1.873047 0.886292
vt 1.906250 0.875122
vt 1.796875 0.847900
vt 1.905273 0.870605
vt 1.923828 0.856567
vt 1.887695 0.859985
vt 1.875000 0.855469
vt 1.911133 0.839111
vt 1.896484 0.840210
vt 1.785156 0.820679
vt 1.768555 0.842285
vt 1.746094 0.825195
vt 1.742188 0.829224
vt 1.755859 0.811768
vt 1.733398 0.817017
vt 1.730469 0.820679
vt 1.722656 0.825317
vt 1.722656 0.813477
vt 1.720703 0.828735
vt 1.710938 0.820312
vt 1.714844 0.817505
vt 1.706055 0.812256
vt 1.706055 0.807861
vt 1.715820 0.805176
vt 1.727539 0.810669
vt 1.720703 0.801636
vt 1.693359 0.805908
vt 1.709961 0.794189
vt 1.701172 0.800537
vt 1.691406 0.799194
vt 1.676758 0.793457
vt 1.698242 0.794434
vt 1.711914 0.786743
vt 1.651367 0.767700
vt 1.684570 0.775024
vt 1.706055 0.779297
vt 1.643555 0.755127
vt 1.667969 0.763672
vt 1.618164 0.748535
vt 1.646484 0.746094
vt 1.617188 0.737061
vt 1.690430 0.772583
vt 1.673828 0.757080
vt 1.677734 0.747559
vt 1.692383 0.766357
vt 1.647461 0.732666
vt 1.695312 0.758911
vt 1.706055 0.773682
vt 1.708008 0.769165
vt 1.715820 0.779663
vt 1.715820 0.782959
vt 1.731445 0.786133
vt 1.717773 0.776855
vt 1.723633 0.764282
vt 1.724609 0.770996
vt 1.735352 0.772217
vt 1.724609 0.755981
vt 1.740234 0.765869
vt 1.756836 0.777588
vt 1.746094 0.760132
vt 1.755859 0.755615
vt 1.737305 0.750977
vt 1.755859 0.745850
vt 1.780273 0.753784
vt 1.718750 0.744873
vt 1.739258 0.727539
vt 1.704102 0.750000
vt 1.678711 0.741943
vt 1.704102 0.740479
vt 1.717773 0.730469
vt 1.679688 0.733887
vt 1.704102 0.724854
vt 1.696289 0.728760
vt 1.693359 0.717529
vt 1.672852 0.719971
vt 1.719727 0.719971
vt 1.715820 0.714844
vt 1.706055 0.713135
vt 1.730469 0.702637
vt 1.697266 0.687744
vt 1.682617 0.685059
vt 1.707031 0.687256
vt 1.670898 0.678467
vt 1.729492 0.683350
vt 1.651367 0.717041
vt 1.744141 0.709961
vt 1.747070 0.686279
vt 1.759766 0.728271
vt 1.761719 0.712402
vt 1.760742 0.688721
vt 1.774414 0.686768
vt 1.779297 0.744385
vt 1.780273 0.710205
vt 1.783203 0.682129
vt 1.779297 0.726562
vt 1.801758 0.703125
vt 1.800781 0.744141
vt 1.817383 0.716797
vt 1.813477 0.684082
vt 1.790039 0.674072
vt 1.803711 0.754028
vt 1.814453 0.666016
vt 1.792969 0.661133
vt 1.791992 0.646729
vt 1.785156 0.773560
vt 1.811523 0.644287
vt 1.788086 0.630615
vt 1.770508 0.789551
vt 1.803711 0.624756
vt 1.777344 0.613525
vt 1.794922 0.808594
vt 1.786133 0.604492
vt 1.757812 0.600586
vt 1.815430 0.619385
vt 1.764648 0.590088
vt 1.794922 0.592529
vt 1.777344 0.574463
vt 1.821289 0.606445
vt 1.764648 0.558350
vt 1.839844 0.626221
vt 1.842773 0.613037
vt 1.747070 0.583252
vt 1.734375 0.590576
vt 1.723633 0.557617
vt 1.738281 0.557373
vt 1.724609 0.534912
vt 1.745117 0.548340
vt 1.761719 0.547607
vt 1.749023 0.540283
vt 1.733398 0.538086
vt 1.729492 0.522461
vt 1.845703 0.599365
vt 1.850586 0.599609
vt 1.848633 0.612793
vt 1.858398 0.611572
vt 1.861328 0.600098
vt 1.863281 0.611572
vt 1.865234 0.600342
vt 1.861328 0.622559
vt 1.856445 0.623535
vt 1.859375 0.635254
vt 1.843750 0.625244
vt 1.854492 0.637207
vt 1.861328 0.649170
vt 1.843750 0.641357
vt 1.855469 0.652100
vt 1.865234 0.665039
vt 1.844727 0.657959
vt 1.838867 0.643066
vt 1.839844 0.660400
vt 1.848633 0.673828
vt 1.859375 0.667969
vt 1.873047 0.680420
vt 1.843750 0.676758
vt 1.869141 0.685059
vt 1.859375 0.695068
vt 1.852539 0.702148
vt 1.884766 0.687012
vt 1.886719 0.681641
vt 1.879883 0.699951
vt 1.877930 0.704834
vt 1.839844 0.715576
vt 1.865234 0.732910
vt 1.833984 0.731201
vt 1.827148 0.746338
vt 1.860352 0.745605
vt 1.828125 0.757080
vt 1.858398 0.751221
vt 1.885742 0.755737
vt 1.852539 0.761841
vt 1.809570 0.772461
vt 1.832031 0.773926
vt 1.788086 0.784424
vt 1.809570 0.781250
vt 1.788086 0.791138
vt 1.796875 0.799072
vt 1.810547 0.790894
vt 1.793945 0.793457
vt 1.810547 0.795410
vt 1.810547 0.805298
vt 1.831055 0.797729
vt 1.832031 0.781738
vt 1.833008 0.792236
vt 1.855469 0.777710
vt 1.854492 0.784546
vt 1.874023 0.767334
vt 1.874023 0.782471
vt 1.884766 0.758667
vt 1.897461 0.774292
vt 1.911133 0.764893
vt 1.911133 0.768188
vt 1.894531 0.787598
vt 1.888672 0.744873
vt 1.874023 0.789795
vt 1.901367 0.704346
vt 1.914062 0.755127
vt 1.902344 0.699463
vt 1.929688 0.734619
vt 1.920898 0.700684
vt 1.902344 0.685791
vt 1.902344 0.680420
vt 1.916016 0.676270
vt 1.920898 0.695312
vt 1.916992 0.681152
vt 1.929688 0.676270
vt 1.926758 0.670898
vt 1.937500 0.664062
vt 1.939453 0.668945
vt 1.946289 0.680908
vt 1.934570 0.687500
vt 1.949219 0.685303
vt 1.936523 0.692871
vt 1.962891 0.714355
vt 1.948242 0.724854
vt 1.975586 0.730957
vt 1.958984 0.744141
vt 1.972656 0.759888
vt 1.989258 0.744629
vt 1.962891 0.773315
vt 1.942383 0.755249
vt 1.936523 0.763672
vt 1.934570 0.771362
vt 1.945312 0.784912
vt 1.965820 0.784912
vt 1.933594 0.778320
vt 1.925781 0.785278
vt 1.975586 0.807495
vt 1.921875 0.793457
vt 1.957031 0.800537
vt 1.995117 0.834595
vt 1.991211 0.835815
vt 1.971680 0.812256
vt 1.956055 0.831543
vt 1.959961 0.843994
vt 1.994141 0.838257
vt 1.957031 0.841309
vt 1.943359 0.850708
vt 1.943359 0.846924
vt 1.927734 0.828125
vt 1.937500 0.842163
vt 1.932617 0.854736
vt 1.933594 0.857544
vt 1.922852 0.866455
vt 1.914062 0.812256
vt 1.900391 0.821289
vt 1.893555 0.798096
vt 1.886719 0.808838
vt 1.890625 0.823120
vt 1.870117 0.800659
vt 1.877930 0.813110
vt 1.852539 0.795410
vt 1.864258 0.805664
vt 1.848633 0.800537
vt 1.850586 0.803467
vt 1.866211 0.810059
vt 1.829102 0.806763
vt 1.847656 0.811768
vt 1.863281 0.817383
vt 1.880859 0.819458
vt 1.877930 0.825195
vt 1.887695 0.826538
vt 1.787109 0.086426
vt 1.792969 0.039551
vt 1.787109 0.039062
vt 1.792969 0.084473
vt 1.798828 0.041016
vt 1.794922 0.097168
vt 1.798828 0.083984
vt 1.804688 0.042480
vt 1.801758 0.094238
vt 1.802734 0.106934
vt 1.804688 0.084473
vt 1.828125 0.055664
vt 1.804688 0.093262
vt 1.809570 0.102051
vt 1.806641 0.112305
vt 1.808594 0.092285
vt 1.814453 0.106934
vt 1.814453 0.122559
vt 1.813477 0.100586
vt 1.823242 0.117188
vt 1.818359 0.104980
vt 1.818359 0.098633
vt 1.826172 0.094727
vt 1.823242 0.103027
vt 1.828125 0.114746
vt 1.831055 0.127930
vt 1.821289 0.133301
vt 1.833008 0.112793
vt 1.838867 0.142578
vt 1.828125 0.146973
vt 1.835938 0.125488
vt 1.842773 0.154297
vt 1.833008 0.158203
vt 1.846680 0.141113
vt 1.841797 0.122559
vt 1.830078 0.098633
vt 1.840820 0.108398
vt 1.837891 0.093750
vt 1.847656 0.062500
vt 1.837891 0.097168
vt 1.853516 0.095703
vt 1.865234 0.067871
vt 1.841797 0.097168
vt 1.847656 0.106445
vt 1.868164 0.098633
vt 1.898438 0.076172
vt 1.853516 0.099609
vt 1.849609 0.103516
vt 1.898438 0.103516
vt 1.913086 0.079590
vt 1.868164 0.102051
vt 1.859375 0.112305
vt 1.913086 0.108887
vt 1.926758 0.080078
vt 1.896484 0.106934
vt 1.871094 0.123535
vt 1.857422 0.115234
vt 1.870117 0.127930
vt 1.851562 0.118164
vt 1.880859 0.134277
vt 1.853516 0.139648
vt 1.867188 0.134766
vt 1.850586 0.152832
vt 1.858398 0.150879
vt 1.877930 0.137695
vt 1.874023 0.145508
vt 1.858398 0.160645
vt 1.875000 0.156250
vt 1.886719 0.147949
vt 1.889648 0.144531
vt 1.913086 0.113281
vt 1.926758 0.114258
vt 1.925781 0.119141
vt 1.935547 0.106445
vt 1.938477 0.073730
vt 1.935547 0.110840
vt 1.946289 0.099609
vt 1.948242 0.068848
vt 1.947266 0.102539
vt 1.959961 0.094238
vt 1.959961 0.062500
vt 1.959961 0.097168
vt 1.967773 0.092773
vt 1.967773 0.060547
vt 1.972656 0.092773
vt 1.972656 0.059570
vt 1.967773 0.095703
vt 1.978516 0.092773
vt 1.978516 0.059082
vt 1.991211 0.059082
vt 1.991211 0.092773
vt 1.972656 0.095703
vt 1.978516 0.095703
vt 1.991211 0.095703
vt 1.972656 0.157715
vt 1.978516 0.157715
vt 1.991211 0.157715
vt 1.985352 0.249512
vt 1.991211 0.249512
vt 1.978516 0.249512
vt 1.972656 0.249512
vt 1.967773 0.157715
vt 1.967773 0.249512
vt 1.959961 0.157715
vt 1.959961 0.249512
vt 1.949219 0.175293
vt 1.949219 0.249512
vt 1.947266 0.153320
vt 1.940430 0.133301
vt 1.932617 0.152832
vt 1.933594 0.172852
vt 1.932617 0.194824
vt 1.922852 0.150391
vt 1.919922 0.167480
vt 1.896484 0.154297
vt 1.903320 0.164062
vt 1.893555 0.157227
vt 1.880859 0.160645
vt 1.899414 0.166992
vt 1.868164 0.166504
vt 1.890625 0.168945
vt 1.878906 0.174805
vt 1.910156 0.175781
vt 1.900391 0.180176
vt 1.915039 0.190918
vt 1.906250 0.178223
vt 1.910156 0.193848
vt 1.889648 0.186523
vt 1.901367 0.201660
vt 1.912109 0.212891
vt 1.908203 0.212402
vt 1.894531 0.205078
vt 1.883789 0.189941
vt 1.873047 0.178223
vt 1.886719 0.207520
vt 1.862305 0.169922
vt 1.877930 0.194336
vt 1.867188 0.182129
vt 1.850586 0.162109
vt 1.866211 0.202148
vt 1.857422 0.190918
vt 1.874023 0.214844
vt 1.857422 0.173828
vt 1.848633 0.181641
vt 1.844727 0.164062
vt 1.836914 0.168945
vt 1.895508 0.226074
vt 1.882812 0.232422
vt 1.902344 0.221191
vt 1.895508 0.229980
vt 1.883789 0.234375
vt 1.904297 0.222656
vt 1.900391 0.245605
vt 1.888672 0.249512
vt 1.910156 0.240723
vt 1.916992 0.234375
vt 1.905273 0.260742
vt 1.891602 0.263672
vt 1.915039 0.257324
vt 1.921875 0.253906
vt 1.933594 0.255371
vt 1.959961 0.351562
vt 1.947266 0.367676
vt 1.926758 0.277832
vt 1.935547 0.376953
vt 1.919922 0.278809
vt 1.929688 0.378906
vt 1.919922 0.378418
vt 1.908203 0.279785
vt 1.905273 0.378906
vt 1.894531 0.281738
vt 1.800781 0.013672
vt 1.802734 0.006836
vt 1.799805 0.006836
vt 1.803711 0.014648
vt 1.801758 0.019043
vt 1.805664 0.006836
vt 1.808594 0.021484
vt 1.805664 0.023438
vt 1.807617 0.013672
vt 1.811523 0.010254
vt 1.811523 0.006836
vt 1.818359 0.006836
vt 1.814453 0.017578
vt 1.818359 0.011719
vt 1.831055 0.006836
vt 1.828125 0.032715
vt 1.830078 0.036133
vt 1.829102 0.022949
vt 1.831055 0.014160
vt 1.850586 0.006836
vt 1.850586 0.016602
vt 1.850586 0.028320
vt 1.870117 0.018066
vt 1.871094 0.006836
vt 1.892578 0.006836
vt 1.849609 0.040527
vt 1.848633 0.042969
vt 1.867188 0.047852
vt 1.870117 0.031250
vt 1.894531 0.018555
vt 1.904297 0.006836
vt 1.869141 0.046875
vt 1.902344 0.060059
vt 1.903320 0.033203
vt 1.907227 0.019531
vt 1.916016 0.006836
vt 1.903320 0.058594
vt 1.916992 0.065430
vt 1.917969 0.019531
vt 1.939453 0.006836
vt 1.914062 0.031250
vt 1.913086 0.050781
vt 1.917969 0.060547
vt 1.929688 0.062012
vt 1.932617 0.069824
vt 1.923828 0.045898
vt 1.940430 0.059570
vt 1.923828 0.029785
vt 1.939453 0.055176
vt 1.931641 0.040527
vt 1.951172 0.049805
vt 1.952148 0.052734
vt 1.936523 0.030273
vt 1.938477 0.020508
vt 1.949219 0.031250
vt 1.948242 0.021484
vt 1.948242 0.006836
vt 1.960938 0.020508
vt 1.960938 0.006836
vt 1.965820 0.041504
vt 1.967773 0.044922
vt 1.975586 0.038574
vt 1.962891 0.030762
vt 1.976562 0.030762
vt 1.980469 0.032227
vt 1.983398 0.023926
vt 1.983398 0.006836
vt 1.985352 0.006836
vt 1.971680 0.023438
vt 1.975586 0.006836
vt 1.967773 0.017090
vt 1.968750 0.006836
vt 0.152832 0.202148
vt 0.162720 0.200195
vt 0.152466 0.205566
vt 0.163208 0.196777
vt 0.153320 0.200195
vt 0.184814 0.191406
vt 0.162964 0.193848
vt 0.183960 0.186523
vt 0.181274 0.183594
vt 0.208008 0.169434
vt 0.210815 0.176758
vt 0.213745 0.187012
vt 0.239258 0.169922
vt 0.236450 0.155762
vt 0.248291 0.184570
vt 0.269775 0.163086
vt 0.268799 0.141602
vt 0.283447 0.183105
vt 0.303223 0.158691
vt 0.302979 0.132324
vt 0.332275 0.155762
vt 0.337158 0.125977
vt 0.349365 0.159668
vt 0.390381 0.183105
vt 0.342285 0.151855
vt 0.355713 0.154785
vt 0.365479 0.162598
vt 0.369141 0.157227
vt 0.381592 0.164062
vt 0.381836 0.159180
vt 0.409668 0.159180
vt 0.409424 0.164551
vt 0.524414 0.159180
vt 0.530273 0.164551
vt 0.536621 0.157715
vt 0.566406 0.183105
vt 0.545410 0.162598
vt 0.547852 0.154785
vt 0.560547 0.159180
vt 0.554688 0.152344
vt 0.574707 0.153809
vt 0.582031 0.179688
vt 0.567383 0.142090
vt 0.552734 0.145508
vt 0.594238 0.154785
vt 0.595215 0.176270
vt 0.607910 0.172363
vt 0.561523 0.132812
vt 0.548340 0.137207
vt 0.590820 0.140137
vt 0.554688 0.125000
vt 0.541992 0.130371
vt 0.624023 0.155762
vt 0.621582 0.167480
vt 0.640625 0.159668
vt 0.653320 0.153809
vt 0.640625 0.146484
vt 0.644043 0.143066
vt 0.624023 0.126953
vt 0.621582 0.136719
vt 0.579102 0.121582
vt 0.542969 0.116211
vt 0.543945 0.119141
vt 0.532227 0.125000
vt 0.510742 0.116699
vt 0.510742 0.122559
vt 0.509766 0.113770
vt 0.477295 0.121582
vt 0.477051 0.116211
vt 0.476562 0.113770
vt 0.442139 0.118164
vt 0.442627 0.123535
vt 0.442139 0.115234
vt 0.408936 0.125977
vt 0.407959 0.117188
vt 0.408447 0.120605
vt 0.380859 0.129395
vt 0.373779 0.124512
vt 0.372559 0.121094
vt 0.379150 0.131348
vt 0.370361 0.128418
vt 0.378906 0.133789
vt 0.370117 0.131836
vt 0.371826 0.135742
vt 0.379883 0.135254
vt 0.356934 0.147949
vt 0.361816 0.152832
vt 0.375244 0.138184
vt 0.382568 0.137695
vt 0.373779 0.144531
vt 0.374756 0.149414
vt 0.381104 0.142578
vt 0.400879 0.145996
vt 0.843750 0.415527
vt 0.854492 0.415527
vt 0.843750 0.418945
vt 0.833496 0.420410
vt 0.833496 0.415527
vt 0.833496 0.426270
vt 0.827148 0.415527
vt 0.827148 0.422363
vt 0.827148 0.431152
vt 0.822754 0.415527
vt 0.822754 0.423828
vt 0.822754 0.438477
vt 0.817871 0.431152
vt 0.817871 0.422363
vt 0.817871 0.415527
vt 0.812012 0.426270
vt 0.812012 0.420410
vt 0.812012 0.415527
vt 0.801758 0.418945
vt 0.801758 0.415527
vt 0.791504 0.415527
vt 0.092468 0.672363
vt 0.087708 0.650146
vt 0.092468 0.650146
vt 0.087708 0.678711
vt 0.083862 0.650146
vt 0.093750 0.677002
vt 0.083862 0.681641
vt 0.095825 0.680420
vt 0.087708 0.687256
vt 0.078552 0.687256
vt 0.083862 0.692627
vt 0.096191 0.687256
vt 0.098267 0.683350
vt 0.101746 0.685791
vt 0.087708 0.694824
vt 0.083862 0.699219
vt 0.087708 0.698975
vt 0.093018 0.697998
vt 0.100891 0.689697
vt 0.108093 0.688965
vt 0.098450 0.695801
vt 0.103271 0.692627
vt 0.110229 0.655029
vt 0.110229 0.677246
vt 0.105530 0.677246
vt 0.105530 0.648438
vt 0.101685 0.677246
vt 0.111572 0.650146
vt 0.101685 0.645752
vt 0.113647 0.646973
vt 0.105530 0.640137
vt 0.096375 0.640137
vt 0.101685 0.634766
vt 0.114014 0.640137
vt 0.116089 0.644043
vt 0.119568 0.641602
vt 0.105530 0.632568
vt 0.101685 0.628174
vt 0.105530 0.628418
vt 0.110779 0.629395
vt 0.118713 0.637695
vt 0.125854 0.638428
vt 0.116272 0.631348
vt 0.121094 0.634521
vt 0.965332 0.288086
vt 0.965332 0.274902
vt 0.971680 0.274902
vt 0.971680 0.288086
vt 0.978027 0.281250
vt 0.984863 0.288086
vt 0.971680 0.294434
vt 0.984863 0.294434
vt 0.984863 0.274902
vt 0.971680 0.268555
vt 0.984863 0.268555
vt 0.991211 0.288086
vt 0.991211 0.274902
vt 0.124695 0.879944
vt 0.124695 0.874756
vt 0.140259 0.879944
vt 0.143799 0.877808
vt 0.146851 0.874756
vt 0.146851 0.870117
vt 0.124695 0.870117
vt 0.124695 0.865112
vt 0.163330 0.870117
vt 0.155884 0.876770
vt 0.163330 0.865112
vt 0.146851 0.860107
vt 0.124695 0.860107
vt 0.163330 0.860107
vt 0.155884 0.853394
vt 0.124695 0.855347
vt 0.146851 0.855347
vt 0.143799 0.852295
vt 0.140259 0.850220
vt 0.124695 0.850220
vt 0.031311 0.967072
vt 0.033997 0.968018
vt 0.033997 0.969849
vt 0.028137 0.967072
vt 0.038574 0.971756
vt 0.038574 0.976074
vt 0.035950 0.980057
vt 0.028137 0.993031
vt 0.033997 0.990257
vt 0.038574 0.984024
vt 0.038574 0.988350
vt 0.031311 0.993031
vt 0.033997 0.992104
vt 0.333252 0.437012
vt 0.321289 0.416016
vt 0.333252 0.416016
vt 0.321289 0.437012
vt 0.317627 0.450684
vt 0.315918 0.437012
vt 0.309326 0.439941
vt 0.310791 0.453125
vt 0.337646 0.450684
vt 0.338623 0.437012
vt 0.345215 0.439453
vt 0.344482 0.452148
vt 0.319092 0.460938
vt 0.311768 0.462891
vt 0.336426 0.460938
vt 0.343750 0.462402
vt 0.320557 0.470215
vt 0.313232 0.472656
vt 0.335449 0.470215
vt 0.342529 0.472168
vt 0.333984 0.480469
vt 0.340820 0.481934
vt 0.322266 0.480469
vt 0.315430 0.482422
vt 0.332764 0.491211
vt 0.337891 0.491699
vt 0.330566 0.505615
vt 0.326660 0.505615
vt 0.323975 0.491211
vt 0.318848 0.492188
vt 0.982910 0.900818
vt 0.966797 0.874634
vt 0.993652 0.889343
vt 0.961914 0.888489
vt 0.974121 0.907471
vt 0.938965 0.880615
vt 0.937988 0.864624
vt 0.955566 0.896240
vt 0.962891 0.913940
vt 0.936523 0.889771
vt 0.948242 0.904297
vt 0.954590 0.918701
vt 0.932617 0.899963
vt 0.942383 0.911987
vt 0.948242 0.924438
vt 0.929199 0.909607
vt 0.938477 0.919983
vt 0.944336 0.930054
vt 0.927246 0.919189
vt 0.936035 0.926880
vt 0.927246 0.927063
vt 0.941406 0.936279
vt 0.928711 0.934753
vt 0.935547 0.933899
vt 0.937988 0.952942
vt 1.993164 0.889343
vt 1.966797 0.874634
vt 1.982422 0.900818
vt 1.961914 0.888489
vt 1.973633 0.907471
vt 1.937500 0.864624
vt 1.938477 0.880615
vt 1.955078 0.896240
vt 1.962891 0.913940
vt 1.936523 0.889771
vt 1.948242 0.904297
vt 1.954102 0.918701
vt 1.932617 0.899963
vt 1.942383 0.911987
vt 1.948242 0.924438
vt 1.928711 0.909607
vt 1.938477 0.919983
vt 1.944336 0.930054
vt 1.926758 0.919189
vt 1.935547 0.926880
vt 1.926758 0.927063
vt 1.941406 0.936279
vt 1.928711 0.934753
vt 1.935547 0.933899
vt 1.937500 0.952942
vt 0.687500 0.496582
vt 0.712891 0.475586
vt 0.721680 0.486328
vt 0.680176 0.480469
vt 0.700195 0.463379
vt 0.659180 0.474609
vt 0.669434 0.485840
vt 0.672852 0.464844
vt 0.686035 0.452637
vt 0.657227 0.477051
vt 0.652832 0.479004
vt 0.658203 0.463379
vt 0.601562 0.485840
vt 0.616211 0.479004
vt 0.665039 0.453613
vt 0.654297 0.453125
vt 0.671875 0.443359
vt 0.612305 0.478027
vt 0.656738 0.442871
vt 0.643066 0.428711
vt 0.649414 0.442871
vt 0.594238 0.479980
vt 0.604980 0.472656
vt 0.596191 0.463867
vt 0.586426 0.468750
vt 0.588379 0.453613
vt 0.578125 0.476074
vt 0.576660 0.478027
vt 0.573242 0.479004
vt 0.574707 0.464844
vt 0.514160 0.485840
vt 0.528320 0.479004
vt 0.580078 0.455078
vt 0.573242 0.453125
vt 0.580078 0.443359
vt 0.524902 0.478027
vt 0.576660 0.442871
vt 0.574219 0.431152
vt 0.573242 0.442871
vt 0.506836 0.479980
vt 0.517578 0.472656
vt 0.508789 0.464355
vt 0.499023 0.468750
vt 0.500488 0.453613
vt 0.489746 0.474609
vt 0.487305 0.464844
vt 0.488525 0.477051
vt 0.485352 0.479004
vt 0.439209 0.479004
vt 0.407471 0.486328
vt 0.431152 0.476074
vt 0.492676 0.455078
vt 0.485840 0.453125
vt 0.492920 0.443359
vt 0.489014 0.442871
vt 0.485596 0.442871
vt 0.486572 0.431152
vt 0.405762 0.463867
vt 0.417236 0.463379
vt 0.406250 0.442383
vt 0.400146 0.464355
vt 0.366943 0.442383
vt 0.404053 0.433594
vt 0.363281 0.433594
vt 0.404297 0.424316
vt 0.355713 0.429688
vt 0.359863 0.424316
vt 0.406006 0.414551
vt 0.346436 0.419434
vt 0.356201 0.414062
vt 0.348877 0.394531
vt 0.413574 0.393066
vt 0.397705 0.386230
vt 0.324463 0.395020
vt 0.388184 0.378418
vt 0.340820 0.373047
vt 0.318359 0.374023
vt 0.348877 0.371094
vt 0.382324 0.371094
vt 0.333740 0.354492
vt 0.315430 0.355957
vt 0.312012 0.295410
vt 0.347900 0.361328
vt 0.365479 0.362793
vt 0.377197 0.362305
vt 0.375977 0.353516
vt 0.366211 0.352051
vt 0.377197 0.345215
vt 0.352295 0.349121
vt 0.373047 0.326660
vt 0.381348 0.329590
vt 0.339600 0.345215
vt 0.367432 0.343750
vt 0.363525 0.322754
vt 0.354248 0.340332
vt 0.341309 0.336426
vt 0.348633 0.312012
vt 1.712891 0.475586
vt 1.687500 0.496582
vt 1.721680 0.486328
vt 1.679688 0.480469
vt 1.700195 0.463379
vt 1.659180 0.474609
vt 1.668945 0.485840
vt 1.672852 0.464844
vt 1.685547 0.452637
vt 1.657227 0.477051
vt 1.652344 0.479004
vt 1.658203 0.463379
vt 1.601562 0.485840
vt 1.616211 0.479004
vt 1.612305 0.478027
vt 1.665039 0.453613
vt 1.654297 0.453125
vt 1.671875 0.443359
vt 1.656250 0.442871
vt 1.649414 0.442871
vt 1.642578 0.428711
vt 1.593750 0.479980
vt 1.604492 0.472656
vt 1.595703 0.463867
vt 1.585938 0.468750
vt 1.587891 0.453613
vt 1.578125 0.476074
vt 1.576172 0.478027
vt 1.573242 0.479004
vt 1.574219 0.464844
vt 1.513672 0.485840
vt 1.528320 0.479004
vt 1.580078 0.455078
vt 1.573242 0.453125
vt 1.580078 0.443359
vt 1.524414 0.478027
vt 1.576172 0.442871
vt 1.574219 0.431152
vt 1.573242 0.442871
vt 1.506836 0.479980
vt 1.517578 0.472656
vt 1.508789 0.464355
vt 1.499023 0.468750
vt 1.500000 0.453613
vt 1.489258 0.474609
vt 1.487305 0.464844
vt 1.488281 0.477051
vt 1.485352 0.479004
vt 1.438477 0.479004
vt 1.407227 0.486328
vt 1.430664 0.476074
vt 1.492188 0.455078
vt 1.485352 0.453125
vt 1.492188 0.443359
vt 1.488281 0.442871
vt 1.485352 0.442871
vt 1.486328 0.431152
vt 1.405273 0.463867
vt 1.416992 0.463379
vt 1.406250 0.442383
vt 1.399414 0.464355
vt 1.366211 0.442383
vt 1.403320 0.433594
vt 1.363281 0.433594
vt 1.355469 0.429688
vt 1.404297 0.424316
vt 1.359375 0.424316
vt 1.345703 0.419434
vt 1.405273 0.414551
vt 1.355469 0.414062
vt 1.348633 0.394531
vt 1.413086 0.393066
vt 1.397461 0.386230
vt 1.324219 0.395020
vt 1.387695 0.378418
vt 1.340820 0.373047
vt 1.318359 0.374023
vt 1.348633 0.371094
vt 1.381836 0.371094
vt 1.333008 0.354492
vt 1.315430 0.355957
vt 1.311523 0.295410
vt 1.347656 0.361328
vt 1.365234 0.362793
vt 1.376953 0.362305
vt 1.375977 0.353516
vt 1.366211 0.352051
vt 1.376953 0.345215
vt 1.351562 0.349121
vt 1.373047 0.326660
vt 1.380859 0.329590
vt 1.367188 0.343750
vt 1.363281 0.322754
vt 1.353516 0.340332
vt 1.340820 0.336426
vt 1.348633 0.312012
vt 1.338867 0.345215
vt 0.166382 0.786865
vt 0.171631 0.811646
vt 0.166382 0.811646
vt 0.171631 0.786865
vt 0.178955 0.811646
vt 0.178955 0.786865
vt 0.170166 0.784424
vt 0.166382 0.782593
vt 0.175781 0.779053
vt 0.170166 0.771851
vt 0.166382 0.773193
vt 0.166382 0.769897
vt 0.178955 0.779053
vt 0.189819 0.779053
vt 0.178955 0.769897
vt 0.171631 0.769897
vt 0.178955 0.752197
vt 0.171631 0.752197
vt 0.166382 0.752197
vt 0.170166 0.750000
vt 0.166382 0.748535
vt 0.176147 0.743408
vt 0.170166 0.737305
vt 0.166382 0.739014
vt 0.166382 0.735107
vt 0.178955 0.743408
vt 0.189819 0.743408
vt 0.178955 0.735107
vt 0.171631 0.735107
vt 0.178955 0.708252
vt 0.171631 0.708252
vt 0.166382 0.708252
vt 0.178955 0.699951
vt 0.166382 0.699951
vt 0.171631 0.699951
vt 0.178955 0.691406
vt 0.171631 0.691406
vt 0.166382 0.691406
vt 0.166382 0.683105
vt 0.171631 0.679443
vt 0.178955 0.682129
vt 0.200684 0.765137
vt 0.205933 0.740479
vt 0.205933 0.765137
vt 0.200684 0.740479
vt 0.193359 0.765015
vt 0.193359 0.740479
vt 0.202148 0.737793
vt 0.205933 0.736084
vt 0.196411 0.732422
vt 0.202148 0.725342
vt 0.205933 0.726807
vt 0.205933 0.723389
vt 0.193359 0.732422
vt 0.182495 0.732422
vt 0.193359 0.723389
vt 0.200684 0.723389
vt 0.193359 0.705566
vt 0.200684 0.705566
vt 0.205933 0.705566
vt 0.202148 0.703369
vt 0.205933 0.701904
vt 0.196167 0.697021
vt 0.202148 0.690918
vt 0.205933 0.692383
vt 0.205933 0.688477
vt 0.193359 0.697021
vt 0.182495 0.697021
vt 0.193359 0.688477
vt 0.200684 0.688477
vt 0.193359 0.661621
vt 0.200684 0.661621
vt 0.205933 0.661621
vt 0.193359 0.653320
vt 0.205933 0.653320
vt 0.200684 0.653320
vt 0.193359 0.644775
vt 0.200684 0.644775
vt 0.205933 0.644775
vt 0.205933 0.636475
vt 0.200684 0.632812
vt 0.193359 0.635498
vt 0.874023 0.420898
vt 0.867676 0.416992
vt 0.874023 0.415039
vt 0.870117 0.422363
vt 0.874023 0.438965
vt 0.865234 0.425781
vt 0.860840 0.419922
vt 0.865234 0.439941
vt 0.874023 0.452148
vt 0.858398 0.430176
vt 0.853516 0.423828
vt 0.859375 0.445312
vt 0.865234 0.452637
vt 0.874023 0.455078
vt 0.848633 0.437500
vt 0.843750 0.430664
vt 0.865234 0.456055
vt 0.874023 0.474121
vt 0.858398 0.456055
vt 0.851074 0.449219
vt 0.838379 0.444824
vt 0.833496 0.437500
vt 0.848633 0.461426
vt 0.829590 0.452148
vt 0.822754 0.443848
vt 0.838379 0.459961
vt 0.820801 0.446289
vt 0.828613 0.455078
vt 0.841797 0.466797
vt 0.836426 0.462891
vt 0.818359 0.457031
vt 0.827637 0.465820
vt 0.836426 0.471191
vt 0.809082 0.449219
vt 0.809082 0.437988
vt 0.818848 0.472168
vt 0.798340 0.442383
vt 0.799316 0.432617
vt 0.808594 0.463867
vt 0.797852 0.456055
vt 0.824707 0.479492
vt 0.820312 0.483887
vt 0.837402 0.474121
vt 0.827148 0.483398
vt 0.843750 0.469727
vt 0.835449 0.494629
vt 0.849121 0.465332
vt 0.847656 0.486816
vt 0.858398 0.459473
vt 0.856934 0.484863
vt 0.865234 0.476562
vt 0.874023 0.487793
vt 0.865234 0.487793
vt 0.846680 0.498535
vt 0.865234 0.500732
vt 0.874023 0.499023
vt 0.855957 0.506348
vt 0.865234 0.505371
vt 0.874023 0.504883
vt 0.874023 0.515625
vt 0.865234 0.516602
vt 0.874023 0.527832
vt 0.856934 0.511230
vt 0.865234 0.529297
vt 0.874023 0.540039
vt 0.855469 0.521973
vt 0.848145 0.512695
vt 0.849121 0.516357
vt 0.839844 0.502930
vt 0.830566 0.513428
vt 0.825684 0.506104
vt 0.835938 0.521729
vt 0.822754 0.521484
vt 0.814941 0.492676
vt 0.811523 0.509277
vt 0.815430 0.486816
vt 0.811035 0.524902
vt 0.803223 0.479004
vt 0.802246 0.482910
vt 0.801758 0.499512
vt 0.797852 0.519775
vt 0.791992 0.510010
vt 0.792969 0.494141
vt 0.784180 0.500977
vt 0.793945 0.478027
vt 0.785645 0.490234
vt 0.779297 0.498535
vt 0.795410 0.475098
vt 0.779297 0.487305
vt 0.772949 0.497559
vt 0.772949 0.487305
vt 0.772949 0.471680
vt 0.786621 0.474609
vt 0.779297 0.472168
vt 0.787598 0.471191
vt 0.779297 0.468262
vt 0.772949 0.467773
vt 0.772949 0.463867
vt 0.795898 0.472168
vt 0.788086 0.467285
vt 0.788574 0.447754
vt 0.779297 0.464355
vt 0.789062 0.437988
vt 0.779297 0.444336
vt 0.772949 0.444336
vt 0.779297 0.435059
vt 0.772949 0.434082
vt 0.788086 0.429199
vt 0.792480 0.424316
vt 0.779297 0.421387
vt 0.779297 0.426270
vt 0.772949 0.423828
vt 0.772949 0.418457
vt 1.867188 0.416992
vt 1.874023 0.420898
vt 1.874023 0.415039
vt 1.870117 0.422363
vt 1.874023 0.438965
vt 1.865234 0.425781
vt 1.860352 0.419922
vt 1.865234 0.439941
vt 1.874023 0.452148
vt 1.858398 0.430176
vt 1.853516 0.423828
vt 1.865234 0.452637
vt 1.874023 0.455078
vt 1.859375 0.445312
vt 1.848633 0.437500
vt 1.843750 0.430664
vt 1.865234 0.456055
vt 1.874023 0.474121
vt 1.837891 0.444824
vt 1.833008 0.437500
vt 1.850586 0.449219
vt 1.858398 0.456055
vt 1.829102 0.452148
vt 1.822266 0.443848
vt 1.820312 0.446289
vt 1.837891 0.459961
vt 1.848633 0.461426
vt 1.858398 0.459473
vt 1.865234 0.476562
vt 1.874023 0.487793
vt 1.848633 0.465332
vt 1.865234 0.487793
vt 1.856445 0.484863
vt 1.865234 0.500732
vt 1.874023 0.499023
vt 1.855469 0.506348
vt 1.865234 0.505371
vt 1.874023 0.504883
vt 1.874023 0.515625
vt 1.865234 0.516602
vt 1.874023 0.527832
vt 1.856445 0.511230
vt 1.865234 0.529297
vt 1.874023 0.540039
vt 1.855469 0.521973
vt 1.865234 0.541992
vt 1.874023 0.547852
vt 1.865234 0.550537
vt 1.854492 0.535889
vt 1.855469 0.547852
vt 1.852539 0.555664
vt 1.845703 0.542480
vt 1.843750 0.555176
vt 1.843750 0.562256
vt 1.848633 0.516357
vt 1.837891 0.559326
vt 1.847656 0.512695
vt 1.834961 0.562256
vt 1.833984 0.568848
vt 1.833008 0.552979
vt 1.831055 0.557861
vt 1.831055 0.567383
vt 1.823242 0.571777
vt 1.823242 0.560059
vt 1.812500 0.567871
vt 1.823242 0.548584
vt 1.812500 0.552979
vt 1.801758 0.561523
vt 1.824219 0.545898
vt 1.803711 0.547119
vt 1.793945 0.556152
vt 1.815430 0.541992
vt 1.818359 0.540771
vt 1.824219 0.535889
vt 1.837891 0.524902
vt 1.822266 0.533447
vt 1.835938 0.521729
vt 1.815430 0.537109
vt 1.823242 0.521484
vt 1.805664 0.534424
vt 1.810547 0.524902
vt 1.806641 0.531006
vt 1.792969 0.539551
vt 1.787109 0.550537
vt 1.797852 0.524414
vt 1.787109 0.537109
vt 1.780273 0.545898
vt 1.794922 0.528564
vt 1.797852 0.519775
vt 1.792969 0.522705
vt 1.811523 0.509277
vt 1.786133 0.524902
vt 1.786133 0.521240
vt 1.780273 0.519775
vt 1.780273 0.535645
vt 1.772461 0.544189
vt 1.772461 0.535645
vt 1.780273 0.523438
vt 1.772461 0.519043
vt 1.772461 0.522949
vt 1.801758 0.499512
vt 1.791992 0.510010
vt 1.792969 0.494141
vt 1.784180 0.500977
vt 1.814453 0.492676
vt 1.785156 0.490234
vt 1.779297 0.498535
vt 1.801758 0.482910
vt 1.793945 0.478027
vt 1.779297 0.487305
vt 1.772461 0.497559
vt 1.772461 0.487305
vt 1.772461 0.471680
vt 1.786133 0.474609
vt 1.779297 0.472168
vt 1.779297 0.468262
vt 1.772461 0.467773
vt 1.787109 0.471191
vt 1.772461 0.463867
vt 1.794922 0.475098
vt 1.779297 0.464355
vt 1.802734 0.479004
vt 1.795898 0.472168
vt 1.788086 0.467285
vt 1.815430 0.486816
vt 1.820312 0.483887
vt 1.808594 0.463867
vt 1.797852 0.456055
vt 1.788086 0.447754
vt 1.779297 0.444336
vt 1.772461 0.444336
vt 1.797852 0.442383
vt 1.779297 0.435059
vt 1.772461 0.434082
vt 1.789062 0.437988
vt 1.779297 0.426270
vt 1.772461 0.423828
vt 1.772461 0.418457
vt 1.779297 0.421387
vt 1.788086 0.429199
vt 1.791992 0.424316
vt 1.798828 0.432617
vt 1.808594 0.437988
vt 1.808594 0.449219
vt 1.818359 0.457031
vt 1.828125 0.455078
vt 1.818359 0.472168
vt 1.827148 0.465820
vt 1.835938 0.462891
vt 1.841797 0.466797
vt 1.835938 0.471191
vt 1.824219 0.479492
vt 1.843750 0.469727
vt 1.836914 0.474121
vt 1.827148 0.483398
vt 1.847656 0.486816
vt 1.834961 0.494629
vt 1.846680 0.498535
vt 1.825195 0.506104
vt 1.839844 0.502930
vt 1.830078 0.513428
vt 0.106445 0.447266
vt 0.106445 0.436035
vt 0.115234 0.447266
vt 0.123047 0.436035
vt 0.123047 0.447266
vt 0.115234 0.436035
vt 0.106445 0.431152
vt 0.123047 0.431152
vt 0.115234 0.431152
vt 0.106445 0.360352
vt 0.123047 0.360352
vt 0.115234 0.351074
vt 0.106445 0.351074
vt 0.123047 0.351074
vt 0.106445 0.340820
vt 0.123047 0.340820
vt 0.115234 0.330078
vt 0.106445 0.330078
vt 0.089355 0.340820
vt 0.123047 0.330078
vt 0.115234 0.321777
vt 0.106445 0.321777
vt 0.123047 0.321777
vt 0.089355 0.330078
vt 0.089355 0.321777
vt 0.081360 0.321777
vt 0.140381 0.330078
vt 0.140381 0.321777
vt 0.140381 0.340820
vt 0.149536 0.321777
vt 0.149536 0.330078
vt 0.149536 0.351074
vt 0.140381 0.351074
vt 0.140381 0.360352
vt 0.156738 0.330078
vt 0.156738 0.321777
vt 0.156738 0.340820
vt 0.156738 0.351074
vt 0.156738 0.360352
vt 0.172119 0.340820
vt 0.149536 0.431152
vt 0.156738 0.431152
vt 0.140381 0.431152
vt 0.149536 0.436035
vt 0.156738 0.436035
vt 0.140381 0.436035
vt 0.149536 0.447266
vt 0.156738 0.447266
vt 0.140381 0.447266
vt 0.172119 0.330078
vt 0.172119 0.321777
vt 0.181030 0.321777
vt 0.181030 0.330078
vt 0.187744 0.321777
vt 0.187744 0.330078
vt 0.187744 0.340820
vt 0.181030 0.351074
vt 0.172119 0.351074
vt 0.187744 0.351074
vt 0.172119 0.360352
vt 0.187744 0.360352
vt 0.181030 0.431152
vt 0.172119 0.431152
vt 0.187744 0.431152
vt 0.181030 0.436035
vt 0.172119 0.436035
vt 0.187744 0.436035
vt 0.181030 0.447266
vt 0.172119 0.447266
vt 0.187744 0.447266
vt 0.065857 0.330078
vt 0.065857 0.321777
vt 0.072998 0.321777
vt 0.072998 0.330078
vt 0.072998 0.340820
vt 0.065857 0.340820
vt 0.081360 0.330078
vt 0.081360 0.351074
vt 0.072998 0.351074
vt 0.089355 0.351074
vt 0.072998 0.360352
vt 0.089355 0.360352
vt 0.081360 0.431152
vt 0.072998 0.431152
vt 0.089355 0.431152
vt 0.081360 0.436035
vt 0.072998 0.436035
vt 0.089355 0.436035
vt 0.081360 0.447266
vt 0.072998 0.447266
vt 0.089355 0.447266
vt 0.194580 0.528320
vt 0.199097 0.519531
vt 0.199097 0.528320
vt 0.194580 0.513672
vt 0.199097 0.509277
vt 0.194580 0.456543
vt 0.199097 0.456543
vt 0.190186 0.519531
vt 0.190186 0.528320
vt 0.190186 0.509277
vt 0.190186 0.456543
vt 0.185181 0.528320
vt 0.187622 0.507324
vt 0.187622 0.456543
vt 0.185181 0.456543
vt 0.187622 0.513672
vt 0.185181 0.519531
vt 0.180664 0.528320
vt 0.185181 0.509277
vt 0.180664 0.456543
vt 0.180664 0.513672
vt 0.176147 0.509277
vt 0.176147 0.456543
vt 0.176147 0.519531
vt 0.176147 0.528320
vt 0.171265 0.528320
vt 0.173706 0.507324
vt 0.173706 0.456543
vt 0.171265 0.456543
vt 0.173706 0.513672
vt 0.171265 0.519531
vt 0.166748 0.528320
vt 0.171265 0.509277
vt 0.166748 0.456543
vt 0.166748 0.513672
vt 0.162354 0.509277
vt 0.162354 0.456543
vt 0.162354 0.519531
vt 0.162354 0.528320
vt 0.159790 0.507324
vt 0.159790 0.456543
vt 0.157349 0.456543
vt 0.159790 0.513672
vt 0.157349 0.509277
vt 0.152832 0.456543
vt 0.157349 0.519531
vt 0.157349 0.528320
vt 0.152832 0.528320
vt 0.152832 0.513672
vt 0.148438 0.519531
vt 0.148438 0.528320
vt 0.143555 0.528320
vt 0.143555 0.519531
vt 0.148438 0.509277
vt 0.148438 0.456543
vt 0.145752 0.513672
vt 0.143555 0.509277
vt 0.145752 0.507324
vt 0.145752 0.456543
vt 0.143555 0.456543
vt 0.248657 0.558350
vt 0.260742 0.542480
vt 0.263428 0.552734
vt 0.241089 0.551514
vt 0.239380 0.563721
vt 0.208740 0.554199
vt 0.221069 0.560547
vt 0.238281 0.570068
vt 0.244873 0.583496
vt 0.216064 0.569824
vt 0.208618 0.562500
vt 0.209229 0.557617
vt 0.212280 0.545654
vt 0.208252 0.550537
vt 0.259766 0.534668
vt 0.208496 0.540283
vt 0.234253 0.534424
vt 0.258789 0.526123
vt 0.213745 0.526123
vt 0.236816 0.517578
vt 0.259521 0.521729
vt 0.208252 0.512207
vt 0.260986 0.513428
vt 0.212402 0.506104
vt 0.207520 0.502686
vt 0.207764 0.498047
vt 0.237427 0.508545
vt 0.262939 0.505127
vt 0.216064 0.497070
vt 0.239380 0.485352
vt 0.221680 0.494141
vt 0.232300 0.479492
vt 0.225342 0.489258
vt 0.228027 0.475098
vt 0.227539 0.482910
vt 0.228027 0.479004
vt 1.260742 0.542480
vt 1.248047 0.558350
vt 1.262695 0.552734
vt 1.240234 0.551514
vt 1.239258 0.563721
vt 1.208008 0.554199
vt 1.220703 0.560547
vt 1.238281 0.570068
vt 1.244141 0.583496
vt 1.215820 0.569824
vt 1.208008 0.562500
vt 1.208984 0.557617
vt 1.211914 0.545654
vt 1.208008 0.550537
vt 1.259766 0.534668
vt 1.208008 0.540283
vt 1.233398 0.534424
vt 1.258789 0.526123
vt 1.212891 0.526123
vt 1.236328 0.517578
vt 1.258789 0.521729
vt 1.208008 0.512207
vt 1.260742 0.513428
vt 1.211914 0.506104
vt 1.207031 0.502686
vt 1.207031 0.498047
vt 1.237305 0.508545
vt 1.262695 0.505127
vt 1.215820 0.497070
vt 1.239258 0.485352
vt 1.221680 0.494141
vt 1.231445 0.479492
vt 1.224609 0.489258
vt 1.227539 0.475098
vt 1.227539 0.482910
vt 1.227539 0.479004
vt 0.425781 0.142090
vt 0.412109 0.142090
vt 0.425781 0.128906
vt 0.425781 0.154785
vt 0.439453 0.142090
vt 0.758301 0.398438
vt 0.740234 0.398438
vt 0.758301 0.381836
vt 0.758301 0.415527
vt 0.775879 0.398438
vt 0.753906 0.017578
vt 0.753906 0.028320
vt 0.742676 0.017578
vt 0.753906 0.006836
vt 0.765137 0.017578
vt 0.765625 0.042969
vt 0.765137 0.053223
vt 0.754395 0.042969
vt 0.765625 0.032715
vt 0.776367 0.042969
vt 0.268555 0.267090
vt 0.269043 0.279785
vt 0.255127 0.266602
vt 0.269287 0.253418
vt 0.283203 0.266602
vt 0.512695 0.142578
vt 0.512695 0.153320
vt 0.501953 0.143066
vt 0.513184 0.132812
vt 0.523926 0.143066
vt 0.070496 0.979568
vt 0.068298 0.993935
vt 0.054871 0.979706
vt 0.070312 0.966156
vt 0.084351 0.979706
vt 1.753906 0.017578
vt 1.742188 0.017578
vt 1.753906 0.028320
vt 1.753906 0.006836
vt 1.764648 0.017578
vt 1.468750 0.141113
vt 1.456055 0.141113
vt 1.468750 0.153809
vt 1.468750 0.129395
vt 1.481445 0.141113
vt 1.765625 0.042969
vt 1.753906 0.042969
vt 1.764648 0.053223
vt 1.765625 0.032715
vt 1.776367 0.042969
vt 0.979492 0.697998
vt 0.979492 0.711670
vt 0.964844 0.698486
vt 0.979004 0.684326
vt 0.995117 0.698486
vt 0.468994 0.141113
vt 0.468994 0.153809
vt 0.456299 0.141113
vt 0.468994 0.129395
vt 0.481689 0.141113
vt 0.311523 0.203125
vt 0.311279 0.213379
vt 0.300049 0.203125
vt 0.311279 0.192383
vt 0.322510 0.203125
vt 1.512695 0.142578
vt 1.501953 0.143066
vt 1.512695 0.153320
vt 1.512695 0.132812
vt 1.523438 0.143066
vt 1.268555 0.267090
vt 1.254883 0.266602
vt 1.268555 0.279785
vt 1.268555 0.253418
vt 1.283203 0.266602
vt 1.070312 0.979568
vt 1.054688 0.979706
vt 1.067383 0.993935
vt 1.070312 0.966156
vt 1.083984 0.979706
vt 1.979492 0.697998
vt 1.964844 0.698486
vt 1.979492 0.711670
vt 1.978516 0.684326
vt 1.995117 0.698486
vt 1.311523 0.203125
vt 1.299805 0.203125
vt 1.310547 0.213379
vt 1.310547 0.192383
vt 1.322266 0.203125
vt 1.334961 0.623535
vt 1.325195 0.606445
vt 1.324219 0.623047
vt 1.338867 0.628418
vt 1.310547 0.621338
vt 1.326172 0.643066
vt 1.303711 0.626465
vt 1.345703 0.634033
vt 1.294922 0.631592
vt 1.349609 0.646729
vt 1.352539 0.639404
vt 1.372070 0.653564
vt 1.353516 0.665771
vt 1.346680 0.670654
vt 1.340820 0.675049
vt 1.333984 0.679199
vt 1.316406 0.671631
vt 1.329102 0.684082
vt 1.305664 0.702393
vt 1.304688 0.684326
vt 1.291992 0.689209
vt 1.309570 0.670410
vt 1.296875 0.676025
vt 1.314453 0.656006
vt 1.284180 0.682861
vt 1.286133 0.668701
vt 1.278320 0.677979
vt 1.271484 0.672363
vt 1.293945 0.650146
vt 1.304688 0.657959
vt 1.283203 0.636475
vt 1.274414 0.654541
vt 1.262695 0.666016
vt 1.244141 0.653564
vt 0.335205 0.623535
vt 0.324951 0.623047
vt 0.325439 0.606445
vt 0.339600 0.628418
vt 0.311035 0.621338
vt 0.326416 0.643066
vt 0.303711 0.626465
vt 0.345703 0.634033
vt 0.295166 0.631592
vt 0.349609 0.646729
vt 0.352539 0.639404
vt 0.372803 0.653564
vt 0.353760 0.665771
vt 0.347412 0.670410
vt 0.340820 0.675049
vt 0.334473 0.679199
vt 0.316895 0.671631
vt 0.329102 0.684082
vt 0.305664 0.702393
vt 0.304932 0.684326
vt 0.292236 0.689209
vt 0.310059 0.670410
vt 0.297363 0.676025
vt 0.314453 0.656006
vt 0.284668 0.682861
vt 0.286621 0.668701
vt 0.278564 0.677979
vt 0.271729 0.672363
vt 0.294678 0.650146
vt 0.304688 0.657959
vt 0.283936 0.636475
vt 0.274658 0.654541
vt 0.262695 0.666016
vt 0.244507 0.653564
vt 0.013451 0.233887
vt 0.020569 0.221680
vt 0.025726 0.230469
vt 0.013451 0.209961
vt 0.038818 0.220703
vt 0.025146 0.212402
vt 0.200195 0.332520
vt 0.197266 0.322754
vt 0.203125 0.322754
vt 0.197266 0.334473
vt 0.203125 0.334473
vt 0.200195 0.335938
vt 0.195435 0.337891
vt 0.204956 0.337891
vt 0.200195 0.341309
vt 0.264893 0.933167
vt 0.266113 0.940887
vt 0.258545 0.939087
vt 0.269531 0.940887
vt 0.258545 0.942596
vt 0.264648 0.948547
vt 0.723145 0.384277
vt 0.726562 0.397949
vt 0.724121 0.397949
vt 0.726562 0.384277
vt 0.709961 0.397949
vt 0.721680 0.374023
vt 0.725586 0.374023
vt 0.724121 0.360840
vt 0.709473 0.384277
vt 0.706543 0.384277
vt 0.706543 0.397949
vt 0.680176 0.397949
vt 0.706543 0.374023
vt 0.680176 0.384277
vt 0.622070 0.397949
vt 0.703613 0.374023
vt 0.622070 0.384277
vt 0.678223 0.374023
vt 0.696777 0.363770
vt 0.719727 0.361816
vt 0.699707 0.361328
vt 0.715332 0.352539
vt 0.720215 0.349121
vt 0.709473 0.345703
vt 0.714355 0.342285
vt 0.689941 0.351562
vt 0.702637 0.339844
vt 0.705566 0.334473
vt 0.691406 0.326172
vt 0.685547 0.331543
vt 0.687012 0.354980
vt 0.683105 0.347168
vt 0.674805 0.362305
vt 0.681152 0.350586
vt 0.675781 0.343750
vt 0.674316 0.332520
vt 0.688477 0.316406
vt 0.674316 0.347168
vt 0.668945 0.342773
vt 0.670898 0.350586
vt 0.668457 0.345703
vt 0.666016 0.335449
vt 0.655762 0.341797
vt 0.653809 0.342285
vt 0.668945 0.327148
vt 0.662109 0.332520
vt 0.660645 0.332031
vt 0.665039 0.327637
vt 0.667969 0.309082
vt 0.689941 0.306152
vt 0.688965 0.300293
vt 0.657715 0.321289
vt 0.657227 0.316895
vt 0.656250 0.324219
vt 0.645996 0.320312
vt 0.664062 0.310059
vt 0.644043 0.320312
vt 0.655762 0.314453
vt 0.622070 0.332031
vt 0.659668 0.309082
vt 0.662598 0.306152
vt 0.622070 0.310547
vt 0.622070 0.307129
vt 0.622070 0.300293
vt 0.682617 0.291992
vt 0.622070 0.291992
vt 0.480713 0.291992
vt 0.462891 0.307129
vt 0.462891 0.300293
vt 0.456787 0.291992
vt 0.462891 0.310547
vt 0.431641 0.300293
vt 0.432373 0.291992
vt 0.404785 0.291992
vt 0.432861 0.307129
vt 0.399658 0.300293
vt 0.377686 0.291992
vt 0.383057 0.300293
vt 0.388184 0.306152
vt 0.401855 0.309082
vt 0.398682 0.316895
vt 0.411865 0.311523
vt 0.416748 0.319824
vt 0.413574 0.331543
vt 0.433350 0.310547
vt 0.421143 0.319336
vt 0.431396 0.327637
vt 0.434570 0.325684
vt 0.439941 0.331543
vt 0.446289 0.330078
vt 0.471680 0.332031
vt 0.432861 0.337402
vt 0.471924 0.342285
vt 0.435791 0.338867
vt 0.428223 0.345703
vt 0.405762 0.354980
vt 0.622070 0.342285
vt 0.622070 0.350586
vt 0.437988 0.350586
vt 0.622070 0.362305
vt 0.471924 0.350586
vt 0.471924 0.362305
vt 0.622070 0.374023
vt 0.440674 0.362305
vt 0.471924 0.374023
vt 0.471924 0.384277
vt 0.471924 0.397949
vt 0.444336 0.397949
vt 0.444092 0.384277
vt 0.423340 0.397949
vt 0.421631 0.384277
vt 0.440430 0.374023
vt 0.418457 0.378418
vt 0.433838 0.362305
vt 0.426758 0.372070
vt 0.432617 0.353027
vt 0.437500 0.373047
vt 0.432129 0.346680
vt 0.426758 0.369141
vt 0.428955 0.355469
vt 0.430908 0.362305
vt 0.414062 0.359375
vt 0.406738 0.358398
vt 0.420166 0.363770
vt 0.412842 0.362305
vt 0.413330 0.369141
vt 0.419678 0.367188
vt 1.726562 0.397949
vt 1.722656 0.384277
vt 1.723633 0.397949
vt 1.726562 0.384277
vt 1.709961 0.397949
vt 1.721680 0.374023
vt 1.725586 0.374023
vt 1.723633 0.360840
vt 1.708984 0.384277
vt 1.706055 0.384277
vt 1.706055 0.397949
vt 1.679688 0.397949
vt 1.706055 0.374023
vt 1.679688 0.384277
vt 1.703125 0.374023
vt 1.622070 0.397949
vt 1.719727 0.361816
vt 1.622070 0.384277
vt 1.714844 0.352539
vt 1.719727 0.349121
vt 1.699219 0.361328
vt 1.708984 0.345703
vt 1.713867 0.342285
vt 1.689453 0.351562
vt 1.702148 0.339844
vt 1.705078 0.334473
vt 1.691406 0.326172
vt 1.685547 0.331543
vt 1.682617 0.347168
vt 1.686523 0.354980
vt 1.696289 0.363770
vt 1.680664 0.350586
vt 1.677734 0.374023
vt 1.674805 0.362305
vt 1.622070 0.374023
vt 1.675781 0.343750
vt 1.670898 0.350586
vt 1.673828 0.332520
vt 1.688477 0.316406
vt 1.673828 0.347168
vt 1.668945 0.342773
vt 1.667969 0.345703
vt 1.622070 0.362305
vt 1.653320 0.342285
vt 1.622070 0.350586
vt 1.471680 0.362305
vt 1.655273 0.341797
vt 1.666016 0.335449
vt 1.662109 0.332520
vt 1.668945 0.327148
vt 1.660156 0.332031
vt 1.665039 0.327637
vt 1.667969 0.309082
vt 1.689453 0.306152
vt 1.688477 0.300293
vt 1.657227 0.321289
vt 1.657227 0.316895
vt 1.656250 0.324219
vt 1.645508 0.320312
vt 1.643555 0.320312
vt 1.655273 0.314453
vt 1.664062 0.310059
vt 1.659180 0.309082
vt 1.662109 0.306152
vt 1.622070 0.307129
vt 1.622070 0.300293
vt 1.682617 0.291992
vt 1.622070 0.291992
vt 1.480469 0.291992
vt 1.622070 0.310547
vt 1.462891 0.307129
vt 1.462891 0.300293
vt 1.456055 0.291992
vt 1.622070 0.332031
vt 1.431641 0.300293
vt 1.431641 0.291992
vt 1.404297 0.291992
vt 1.622070 0.342285
vt 1.471680 0.342285
vt 1.471680 0.332031
vt 1.462891 0.310547
vt 1.446289 0.330078
vt 1.471680 0.350586
vt 1.437500 0.350586
vt 1.440430 0.362305
vt 1.435547 0.338867
vt 1.471680 0.374023
vt 1.432617 0.353027
vt 1.471680 0.384277
vt 1.471680 0.397949
vt 1.444336 0.397949
vt 1.443359 0.384277
vt 1.422852 0.397949
vt 1.420898 0.384277
vt 1.440430 0.374023
vt 1.417969 0.378418
vt 1.433594 0.362305
vt 1.426758 0.372070
vt 1.437500 0.373047
vt 1.418945 0.367188
vt 1.413086 0.369141
vt 1.426758 0.369141
vt 1.430664 0.362305
vt 1.412109 0.362305
vt 1.406250 0.358398
vt 1.419922 0.363770
vt 1.414062 0.359375
vt 1.405273 0.354980
vt 1.428711 0.355469
vt 1.427734 0.345703
vt 1.413086 0.331543
vt 1.431641 0.346680
vt 1.432617 0.337402
vt 1.439453 0.331543
vt 1.430664 0.327637
vt 1.434570 0.325684
vt 1.416016 0.319824
vt 1.398438 0.316895
vt 1.420898 0.319336
vt 1.432617 0.310547
vt 1.411133 0.311523
vt 1.401367 0.309082
vt 1.387695 0.306152
vt 1.432617 0.307129
vt 1.399414 0.300293
vt 1.382812 0.300293
vt 1.376953 0.291992
vt 1.431641 0.738770
vt 1.430664 0.728027
vt 1.464844 0.728027
vt 1.454102 0.710938
vt 1.445312 0.677246
vt 1.478516 0.729736
vt 1.516602 0.707275
vt 1.458008 0.662109
vt 1.510742 0.661377
vt 1.529297 0.733643
vt 1.548828 0.676270
vt 1.546875 0.657471
vt 1.554688 0.736328
vt 1.552734 0.717285
vt 1.587891 0.728271
vt 1.552734 0.696777
vt 1.595703 0.714111
vt 1.624023 0.724121
vt 1.631836 0.708008
vt 1.661133 0.667969
vt 1.609375 0.688965
vt 1.654297 0.655273
vt 1.571289 0.691406
vt 1.559570 0.683350
vt 1.573242 0.669434
vt 1.564453 0.664062
vt 1.561523 0.652588
vt 1.580078 0.650879
vt 1.575195 0.643555
vt 1.587891 0.656494
vt 1.587891 0.642822
vt 1.582031 0.636475
vt 1.610352 0.657959
vt 1.651367 0.641602
vt 1.595703 0.646973
vt 1.596680 0.630859
vt 1.589844 0.625732
vt 1.612305 0.638428
vt 1.651367 0.630859
vt 1.653320 0.620117
vt 1.603516 0.635498
vt 1.611328 0.620850
vt 1.602539 0.617676
vt 1.596680 0.614014
vt 1.615234 0.607178
vt 1.608398 0.597168
vt 1.606445 0.589600
vt 1.616211 0.587158
vt 1.627930 0.606689
vt 1.622070 0.596924
vt 1.624023 0.583984
vt 1.640625 0.602539
vt 1.662109 0.604004
vt 1.633789 0.593750
vt 1.630859 0.578369
vt 1.649414 0.596436
vt 1.669922 0.591309
vt 1.642578 0.587646
vt 1.636719 0.571045
vt 1.656250 0.583740
vt 1.666016 0.567627
vt 1.649414 0.578857
vt 1.659180 0.568115
vt 1.656250 0.539551
vt 1.652344 0.566895
vt 1.642578 0.562256
vt 0.167358 0.644287
vt 0.158203 0.633057
vt 0.167358 0.635742
vt 0.176392 0.633057
vt 0.162842 0.632568
vt 0.171631 0.632568
vt 0.167358 0.632568
vt 0.167236 0.630615
vt 0.172607 0.675537
vt 0.162598 0.663086
vt 0.172607 0.666260
vt 0.182495 0.663086
vt 0.167603 0.662598
vt 0.177246 0.662842
vt 0.172607 0.662842
vt 0.172485 0.660645
vt 0.150635 0.633057
vt 0.150635 0.642334
vt 0.140381 0.645508
vt 0.160645 0.645508
vt 0.145508 0.645996
vt 0.155396 0.645996
vt 0.150635 0.645996
vt 0.150513 0.648193
vt 0.175415 0.641846
vt 0.175415 0.651123
vt 0.165283 0.654297
vt 0.185181 0.654297
vt 0.170288 0.654785
vt 0.179932 0.654785
vt 0.175415 0.654785
vt 0.175171 0.656982
vt 0.772949 0.519043
vt 0.780273 0.523438
vt 0.772949 0.522949
vt 0.780273 0.519775
vt 0.772949 0.535645
vt 0.786133 0.524902
vt 0.786621 0.521240
vt 0.780273 0.535645
vt 0.772949 0.544189
vt 0.793457 0.522705
vt 0.780273 0.545898
vt 0.795410 0.528564
vt 0.787109 0.537109
vt 0.787598 0.550537
vt 0.798340 0.524414
vt 0.792969 0.539551
vt 0.794434 0.556152
vt 0.805664 0.534424
vt 0.803711 0.547119
vt 0.802246 0.561523
vt 0.807129 0.531006
vt 0.812988 0.552979
vt 0.812500 0.567871
vt 0.815918 0.537109
vt 0.815918 0.541992
vt 0.822754 0.533447
vt 0.818848 0.540771
vt 0.823242 0.548584
vt 0.823242 0.560059
vt 0.823242 0.571777
vt 0.831055 0.567383
vt 0.833984 0.568848
vt 0.831055 0.557861
vt 0.834961 0.562256
vt 0.843750 0.562256
vt 0.837402 0.559326
vt 0.833008 0.552979
vt 0.844238 0.555176
vt 0.853027 0.555664
vt 0.824707 0.545898
vt 0.855957 0.547852
vt 0.824219 0.535889
vt 0.865234 0.550537
vt 0.837891 0.524902
vt 0.845703 0.542480
vt 0.854980 0.535889
vt 0.865234 0.541992
vt 0.874023 0.547852
vt 0.296143 0.518311
vt 0.290771 0.614014
vt 0.290771 0.518311
vt 0.296143 0.619629
vt 0.273438 0.518311
vt 0.290039 0.615723
vt 0.293701 0.622559
vt 0.290771 0.623779
vt 0.273438 0.614014
vt 0.268066 0.518311
vt 0.268066 0.619629
vt 0.274170 0.615723
vt 0.270752 0.622559
vt 0.273438 0.623779
vt 0.276123 0.616455
vt 0.288330 0.616211
vt 0.154175 0.618652
vt 0.152100 0.619141
vt 0.151489 0.615723
vt 0.155273 0.624512
vt 0.154175 0.613525
vt 0.156738 0.623047
vt 0.152466 0.612061
vt 0.161133 0.625732
vt 0.156738 0.609131
vt 0.160522 0.627686
vt 0.155273 0.607666
vt 0.166138 0.625732
vt 0.161133 0.606689
vt 0.166748 0.627686
vt 0.160522 0.604736
vt 0.171997 0.624512
vt 0.166138 0.606689
vt 0.170532 0.623047
vt 0.166748 0.604736
vt 0.173096 0.618652
vt 0.171997 0.607666
vt 0.175171 0.619141
vt 0.170532 0.609131
vt 0.175781 0.615723
vt 0.174805 0.612061
vt 0.173096 0.613525
vt 0.185791 0.545410
vt 0.195190 0.543701
vt 0.191772 0.547607
vt 0.194824 0.551270
vt 0.185547 0.540283
vt 0.199463 0.549072
vt 0.181152 0.546387
vt 0.201050 0.555664
vt 0.178833 0.541748
vt 0.195801 0.555908
vt 0.173462 0.546143
vt 0.197632 0.565186
vt 0.177490 0.549561
vt 0.193726 0.561768
vt 0.170166 0.555664
vt 0.190063 0.564941
vt 0.175415 0.555420
vt 0.192261 0.569580
vt 0.176392 0.560059
vt 0.185547 0.571045
vt 0.171753 0.562500
vt 0.185303 0.565918
vt 0.176025 0.567871
vt 0.179443 0.563721
vt 0.296875 0.496582
vt 0.296875 0.503906
vt 0.293945 0.503906
vt 0.293213 0.510010
vt 0.293945 0.496582
vt 0.291016 0.508545
vt 0.293213 0.490723
vt 0.286865 0.513672
vt 0.291016 0.492188
vt 0.286377 0.511230
vt 0.286865 0.486816
vt 0.283203 0.514648
vt 0.286377 0.489258
vt 0.279297 0.510986
vt 0.283203 0.485840
vt 0.276367 0.512695
vt 0.279297 0.489258
vt 0.274658 0.508301
vt 0.276367 0.487793
vt 0.271484 0.508545
vt 0.274658 0.492188
vt 0.271973 0.503662
vt 0.271484 0.492188
vt 0.268799 0.500244
vt 0.271973 0.497070
vt 0.886230 0.389160
vt 0.900391 0.389160
vt 0.900391 0.460938
vt 0.886719 0.507324
vt 0.909668 0.389160
vt 0.900391 0.490234
vt 0.894043 0.530762
vt 0.899414 0.542480
vt 0.903809 0.549072
vt 0.909668 0.468750
vt 0.916992 0.389160
vt 0.916992 0.474121
vt 0.924805 0.389160
vt 0.908691 0.474609
vt 0.924805 0.479004
vt 0.933105 0.389160
vt 0.915527 0.477539
vt 0.933105 0.480957
vt 0.941406 0.389160
vt 0.923340 0.483398
vt 0.915527 0.483398
vt 0.908203 0.479980
vt 0.921387 0.488281
vt 0.915039 0.486816
vt 0.926270 0.490723
vt 0.923828 0.493652
vt 0.915039 0.490234
vt 0.933594 0.487305
vt 0.931152 0.492188
vt 0.941406 0.482422
vt 0.936035 0.493652
vt 0.949707 0.480957
vt 0.949707 0.389160
vt 0.941406 0.487793
vt 0.948730 0.487305
vt 0.958008 0.479004
vt 0.958008 0.389160
vt 0.958984 0.483398
vt 0.965820 0.474121
vt 0.965820 0.389160
vt 0.967285 0.477539
vt 0.973145 0.468750
vt 0.973145 0.389160
vt 0.974121 0.474609
vt 0.981934 0.460938
vt 0.981934 0.389160
vt 0.996094 0.389160
vt 0.996094 0.507324
vt 0.966797 0.483398
vt 0.974609 0.479980
vt 0.981934 0.490234
vt 0.988770 0.530762
vt 0.983398 0.542480
vt 0.979004 0.549072
vt 0.967285 0.486816
vt 0.961426 0.488281
vt 0.956543 0.490723
vt 0.958984 0.493652
vt 0.967773 0.490234
vt 0.951660 0.492188
vt 0.946777 0.493652
vt 0.949219 0.497070
vt 0.941406 0.494141
vt 0.941406 0.498535
vt 0.958984 0.497559
vt 0.948730 0.502197
vt 0.933594 0.497070
vt 0.923340 0.497559
vt 0.933594 0.502197
vt 0.941406 0.503418
vt 0.925293 0.509033
vt 0.916504 0.504395
vt 0.909180 0.499023
vt 0.916016 0.507568
vt 0.908691 0.503174
vt 0.908203 0.508545
vt 0.915527 0.511719
vt 0.924805 0.513428
vt 0.934570 0.511963
vt 0.921387 0.516846
vt 0.941406 0.513184
vt 0.915039 0.515137
vt 0.934570 0.517090
vt 0.926270 0.520264
vt 0.923340 0.522217
vt 0.914551 0.518799
vt 0.909668 0.551270
vt 0.922852 0.526367
vt 0.909180 0.553955
vt 0.909668 0.556396
vt 0.916504 0.553223
vt 0.915527 0.554443
vt 0.914062 0.557861
vt 0.913574 0.559326
vt 0.918945 0.562012
vt 0.919922 0.560791
vt 0.924316 0.564209
vt 0.923828 0.557373
vt 0.925293 0.562988
vt 0.930664 0.564209
vt 0.931152 0.566162
vt 0.924805 0.554443
vt 0.934082 0.559082
vt 0.936523 0.564697
vt 0.937988 0.567383
vt 0.934570 0.554688
vt 0.941406 0.564941
vt 0.941406 0.567627
vt 0.944336 0.567383
vt 0.941406 0.559570
vt 0.946289 0.564697
vt 0.951660 0.566162
vt 0.951660 0.564209
vt 0.958496 0.564209
vt 0.948730 0.559082
vt 0.957031 0.562988
vt 0.958984 0.557373
vt 0.962891 0.560791
vt 0.963867 0.562012
vt 0.968262 0.557861
vt 0.968750 0.559326
vt 0.973145 0.556396
vt 0.967285 0.554443
vt 0.973145 0.553955
vt 0.973145 0.551270
vt 0.965820 0.553223
vt 0.974609 0.508545
vt 0.967773 0.518799
vt 0.957520 0.554443
vt 0.959473 0.526367
vt 0.948242 0.554688
vt 0.949219 0.531006
vt 0.941406 0.554932
vt 0.941406 0.552979
vt 0.933105 0.531006
vt 0.941406 0.532471
vt 0.941406 0.527588
vt 0.933594 0.526367
vt 0.931641 0.521973
vt 0.936523 0.523438
vt 0.941406 0.518555
vt 0.941406 0.524414
vt 0.945801 0.523438
vt 0.941406 0.516602
vt 0.947754 0.517090
vt 0.948730 0.526367
vt 0.951172 0.521973
vt 0.958984 0.522217
vt 0.956055 0.520264
vt 0.967773 0.515137
vt 0.961426 0.516846
vt 0.958008 0.513428
vt 0.967285 0.511719
vt 0.974121 0.503174
vt 0.966309 0.507568
vt 0.973145 0.499023
vt 0.965820 0.504395
vt 0.957520 0.509033
vt 0.947754 0.511963
vt 0.611328 0.620850
vt 0.603027 0.617676
vt 0.596680 0.614014
vt 0.615723 0.607178
vt 0.608887 0.597168
vt 0.606445 0.589600
vt 0.616211 0.587158
vt 0.628418 0.606689
vt 0.622070 0.596924
vt 0.624512 0.583984
vt 0.640625 0.602539
vt 0.662598 0.604004
vt 0.633789 0.593750
vt 0.631348 0.578369
vt 0.649414 0.596436
vt 0.670410 0.591309
vt 0.643066 0.587646
vt 0.637207 0.571045
vt 0.656738 0.583740
vt 0.666016 0.567627
vt 0.649902 0.578857
vt 0.659180 0.568115
vt 0.656250 0.539551
vt 0.652344 0.566895
vt 0.642578 0.562256
vt 0.948242 0.645752
vt 0.965332 0.651123
vt 0.958008 0.666260
vt 0.972168 0.672852
vt 0.965332 0.641357
vt 0.949707 0.633057
vt 0.973145 0.646729
vt 0.980957 0.650635
vt 0.986328 0.665527
vt 0.998047 0.646484
vt 0.973633 0.639160
vt 0.965332 0.629395
vt 0.955566 0.622070
vt 0.982422 0.641357
vt 0.998535 0.634521
vt 0.974609 0.629639
vt 0.984375 0.629639
vt 0.995117 0.623535
vt 0.970215 0.615479
vt 0.965332 0.611084
vt 0.974121 0.601074
vt 0.983887 0.615723
vt 0.989746 0.611816
vt 0.976562 0.602295
vt 0.982422 0.586670
vt 0.977051 0.616455
vt 0.979492 0.603027
vt 0.982910 0.602051
vt 0.985352 0.601074
vt 0.893555 0.663086
vt 0.896973 0.651123
vt 0.907715 0.664307
vt 0.887207 0.643555
vt 0.906738 0.653320
vt 0.921875 0.661133
vt 0.893555 0.639648
vt 0.885254 0.633057
vt 0.916504 0.649902
vt 0.924316 0.640625
vt 0.904785 0.637451
vt 0.916992 0.638184
vt 0.922852 0.629639
vt 0.892090 0.630127
vt 0.885254 0.622559
vt 0.903320 0.628418
vt 0.915527 0.628418
vt 0.919434 0.618896
vt 0.901855 0.619385
vt 0.891602 0.620605
vt 0.886719 0.609863
vt 0.912598 0.618896
vt 0.911621 0.606689
vt 0.891602 0.608887
vt 0.889160 0.597656
vt 0.898926 0.608398
vt 0.906738 0.607422
vt 0.902832 0.595947
vt 0.899902 0.596680
vt 0.891602 0.582764
vt 0.895996 0.597168
vt 0.892090 0.597412
s 1
usemtl AK_Fantasy_MI
f 1/1/1 2/2/1 3/3/1
f 1/1/1 3/3/1 4/4/1
f 5/5/2 6/6/3 7/7/4
f 6/6/3 5/5/2 8/8/5
f 9/9/6 10/10/7 11/11/8
f 10/10/7 9/9/6 12/12/9
f 13/13/10 14/14/10 15/15/10
f 14/14/10 16/16/10 15/15/10
f 17/17/11 18/18/11 19/19/11
f 19/19/11 18/18/11 20/20/11
f 21/21/12 22/22/13 23/23/14
f 22/22/13 21/21/12 24/24/15
f 21/21/12 25/25/16 24/24/15
f 21/21/12 26/26/17 25/25/16
f 23/23/14 26/26/17 21/21/12
f 27/27/18 24/24/15 25/25/16
f 24/24/15 27/27/18 22/22/13
f 26/26/17 28/28/19 25/25/16
f 25/25/16 29/29/20 27/27/18
f 25/25/16 28/28/19 29/29/20
f 22/22/13 27/27/18 30/30/21
f 31/31/22 27/27/18 29/29/20
f 27/27/18 31/31/22 30/30/21
f 28/28/19 32/32/23 29/29/20
f 29/29/20 33/33/24 31/31/22
f 29/29/20 32/32/23 33/33/24
f 28/28/19 26/26/17 34/34/25
f 32/32/23 28/28/19 35/35/26
f 34/34/25 35/35/26 28/28/19
f 36/36/27 34/34/25 26/26/17
f 26/26/17 23/23/14 36/36/27
f 35/35/26 34/34/25 37/37/28
f 34/34/25 36/36/27 38/38/29
f 38/38/29 37/37/28 34/34/25
f 35/35/26 39/39/30 32/32/23
f 37/37/28 40/40/31 35/35/26
f 39/39/30 35/35/26 40/40/31
f 38/38/29 41/41/32 37/37/28
f 41/41/32 40/40/31 37/37/28
f 42/42/33 32/32/23 39/39/30
f 32/32/23 42/42/33 33/33/24
f 40/40/31 43/43/34 39/39/30
f 39/39/30 44/44/35 42/42/33
f 44/44/35 39/39/30 43/43/34
f 33/33/24 42/42/33 45/45/36
f 46/46/37 42/42/33 44/44/35
f 42/42/33 46/46/37 45/45/36
f 43/43/34 47/47/38 44/44/35
f 44/44/35 48/48/39 46/46/37
f 48/48/39 44/44/35 47/47/38
f 40/40/31 49/49/40 43/43/34
f 50/50/41 46/46/37 48/48/39
f 51/51/42 49/49/40 40/40/31
f 40/40/31 41/41/32 51/51/42
f 46/46/37 50/50/41 52/52/43
f 45/45/36 46/46/37 52/52/43
f 53/53/44 51/51/42 41/41/32
f 53/53/44 41/41/32 54/54/45
f 41/41/32 38/38/29 54/54/45
f 51/51/42 53/53/44 55/55/46
f 55/55/46 56/56/47 51/51/42
f 51/51/42 56/56/47 49/49/40
f 57/57/48 55/55/46 53/53/44
f 53/53/44 54/54/45 57/57/48
f 58/58/49 56/56/47 55/55/46
f 58/58/49 55/55/46 57/57/48
f 49/49/40 56/56/47 59/59/50
f 59/59/50 56/56/47 58/58/49
f 49/49/40 59/59/50 60/60/51
f 49/49/40 60/60/51 43/43/34
f 47/47/38 43/43/34 60/60/51
f 61/61/52 59/59/50 58/58/49
f 61/61/52 60/60/51 59/59/50
f 57/57/48 62/62/53 58/58/49
f 58/58/49 62/62/53 63/63/54
f 58/58/49 63/63/54 61/61/52
f 62/62/53 57/57/48 64/64/55
f 63/63/54 65/65/56 61/61/52
f 57/57/48 66/66/57 64/64/55
f 65/65/56 67/67/58 61/61/52
f 66/66/57 57/57/48 68/68/59
f 68/68/59 57/57/48 54/54/45
f 66/66/57 68/68/59 69/69/60
f 68/68/59 54/54/45 70/70/61
f 54/54/45 38/38/29 70/70/61
f 69/69/60 68/68/59 71/71/62
f 38/38/29 72/72/63 70/70/61
f 69/69/60 71/71/62 73/73/64
f 74/74/65 69/69/60 73/73/64
f 68/68/59 75/75/66 71/71/62
f 73/73/64 71/71/62 75/75/66
f 70/70/61 76/76/67 68/68/59
f 68/68/59 76/76/67 75/75/66
f 72/72/63 76/76/67 70/70/61
f 76/76/67 77/77/68 75/75/66
f 76/76/67 72/72/63 77/77/68
f 78/78/69 75/75/66 77/77/68
f 78/78/69 73/73/64 75/75/66
f 72/72/63 79/79/70 77/77/68
f 77/77/68 79/79/70 78/78/69
f 38/38/29 79/79/70 72/72/63
f 79/79/70 38/38/29 36/36/27
f 73/73/64 78/78/69 80/80/71
f 36/36/27 81/81/72 79/79/70
f 23/23/14 81/81/72 36/36/27
f 79/79/70 82/82/73 78/78/69
f 78/78/69 82/82/73 80/80/71
f 82/82/73 79/79/70 83/83/74
f 79/79/70 81/81/72 83/83/74
f 82/82/73 84/84/75 80/80/71
f 84/84/75 82/82/73 85/85/76
f 84/84/75 85/85/76 86/86/77
f 84/84/75 86/86/77 87/87/78
f 81/81/72 88/88/79 83/89/74
f 89/90/80 84/84/75 87/87/78
f 88/88/79 81/81/72 90/91/81
f 81/81/72 23/23/14 90/91/81
f 91/92/82 88/88/79 90/91/81
f 92/93/83 89/90/80 87/87/78
f 90/91/81 93/94/84 91/92/82
f 23/23/14 93/94/84 90/91/81
f 93/94/84 94/95/85 91/92/82
f 22/22/13 93/94/84 23/23/14
f 95/96/86 92/93/83 96/97/87
f 22/22/13 97/98/88 93/94/84
f 92/93/83 95/96/86 98/99/89
f 89/90/80 92/93/83 98/99/89
f 98/99/89 95/96/86 99/100/90
f 30/30/21 97/98/88 22/22/13
f 98/99/89 99/100/90 100/101/91
f 89/90/80 98/99/89 100/101/91
f 100/101/91 99/100/90 101/102/92
f 99/100/90 102/103/93 101/102/92
f 89/90/80 100/101/91 103/104/94
f 84/84/75 89/90/80 103/104/94
f 80/80/71 84/84/75 103/104/94
f 104/105/95 105/106/96 102/103/93
f 101/102/92 102/103/93 105/106/96
f 106/107/97 101/102/92 105/106/96
f 101/102/92 106/107/97 107/108/98
f 100/101/91 101/102/92 107/108/98
f 100/101/91 107/108/98 103/104/94
f 108/109/99 107/108/98 106/107/97
f 109/110/100 103/104/94 107/108/98
f 107/108/98 108/109/99 109/110/100
f 103/104/94 109/110/100 80/80/71
f 74/74/65 109/110/100 108/109/99
f 109/110/100 73/73/64 80/80/71
f 109/110/100 74/74/65 73/73/64
f 93/94/84 110/111/101 94/95/85
f 97/98/88 110/111/101 93/94/84
f 110/111/101 111/112/102 94/95/85
f 110/111/101 97/98/88 112/113/103
f 113/114/104 112/113/103 97/98/88
f 110/111/101 112/113/103 114/115/105
f 114/115/105 112/113/103 113/114/104
f 97/98/88 115/116/106 113/114/104
f 97/98/88 30/30/21 115/116/106
f 116/117/107 114/115/105 113/114/104
f 117/118/108 115/116/106 30/30/21
f 30/30/21 31/31/22 117/118/108
f 118/119/109 113/114/104 115/116/106
f 115/116/106 117/118/108 118/119/109
f 113/114/104 118/119/109 119/120/110
f 116/117/107 113/114/104 119/120/110
f 118/119/109 120/121/111 119/120/110
f 117/118/108 120/121/111 118/119/109
f 116/117/107 119/120/110 121/122/112
f 119/120/110 120/121/111 121/122/112
f 31/31/22 122/123/113 117/118/108
f 122/123/113 31/31/22 33/33/24
f 33/33/24 45/45/36 122/123/113
f 120/121/111 117/118/108 123/124/114
f 117/118/108 122/123/113 123/124/114
f 120/121/111 124/125/115 121/122/112
f 123/124/114 124/125/115 120/121/111
f 125/126/116 116/117/107 121/122/112
f 121/122/112 124/125/115 125/126/116
f 126/127/117 116/117/107 125/126/116
f 127/128/118 116/117/107 126/127/117
f 124/125/115 128/129/119 125/126/116
f 125/126/116 128/129/119 126/127/117
f 124/125/115 123/124/114 129/130/120
f 129/130/120 128/129/119 124/125/115
f 122/123/113 129/130/120 123/124/114
f 129/130/120 122/123/113 130/131/121
f 122/123/113 45/45/36 130/131/121
f 128/129/119 129/130/120 131/132/122
f 130/131/121 131/132/122 129/130/120
f 45/45/36 132/133/123 130/131/121
f 131/132/122 130/131/121 132/133/123
f 45/45/36 52/52/43 132/133/123
f 131/132/122 133/134/124 128/129/119
f 128/129/119 133/134/124 126/127/117
f 132/133/123 134/135/125 131/132/122
f 133/134/124 131/132/122 134/135/125
f 52/52/43 135/136/126 132/133/123
f 134/135/125 132/133/123 135/136/126
f 133/134/124 136/137/127 126/127/117
f 136/137/127 127/128/118 126/127/117
f 137/138/128 133/134/124 134/135/125
f 135/136/126 137/138/128 134/135/125
f 133/134/124 138/139/129 136/137/127
f 133/134/124 137/138/128 138/139/129
f 127/128/118 136/137/127 139/140/130
f 138/139/129 139/140/130 136/137/127
f 139/140/130 140/141/131 127/128/118
f 141/142/132 138/139/129 137/138/128
f 138/139/129 142/143/133 139/140/130
f 138/139/129 141/142/132 142/143/133
f 140/141/131 139/140/130 143/144/134
f 143/144/134 139/140/130 142/143/133
f 144/145/135 141/142/132 137/138/128
f 137/138/128 135/136/126 144/145/135
f 145/146/136 143/144/134 142/143/133
f 143/144/134 145/146/136 140/141/131
f 146/147/137 144/145/135 135/136/126
f 52/52/43 146/147/137 135/136/126
f 52/52/43 50/50/41 146/147/137
f 146/147/137 147/148/138 144/145/135
f 50/50/41 148/149/139 146/147/137
f 146/147/137 148/149/139 147/148/138
f 147/148/138 149/150/140 144/145/135
f 141/142/132 144/145/135 149/150/140
f 150/151/141 148/149/139 50/50/41
f 48/48/39 150/151/141 50/50/41
f 149/150/140 151/152/142 141/142/132
f 151/152/142 142/143/133 141/142/132
f 150/151/141 48/48/39 152/153/143
f 47/47/38 152/153/143 48/48/39
f 142/143/133 151/152/142 153/154/144
f 153/154/144 145/146/136 142/143/133
f 47/47/38 154/155/145 152/153/143
f 60/60/51 154/155/145 47/47/38
f 152/153/143 155/156/146 150/151/141
f 156/157/147 154/155/145 60/60/51
f 60/60/51 61/61/52 156/157/147
f 157/158/148 152/153/143 154/155/145
f 152/153/143 157/158/148 155/156/146
f 158/159/149 154/155/145 156/157/147
f 158/159/149 157/158/148 154/155/145
f 159/160/150 150/151/141 155/156/146
f 148/149/139 150/151/141 159/160/150
f 155/156/146 160/161/151 159/160/150
f 157/158/148 160/161/151 155/156/146
f 161/162/152 148/149/139 159/160/150
f 161/162/152 159/160/150 160/161/151
f 148/149/139 161/162/152 162/163/153
f 148/149/139 162/163/153 147/148/138
f 160/161/151 163/164/154 161/162/152
f 162/163/153 164/165/155 147/148/138
f 147/148/138 164/165/155 149/150/140
f 161/162/152 165/166/156 162/163/153
f 163/164/154 165/166/156 161/162/152
f 162/163/153 166/167/157 164/165/155
f 166/167/157 162/163/153 165/166/156
f 167/168/158 149/150/140 164/165/155
f 151/152/142 149/150/140 167/168/158
f 166/167/157 168/169/159 164/165/155
f 164/165/155 168/169/159 167/168/158
f 166/167/157 169/170/160 168/169/159
f 167/168/158 170/171/161 151/152/142
f 170/171/161 153/154/144 151/152/142
f 171/172/162 167/168/158 168/169/159
f 168/169/159 169/170/160 171/172/162
f 170/171/161 167/168/158 172/173/163
f 172/173/163 167/168/158 171/172/162
f 153/154/144 170/171/161 173/174/164
f 153/154/144 173/174/164 145/146/136
f 174/175/165 170/171/161 172/173/163
f 170/171/161 175/176/166 173/174/164
f 175/176/166 170/171/161 174/175/165
f 176/177/167 174/175/165 172/173/163
f 177/178/168 176/177/167 172/173/163
f 177/178/168 172/173/163 171/172/162
f 174/175/165 176/177/167 178/179/169
f 178/179/169 176/177/167 177/178/168
f 178/179/169 175/176/166 174/175/165
f 179/180/170 177/178/168 171/172/162
f 169/170/160 179/180/170 171/172/162
f 180/181/171 178/179/169 177/178/168
f 179/180/170 180/181/171 177/178/168
f 179/180/170 169/170/160 181/182/172
f 180/181/171 179/180/170 181/182/172
f 182/183/173 169/170/160 166/167/157
f 169/170/160 182/183/173 181/182/172
f 165/166/156 182/183/173 166/167/157
f 183/184/174 180/181/171 181/182/172
f 182/183/173 165/166/156 184/185/175
f 181/182/172 182/183/173 185/186/176
f 185/186/176 182/183/173 184/185/175
f 186/187/177 181/182/172 185/186/176
f 181/182/172 186/187/177 183/184/174
f 185/186/176 184/185/175 187/188/178
f 187/188/178 186/187/177 185/186/176
f 188/189/179 184/185/175 165/166/156
f 188/189/179 187/188/178 184/185/175
f 165/166/156 163/164/154 188/189/179
f 186/187/177 187/188/178 189/190/180
f 190/191/181 188/189/179 163/164/154
f 189/190/180 191/192/182 186/187/177
f 183/184/174 186/187/177 191/192/182
f 188/189/179 192/193/183 187/188/178
f 190/191/181 192/193/183 188/189/179
f 189/190/180 187/188/178 193/194/184
f 193/194/184 187/188/178 192/193/183
f 194/195/185 190/191/181 163/164/154
f 194/195/185 163/164/154 160/161/151
f 157/158/148 194/195/185 160/161/151
f 192/193/183 190/191/181 195/196/186
f 196/197/187 194/195/185 157/158/148
f 158/159/149 196/197/187 157/158/148
f 197/198/188 190/191/181 194/195/185
f 197/198/188 195/196/186 190/191/181
f 198/199/189 197/198/188 194/195/185
f 194/195/185 196/197/187 198/199/189
f 199/200/190 195/196/186 197/198/188
f 198/199/189 199/200/190 197/198/188
f 195/196/186 200/201/191 192/193/183
f 193/194/184 192/193/183 200/201/191
f 196/197/187 201/202/192 198/199/189
f 199/200/190 198/199/189 201/202/192
f 202/203/193 196/197/187 158/159/149
f 201/202/192 196/197/187 202/203/193
f 203/204/194 202/203/193 158/159/149
f 156/157/147 203/204/194 158/159/149
f 203/204/194 156/157/147 61/61/52
f 203/204/194 204/205/195 202/203/193
f 204/205/195 201/202/192 202/203/193
f 61/61/52 205/206/196 203/204/194
f 204/205/195 203/204/194 205/206/196
f 61/61/52 206/207/197 205/206/196
f 61/61/52 67/67/58 206/207/197
f 67/67/58 207/208/198 206/207/197
f 205/206/196 206/207/197 208/209/199
f 209/210/200 206/207/197 207/208/198
f 208/209/199 206/207/197 209/210/200
f 207/208/198 210/211/201 209/210/200
f 205/206/196 208/209/199 211/212/202
f 205/206/196 211/212/202 204/205/195
f 212/213/203 208/209/199 209/210/200
f 211/212/202 208/209/199 212/213/203
f 210/211/201 213/214/204 209/210/200
f 213/214/204 212/213/203 209/210/200
f 213/214/204 210/211/201 214/215/205
f 215/216/206 211/212/202 212/213/203
f 211/212/202 215/216/206 204/205/195
f 212/213/203 213/214/204 216/217/207
f 212/213/203 216/217/207 215/216/206
f 217/218/208 213/214/204 214/215/205
f 217/218/208 216/217/207 213/214/204
f 217/218/208 214/215/205 218/219/209
f 216/217/207 217/218/208 219/220/210
f 220/221/211 217/218/208 218/219/209
f 219/220/210 217/218/208 220/221/211
f 220/221/211 218/219/209 221/222/212
f 222/223/213 216/217/207 219/220/210
f 216/217/207 222/223/213 215/216/206
f 223/224/214 219/220/210 220/221/211
f 222/223/213 224/225/215 215/216/206
f 224/225/215 222/223/213 225/226/216
f 226/227/217 215/216/206 224/225/215
f 227/228/218 225/226/216 222/223/213
f 219/220/210 227/228/218 222/223/213
f 227/228/218 219/220/210 223/224/214
f 225/226/216 227/228/218 228/229/219
f 227/228/218 229/230/220 228/229/219
f 215/216/206 226/227/217 230/231/221
f 230/231/221 204/205/195 215/216/206
f 231/232/222 230/231/221 226/227/217
f 204/205/195 230/231/221 232/233/223
f 204/205/195 232/233/223 201/202/192
f 230/231/221 231/232/222 233/234/224
f 233/234/224 232/233/223 230/231/221
f 234/235/225 201/202/192 232/233/223
f 232/233/223 233/234/224 234/235/225
f 201/202/192 234/235/225 199/200/190
f 233/234/224 231/232/222 235/236/226
f 235/236/226 234/235/225 233/234/224
f 236/237/227 235/236/226 231/232/222
f 234/235/225 237/238/228 199/200/190
f 235/236/226 236/237/227 238/239/229
f 236/237/227 239/240/230 238/239/229
f 234/235/225 235/236/226 240/241/231
f 238/239/229 240/241/231 235/236/226
f 237/238/228 234/235/225 241/242/232
f 234/235/225 240/241/231 241/242/232
f 199/200/190 237/238/228 242/243/233
f 195/196/186 199/200/190 242/243/233
f 242/243/233 200/201/191 195/196/186
f 243/244/234 242/243/233 237/238/228
f 241/242/232 243/244/234 237/238/228
f 200/201/191 242/243/233 244/245/235
f 242/243/233 243/244/234 244/245/235
f 244/245/235 245/246/236 200/201/191
f 193/194/184 200/201/191 245/246/236
f 245/246/236 244/245/235 246/247/237
f 243/244/234 246/247/237 244/245/235
f 247/248/238 193/194/184 245/246/236
f 247/248/238 245/246/236 246/247/237
f 193/194/184 247/248/238 248/249/239
f 248/249/239 189/190/180 193/194/184
f 249/250/240 189/190/180 248/249/239
f 249/250/240 248/249/239 247/248/238
f 249/250/240 191/192/182 189/190/180
f 246/247/237 250/251/241 247/248/238
f 249/250/240 247/248/238 250/251/241
f 251/252/242 250/251/241 246/247/237
f 252/253/243 249/250/240 250/251/241
f 250/251/241 251/252/242 252/253/243
f 249/250/240 253/254/244 191/192/182
f 253/254/244 183/184/174 191/192/182
f 254/255/245 249/250/240 252/253/243
f 251/252/242 254/255/245 252/253/243
f 183/184/174 253/254/244 255/256/246
f 180/181/171 183/184/174 255/256/246
f 255/256/246 178/179/169 180/181/171
f 178/179/169 255/256/246 256/257/247
f 256/257/247 175/176/166 178/179/169
f 257/258/248 255/256/246 253/254/244
f 255/256/246 257/258/248 256/257/247
f 256/257/247 258/259/249 175/176/166
f 258/259/249 256/257/247 257/258/248
f 259/260/250 257/258/248 253/254/244
f 259/260/250 253/254/244 249/250/240
f 257/258/248 260/261/251 258/259/249
f 259/260/250 260/261/251 257/258/248
f 175/176/166 258/259/249 261/262/252
f 260/261/251 261/262/252 258/259/249
f 175/176/166 261/262/252 262/263/253
f 175/176/166 262/263/253 173/174/164
f 260/261/251 263/264/254 261/262/252
f 259/260/250 263/264/254 260/261/251
f 173/174/164 262/263/253 264/265/255
f 145/146/136 173/174/164 264/265/255
f 264/265/255 262/263/253 265/266/256
f 262/263/253 261/262/252 265/266/256
f 145/146/136 264/265/255 266/267/257
f 264/265/255 265/266/256 266/267/257
f 265/266/256 261/262/252 267/268/258
f 266/267/257 265/266/256 268/269/259
f 265/266/256 267/268/258 268/269/259
f 145/146/136 266/267/257 269/270/260
f 261/262/252 270/271/261 267/268/258
f 263/264/254 270/271/261 261/262/252
f 145/146/136 269/270/260 271/272/262
f 140/141/131 145/146/136 271/272/262
f 269/270/260 266/267/257 272/273/263
f 268/269/259 272/273/263 266/267/257
f 273/274/264 140/141/131 271/272/262
f 140/141/131 273/274/264 274/275/265
f 273/274/264 275/276/266 274/275/265
f 273/274/264 271/272/262 276/277/267
f 273/274/264 276/277/267 275/276/266
f 276/277/267 271/272/262 269/270/260
f 276/277/267 277/278/268 275/276/266
f 277/278/268 278/279/269 275/276/266
f 277/278/268 279/280/270 278/279/269
f 269/270/260 280/281/271 276/277/267
f 276/277/267 280/281/271 277/278/268
f 269/270/260 272/273/263 280/281/271
f 279/280/270 277/278/268 281/282/272
f 281/282/272 282/283/273 279/280/270
f 283/284/274 281/282/272 277/278/268
f 280/281/271 283/284/274 277/278/268
f 282/283/273 281/282/272 284/285/275
f 284/285/275 281/282/272 283/284/274
f 284/285/275 285/286/276 282/283/273
f 272/273/263 286/287/277 280/281/271
f 272/273/263 268/269/259 286/287/277
f 285/286/276 284/285/275 287/288/278
f 287/288/278 288/289/279 285/286/276
f 286/287/277 289/290/280 280/281/271
f 280/281/271 289/290/280 283/284/274
f 287/288/278 290/291/281 288/289/279
f 290/291/281 291/292/282 288/289/279
f 292/293/283 289/290/280 286/287/277
f 291/292/282 290/291/281 293/294/284
f 293/294/284 294/295/285 291/292/282
f 289/290/280 292/293/283 295/296/286
f 283/284/274 289/290/280 295/296/286
f 295/296/286 296/297/287 283/284/274
f 295/296/286 292/293/283 297/298/288
f 298/299/289 283/284/274 296/297/287
f 292/293/283 299/300/290 297/298/288
f 299/300/290 300/301/291 297/298/288
f 301/302/292 283/284/274 298/299/289
f 283/284/274 301/302/292 284/285/275
f 299/300/290 302/303/293 300/301/291
f 301/302/292 303/304/294 284/285/275
f 298/299/289 303/304/294 301/302/292
f 303/304/294 287/288/278 284/285/275
f 303/304/294 298/299/289 304/305/295
f 303/304/294 305/306/296 287/288/278
f 305/306/296 290/291/281 287/288/278
f 304/305/295 306/307/297 303/304/294
f 306/307/297 305/306/296 303/304/294
f 306/307/297 304/305/295 307/308/298
f 307/308/298 308/309/299 306/307/297
f 290/291/281 305/306/296 309/310/300
f 306/307/297 309/310/300 305/306/296
f 293/294/284 290/291/281 309/310/300
f 310/311/301 306/307/297 308/309/299
f 309/310/300 311/312/302 293/294/284
f 306/307/297 311/312/302 309/310/300
f 310/311/301 312/313/303 306/307/297
f 311/312/302 306/307/297 312/313/303
f 311/312/302 313/314/304 293/294/284
f 293/294/284 313/314/304 294/295/285
f 312/313/303 314/315/305 311/312/302
f 313/314/304 311/312/302 314/315/305
f 315/316/306 312/313/303 310/311/301
f 310/311/301 316/317/307 315/316/306
f 316/317/307 317/318/308 315/316/306
f 315/316/306 317/318/308 318/319/309
f 312/313/303 315/316/306 319/320/310
f 318/319/309 319/320/310 315/316/306
f 312/313/303 320/321/311 314/315/305
f 320/321/311 312/313/303 319/320/310
f 321/322/312 314/315/305 320/321/311
f 314/315/305 321/322/312 313/314/304
f 322/323/313 320/321/311 319/320/310
f 321/322/312 320/321/311 322/323/313
f 319/320/310 318/319/309 323/324/314
f 318/319/309 324/325/315 323/324/314
f 323/324/314 325/326/316 319/320/310
f 325/326/316 322/323/313 319/320/310
f 326/327/317 323/324/314 324/325/315
f 326/327/317 325/326/316 323/324/314
f 327/328/318 326/327/317 324/325/315
f 327/328/318 324/325/315 328/329/319
f 327/328/318 328/329/319 329/330/320
f 327/328/318 329/330/320 330/331/321
f 330/331/321 331/332/322 327/328/318
f 327/328/318 331/332/322 326/327/317
f 325/326/316 326/327/317 331/332/322
f 331/332/322 332/333/323 325/326/316
f 325/326/316 332/333/323 322/323/313
f 332/333/323 331/332/322 333/334/324
f 332/333/323 333/334/324 111/112/102
f 332/333/323 334/335/325 322/323/313
f 332/333/323 111/112/102 334/335/325
f 322/323/313 334/335/325 335/336/326
f 334/335/325 111/112/102 335/336/326
f 322/323/313 335/336/326 321/322/312
f 111/112/102 110/111/101 335/336/326
f 335/336/326 110/111/101 321/322/312
f 321/322/312 110/111/101 313/314/304
f 110/111/101 336/337/327 313/314/304
f 294/295/285 313/314/304 336/337/327
f 110/111/101 114/115/105 336/337/327
f 337/338/328 294/295/285 336/337/327
f 336/337/327 114/115/105 337/338/328
f 338/339/329 339/340/329 340/341/329
f 339/340/329 338/339/329 341/342/329
f 342/343/330 343/344/331 344/345/332
f 345/346/333 342/343/330 344/345/332
f 345/346/333 344/345/332 346/347/334
f 347/348/335 348/349/336 349/350/337
f 347/348/335 349/350/337 350/351/338
f 350/351/338 349/350/337 351/352/339
f 352/353/340 353/354/341 354/355/342
f 354/355/342 353/354/341 355/356/343
f 354/355/342 355/356/343 356/357/344
f 356/357/344 355/356/343 357/358/345
f 356/357/344 357/358/345 358/359/346
f 358/359/346 357/358/345 359/360/347
f 360/361/348 358/359/346 359/360/347
f 361/362/349 360/361/348 359/360/347
f 362/363/350 361/362/349 359/360/347
f 363/364/351 364/365/352 365/366/353
f 365/366/353 366/367/354 363/364/351
f 367/368/355 366/367/354 365/366/353
f 367/368/355 368/369/356 366/367/354
f 369/370/357 368/369/356 367/368/355
f 369/370/357 370/371/358 368/369/356
f 370/371/358 369/370/357 371/372/359
f 372/373/360 370/371/358 371/372/359
f 370/371/358 372/373/360 373/374/361
f 374/375/362 373/374/361 372/373/360
f 373/374/361 374/375/362 375/376/363
f 376/377/364 375/376/363 374/375/362
f 376/377/364 377/378/365 375/376/363
f 378/379/366 379/380/366 380/381/367
f 378/379/366 380/381/367 381/382/367
f 381/382/367 380/381/367 382/383/368
f 381/382/367 382/383/368 383/384/368
f 384/385/369 383/384/368 382/383/368
f 383/384/368 384/385/369 385/386/369
f 385/386/369 384/385/369 386/387/370
f 386/387/370 384/385/369 387/388/370
f 388/389/371 386/387/370 387/388/370
f 389/390/372 390/391/372 391/392/373
f 392/393/373 391/392/373 390/391/372
f 391/392/373 392/393/373 393/394/374
f 394/395/374 393/394/374 392/393/373
f 393/394/374 394/395/374 395/396/375
f 393/394/374 395/396/375 396/397/375
f 396/397/375 395/396/375 397/398/376
f 398/399/376 397/398/376 395/396/375
f 397/398/376 398/399/376 399/400/377
f 400/401/378 401/402/378 402/403/379
f 402/403/379 401/402/378 403/404/379
f 402/403/379 403/404/379 404/405/380
f 404/405/380 403/404/379 405/406/380
f 406/407/381 407/408/382 408/409/383
f 408/409/383 409/410/384 406/407/381
f 409/410/384 408/409/383 410/411/385
f 409/410/384 410/411/385 411/412/386
f 411/412/386 412/413/387 409/410/384
f 413/414/388 412/413/387 411/412/386
f 412/413/387 413/414/388 414/415/389
f 413/414/388 415/416/390 414/415/389
f 415/416/390 413/414/388 416/417/391
f 415/416/390 416/417/391 417/418/392
f 415/416/390 417/418/392 418/419/393
f 417/418/392 419/420/394 418/419/393
f 420/421/395 421/422/396 422/423/397
f 423/424/398 420/421/395 422/423/397
f 423/424/398 422/423/397 424/425/399
f 423/424/398 424/425/399 425/426/400
f 423/424/398 425/426/400 426/427/401
f 427/428/402 426/427/401 425/426/400
f 425/426/400 428/429/403 427/428/402
f 428/429/403 429/430/404 427/428/402
f 430/431/405 429/430/404 428/429/403
f 431/432/406 429/430/404 430/431/405
f 429/430/404 431/432/406 432/433/407
f 432/433/407 431/432/406 433/434/408
f 434/435/409 435/436/410 436/437/411
f 437/438/412 436/437/411 435/436/410
f 438/439/413 436/437/411 437/438/412
f 439/440/414 438/439/413 437/438/412
f 438/439/413 439/440/414 440/441/415
f 439/440/414 441/442/416 440/441/415
f 441/442/416 439/440/414 442/443/417
f 441/442/416 442/443/417 443/444/418
f 443/444/418 444/445/419 441/442/416
f 445/446/420 444/445/419 443/444/418
f 445/446/420 446/447/421 444/445/419
f 447/448/422 446/447/421 445/446/420
f 448/449/423 446/447/421 447/448/422
f 449/450/424 448/449/423 447/448/422
f 449/450/424 450/451/425 448/449/423
f 449/450/424 451/452/426 450/451/425
f 451/452/426 449/450/424 452/453/427
f 453/454/428 451/452/426 452/453/427
f 454/455/429 453/454/428 452/453/427
f 454/455/429 455/456/430 453/454/428
f 455/456/430 454/455/429 456/457/431
f 456/457/431 457/458/432 455/456/430
f 457/458/432 456/457/431 458/459/433
f 457/458/432 458/459/433 459/460/434
f 460/461/435 461/462/436 462/463/437
f 463/464/438 462/463/437 461/462/436
f 462/463/437 463/464/438 464/465/439
f 465/466/440 464/465/439 463/464/438
f 466/467/441 464/465/439 465/466/440
f 466/467/441 465/466/440 467/468/442
f 467/468/442 465/466/440 468/469/443
f 467/468/442 468/469/443 469/470/444
f 469/470/444 470/471/445 467/468/442
f 471/472/446 470/471/445 469/470/444
f 471/472/446 472/473/447 470/471/445
f 473/474/448 472/473/447 471/472/446
f 474/475/449 472/473/447 473/474/448
f 473/474/448 475/476/450 474/475/449
f 475/476/450 473/474/448 476/477/451
f 477/478/452 475/476/450 476/477/451
f 476/477/451 478/479/453 477/478/452
f 478/479/453 479/480/454 477/478/452
f 479/480/454 478/479/453 480/481/455
f 481/482/456 479/480/454 480/481/455
f 480/481/455 482/483/457 481/482/456
f 480/481/455 483/484/458 482/483/457
f 484/485/459 482/483/457 483/484/458
f 482/483/457 484/485/459 485/486/460
f 484/485/459 486/487/461 485/486/460
f 486/487/461 484/485/459 487/488/461
f 487/488/461 488/489/462 486/487/461
f 488/489/462 487/488/461 489/490/461
f 490/491/463 491/492/464 492/493/464
f 493/494/465 492/493/464 491/492/464
f 492/493/464 493/494/465 494/495/465
f 493/494/465 495/496/466 494/495/465
f 496/497/466 495/496/466 493/494/465
f 496/497/466 497/498/467 495/496/466
f 498/499/467 497/498/467 496/497/466
f 499/500/468 497/498/467 498/499/467
f 497/498/467 499/500/468 500/501/468
f 499/500/468 501/502/469 500/501/468
f 502/503/469 501/502/469 499/500/468
f 503/504/470 501/502/469 502/503/469
f 501/502/469 503/504/470 504/505/470
f 503/504/470 505/506/471 504/505/470
f 505/506/471 503/504/470 506/507/471
f 507/508/472 505/506/471 506/507/471
f 505/506/471 507/508/472 508/509/472
f 509/510/473 508/509/472 507/508/472
f 507/508/472 510/511/474 509/510/473
f 509/510/473 511/512/473 508/509/472
f 510/511/474 512/513/475 509/510/473
f 508/509/472 511/512/473 513/514/474
f 512/513/475 510/511/474 514/515/476
f 515/516/475 513/514/474 511/512/473
f 514/515/476 516/517/477 512/513/475
f 513/514/474 515/516/475 517/518/476
f 516/517/477 514/515/476 518/519/478
f 519/520/477 517/518/476 515/516/475
f 518/519/478 520/521/479 516/517/477
f 519/520/477 521/522/478 517/518/476
f 520/521/479 518/519/478 522/523/480
f 523/524/479 521/522/478 519/520/477
f 522/523/480 524/525/481 520/521/479
f 521/522/478 523/524/479 525/526/480
f 524/525/481 522/523/480 526/527/482
f 527/528/481 525/526/480 523/524/479
f 526/527/482 528/529/483 524/525/481
f 525/526/480 527/528/481 529/530/482
f 528/529/483 526/527/482 530/531/484
f 531/532/483 529/530/482 527/528/481
f 530/531/484 532/533/485 528/529/483
f 529/530/482 531/532/483 533/534/484
f 532/533/485 530/531/484 534/535/486
f 535/536/485 533/534/484 531/532/483
f 534/535/486 536/537/487 532/533/485
f 533/534/484 535/536/485 537/538/486
f 536/537/487 534/535/486 538/539/488
f 539/540/487 537/538/486 535/536/485
f 538/539/488 540/541/489 536/537/487
f 540/541/489 539/540/487 536/537/487
f 537/538/486 539/540/487 541/542/488
f 541/542/488 539/540/487 542/543/489
f 539/540/487 540/541/489 542/543/489
f 543/544/490 542/543/489 540/541/489
f 543/544/490 544/545/490 542/543/489
f 543/544/490 545/546/491 544/545/490
f 545/546/491 543/544/490 546/547/491
f 547/548/492 545/546/491 546/547/491
f 547/548/492 548/549/492 545/546/491
f 549/550/493 548/549/492 547/548/492
f 549/550/493 550/551/493 548/549/492
f 550/551/493 549/550/493 551/552/494
f 550/551/493 551/552/494 552/553/494
f 551/552/494 553/554/495 552/553/494
f 554/555/496 555/556/496 556/557/496
f 557/558/496 554/555/496 556/557/496
f 557/558/496 556/557/496 558/559/496
f 559/560/496 560/561/496 557/558/496
f 559/560/496 557/558/496 558/559/496
f 561/562/496 559/560/496 558/559/496
f 562/563/496 561/562/496 558/559/496
f 563/564/496 562/563/496 558/559/496
f 564/565/497 565/566/498 566/567/499
f 566/567/499 565/566/498 567/568/500
f 566/567/499 567/568/500 568/569/501
f 568/569/501 567/568/500 569/570/502
f 570/571/503 568/569/501 569/570/502
f 568/569/501 570/571/503 571/572/504
f 572/573/505 571/572/504 570/571/503
f 571/572/504 572/573/505 573/574/505
f 574/575/506 573/574/505 572/573/505
f 573/574/505 574/575/506 575/576/507
f 576/577/508 575/576/507 574/575/506
f 576/577/508 577/578/509 575/576/507
f 576/577/508 578/579/510 577/578/509
f 578/579/510 576/577/508 579/580/511
f 580/581/512 581/582/512 582/583/513
f 583/584/514 582/583/513 581/582/512
f 582/583/513 583/584/514 584/585/515
f 585/586/516 584/585/515 583/584/514
f 584/585/515 585/586/516 586/587/517
f 587/588/518 586/587/517 585/586/516
f 586/587/517 587/588/518 588/589/519
f 589/590/520 588/589/519 587/588/518
f 588/589/519 589/590/520 590/591/521
f 591/592/522 590/591/521 589/590/520
f 591/592/522 592/593/523 590/591/521
f 592/593/523 591/592/522 593/594/524
f 593/594/524 594/595/525 592/593/523
f 594/595/525 593/594/524 595/596/526
f 595/596/526 596/597/527 594/595/525
f 596/597/527 595/596/526 597/598/528
f 598/599/529 596/597/527 597/598/528
f 599/600/530 596/597/527 598/599/529
f 600/601/531 599/600/530 598/599/529
f 600/601/531 601/602/532 599/600/530
f 602/603/533 601/602/532 600/601/531
f 602/603/533 603/604/534 601/602/532
f 603/604/534 602/603/533 604/605/535
f 603/604/534 604/605/535 605/606/536
f 605/606/536 604/605/535 606/607/537
f 605/606/536 606/607/537 607/608/538
f 607/608/538 606/607/537 608/609/539
f 607/608/538 608/609/539 609/610/539
f 610/611/540 611/612/540 612/613/541
f 610/611/540 612/613/541 613/614/542
f 613/614/542 612/613/541 614/615/543
f 613/614/542 614/615/543 615/616/544
f 615/616/544 614/615/543 616/617/545
f 615/616/544 616/617/545 617/618/546
f 618/619/547 617/618/546 616/617/545
f 616/617/545 619/620/548 618/619/547
f 618/619/547 619/620/548 620/621/549
f 619/620/548 621/622/550 620/621/549
f 620/621/549 621/622/550 622/623/551
f 623/624/552 622/623/551 621/622/550
f 622/623/551 623/624/552 624/625/553
f 625/626/553 624/625/553 623/624/552
f 626/627/554 627/628/555 628/629/556
f 628/629/556 629/630/557 626/627/554
f 630/631/558 629/630/557 628/629/556
f 630/631/558 631/632/559 629/630/557
f 630/631/558 632/633/555 631/632/559
f 633/634/555 631/632/559 632/633/555
f 632/633/555 634/635/560 633/634/555
f 635/636/561 633/634/555 634/635/560
f 634/635/560 636/637/562 635/636/561
f 635/636/561 636/637/562 637/638/563
f 635/636/561 637/638/563 638/639/564
f 637/638/563 639/640/565 638/639/564
f 640/641/566 641/642/567 642/643/568
f 640/641/566 642/643/568 643/644/569
f 644/645/570 643/644/569 642/643/568
f 643/644/569 644/645/570 645/646/571
f 643/644/569 645/646/571 646/647/571
f 645/646/571 647/648/572 646/647/571
f 647/648/572 645/646/571 648/649/572
f 648/649/572 649/650/573 647/648/572
f 649/650/573 648/649/572 650/651/573
f 650/651/573 651/652/574 649/650/573
f 649/650/573 651/652/574 652/653/575
f 651/652/574 653/654/576 652/653/575
f 653/654/576 651/652/574 654/655/576
f 655/656/577 656/657/578 657/658/579
f 658/659/580 657/658/579 656/657/578
f 659/660/581 657/658/579 658/659/580
f 658/659/580 660/661/581 659/660/581
f 660/661/581 658/659/580 661/662/580
f 660/661/581 661/662/580 662/663/582
f 662/663/582 661/662/580 663/664/583
f 664/665/584 662/663/582 663/664/583
f 658/659/580 665/666/585 661/662/580
f 665/666/585 658/659/580 666/667/585
f 665/666/585 666/667/585 667/668/586
f 665/666/585 667/668/586 668/669/586
f 667/668/586 669/670/587 668/669/586
f 669/670/587 667/668/586 670/671/587
f 671/672/588 672/673/589 673/674/590
f 673/674/590 672/673/589 674/675/591
f 674/675/591 675/676/592 673/674/590
f 675/676/592 674/675/591 676/677/593
f 675/676/592 676/677/593 677/678/594
f 677/678/594 676/677/593 678/679/595
f 679/680/596 680/681/596 681/682/596
f 682/683/596 681/682/596 680/681/596
f 681/682/596 682/683/596 683/684/596
f 684/685/596 683/684/596 682/683/596
f 685/686/597 686/687/598 687/688/599
f 687/688/599 686/687/598 688/689/600
f 689/690/601 687/688/599 688/689/600
f 689/690/601 688/689/600 690/691/602
f 690/691/602 691/692/603 689/690/601
f 691/692/603 690/691/602 692/693/604
f 692/693/604 693/694/604 691/692/603
f 693/694/604 692/693/604 694/695/605
f 695/696/597 693/694/604 694/695/605
f 695/696/597 694/695/605 696/697/606
f 696/697/606 697/698/607 695/696/597
f 697/698/607 696/697/606 698/699/608
f 698/699/608 696/697/606 699/700/609
f 699/700/609 700/701/610 698/699/608
f 697/698/607 698/699/608 701/702/611
f 701/702/611 702/703/612 697/698/607
f 703/704/613 702/703/612 701/702/611
f 700/701/610 704/705/614 698/699/608
f 701/702/611 698/699/608 704/705/614
f 704/705/614 703/704/613 701/702/611
f 704/705/614 700/701/610 705/706/615
f 705/706/615 703/704/613 704/705/614
f 706/686/616 707/687/617 708/688/618
f 708/688/618 707/687/617 709/689/619
f 710/690/620 708/688/618 709/689/619
f 710/690/620 709/689/619 711/691/621
f 711/691/621 712/692/622 710/690/620
f 712/692/622 711/691/621 713/693/623
f 713/693/623 714/694/623 712/692/622
f 714/694/623 713/693/623 715/695/624
f 716/696/616 714/694/623 715/695/624
f 716/696/616 715/695/624 717/697/625
f 717/697/625 718/698/626 716/696/616
f 718/698/626 717/697/625 719/699/627
f 719/699/627 717/697/625 720/700/628
f 720/700/628 721/701/629 719/699/627
f 718/698/626 719/699/627 722/702/630
f 722/702/630 723/703/631 718/698/626
f 724/704/632 723/703/631 722/702/630
f 721/701/629 725/705/633 719/699/627
f 722/702/630 719/699/627 725/705/633
f 725/705/633 724/704/632 722/702/630
f 725/705/633 721/701/629 726/706/634
f 726/706/634 724/704/632 725/705/633
f 727/707/635 728/708/636 729/709/637
f 729/709/637 728/708/636 730/710/638
f 730/710/638 731/711/639 729/709/637
f 731/711/639 730/710/638 732/712/640
f 732/712/640 733/713/641 731/711/639
f 734/714/642 733/713/641 732/712/640
f 734/714/642 735/715/643 733/713/641
f 736/716/644 735/715/643 734/714/642
f 735/715/643 736/716/644 737/717/645
f 737/717/645 736/716/644 738/718/646
f 739/719/647 737/717/645 738/718/646
f 740/720/648 741/721/649 742/722/648
f 742/722/648 743/723/650 740/720/648
f 743/723/650 742/722/648 744/724/650
f 743/723/650 744/724/650 745/725/648
f 745/725/648 746/726/651 743/723/650
f 745/725/648 744/724/650 747/727/648
f 745/725/648 748/728/652 746/726/651
f 747/727/648 744/724/650 749/729/653
f 747/727/648 749/729/653 750/730/654
f 751/731/655 746/726/651 748/728/652
f 751/731/655 748/728/652 752/732/656
f 746/726/651 751/731/655 753/733/657
f 749/729/653 754/734/658 750/730/654
f 754/734/658 749/729/653 755/735/659
f 750/730/654 754/734/658 756/736/656
f 755/735/659 757/737/660 754/734/658
f 757/737/660 755/735/659 758/738/661
f 759/739/662 757/737/660 758/738/661
f 754/734/658 760/740/663 756/736/656
f 754/734/658 757/737/660 760/740/663
f 757/737/660 759/739/662 760/740/663
f 756/736/656 760/740/663 761/741/648
f 759/739/662 762/742/664 760/740/663
f 760/740/663 763/743/648 761/741/648
f 763/743/648 760/740/663 762/742/664
f 763/743/648 762/742/664 764/744/648
f 764/744/648 762/742/664 765/745/648
f 765/745/648 766/746/648 764/744/648
f 765/745/648 767/747/648 766/746/648
f 766/746/648 767/747/648 768/748/665
f 769/749/648 766/746/648 768/748/665
f 770/750/666 769/749/648 768/748/665
f 769/749/648 770/750/666 771/751/648
f 770/750/666 752/732/656 771/751/648
f 752/732/656 770/750/666 751/731/655
f 770/750/666 768/748/665 772/752/667
f 751/731/655 770/750/666 773/753/668
f 772/752/667 773/753/668 770/750/666
f 773/753/668 753/733/657 751/731/655
f 772/752/667 774/754/669 773/753/668
f 773/753/668 774/754/669 753/733/657
f 775/755/670 776/756/670 777/757/671
f 778/758/671 777/757/671 776/756/670
f 778/758/671 779/759/672 777/757/671
f 779/759/672 778/758/671 780/760/672
f 781/761/673 782/762/674 783/763/675
f 784/764/676 781/761/673 783/763/675
f 784/764/676 783/763/675 785/765/677
f 786/766/678 784/764/676 785/765/677
f 787/767/679 784/764/676 786/766/678
f 787/767/679 786/766/678 788/768/680
f 789/769/681 787/767/679 788/768/680
f 788/768/680 790/770/682 791/771/683
f 792/772/684 788/768/680 791/771/683
f 792/772/684 789/769/681 788/768/680
f 792/772/684 793/773/685 789/769/681
f 792/772/684 794/774/686 793/773/685
f 793/773/685 794/774/686 795/775/687
f 789/769/681 793/773/685 796/776/688
f 796/776/688 793/773/685 797/777/689
f 798/778/690 796/776/688 797/777/689
f 797/777/689 799/779/691 798/778/690
f 798/778/690 799/779/691 800/780/692
f 798/778/690 800/780/692 801/781/693
f 801/781/693 800/780/692 802/782/674
f 803/783/694 804/784/695 805/785/696
f 805/785/696 806/786/697 803/783/694
f 806/786/697 805/785/696 807/787/698
f 807/787/698 808/788/699 806/786/697
f 809/789/700 808/788/699 807/787/698
f 808/788/699 809/789/700 810/790/701
f 811/791/702 810/790/701 809/789/700
f 811/791/702 812/792/703 810/790/701
f 813/793/704 812/792/703 811/791/702
f 812/792/703 813/793/704 814/794/705
f 814/794/705 813/793/704 815/795/706
f 814/794/705 815/795/706 816/796/707
f 816/796/707 815/795/706 817/797/708
f 818/798/709 817/797/708 815/795/706
f 819/799/560 820/800/560 821/801/560
f 821/801/560 822/802/560 819/799/560
f 822/802/560 821/801/560 823/803/560
f 823/803/560 824/804/560 822/802/560
f 824/804/560 823/803/560 825/805/560
f 826/806/560 824/804/560 825/805/560
f 824/804/560 826/806/560 827/807/560
f 826/806/560 828/808/560 827/807/560
f 829/809/710 830/810/710 831/811/711
f 829/809/710 831/811/711 832/812/711
f 832/812/711 831/811/711 833/813/672
f 832/812/711 833/813/672 834/814/672
f 834/814/672 833/813/672 835/815/712
f 836/816/712 835/815/712 833/813/672
f 835/815/712 836/816/712 837/817/648
f 838/818/648 837/817/648 836/816/712
f 837/817/648 838/818/648 839/819/713
f 837/817/648 839/819/713 840/820/713
f 841/821/597 840/820/713 839/819/713
f 840/820/713 841/821/597 842/822/597
f 841/821/597 843/823/714 842/822/597
f 843/823/714 841/821/597 844/824/714
f 843/823/714 844/824/714 830/825/710
f 843/823/714 830/825/710 829/826/710
f 845/827/715 846/828/716 847/829/717
f 846/828/716 848/830/718 847/829/717
f 846/828/716 849/831/719 848/830/718
f 850/832/720 851/833/721 852/834/722
f 851/833/721 850/832/720 853/835/723
f 850/832/720 854/836/724 853/835/723
f 855/837/725 856/838/726 857/839/725
f 856/838/726 855/837/725 858/840/727
f 858/840/727 859/841/728 856/838/726
f 859/841/728 858/840/727 860/842/729
f 861/843/730 859/841/728 860/842/729
f 861/843/730 860/842/729 862/844/731
f 863/845/732 862/844/731 864/846/733
f 862/844/731 863/845/732 861/843/730
f 865/847/734 861/843/730 863/845/732
f 859/841/728 861/843/730 866/848/735
f 866/848/735 867/849/736 859/841/728
f 865/847/734 868/850/737 861/843/730
f 866/848/735 861/843/730 868/850/737
f 869/851/738 868/850/737 865/847/734
f 870/852/739 867/849/736 866/848/735
f 870/852/739 871/853/740 867/849/736
f 872/854/741 870/852/739 866/848/735
f 872/854/741 866/848/735 873/855/742
f 866/848/735 868/850/737 873/855/742
f 873/855/742 874/856/743 872/854/741
f 868/850/737 869/851/738 875/857/744
f 873/855/742 868/850/737 875/857/744
f 876/858/745 875/857/744 869/851/738
f 874/856/743 873/855/742 877/859/746
f 873/855/742 875/857/744 877/859/746
f 877/859/746 878/860/747 874/856/743
f 875/857/744 879/861/748 877/859/746
f 878/860/747 877/859/746 879/861/748
f 875/857/744 876/858/745 880/862/749
f 879/861/748 875/857/744 880/862/749
f 881/863/750 878/860/747 879/861/748
f 880/862/749 881/863/750 879/861/748
f 878/860/747 881/863/750 882/864/751
f 882/864/751 881/863/750 883/865/752
f 876/858/745 884/866/753 880/862/749
f 881/863/750 880/862/749 884/866/753
f 884/866/753 883/865/752 881/863/750
f 884/866/753 876/858/745 885/867/754
f 883/865/752 884/866/753 886/868/755
f 885/867/754 886/868/755 884/866/753
f 887/869/756 888/870/757 889/871/758
f 887/869/756 890/872/759 888/870/757
f 890/872/759 891/873/760 888/870/757
f 891/873/760 890/872/759 892/874/759
f 893/875/761 894/876/762 895/877/763
f 896/878/764 894/876/762 893/875/761
f 896/878/764 897/879/765 894/876/762
f 898/880/766 897/879/765 896/878/764
f 898/880/766 899/881/767 897/879/765
f 900/882/768 899/881/767 898/880/766
f 899/881/767 900/882/768 901/883/769
f 900/882/768 902/884/770 901/883/769
f 902/884/770 900/882/768 903/885/771
f 903/885/771 904/886/772 902/884/770
f 904/886/772 903/885/771 905/887/773
f 905/887/773 906/888/774 904/886/772
f 906/888/774 905/887/773 907/889/775
f 908/890/776 909/891/777 910/892/778
f 908/890/776 911/893/779 909/891/777
f 911/893/779 908/890/776 912/894/780
f 912/894/780 913/895/781 911/893/779
f 914/896/782 913/895/781 912/894/780
f 914/896/782 915/897/783 913/895/781
f 916/898/784 915/897/783 914/896/782
f 915/897/783 916/898/784 917/899/785
f 915/897/783 917/899/785 918/900/786
f 919/901/787 917/899/785 920/902/788
f 918/900/786 917/899/785 919/901/787
f 919/901/787 921/903/789 918/900/786
f 921/903/789 922/904/790 918/900/786
f 922/904/790 921/903/789 923/905/791
f 923/905/791 924/906/792 922/904/790
f 918/900/786 922/904/790 925/907/793
f 925/907/793 922/904/790 926/908/794
f 927/909/795 928/910/796 929/911/597
f 930/912/597 927/909/795 929/911/597
f 930/912/597 931/913/597 927/909/795
f 932/914/597 931/913/597 933/915/597
f 933/915/597 931/913/597 934/916/597
f 934/916/597 931/913/597 930/912/597
f 934/916/597 930/912/597 935/917/601
f 935/917/601 930/912/597 936/918/597
f 935/917/601 936/918/597 937/919/797
f 938/920/798 939/921/799 940/922/800
f 941/923/801 939/921/799 938/920/798
f 942/924/802 941/923/801 938/920/798
f 941/923/801 942/924/802 943/925/801
f 944/926/803 945/927/804 946/928/805
f 945/927/804 944/926/803 947/929/806
f 947/929/806 944/926/803 948/930/807
f 948/930/807 949/931/808 947/929/806
f 949/931/808 948/930/807 950/932/809
f 950/932/809 951/933/810 949/931/808
f 952/934/811 951/933/810 950/932/809
f 953/935/812 951/933/810 952/934/811
f 954/936/813 951/933/810 953/935/812
f 955/937/814 956/938/815 957/939/816
f 958/940/817 955/937/814 957/939/816
f 955/937/814 958/940/817 959/941/818
f 960/942/819 959/941/818 958/940/817
f 960/942/819 961/943/820 959/941/818
f 962/944/821 961/943/820 960/942/819
f 961/943/820 962/944/821 963/945/822
f 962/944/821 964/946/823 963/945/822
f 965/947/824 964/946/823 962/944/821
f 964/946/823 966/948/825 967/949/826
f 964/946/823 965/947/824 966/948/825
f 966/948/825 965/947/824 968/950/827
f 968/950/827 965/947/824 969/951/828
f 968/950/827 969/951/828 970/952/829
f 970/952/829 969/951/828 971/953/830
f 965/947/824 972/954/831 969/951/828
f 972/954/831 973/955/832 969/951/828
f 974/956/833 975/957/834 976/958/835
f 977/959/836 975/957/834 974/956/833
f 975/957/834 977/959/836 978/960/837
f 979/961/838 978/960/837 977/959/836
f 978/960/837 979/961/838 980/962/839
f 979/961/838 981/963/840 980/962/839
f 981/963/840 979/961/838 982/964/841
f 983/965/842 981/963/840 982/964/841
f 984/966/843 985/967/843 986/968/844
f 984/966/843 987/969/845 985/967/843
f 988/970/845 987/969/845 984/966/843
f 989/971/846 987/969/845 988/970/845
f 987/969/845 989/971/846 990/972/847
f 991/973/848 990/972/847 989/971/846
f 991/973/848 989/971/846 992/974/849
f 990/972/847 991/973/848 993/975/850
f 993/975/850 994/976/851 990/972/847
f 992/974/849 995/977/852 991/973/848
f 995/977/852 992/974/849 996/978/853
f 997/979/854 998/980/855 996/978/853
f 995/977/852 996/978/853 998/980/855
f 995/977/852 998/980/855 999/981/856
f 999/981/856 1000/982/857 995/977/852
f 995/977/852 1000/982/857 991/973/848
f 1000/982/857 999/981/856 1001/983/858
f 1000/982/857 1002/984/859 991/973/848
f 1001/983/858 1002/984/859 1000/982/857
f 993/975/850 991/973/848 1002/984/859
f 1001/983/858 1003/985/860 1002/984/859
f 1002/984/859 1003/985/860 1004/986/861
f 1005/987/862 993/975/850 1002/984/859
f 1004/986/861 1005/987/862 1002/984/859
f 1005/987/862 994/976/851 993/975/850
f 1005/987/862 1004/986/861 1006/988/863
f 994/976/851 1005/987/862 1007/989/864
f 1007/989/864 1005/987/862 1006/988/863
f 1006/988/863 1008/990/865 1007/989/864
f 1009/991/866 1010/992/602 1011/993/866
f 1010/992/602 1009/991/866 1012/994/602
f 1012/994/602 1013/995/597 1010/992/602
f 1013/995/597 1012/994/602 1014/996/597
f 1014/996/597 1015/997/867 1013/995/597
f 1015/997/867 1016/998/868 1013/995/597
f 1017/999/869 1016/998/868 1015/997/867
f 1018/1000/870 1017/999/869 1015/997/867
f 1015/997/867 1019/1001/871 1018/1000/870
f 1015/997/867 1014/996/597 1020/1002/872
f 1019/1001/871 1015/997/867 1020/1002/872
f 1020/1002/872 1014/996/597 1021/1003/873
f 1019/1001/871 1020/1002/872 1022/1004/874
f 1022/1004/874 1020/1002/872 1021/1003/873
f 1023/1005/875 1024/1006/876 1025/1007/875
f 1024/1006/876 1023/1005/875 1026/1008/876
f 1026/1008/876 1027/1009/877 1024/1006/876
f 1027/1009/877 1026/1008/876 1028/1010/877
f 1027/1009/877 1028/1010/877 1029/1011/878
f 1027/1009/877 1029/1011/878 1030/1012/878
f 1030/1012/878 1029/1011/878 1031/1013/879
f 1032/1014/879 1031/1013/879 1029/1011/878
f 1033/1015/880 1031/1013/879 1032/1014/879
f 1031/1013/879 1033/1015/880 1034/1016/880
f 1033/1015/880 1035/1017/881 1034/1016/880
f 1035/1017/881 1033/1015/880 1036/1018/881
f 1035/1017/881 1036/1018/881 1037/1019/882
f 1038/1020/883 1039/1021/884 1040/1022/885
f 1038/1020/883 1041/1023/886 1039/1021/884
f 1041/1023/886 1038/1020/883 1042/1024/887
f 1042/1024/887 1043/1025/888 1041/1023/886
f 1043/1025/888 1042/1024/887 1044/1026/889
f 1044/1026/889 1045/1027/890 1043/1025/888
f 1045/1027/890 1044/1026/889 1046/1028/891
f 1046/1028/891 1047/1029/892 1045/1027/890
f 1047/1029/892 1046/1028/891 1048/1030/893
f 1049/1031/894 1047/1029/892 1048/1030/893
f 1047/1029/892 1049/1031/894 1050/1032/895
f 1049/1031/894 1051/1033/896 1050/1032/895
f 1050/1032/895 1051/1033/896 1052/1034/897
f 1052/1034/897 1051/1033/896 1053/1035/898
f 1052/1034/897 1053/1035/898 1054/1036/899
f 1054/1036/899 1053/1035/898 1055/1037/900
f 1055/1037/900 1056/1038/901 1054/1036/899
f 1057/1039/902 1056/1038/901 1055/1037/900
f 1056/1038/901 1057/1039/902 1058/1040/903
f 1058/1040/903 1057/1039/902 1059/1041/904
f 1058/1040/903 1059/1041/904 1060/1042/905
f 1059/1041/904 1061/1043/906 1060/1042/905
f 1060/1042/905 1061/1043/906 1062/1044/907
f 1061/1043/906 1063/1045/908 1062/1044/907
f 1064/1046/909 1065/1047/910 1066/1048/909
f 1067/1049/911 1064/1046/909 1066/1048/909
f 1067/1049/911 1068/1050/911 1064/1046/909
f 1067/1049/911 1069/1051/912 1068/1050/911
f 1069/1051/912 1067/1049/911 1070/1052/912
f 1070/1052/912 1071/1053/913 1069/1051/912
f 1071/1053/913 1070/1052/912 1072/1054/913
f 1072/1054/913 1073/1055/1 1071/1053/913
f 1073/1055/1 1072/1054/913 1074/1056/1
f 1074/1056/1 1075/1057/1 1073/1055/1
f 1075/1057/1 1074/1056/1 1076/1058/1
f 1076/1058/1 1077/1059/914 1075/1057/1
f 1077/1059/914 1076/1058/1 1078/1060/914
f 1078/1060/914 1079/1061/915 1077/1059/914
f 1079/1061/915 1078/1060/914 1080/1062/915
f 1079/1061/915 1080/1062/915 1081/1063/916
f 1081/1063/916 1080/1062/915 1082/1064/916
f 1082/1064/916 1083/1065/917 1081/1063/916
f 1083/1065/917 1082/1064/916 1084/1066/917
f 1085/1067/1 1083/1065/917 1084/1066/917
f 1086/1068/1 1085/1067/1 1084/1066/917
f 1086/1068/1 1087/1069/918 1085/1067/1
f 1087/1069/918 1086/1068/1 1088/1070/918
f 1089/1071/919 1090/1072/920 1091/1073/921
f 1090/1072/920 1089/1071/919 1092/1074/922
f 1092/1074/922 1093/1075/923 1090/1072/920
f 1094/1076/924 1093/1075/923 1092/1074/922
f 1094/1076/924 1095/1077/925 1093/1075/923
f 1095/1077/925 1094/1076/924 1096/1078/926
f 1096/1078/926 1097/1079/927 1095/1077/925
f 1098/1080/928 1097/1079/927 1096/1078/926
f 1098/1080/928 1099/1081/929 1097/1079/927
f 1100/1082/930 1099/1081/929 1098/1080/928
f 1100/1082/930 1101/1083/931 1099/1081/929
f 1102/1084/932 1101/1083/931 1100/1082/930
f 1103/1085/933 1101/1083/931 1102/1084/932
f 1104/1086/934 1103/1085/933 1102/1084/932
f 1103/1085/933 1105/1087/935 1101/1083/931
f 1104/1086/934 1102/1084/932 1106/1088/936
f 1101/1083/931 1105/1087/935 1107/1089/937
f 1106/1088/936 1108/1090/938 1104/1086/934
f 1107/1089/937 1105/1087/935 1109/1091/939
f 1110/1092/940 1108/1090/938 1106/1088/936
f 1107/1089/937 1109/1091/939 1111/1093/941
f 1110/1092/940 1112/1094/942 1108/1090/938
f 1111/1093/941 1109/1091/939 1113/1095/943
f 1110/1092/940 1114/1096/944 1112/1094/942
f 1111/1093/941 1113/1095/943 1115/1097/945
f 1114/1096/944 1116/1098/946 1112/1094/942
f 1115/1097/945 1113/1095/943 1117/1099/947
f 1116/1098/946 1114/1096/944 1118/1100/948
f 1117/1099/947 1119/1101/949 1115/1097/945
f 1116/1098/946 1118/1100/948 1120/1102/950
f 1119/1101/949 1117/1099/947 1121/1103/951
f 1120/1102/950 1118/1100/948 1122/1104/952
f 1118/1100/948 1123/1105/953 1122/1104/952
f 1119/1101/949 1121/1103/951 1124/1106/954
f 1124/1106/954 1121/1103/951 1125/1107/955
f 1126/1108/956 1124/1106/954 1125/1107/955
f 1124/1106/954 1126/1108/956 1127/1109/957
f 1128/1110/958 1129/1111/959 1130/1112/959
f 1129/1111/959 1131/1113/960 1130/1112/959
f 1131/1113/960 1129/1111/959 1132/1114/960
f 1131/1113/960 1132/1114/960 1133/1115/961
f 1131/1113/960 1133/1115/961 1134/1116/961
f 1133/1115/961 1135/1117/962 1134/1116/961
f 1135/1117/962 1133/1115/961 1136/1118/962
f 1135/1117/962 1136/1118/962 1137/1119/963
f 1135/1117/962 1137/1119/963 1138/1120/963
f 1138/1120/963 1137/1119/963 1139/1121/964
f 1138/1120/963 1139/1121/964 1140/1122/964
f 1140/1122/964 1139/1121/964 1141/1123/965
f 1140/1122/964 1141/1123/965 1142/1124/965
f 1141/1123/965 1143/1125/966 1142/1124/965
f 1143/1125/966 1141/1123/965 1144/1126/966
f 1143/1125/966 1144/1126/966 1145/1127/967
f 1143/1125/966 1145/1127/967 1146/1128/967
f 1147/1129/968 1146/1128/967 1145/1127/967
f 1146/1128/967 1147/1129/968 1148/1130/968
f 1149/1131/969 1148/1130/968 1147/1129/968
f 1148/1130/968 1149/1131/969 1150/1132/969
f 1150/1132/969 1149/1131/969 1151/1133/970
f 1152/1134/970 1151/1133/970 1149/1131/969
f 1153/1135/971 1151/1133/970 1152/1134/970
f 1151/1133/970 1153/1135/971 1154/1136/971
f 1154/1136/971 1153/1135/971 1155/1137/972
f 1156/1138/972 1155/1137/972 1153/1135/971
f 1155/1137/972 1156/1138/972 1157/1139/973
f 1158/1140/973 1157/1139/973 1156/1138/972
f 1158/1140/973 1159/1141/974 1157/1139/973
f 1159/1141/974 1158/1140/973 1160/1142/974
f 1160/1142/974 1161/1143/975 1159/1141/974
f 1161/1143/975 1160/1142/974 1162/1144/975
f 1163/1145/976 1161/1143/975 1162/1144/975
f 1161/1143/975 1163/1145/976 1164/1146/976
f 1163/1145/976 1165/1147/977 1164/1146/976
f 1165/1147/977 1163/1145/976 1166/1148/977
f 1165/1147/977 1166/1148/977 1167/1149/978
f 1168/1150/978 1167/1149/978 1166/1148/977
f 1169/1151/979 1167/1149/978 1168/1150/978
f 1167/1149/978 1169/1151/979 1170/1152/979
f 1171/1153/980 1170/1152/979 1169/1151/979
f 1171/1153/980 1169/1151/979 1172/1154/980
f 1171/1153/980 1172/1154/980 1173/1155/981
f 1174/1156/982 1175/1157/983 1176/1158/984
f 1175/1157/983 1174/1156/982 1177/1159/985
f 1177/1159/985 1178/1160/986 1175/1157/983
f 1178/1160/986 1177/1159/985 1179/1161/987
f 1178/1160/986 1179/1161/987 1180/1162/988
f 1181/1163/989 1180/1162/988 1179/1161/987
f 1181/1163/989 1182/1164/990 1180/1162/988
f 1180/1162/988 1182/1164/990 1183/1165/991
f 1182/1164/990 1184/1166/992 1183/1165/991
f 1183/1165/991 1184/1166/992 1185/1167/993
f 1186/1168/994 1185/1167/993 1184/1166/992
f 1185/1167/993 1186/1168/994 1187/1169/995
f 1188/1170/996 1187/1169/995 1186/1168/994
f 1187/1169/995 1188/1170/996 1189/1171/997
f 1190/1172/998 1191/1173/999 1192/1174/1000
f 1192/1174/1000 1193/1175/1001 1190/1172/998
f 1190/1172/998 1193/1175/1001 1194/1176/1002
f 1193/1175/1001 1195/1177/1003 1194/1176/1002
f 1194/1176/1002 1195/1177/1003 1196/1178/1004
f 1195/1177/1003 1197/1179/1005 1196/1178/1004
f 1196/1178/1004 1197/1179/1005 1198/1180/1006
f 1198/1180/1006 1197/1179/1005 1199/1181/1007
f 1200/1182/1008 1198/1180/1006 1199/1181/1007
f 1197/1179/1005 1201/1183/1009 1199/1181/1007
f 1202/1184/1010 1203/1185/1011 1204/1186/1012
f 1203/1185/1011 1205/1187/1013 1204/1186/1012
f 1205/1187/1013 1203/1185/1011 1206/1188/1014
f 1206/1188/1014 1207/1189/1015 1205/1187/1013
f 1207/1189/1015 1206/1188/1014 1208/1190/1016
f 1209/1191/1017 1207/1189/1015 1208/1190/1016
f 1207/1189/1015 1209/1191/1017 1210/1192/1018
f 1209/1191/1017 1211/1193/1019 1210/1192/1018
f 1212/1194/1020 1211/1193/1019 1209/1191/1017
f 1211/1193/1019 1212/1194/1020 1213/1195/1021
f 1214/1196/1022 1213/1195/1021 1212/1194/1020
f 1214/1196/1022 1215/1197/1023 1213/1195/1021
f 1215/1197/1023 1214/1196/1022 1216/1198/1024
f 1216/1198/1024 1217/1199/1025 1215/1197/1023
f 1217/1199/1025 1216/1198/1024 1218/1200/1026
f 1219/1201/1027 1217/1199/1025 1218/1200/1026
f 1217/1199/1025 1219/1201/1027 1220/1202/1028
f 1221/1203/1029 1220/1202/1028 1219/1201/1027
f 1220/1202/1028 1221/1203/1029 1222/1204/1030
f 1222/1204/1030 1221/1203/1029 1223/1205/1031
f 1223/1205/1031 1224/1206/1032 1222/1204/1030
f 1224/1206/1032 1223/1205/1031 1225/1207/1033
f 1226/1208/1034 1224/1206/1032 1225/1207/1033
f 1225/1207/1033 1227/1209/1035 1226/1208/1034
f 1228/1210/1036 1229/1211/1037 1230/1212/1038
f 1230/1212/1038 1231/1213/1039 1228/1210/1036
f 1231/1213/1039 1232/1214/1040 1228/1210/1036
f 1233/1215/1041 1232/1214/1040 1231/1213/1039
f 1232/1214/1040 1233/1215/1041 1234/1216/1042
f 1234/1216/1042 1233/1215/1041 1235/1217/1043
f 1235/1217/1043 1236/1218/1044 1234/1216/1042
f 1237/1219/1045 1236/1218/1044 1235/1217/1043
f 1236/1218/1044 1237/1219/1045 1238/1220/1046
f 1237/1219/1045 1239/1221/1047 1238/1220/1046
f 1239/1221/1047 1237/1219/1045 1240/1222/1048
f 1240/1222/1048 1241/1223/1049 1239/1221/1047
f 1241/1223/1049 1240/1222/1048 1242/1224/1050
f 1241/1223/1049 1242/1224/1050 1243/1225/1051
f 1244/1226/1052 1243/1225/1051 1242/1224/1050
f 1243/1225/1051 1244/1226/1052 1245/1227/1053
f 1245/1227/1053 1244/1226/1052 1246/1228/1054
f 1246/1228/1054 1247/1229/1055 1245/1227/1053
f 1247/1229/1055 1246/1228/1054 1248/1230/1056
f 1247/1229/1055 1248/1230/1056 1249/1231/1057
f 1249/1231/1057 1248/1230/1056 1250/1232/1058
f 1249/1231/1057 1250/1232/1058 1251/1233/1059
f 1251/1233/1059 1250/1232/1058 1252/1234/1060
f 1251/1233/1059 1252/1234/1060 1253/1235/1061
f 1254/1236/1062 1255/1237/1063 1256/1238/1064
f 1255/1237/1063 1257/1239/1065 1256/1238/1064
f 1257/1239/1065 1255/1237/1063 1258/1240/1066
f 1258/1240/1066 1259/1241/1067 1257/1239/1065
f 1259/1241/1067 1258/1240/1066 1260/1242/1068
f 1261/1243/1069 1259/1241/1067 1260/1242/1068
f 1261/1243/1069 1262/1244/1070 1259/1241/1067
f 1261/1243/1069 1263/1245/1071 1262/1244/1070
f 1264/1246/1072 1263/1245/1071 1261/1243/1069
f 1263/1245/1071 1264/1246/1072 1265/1247/1073
f 1266/1248/1074 1265/1247/1073 1264/1246/1072
f 1266/1248/1074 1267/1249/1075 1265/1247/1073
f 1267/1249/1075 1266/1248/1074 1268/1250/1076
f 1269/1251/1077 1267/1249/1075 1268/1250/1076
f 1267/1249/1075 1269/1251/1077 1270/1252/1078
f 1271/1253/1079 1270/1252/1078 1269/1251/1077
f 1272/1254/1080 1270/1252/1078 1271/1253/1079
f 1273/1255/1081 1272/1254/1080 1271/1253/1079
f 1272/1254/1080 1273/1255/1081 1274/1256/1082
f 1275/1257/1083 1274/1256/1082 1273/1255/1081
f 1276/1258/1084 1274/1256/1082 1275/1257/1083
f 1274/1256/1082 1276/1258/1084 1277/1259/1085
f 1278/1260/1086 1277/1259/1085 1276/1258/1084
f 1278/1260/1086 1276/1258/1084 1279/1261/1087
f 1280/1262/1088 1278/1260/1086 1279/1261/1087
f 1278/1260/1086 1280/1262/1088 1281/1263/1088
f 1282/1264/1088 1281/1263/1088 1280/1262/1088
f 1281/1263/1088 1282/1264/1088 1283/1265/1088
f 1284/1266/1089 1285/1267/1090 1286/1268/1091
f 1285/1267/1090 1284/1266/1089 1287/1269/1092
f 1288/1270/1093 1287/1269/1092 1284/1266/1089
f 1288/1270/1093 1289/1271/1094 1287/1269/1092
f 1290/1272/1095 1289/1271/1094 1288/1270/1093
f 1289/1271/1094 1290/1272/1095 1291/1273/1096
f 1292/1274/1097 1291/1273/1096 1290/1272/1095
f 1292/1274/1097 1293/1275/1098 1291/1273/1096
f 1294/1276/1099 1293/1275/1098 1292/1274/1097
f 1293/1275/1098 1294/1276/1099 1295/1277/1100
f 1296/1278/1101 1295/1277/1100 1294/1276/1099
f 1295/1277/1100 1296/1278/1101 1297/1279/1102
f 1298/1280/1103 1297/1279/1102 1296/1278/1101
f 1299/1281/1104 1297/1279/1102 1298/1280/1103
f 1298/1280/1103 1296/1278/1101 1300/1282/1105
f 1299/1281/1104 1301/1283/1106 1297/1279/1102
f 1302/1284/1107 1300/1282/1105 1296/1278/1101
f 1303/1285/1108 1301/1283/1106 1299/1281/1104
f 1302/1284/1107 1304/1286/1109 1300/1282/1105
f 1305/1287/1110 1301/1283/1106 1303/1285/1108
f 1306/1288/1111 1304/1286/1109 1302/1284/1107
f 1305/1287/1110 1303/1285/1108 1307/1289/1112
f 1306/1288/1111 1308/1290/1113 1304/1286/1109
f 1305/1287/1110 1307/1289/1112 1309/1291/1114
f 1308/1290/1113 1306/1288/1111 1310/1292/1115
f 1311/1293/1116 1309/1291/1114 1307/1289/1112
f 1310/1292/1115 1312/1294/1117 1308/1290/1113
f 1309/1291/1114 1311/1293/1116 1313/1295/1118
f 1314/1296/1119 1312/1294/1117 1310/1292/1115
f 1313/1295/1118 1311/1293/1116 1315/1297/1120
f 1312/1294/1117 1314/1296/1119 1316/1298/1121
f 1313/1295/1118 1315/1297/1120 1317/1299/1122
f 1313/1295/1118 1317/1299/1122 1318/1300/1123
f 1316/1298/1121 1314/1296/1119 1319/1301/1124
f 1316/1298/1121 1319/1301/1124 1320/1302/1125
f 1319/1301/1124 1321/1303/1126 1320/1302/1125
f 1321/1303/1126 1319/1301/1124 1322/1304/1127
f 1323/1305/1128 1324/1306/1128 1325/1307/1128
f 1326/1308/1128 1324/1306/1128 1323/1305/1128
f 1326/1308/1128 1327/1309/1128 1324/1306/1128
f 1328/1310/1128 1326/1308/1128 1329/1311/1128
f 1328/1310/1128 1327/1309/1128 1326/1308/1128
f 1330/1312/1128 1327/1309/1128 1328/1310/1128
f 1331/1313/1128 1327/1309/1128 1330/1312/1128
f 1332/1314/1128 1327/1309/1128 1331/1313/1128
f 1333/1315/1129 1334/1316/1130 1335/1317/1129
f 1334/1316/1130 1333/1315/1129 1336/1318/1131
f 1336/1318/1131 1337/1319/1132 1334/1316/1130
f 1337/1319/1132 1336/1318/1131 1338/1320/1133
f 1337/1319/1132 1338/1320/1133 1339/1321/1134
f 1337/1319/1132 1339/1321/1134 1340/1322/1134
f 1341/1323/1135 1342/1324/1136 1343/1325/1136
f 1342/1324/1136 1344/1326/1137 1343/1325/1136
f 1344/1326/1137 1342/1324/1136 1345/1327/1138
f 1345/1327/1138 1346/1328/1139 1344/1326/1137
f 1345/1327/1138 1347/1329/1140 1346/1328/1139
f 1348/1330/1141 1347/1329/1140 1345/1327/1138
f 1348/1330/1141 1349/1331/1142 1347/1329/1140
f 1348/1330/1141 1350/1332/1143 1349/1331/1142
f 1348/1330/1141 1351/1333/1144 1350/1332/1143
f 1351/1333/1144 1352/1334/1143 1350/1332/1143
f 1351/1333/1144 1353/1335/1145 1352/1334/1143
f 1353/1335/1145 1351/1333/1144 1354/1336/1146
f 1353/1335/1145 1355/1337/1147 1352/1334/1143
f 1353/1335/1145 1354/1336/1146 1356/1338/1148
f 1353/1335/1145 1357/1339/1149 1355/1337/1147
f 1356/1338/1148 1354/1336/1146 1358/1340/1150
f 1357/1339/1149 1359/1341/1151 1355/1337/1147
f 1360/1342/1152 1356/1338/1148 1358/1340/1150
f 1358/1340/1150 1361/1343/1153 1360/1342/1152
f 1357/1339/1149 1362/1344/1154 1359/1341/1151
f 1359/1341/1151 1362/1344/1154 1363/1345/1155
f 1363/1345/1155 1362/1344/1154 1364/1346/1156
f 1365/1347/597 1366/1348/597 1367/1349/597
f 1368/1350/597 1366/1348/597 1365/1347/597
f 1368/1350/597 1369/1351/597 1366/1348/597
f 1370/1352/1157 1369/1351/597 1368/1350/597
f 1369/1351/597 1370/1352/1157 1371/1353/1157
f 1372/1354/1158 1371/1353/1157 1370/1352/1157
f 1373/1355/1158 1372/1354/1158 1370/1352/1157
f 1373/1355/1158 1374/1356/1159 1372/1354/1158
f 1374/1356/1159 1373/1355/1158 1375/1357/1159
f 1376/1358/597 1374/1356/1159 1375/1357/1159
f 1374/1356/1159 1376/1358/597 1377/1359/597
f 1376/1358/597 1378/1360/1160 1377/1359/597
f 1379/1361/1161 1378/1360/1160 1376/1358/597
f 1380/1362/1162 1378/1360/1160 1379/1361/1161
f 1380/1362/1162 1381/1363/1162 1378/1360/1160
f 1380/1362/1162 1382/1364/1163 1381/1363/1162
f 1382/1364/1163 1380/1362/1162 1383/1365/1163
f 1382/1364/1163 1383/1365/1163 1384/1366/1164
f 1384/1366/1164 1383/1365/1163 1385/1367/1164
f 1386/1368/597 1384/1366/1164 1385/1367/1164
f 1384/1366/1164 1386/1368/597 1387/1369/597
f 1386/1368/597 1388/1370/1165 1387/1369/597
f 1389/1371/1165 1388/1370/1165 1386/1368/597
f 1390/1372/1166 1388/1370/1165 1389/1371/1165
f 1388/1370/1165 1390/1372/1166 1391/1373/1167
f 1392/1374/1168 1393/1375/1169 1391/1373/1167
f 1390/1372/1166 1392/1374/1168 1391/1373/1167
f 1392/1374/1168 1390/1372/1166 1394/1376/1170
f 1390/1372/1166 1395/1377/1171 1394/1376/1170
f 1396/1378/1172 1397/1379/1173 1398/1380/1174
f 1397/1379/1173 1396/1378/1172 1399/1381/1175
f 1399/1381/1175 1396/1378/1172 1400/1382/1176
f 1400/1382/1176 1401/1383/1177 1399/1381/1175
f 1400/1382/1176 1402/1384/1178 1401/1383/1177
f 1401/1383/1177 1403/1385/1179 1399/1381/1175
f 1402/1384/1178 1404/1386/1180 1401/1383/1177
f 1401/1383/1177 1404/1386/1180 1403/1385/1179
f 1402/1384/1178 1405/1387/1181 1404/1386/1180
f 1404/1386/1180 1406/1388/1182 1403/1385/1179
f 1407/1389/1183 1406/1388/1182 1404/1386/1180
f 1405/1387/1181 1407/1389/1183 1404/1386/1180
f 1407/1389/1183 1408/1390/1184 1406/1388/1182
f 1407/1389/1183 1409/1391/1185 1408/1390/1184
f 1405/1387/1181 1410/1392/1186 1407/1389/1183
f 1407/1389/1183 1410/1392/1186 1409/1391/1185
f 1411/1393/1187 1410/1392/1186 1405/1387/1181
f 1409/1391/1185 1410/1392/1186 1412/1394/1188
f 1410/1392/1186 1411/1393/1187 1413/1395/1189
f 1413/1395/1189 1412/1394/1188 1410/1392/1186
f 1414/1396/1190 1413/1395/1189 1411/1393/1187
f 1413/1395/1189 1415/1397/1191 1412/1394/1188
f 1414/1396/1190 1415/1397/1191 1413/1395/1189
f 1416/1398/1192 1415/1397/1191 1414/1396/1190
f 1416/1398/1192 1417/1399/1193 1415/1397/1191
f 1417/1399/1193 1416/1398/1192 1418/1400/1194
f 1419/1401/1195 1420/1402/1196 1421/1403/1196
f 1419/1401/1195 1422/1404/1197 1420/1402/1196
f 1419/1401/1195 1423/1405/1198 1422/1404/1197
f 1424/688/1199 1425/686/672 1426/687/1200
f 1426/687/1200 1427/689/1201 1424/688/1199
f 1428/690/1202 1424/688/1199 1427/689/1201
f 1428/690/1202 1427/689/1201 1429/691/1203
f 1429/691/1203 1430/692/1204 1428/690/1202
f 1430/692/1204 1429/691/1203 1431/693/1205
f 1431/693/1205 1432/694/1205 1430/692/1204
f 1432/694/1205 1431/693/1205 1433/695/1206
f 1434/696/672 1432/694/1205 1433/695/1206
f 1434/696/672 1433/695/1206 1435/697/1207
f 1435/697/1207 1436/698/1208 1434/696/672
f 1435/697/1207 1437/699/1209 1436/698/1208
f 1438/700/1210 1437/699/1209 1435/697/1207
f 1437/699/1209 1438/700/1210 1439/701/1211
f 1437/699/1209 1440/702/1212 1436/698/1208
f 1440/702/1212 1441/703/1213 1436/698/1208
f 1442/704/1214 1441/703/1213 1440/702/1212
f 1439/701/1211 1443/705/1215 1437/699/1209
f 1437/699/1209 1443/705/1215 1440/702/1212
f 1443/705/1215 1442/704/1214 1440/702/1212
f 1443/705/1215 1439/701/1211 1444/706/1216
f 1444/706/1216 1442/704/1214 1443/705/1215
f 1445/1406/597 1446/1407/1217 1447/1408/1218
f 1446/1407/1217 1448/1409/1219 1447/1408/1218
f 1449/1410/795 1448/1409/1219 1446/1407/1217
f 1448/1409/1219 1449/1410/795 1450/1411/602
f 1451/1412/603 1450/1411/602 1449/1410/795
f 1450/1411/602 1451/1412/603 1452/1413/1220
f 1453/1414/1220 1452/1413/1220 1451/1412/603
f 1453/1414/1220 1454/1415/1221 1452/1413/1220
f 1455/1416/597 1454/1415/1221 1453/1414/1220
f 1455/1416/597 1456/1417/1222 1454/1415/1221
f 1457/1418/1223 1456/1417/1222 1455/1416/597
f 1456/1417/1222 1457/1418/1223 1458/1419/1224
f 1458/1419/1224 1459/1420/1225 1456/1417/1222
f 1460/1421/1226 1459/1420/1225 1458/1419/1224
f 1457/1418/1223 1461/1422/1227 1458/1419/1224
f 1461/1422/1227 1457/1418/1223 1462/1423/1228
f 1462/1423/1228 1463/1424/1229 1461/1422/1227
f 1464/1425/1230 1460/1421/1226 1458/1419/1224
f 1461/1422/1227 1464/1425/1230 1458/1419/1224
f 1461/1422/1227 1463/1424/1229 1464/1425/1230
f 1460/1421/1226 1464/1425/1230 1465/1426/1231
f 1463/1424/1229 1465/1426/1231 1464/1425/1230
f 1466/1427/1232 1467/1428/560 1468/1429/1233
f 1468/1429/1233 1469/1430/1234 1466/1427/1232
f 1470/1431/554 1466/1427/1232 1469/1430/1234
f 1470/1431/554 1469/1430/1234 1471/1432/1235
f 1471/1432/1235 1472/1433/1236 1470/1431/554
f 1472/1433/1236 1471/1432/1235 1473/1434/1237
f 1473/1434/1237 1474/1435/1237 1472/1433/1236
f 1474/1435/1237 1473/1434/1237 1475/1436/1238
f 1476/1437/560 1474/1435/1237 1475/1436/1238
f 1476/1437/560 1475/1436/1238 1477/1438/1239
f 1477/1438/1239 1478/1439/1240 1476/1437/560
f 1477/1438/1239 1479/1440/1241 1478/1439/1240
f 1480/1441/1242 1479/1440/1241 1477/1438/1239
f 1479/1440/1241 1480/1441/1242 1481/1442/1243
f 1479/1440/1241 1482/1443/1244 1478/1439/1240
f 1482/1443/1244 1483/1444/1245 1478/1439/1240
f 1484/1445/1246 1483/1444/1245 1482/1443/1244
f 1481/1442/1243 1485/1446/1247 1479/1440/1241
f 1479/1440/1241 1485/1446/1247 1482/1443/1244
f 1485/1446/1247 1484/1445/1246 1482/1443/1244
f 1485/1446/1247 1481/1442/1243 1486/1447/1248
f 1486/1447/1248 1484/1445/1246 1485/1446/1247
f 1487/1406/560 1488/1407/1249 1489/1408/1250
f 1488/1407/1249 1490/1409/1251 1489/1408/1250
f 1491/1410/1252 1490/1409/1251 1488/1407/1249
f 1490/1409/1251 1491/1410/1252 1492/1411/1253
f 1493/1412/1254 1492/1411/1253 1491/1410/1252
f 1492/1411/1253 1493/1412/1254 1494/1413/1255
f 1495/1414/1255 1494/1413/1255 1493/1412/1254
f 1495/1414/1255 1496/1415/1256 1494/1413/1255
f 1497/1416/560 1496/1415/1256 1495/1414/1255
f 1497/1416/560 1498/1417/1257 1496/1415/1256
f 1499/1418/1258 1498/1417/1257 1497/1416/560
f 1498/1417/1257 1499/1418/1258 1500/1419/1259
f 1500/1419/1259 1501/1420/1260 1498/1417/1257
f 1502/1421/1261 1501/1420/1260 1500/1419/1259
f 1499/1418/1258 1503/1422/1262 1500/1419/1259
f 1503/1422/1262 1499/1418/1258 1504/1423/1263
f 1504/1423/1263 1505/1424/1264 1503/1422/1262
f 1506/1425/1265 1502/1421/1261 1500/1419/1259
f 1503/1422/1262 1506/1425/1265 1500/1419/1259
f 1503/1422/1262 1505/1424/1264 1506/1425/1265
f 1502/1421/1261 1506/1425/1265 1507/1426/1266
f 1505/1424/1264 1507/1426/1266 1506/1425/1265
f 1508/1448/1267 1509/1449/1268 1510/1450/1269
f 1509/1449/1268 1508/1448/1267 1511/1451/1270
f 1512/1452/1271 1511/1451/1270 1508/1448/1267
f 1513/1453/1272 1511/1451/1270 1512/1452/1271
f 1514/1454/1273 1513/1453/1272 1512/1452/1271
f 1513/1453/1272 1514/1454/1273 1515/1455/1274
f 1516/1456/1275 1514/1454/1273 1512/1452/1271
f 1512/1452/1271 1517/1457/1276 1516/1456/1275
f 1518/1458/1277 1517/1457/1276 1512/1452/1271
f 1516/1456/1275 1519/1459/1278 1514/1454/1273
f 1517/1457/1276 1518/1458/1277 1520/1460/1279
f 1520/1460/1279 1521/1461/1280 1517/1457/1276
f 1522/1462/1281 1521/1461/1280 1520/1460/1279
f 1521/1461/1280 1522/1462/1281 1523/1463/1282
f 1524/1464/1283 1523/1463/1282 1522/1462/1281
f 1523/1463/1282 1524/1464/1283 1525/1465/1284
f 1514/1454/1273 1519/1459/1278 1526/1466/1285
f 1526/1466/1285 1515/1455/1274 1514/1454/1273
f 1526/1466/1285 1519/1459/1278 1527/1467/1286
f 1528/1468/1287 1515/1455/1274 1526/1466/1285
f 1526/1466/1285 1527/1467/1286 1528/1468/1287
f 1528/1468/1287 1529/1469/1288 1515/1455/1274
f 1527/1467/1286 1530/1470/1289 1528/1468/1287
f 1528/1468/1287 1530/1470/1289 1531/1471/1290
f 1531/1471/1290 1532/1472/1291 1528/1468/1287
f 1533/1473/1292 1532/1472/1291 1531/1471/1290
f 1533/1473/1292 1534/1474/1293 1532/1472/1291
f 1535/1475/1294 1534/1474/1293 1533/1473/1292
f 1532/1472/1291 1536/1476/1295 1537/1477/1296
f 1534/1474/1293 1536/1476/1295 1532/1472/1291
f 1535/1475/1294 1538/1478/1297 1534/1474/1293
f 1536/1476/1295 1534/1474/1293 1538/1478/1297
f 1539/1479/1298 1538/1478/1297 1535/1475/1294
f 1538/1478/1297 1540/1480/1299 1536/1476/1295
f 1539/1479/1298 1541/1481/1300 1538/1478/1297
f 1541/1481/1300 1540/1480/1299 1538/1478/1297
f 1542/1482/1301 1541/1481/1300 1539/1479/1298
f 1540/1480/1299 1541/1481/1300 1543/1483/1302
f 1541/1481/1300 1542/1482/1301 1544/1484/1303
f 1543/1483/1302 1541/1481/1300 1545/1485/1304
f 1544/1484/1303 1542/1482/1301 1546/1486/1305
f 1545/1485/1304 1547/1487/1306 1543/1483/1302
f 1545/1485/1304 1548/1488/1307 1547/1487/1306
f 1546/1486/1305 1542/1482/1301 1549/1489/1308
f 1549/1489/1308 1524/1490/1283 1546/1486/1305
f 1524/1490/1283 1549/1489/1308 1525/1491/1284
f 1550/1492/1309 1551/1493/1309 1552/1494/1310
f 1551/1493/1309 1550/1492/1309 1553/1495/1311
f 1554/1496/1311 1553/1495/1311 1550/1492/1309
f 1553/1495/1311 1554/1496/1311 1555/1497/1312
f 1554/1496/1311 1556/1498/1312 1555/1497/1312
f 1556/1498/1312 1557/1499/1313 1555/1497/1312
f 1555/1497/1312 1557/1499/1313 1558/1500/1313
f 1559/1501/1314 1558/1500/1313 1557/1499/1313
f 1558/1500/1313 1559/1501/1314 1560/1502/1314
f 1559/1501/1314 1561/1503/1315 1560/1502/1314
f 1561/1503/1315 1559/1501/1314 1562/1504/1315
f 1562/1504/1315 1563/1505/1316 1561/1503/1315
f 1563/1505/1316 1562/1504/1315 1564/1506/1316
f 1565/1507/1284 1566/1508/1317 1567/1509/1318
f 1566/1508/1317 1565/1507/1284 1568/1510/1282
f 1568/1510/1282 1569/1511/1280 1566/1508/1317
f 1569/1511/1280 1568/1510/1282 1570/1512/1280
f 1569/1511/1280 1570/1512/1280 1571/1513/1319
f 1571/1513/1319 1572/1514/1320 1569/1511/1280
f 1572/1514/1320 1571/1513/1319 1573/1515/1321
f 1573/1515/1321 1571/1513/1319 1574/1516/1322
f 1574/1516/1322 1575/1517/1323 1573/1515/1321
f 1575/1517/1323 1574/1516/1322 1576/1518/1323
f 1577/1519/1289 1575/1517/1323 1576/1518/1323
f 1575/1517/1323 1577/1519/1289 1578/1520/1324
f 1579/1521/1290 1578/1520/1324 1577/1519/1289
f 1578/1520/1324 1579/1521/1290 1580/1522/1325
f 1580/1522/1325 1579/1521/1290 1581/1523/1326
f 1581/1523/1326 1579/1521/1290 1582/1524/1326
f 1583/1525/1327 1581/1523/1326 1582/1524/1326
f 1581/1523/1326 1583/1525/1327 1584/1526/1328
f 1585/1527/1329 1584/1526/1328 1583/1525/1327
f 1584/1526/1328 1585/1527/1329 1586/1528/1330
f 1585/1527/1329 1587/1529/1308 1586/1528/1330
f 1587/1529/1308 1585/1527/1329 1588/1530/1308
f 1565/1531/1284 1587/1529/1308 1588/1530/1308
f 1587/1529/1308 1565/1531/1284 1567/1532/1318
f 1589/1403/1331 1590/1404/1332 1591/1402/1331
f 1590/1404/1332 1589/1403/1331 1592/1401/1333
f 1590/1404/1332 1592/1401/1333 1593/1405/1334
f 1594/643/1335 1595/641/1335 1596/642/1336
f 1597/645/1337 1595/641/1335 1594/643/1335
f 1595/641/1335 1597/645/1337 1598/644/1337
f 1597/645/1337 1599/647/1338 1598/644/1337
f 1599/647/1338 1597/645/1337 1600/646/1338
f 1600/646/1338 1601/649/1339 1599/647/1338
f 1599/647/1338 1601/649/1339 1602/648/1339
f 1603/651/1340 1602/648/1339 1601/649/1339
f 1602/648/1339 1603/651/1340 1604/650/1340
f 1604/650/1340 1603/651/1340 1605/653/1341
f 1603/651/1340 1606/652/1342 1605/653/1341
f 1605/653/1341 1606/652/1342 1607/655/1343
f 1608/654/1343 1605/653/1341 1607/655/1343
f 1609/1407/1206 1610/1408/1200 1611/1406/672
f 1610/1408/1200 1609/1407/1206 1612/1409/1344
f 1613/1410/1345 1612/1409/1344 1609/1407/1206
f 1612/1409/1344 1613/1410/1345 1614/1411/1203
f 1615/1412/1204 1614/1411/1203 1613/1410/1345
f 1614/1411/1203 1615/1412/1204 1616/1413/1346
f 1617/1414/1346 1616/1413/1346 1615/1412/1204
f 1617/1414/1346 1618/1415/1199 1616/1413/1346
f 1619/1416/672 1618/1415/1199 1617/1414/1346
f 1619/1416/672 1620/1417/1347 1618/1415/1199
f 1621/1418/1348 1620/1417/1347 1619/1416/672
f 1622/1419/1349 1620/1417/1347 1621/1418/1348
f 1622/1419/1349 1623/1420/1350 1620/1417/1347
f 1623/1420/1350 1622/1419/1349 1624/1421/1351
f 1622/1419/1349 1621/1418/1348 1625/1422/1352
f 1626/1423/1353 1625/1422/1352 1621/1418/1348
f 1626/1423/1353 1627/1424/1354 1625/1422/1352
f 1628/1425/1355 1624/1421/1351 1622/1419/1349
f 1622/1419/1349 1625/1422/1352 1628/1425/1355
f 1625/1422/1352 1627/1424/1354 1628/1425/1355
f 1624/1421/1351 1628/1425/1355 1629/1426/1356
f 1627/1424/1354 1629/1426/1356 1628/1425/1355
f 1630/1404/1357 1631/1402/1358 1632/1403/1358
f 1633/1401/1357 1630/1404/1357 1632/1403/1358
f 1630/1404/1357 1633/1401/1357 1634/1405/1359
f 1635/1533/1360 1636/1534/1361 1637/1535/616
f 1636/1534/1361 1635/1533/1360 1638/1536/1362
f 1639/1537/1363 1638/1536/1362 1635/1533/1360
f 1638/1536/1362 1639/1537/1363 1640/1538/1364
f 1641/1539/1365 1640/1538/1364 1639/1537/1363
f 1640/1538/1364 1641/1539/1365 1642/1540/1366
f 1643/1541/1366 1642/1540/1366 1641/1539/1365
f 1643/1541/1366 1644/1542/1367 1642/1540/1366
f 1645/1543/616 1644/1542/1367 1643/1541/1366
f 1645/1543/616 1646/1544/1368 1644/1542/1367
f 1647/1545/1369 1646/1544/1368 1645/1543/616
f 1648/1546/1370 1646/1544/1368 1647/1545/1369
f 1648/1546/1370 1649/1547/1371 1646/1544/1368
f 1649/1547/1371 1648/1546/1370 1650/1548/1372
f 1648/1546/1370 1647/1545/1369 1651/1549/1373
f 1652/1550/1374 1651/1549/1373 1647/1545/1369
f 1652/1550/1374 1653/1551/1375 1651/1549/1373
f 1654/1552/1376 1650/1548/1372 1648/1546/1370
f 1648/1546/1370 1651/1549/1373 1654/1552/1376
f 1651/1549/1373 1653/1551/1375 1654/1552/1376
f 1650/1548/1372 1654/1552/1376 1655/1553/1377
f 1653/1551/1375 1655/1553/1377 1654/1552/1376
f 1656/643/1378 1657/641/1378 1658/642/1379
f 1657/641/1378 1656/643/1378 1659/645/1380
f 1657/641/1378 1659/645/1380 1660/644/1380
f 1660/644/1380 1659/645/1380 1661/647/1381
f 1659/645/1380 1662/646/1381 1661/647/1381
f 1662/646/1381 1663/648/1382 1661/647/1381
f 1663/648/1382 1662/646/1381 1664/649/1382
f 1663/648/1382 1664/649/1382 1665/650/1383
f 1666/651/1383 1665/650/1383 1664/649/1382
f 1666/651/1383 1667/653/1384 1665/650/1383
f 1667/653/1384 1666/651/1383 1668/652/1384
f 1668/652/1384 1669/655/1385 1667/653/1384
f 1667/653/1384 1669/655/1385 1670/654/1385
f 1671/1554/1386 1672/1555/1387 1673/1556/1388
f 1672/1555/1387 1671/1554/1386 1674/1557/1389
f 1675/1558/1390 1674/1557/1389 1671/1554/1386
f 1674/1557/1389 1675/1558/1390 1676/1559/1391
f 1676/1559/1391 1675/1558/1390 1677/1560/1392
f 1678/1561/1393 1676/1559/1391 1677/1560/1392
f 1679/1404/1394 1680/1402/1395 1681/1403/1395
f 1682/1401/1394 1679/1404/1394 1681/1403/1395
f 1683/1405/1396 1679/1404/1394 1682/1401/1394
f 1684/1562/1397 1685/1563/1398 1686/1564/1399
f 1687/1565/1400 1686/1564/1399 1685/1563/1398
f 1687/1565/1400 1685/1563/1398 1688/1566/1401
f 1689/1567/1402 1687/1565/1400 1688/1566/1401
f 1688/1566/1401 1690/1568/1403 1689/1567/1402
f 1691/1569/1404 1689/1567/1402 1690/1568/1403
f 1691/1569/1404 1690/1568/1403 1692/1570/1405
f 1691/1569/1404 1692/1570/1405 1693/1571/1406
f 1691/1569/1404 1693/1571/1406 1694/1572/1407
f 1694/1572/1407 1695/1573/1408 1691/1569/1404
f 1696/1574/1409 1697/1575/1410 1698/1576/1411
f 1697/1575/1410 1696/1574/1409 1699/1577/1412
f 1699/1577/1412 1700/1578/1413 1697/1575/1410
f 1700/1578/1413 1699/1577/1412 1701/1579/1414
f 1701/1579/1414 1702/1580/1415 1700/1578/1413
f 1702/1580/1415 1701/1579/1414 1703/1581/1416
f 1704/1582/1417 1702/1580/1415 1703/1581/1416
f 1705/1583/1418 1704/1582/1417 1703/1581/1416
f 1705/1583/1418 1706/1584/1419 1704/1582/1417
f 1706/1584/1419 1705/1583/1418 1707/1585/1420
f 1707/1585/1420 1708/1586/1421 1706/1584/1419
f 1708/1586/1421 1707/1585/1420 1709/1587/1422
f 1710/1588/1423 1708/1586/1421 1709/1587/1422
f 1711/1589/1423 1708/1586/1421 1710/1588/1423
f 1712/1590/1424 1711/1589/1423 1710/1588/1423
f 1711/1589/1423 1712/1590/1424 1713/1591/1425
f 1714/1592/1426 1713/1591/1425 1712/1590/1424
f 1713/1591/1425 1714/1592/1426 1715/1593/1427
f 1716/1594/1428 1715/1593/1427 1714/1592/1426
f 1715/1593/1427 1716/1594/1428 1717/1595/1429
f 1718/1596/1430 1717/1595/1429 1716/1594/1428
f 1717/1595/1429 1718/1596/1430 1719/1597/1430
f 1720/1598/1431 1721/1599/1432 1722/1600/1433
f 1720/1598/1431 1722/1600/1433 1723/1601/1434
f 1723/1601/1434 1724/1602/1435 1720/1598/1431
f 1724/1602/1435 1723/1601/1434 1725/1603/1436
f 1726/1604/1437 1724/1602/1435 1725/1603/1436
f 1727/1605/1438 1726/1604/1437 1725/1603/1436
f 1727/1605/1438 1728/1606/1439 1726/1604/1437
f 1727/1605/1438 1729/1607/1440 1728/1606/1439
f 1727/1605/1438 1730/1608/1441 1729/1607/1440
f 1730/1608/1441 1727/1605/1438 1731/1609/1442
f 1732/1610/1443 1733/1611/1444 1734/1612/1445
f 1733/1611/1444 1732/1610/1443 1735/1613/1446
f 1735/1613/1446 1732/1610/1443 1736/1614/1447
f 1737/1615/1448 1735/1613/1446 1736/1614/1447
f 1737/1615/1448 1736/1614/1447 1738/1616/1449
f 1739/1617/1450 1737/1615/1448 1738/1616/1449
f 1740/1618/1451 1739/1617/1450 1738/1616/1449
f 1741/1619/1452 1739/1617/1450 1740/1618/1451
f 1742/1620/1453 1741/1619/1452 1740/1618/1451
f 1741/1619/1452 1742/1620/1453 1743/1621/1454
f 1744/1622/1421 1743/1621/1454 1742/1620/1453
f 1743/1621/1454 1744/1622/1421 1745/1623/1422
f 1744/1622/1421 1746/1624/1423 1745/1623/1422
f 1746/1624/1423 1744/1622/1421 1747/1625/1423
f 1747/1625/1423 1748/1626/1424 1746/1624/1423
f 1748/1626/1424 1747/1625/1423 1749/1627/1425
f 1749/1627/1425 1750/1628/1426 1748/1626/1424
f 1750/1628/1426 1749/1627/1425 1751/1629/1427
f 1751/1629/1427 1752/1630/1428 1750/1628/1426
f 1752/1630/1428 1751/1629/1427 1753/1631/1429
f 1753/1631/1429 1754/1632/1430 1752/1630/1428
f 1754/1632/1430 1753/1631/1429 1755/1633/1430
f 1756/1634/1455 1757/1635/1456 1758/1636/1455
f 1757/1635/1456 1756/1634/1455 1759/1637/1456
f 1759/1637/1456 1760/1638/1457 1757/1635/1456
f 1760/1638/1457 1759/1637/1456 1761/1639/1457
f 1761/1639/1457 1762/1640/1458 1760/1638/1457
f 1760/1638/1457 1762/1640/1458 1763/1641/1458
f 1762/1640/1458 1764/1642/1459 1763/1641/1458
f 1764/1642/1459 1762/1640/1458 1765/1643/1459
f 1766/1644/1460 1764/1642/1459 1765/1643/1459
f 1764/1642/1459 1766/1644/1460 1767/1645/1460
f 1768/1646/1461 1769/1647/1462 1770/1648/1462
f 1769/1647/1462 1768/1646/1461 1771/1649/1461
f 1772/1650/1463 1771/1649/1461 1768/1646/1461
f 1771/1649/1461 1772/1650/1463 1773/1651/1463
f 1774/1652/1464 1773/1651/1463 1772/1650/1463
f 1772/1650/1463 1775/1653/1464 1774/1652/1464
f 1774/1652/1464 1775/1653/1464 1776/1654/1465
f 1775/1653/1464 1777/1655/1465 1776/1654/1465
f 1777/1655/1465 1778/1656/1466 1776/1654/1465
f 1778/1656/1466 1777/1655/1465 1779/1657/1466
f 1780/1658/1467 1781/1659/1468 1782/1660/1467
f 1783/1661/1469 1782/1660/1467 1781/1659/1468
f 1784/1662/1470 1783/1661/1469 1781/1659/1468
f 1784/1662/1470 1781/1659/1468 1785/1663/1471
f 1785/1663/1471 1786/1664/1472 1784/1662/1470
f 1786/1664/1472 1785/1663/1471 1787/1665/1473
f 1787/1665/1473 1788/1666/1474 1786/1664/1472
f 1788/1666/1474 1787/1665/1473 1789/1667/1475
f 1789/1667/1475 1790/1668/1476 1788/1666/1474
f 1790/1668/1476 1789/1667/1475 1791/1669/1477
f 1791/1669/1477 1792/1670/1478 1790/1668/1476
f 1792/1670/1478 1791/1669/1477 1793/1671/1479
f 1794/1672/1480 1792/1670/1478 1793/1671/1479
f 1792/1670/1478 1794/1672/1480 1795/1673/1481
f 1796/1674/1482 1795/1673/1481 1794/1672/1480
f 1795/1673/1481 1796/1674/1482 1797/1675/1483
f 1798/1676/1484 1797/1675/1483 1796/1674/1482
f 1797/1675/1483 1798/1676/1484 1799/1677/1485
f 1800/1678/1486 1799/1677/1485 1798/1676/1484
f 1799/1677/1485 1800/1678/1486 1801/1679/1487
f 1801/1679/1487 1800/1678/1486 1802/1680/1488
f 1801/1679/1487 1802/1680/1488 1803/1681/1489
f 1804/1682/1490 1803/1681/1489 1802/1680/1488
f 1804/1682/1490 1802/1680/1488 1805/1683/1490
f 1806/1684/560 1807/1685/560 1808/1686/560
f 1807/1685/560 1809/1687/560 1808/1686/560
f 1810/1688/560 1808/1686/560 1809/1687/560
f 1808/1686/560 1810/1688/560 1811/1689/560
f 1812/1690/616 1813/1691/616 1814/1692/616
f 1814/1692/616 1813/1691/616 1815/1693/616
f 1813/1691/616 1816/1694/616 1815/1693/616
f 1816/1694/616 1813/1691/616 1817/1695/616
f 1818/1696/672 1819/1697/672 1820/1698/672
f 1819/1697/672 1818/1696/672 1821/1699/672
f 1822/1700/672 1819/1697/672 1821/1699/672
f 1819/1697/672 1822/1700/672 1823/1701/672
f 1822/1700/672 1824/1702/1203 1823/1701/672
f 1824/1702/1203 1822/1700/672 1825/1703/672
f 1826/1704/1491 1827/1705/1492 1828/1706/1492
f 1827/1705/1492 1826/1704/1491 1829/1707/1491
f 1829/1707/1491 1826/1704/1491 1830/1708/1493
f 1830/1708/1493 1826/1704/1491 1831/1709/1493
f 1832/1710/1494 1833/1711/1495 1834/1712/1495
f 1832/1710/1494 1835/1713/1494 1833/1711/1495
f 1836/1714/1496 1835/1713/1494 1832/1710/1494
f 1837/1715/1496 1836/1714/1496 1832/1710/1494
f 1838/1716/1497 1839/1717/1498 1840/1718/1499
f 1838/1716/1497 1840/1718/1499 1841/1719/1500
f 1842/1720/1501 1838/1716/1497 1841/1719/1500
f 1838/1716/1497 1842/1720/1501 1843/1721/1502
f 1844/1722/1503 1843/1721/1502 1842/1720/1501
f 1845/1723/1504 1843/1721/1502 1844/1722/1503
f 1846/1724/1505 1845/1723/1504 1844/1722/1503
f 1846/1724/1505 1847/1725/1506 1845/1723/1504
f 1848/1726/1507 1847/1725/1506 1846/1724/1505
f 1849/1727/1508 1848/1726/1507 1846/1724/1505
f 1850/1728/1509 1848/1726/1507 1849/1727/1508
f 1848/1726/1507 1850/1728/1509 1851/1729/1510
f 1850/1728/1509 1852/1730/1511 1851/1729/1510
f 1852/1730/1511 1850/1728/1509 1853/1731/1512
f 1854/1732/1513 1852/1730/1511 1853/1731/1512
f 1852/1730/1511 1854/1732/1513 1855/1733/1514
f 1854/1732/1513 1856/1734/1515 1855/1733/1514
f 1856/1734/1515 1854/1732/1513 1857/1735/1516
f 1858/1736/1517 1856/1734/1515 1857/1735/1516
f 1857/1735/1516 1859/1737/1518 1858/1736/1517
f 1859/1737/1518 1860/1738/1519 1858/1736/1517
f 1860/1738/1519 1859/1737/1518 1861/1739/1520
f 1860/1738/1519 1861/1739/1520 1862/1740/1521
f 1860/1738/1519 1862/1740/1521 1863/1741/1522
f 1864/1742/1523 1865/1743/1524 1866/1744/1525
f 1865/1743/1524 1864/1742/1523 1867/1745/1526
f 1868/1746/1527 1865/1743/1524 1867/1745/1526
f 1865/1743/1524 1868/1746/1527 1869/1747/1528
f 1868/1746/1527 1870/1748/1529 1869/1747/1528
f 1870/1748/1529 1868/1746/1527 1871/1749/1530
f 1871/1749/1530 1872/1750/1531 1870/1748/1529
f 1872/1750/1531 1871/1749/1530 1873/1751/1532
f 1874/1752/1533 1872/1750/1531 1873/1751/1532
f 1875/1753/1534 1872/1750/1531 1874/1752/1533
f 1876/1754/1535 1875/1753/1534 1874/1752/1533
f 1874/1752/1533 1877/1755/1536 1876/1754/1535
f 1878/1756/1537 1876/1754/1535 1877/1755/1536
f 1876/1754/1535 1878/1756/1537 1879/1757/1538
f 1879/1757/1538 1878/1756/1537 1880/1758/1539
f 1880/1758/1539 1881/1759/1540 1879/1757/1538
f 1880/1758/1539 1878/1756/1537 1882/1760/1541
f 1881/1759/1540 1880/1758/1539 1883/1761/1542
f 1880/1758/1539 1882/1760/1541 1884/1762/1543
f 1880/1758/1539 1885/1763/1544 1883/1761/1542
f 1886/1764/1545 1880/1758/1539 1884/1762/1543
f 1880/1758/1539 1886/1764/1545 1887/1765/1546
f 1885/1763/1544 1880/1758/1539 1887/1765/1546
f 1887/1765/1546 1886/1764/1545 1888/1766/1547
f 1889/1767/1548 1887/1765/1546 1888/1766/1547
f 1890/1768/1549 1885/1763/1544 1887/1765/1546
f 1891/1769/1550 1885/1763/1544 1890/1768/1549
f 1890/1768/1549 1892/1770/1551 1891/1769/1550
f 1890/1768/1549 1893/1771/1552 1892/1770/1551
f 1887/1765/1546 1889/1767/1548 1894/1772/1553
f 1887/1765/1546 1894/1772/1553 1890/1768/1549
f 1893/1771/1552 1890/1768/1549 1894/1772/1553
f 1895/1773/1554 1894/1772/1553 1889/1767/1548
f 1894/1772/1553 1896/1774/1555 1893/1771/1552
f 1896/1774/1555 1897/1775/1556 1893/1771/1552
f 1898/1776/1557 1894/1772/1553 1895/1773/1554
f 1896/1774/1555 1894/1772/1553 1898/1776/1557
f 1897/1775/1556 1896/1774/1555 1899/1777/1558
f 1898/1776/1557 1899/1777/1558 1896/1774/1555
f 1899/1777/1558 1900/1778/1559 1897/1775/1556
f 1901/1779/1560 1897/1775/1556 1900/1778/1559
f 1900/1778/1559 1902/1780/1561 1901/1779/1560
f 1900/1778/1559 1903/1781/1562 1902/1780/1561
f 1903/1781/1562 1900/1778/1559 1904/1782/1563
f 1900/1778/1559 1899/1777/1558 1904/1782/1563
f 1898/1776/1557 1904/1782/1563 1899/1777/1558
f 1905/1783/1564 1904/1782/1563 1898/1776/1557
f 1898/1776/1557 1895/1773/1554 1905/1783/1564
f 1904/1782/1563 1905/1783/1564 1906/1784/1565
f 1905/1783/1564 1895/1773/1554 1907/1785/1566
f 1905/1783/1564 1908/1786/1567 1906/1784/1565
f 1905/1783/1564 1907/1785/1566 1908/1786/1567
f 1909/1787/1568 1910/1788/1569 1911/1789/1569
f 1910/1788/1569 1909/1787/1568 1912/1790/1568
f 1912/1790/1568 1909/1787/1568 1913/1791/1323
f 1913/1791/1323 1909/1787/1568 1914/1792/1323
f 1915/1793/1570 1913/1791/1323 1914/1792/1323
f 1913/1791/1323 1915/1793/1570 1916/1794/1570
f 1916/1794/1570 1915/1793/1570 1917/1795/1571
f 1917/1795/1571 1918/1796/1571 1916/1794/1570
f 1918/1796/1571 1917/1795/1571 1919/1797/1280
f 1919/1797/1280 1917/1795/1571 1920/1798/1280
f 1919/1797/1280 1920/1798/1280 1921/1799/1572
f 1921/1799/1572 1920/1798/1280 1922/1800/1572
f 1923/1801/1573 1921/1799/1572 1922/1800/1572
f 1921/1799/1572 1923/1801/1573 1924/1802/1573
f 1925/1803/1308 1924/1802/1573 1923/1801/1573
f 1924/1802/1573 1925/1803/1308 1926/1804/1308
f 1926/1804/1308 1925/1803/1308 1927/1805/1574
f 1927/1805/1574 1928/1806/1574 1926/1804/1308
f 1928/1806/1574 1927/1805/1574 1929/1807/1575
f 1929/1807/1575 1927/1805/1574 1930/1808/1575
f 1929/1807/1575 1930/1808/1575 1931/1809/1326
f 1931/1809/1326 1930/1808/1575 1932/1810/1326
f 1931/1809/1326 1932/1810/1326 1911/1811/1569
f 1911/1811/1569 1910/1812/1569 1931/1809/1326
f 1933/1813/1576 1934/1814/1577 1935/1815/1578
f 1933/1813/1576 1935/1815/1578 1936/1816/1579
f 1937/1817/1580 1933/1813/1576 1936/1816/1579
f 1933/1813/1576 1937/1817/1580 1938/1818/1581
f 1938/1818/1581 1937/1817/1580 1939/1819/1582
f 1937/1817/1580 1940/1820/1583 1939/1819/1582
f 1940/1820/1583 1941/1821/1584 1939/1819/1582
f 1940/1820/1583 1942/1822/1585 1941/1821/1584
f 1942/1822/1585 1943/1823/1586 1944/1824/1587
f 1942/1822/1585 1945/1825/1588 1943/1823/1586
f 1942/1822/1585 1940/1820/1583 1945/1825/1588
f 1937/1817/1580 1946/1826/1589 1940/1820/1583
f 1937/1817/1580 1947/1827/1590 1946/1826/1589
f 1940/1820/1583 1946/1826/1589 1948/1828/1591
f 1946/1826/1589 1947/1827/1590 1949/1829/1592
f 1946/1826/1589 1949/1829/1592 1948/1828/1591
f 1947/1827/1590 1950/1830/1593 1949/1829/1592
f 1948/1828/1591 1949/1829/1592 1951/1831/1594
f 1950/1830/1593 1952/1832/1595 1949/1829/1592
f 1951/1831/1594 1949/1829/1592 1952/1832/1595
f 1953/1833/710 1954/1834/710 1955/1835/710
f 1956/1836/710 1954/1834/710 1953/1833/710
f 1957/1837/710 1954/1834/710 1956/1836/710
f 1954/1834/710 1957/1837/710 1958/1838/710
f 1957/1837/710 1959/1839/710 1958/1838/710
f 1959/1839/710 1957/1837/710 1960/1840/710
f 1960/1840/710 1961/1841/710 1959/1839/710
f 1961/1841/710 1960/1840/710 1962/1842/710
f 1961/1841/710 1962/1842/710 1963/1843/710
f 1961/1841/710 1963/1843/710 1964/1844/710
f 1965/1845/1596 1966/1846/1597 1967/1847/1596
f 1967/1847/1596 1966/1846/1597 1968/1848/1598
f 1966/1846/1597 1969/1849/1599 1968/1848/1598
f 1966/1846/1597 1970/1850/1600 1969/1849/1599
f 1969/1849/1599 1971/1851/1601 1968/1848/1598
f 1972/1852/1602 1971/1851/1601 1969/1849/1599
f 1972/1852/1602 1969/1849/1599 1973/1853/1603
f 1973/1853/1603 1974/1854/1604 1972/1852/1602
f 1974/1854/1604 1973/1853/1603 1975/1855/1605
f 1975/1855/1605 1973/1853/1603 1976/1856/1606
f 1977/1857/1596 1974/1854/1604 1975/1855/1605
f 1978/1858/1596 1977/1857/1596 1975/1855/1605
f 1979/1859/1607 1980/1860/1608 1981/1861/1609
f 1982/1862/1610 1981/1861/1609 1980/1860/1608
f 1982/1862/1610 1983/1863/1611 1981/1861/1609
f 1984/1864/1612 1982/1862/1610 1980/1860/1608
f 1982/1862/1610 1985/1865/1613 1983/1863/1611
f 1986/1866/1614 1983/1863/1611 1985/1865/1613
f 1987/1867/1615 1982/1862/1610 1984/1864/1612
f 1987/1867/1615 1985/1865/1613 1982/1862/1610
f 1984/1864/1612 1988/1868/1616 1987/1867/1615
f 1989/1869/1617 1987/1867/1615 1988/1868/1616
f 1986/1866/1614 1985/1865/1613 1990/1870/1618
f 1990/1870/1618 1985/1865/1613 1987/1867/1615
f 1990/1870/1618 1991/1871/1619 1986/1866/1614
f 1992/1872/1620 1986/1866/1614 1991/1871/1619
f 1993/1873/1621 1990/1870/1618 1987/1867/1615
f 1991/1871/1619 1990/1870/1618 1993/1873/1621
f 1991/1871/1619 1994/1874/1622 1992/1872/1620
f 1992/1872/1620 1994/1874/1622 1995/1875/1623
f 1996/1876/1624 1994/1874/1622 1991/1871/1619
f 1991/1871/1619 1993/1873/1621 1996/1876/1624
f 1994/1874/1622 1997/1877/1625 1995/1875/1623
f 1994/1874/1622 1996/1876/1624 1997/1877/1625
f 1997/1877/1625 1998/1878/1626 1995/1875/1623
f 1997/1877/1625 1999/1879/1627 1998/1878/1626
f 1999/1879/1627 1997/1877/1625 1996/1876/1624
f 1993/1873/1621 1999/1879/1627 1996/1876/1624
f 1993/1873/1621 2000/1880/1628 1999/1879/1627
f 1993/1873/1621 1987/1867/1615 2001/1881/1629
f 2001/1881/1629 1987/1867/1615 2002/1869/1630
f 2002/1869/1630 2003/1882/1631 2001/1881/1629
f 2001/1881/1629 2003/1882/1631 1993/1873/1621
f 2003/1882/1631 2000/1880/1628 1993/1873/1621
f 2003/1882/1631 2004/1883/1632 2000/1880/1628
f 2005/1884/1633 2004/1883/1632 2003/1882/1631
f 2006/1885/1634 2005/1884/1633 2003/1882/1631
f 2007/1886/1635 2008/1887/1636 2009/1888/1637
f 2010/1889/1638 2007/1886/1635 2009/1888/1637
f 2011/1890/1639 2010/1889/1638 2009/1888/1637
f 2010/1889/1638 2011/1890/1639 2012/1891/1640
f 2010/1889/1638 2013/1892/1641 2007/1886/1635
f 2010/1889/1638 2014/1893/1642 2013/1892/1641
f 2014/1893/1642 2015/1894/1643 2013/1892/1641
f 2016/1895/1644 2015/1894/1643 2014/1893/1642
f 2017/1896/1645 2015/1894/1643 2016/1895/1644
f 2016/1895/1644 2018/1897/1646 2017/1896/1645
f 2019/1898/1647 2018/1897/1646 2016/1895/1644
f 2019/1898/1647 2020/1899/1648 2018/1897/1646
f 2020/1899/1648 2021/1900/1649 2022/1901/1650
f 2019/1898/1647 2021/1900/1649 2020/1899/1648
f 2023/1902/1651 2021/1900/1649 2019/1898/1647
f 2023/1902/1651 2019/1898/1647 2024/1903/1652
f 2025/1904/1653 2026/1905/1654 2027/1906/1655
f 2028/1907/1656 2027/1906/1655 2026/1905/1654
f 2028/1907/1656 2026/1905/1654 2029/1908/1657
f 2030/1909/1658 2027/1906/1655 2028/1907/1656
f 2028/1907/1656 2029/1908/1657 2031/1910/1659
f 2032/1911/1660 2031/1910/1659 2029/1908/1657
f 2033/1912/1661 2030/1909/1658 2028/1907/1656
f 2033/1912/1661 2028/1907/1656 2031/1910/1659
f 2030/1909/1658 2033/1912/1661 2034/1913/1662
f 2034/1913/1662 2033/1912/1661 2035/1914/1663
f 2033/1912/1661 2036/1914/1664 2035/1914/1663
f 2037/1915/1665 2036/1914/1664 2033/1912/1661
f 2038/1916/1666 2035/1914/1663 2037/1915/1665
f 2039/1917/1667 2033/1912/1661 2031/1910/1659
f 2032/1911/1660 2039/1917/1667 2031/1910/1659
f 2040/1918/1668 2037/1915/1665 2033/1912/1661
f 2040/1918/1668 2033/1912/1661 2039/1917/1667
f 2037/1915/1665 2040/1918/1668 2038/1916/1666
f 2039/1917/1667 2032/1911/1660 2041/1919/1669
f 2040/1918/1668 2039/1917/1667 2041/1919/1669
f 2042/1920/1670 2041/1919/1669 2032/1911/1660
f 2043/1921/1671 2038/1916/1666 2044/1922/1672
f 2044/1922/1672 2038/1916/1666 2045/1923/1673
f 2038/1916/1666 2046/1924/1674 2045/1923/1673
f 2040/1918/1668 2046/1924/1674 2038/1916/1666
f 2040/1918/1668 2047/1925/1675 2046/1924/1674
f 2041/1919/1669 2042/1920/1670 2048/1926/1676
f 2042/1920/1670 2049/1927/1677 2048/1926/1676
f 2041/1919/1669 2050/1928/1678 2040/1918/1668
f 2048/1926/1676 2050/1928/1678 2041/1919/1669
f 2050/1928/1678 2047/1925/1675 2040/1918/1668
f 2048/1926/1676 2049/1927/1677 2051/1929/1679
f 2050/1928/1678 2048/1926/1676 2051/1929/1679
f 2051/1929/1679 2047/1925/1675 2050/1928/1678
f 2051/1929/1679 2049/1927/1677 2052/1930/1680
f 2047/1925/1675 2051/1929/1679 2052/1930/1680
f 2053/1931/1681 2054/1932/1682 2055/1933/1683
f 2054/1932/1682 2053/1931/1681 2056/1934/1684
f 2056/1934/1684 2057/1935/1685 2054/1932/1682
f 2056/1934/1684 2053/1931/1681 2058/1936/1686
f 2057/1935/1685 2056/1934/1684 2059/1937/1687
f 2059/1937/1687 2060/1938/1688 2057/1935/1685
f 2058/1936/1686 2061/1939/1689 2056/1934/1684
f 2059/1937/1687 2056/1934/1684 2061/1939/1689
f 2061/1939/1689 2058/1936/1686 2062/1940/1690
f 2060/1938/1688 2059/1937/1687 2063/1941/1691
f 2063/1941/1691 2064/1942/1692 2060/1938/1688
f 2059/1937/1687 2061/1939/1689 2065/1943/1693
f 2063/1941/1691 2059/1937/1687 2065/1943/1693
f 2061/1939/1689 2062/1940/1690 2066/1944/1694
f 2065/1943/1693 2061/1939/1689 2066/1944/1694
f 2066/1944/1694 2062/1940/1690 2067/1945/1695
f 2064/1942/1692 2063/1941/1691 2068/1946/1696
f 2068/1946/1696 2069/1947/1697 2064/1942/1692
f 2063/1941/1691 2065/1943/1693 2070/1948/1698
f 2068/1946/1696 2063/1941/1691 2070/1948/1698
f 2066/1944/1694 2071/1949/1699 2065/1943/1693
f 2070/1948/1698 2065/1943/1693 2071/1949/1699
f 2066/1944/1694 2072/1950/1700 2071/1949/1699
f 2072/1950/1700 2066/1944/1694 2067/1945/1695
f 2071/1949/1699 2073/1951/1701 2070/1948/1698
f 2071/1949/1699 2072/1950/1700 2073/1951/1701
f 2074/1952/1702 2068/1946/1696 2070/1948/1698
f 2070/1948/1698 2073/1951/1701 2074/1952/1702
f 2069/1947/1697 2068/1946/1696 2075/1953/1703
f 2075/1953/1703 2068/1946/1696 2074/1952/1702
f 2076/1954/1704 2069/1947/1697 2075/1953/1703
f 2069/1947/1697 2076/1954/1704 2077/1955/1705
f 2074/1952/1702 2078/1956/1706 2075/1953/1703
f 2078/1956/1706 2076/1954/1704 2075/1953/1703
f 2073/1951/1701 2079/1957/1707 2074/1952/1702
f 2079/1957/1707 2078/1956/1706 2074/1952/1702
f 2073/1951/1701 2072/1950/1700 2079/1957/1707
f 2080/1958/1708 2077/1955/1705 2076/1954/1704
f 2077/1955/1705 2080/1958/1708 2081/1959/1709
f 2078/1956/1706 2082/1960/1710 2076/1954/1704
f 2082/1960/1710 2080/1958/1708 2076/1954/1704
f 2078/1956/1706 2079/1957/1707 2083/1961/1711
f 2083/1961/1711 2082/1960/1710 2078/1956/1706
f 2084/1962/1712 2079/1957/1707 2072/1950/1700
f 2084/1962/1712 2083/1961/1711 2079/1957/1707
f 2082/1960/1710 2085/1963/1713 2080/1958/1708
f 2083/1961/1711 2086/1964/1714 2082/1960/1710
f 2086/1964/1714 2085/1963/1713 2082/1960/1710
f 2087/1965/1715 2081/1959/1709 2080/1958/1708
f 2085/1963/1713 2087/1965/1715 2080/1958/1708
f 2087/1965/1715 2088/1966/1716 2081/1959/1709
f 2089/1967/1717 2086/1964/1714 2083/1961/1711
f 2084/1962/1712 2089/1967/1717 2083/1961/1711
f 2090/1968/1718 2088/1966/1716 2087/1965/1715
f 2091/1969/1719 2088/1966/1716 2090/1968/1718
f 2090/1968/1718 2092/1970/1720 2091/1969/1719
f 2092/1970/1720 2090/1968/1718 2093/1971/1721
f 2093/1971/1721 2094/1972/1722 2092/1970/1720
f 2090/1968/1718 2087/1965/1715 2095/1973/1723
f 2093/1971/1721 2090/1968/1718 2095/1973/1723
f 2094/1972/1722 2093/1971/1721 2096/1974/1724
f 2096/1974/1724 2097/1975/1725 2094/1972/1722
f 2093/1971/1721 2095/1973/1723 2098/1976/1726
f 2096/1974/1724 2093/1971/1721 2098/1976/1726
f 2095/1973/1723 2087/1965/1715 2099/1977/1727
f 2087/1965/1715 2085/1963/1713 2099/1977/1727
f 2098/1976/1726 2095/1973/1723 2100/1978/1728
f 2095/1973/1723 2099/1977/1727 2100/1978/1728
f 2099/1977/1727 2085/1963/1713 2101/1979/1729
f 2086/1964/1714 2101/1979/1729 2085/1963/1713
f 2100/1978/1728 2099/1977/1727 2102/1980/1730
f 2101/1979/1729 2102/1980/1730 2099/1977/1727
f 2103/1981/1731 2101/1979/1729 2086/1964/1714
f 2089/1967/1717 2103/1981/1731 2086/1964/1714
f 2104/1982/1732 2102/1980/1730 2101/1979/1729
f 2103/1981/1731 2104/1982/1732 2101/1979/1729
f 2105/1983/1733 2100/1978/1728 2102/1980/1730
f 2104/1982/1732 2106/1984/1734 2102/1980/1730
f 2105/1983/1733 2102/1980/1730 2106/1984/1734
f 2107/1985/1735 2100/1978/1728 2105/1983/1733
f 2100/1978/1728 2107/1985/1735 2098/1976/1726
f 2106/1984/1734 2108/1986/1736 2105/1983/1733
f 2109/1987/1737 2098/1976/1726 2107/1985/1735
f 2096/1974/1724 2098/1976/1726 2109/1987/1737
f 2105/1983/1733 2110/1988/1738 2107/1985/1735
f 2105/1983/1733 2108/1986/1736 2110/1988/1738
f 2111/1989/1739 2096/1974/1724 2109/1987/1737
f 2097/1975/1725 2096/1974/1724 2111/1989/1739
f 2107/1985/1735 2112/1990/1740 2109/1987/1737
f 2107/1985/1735 2110/1988/1738 2112/1990/1740
f 2109/1987/1737 2113/1991/1741 2111/1989/1739
f 2112/1990/1740 2113/1991/1741 2109/1987/1737
f 2114/1992/1742 2097/1975/1725 2111/1989/1739
f 2113/1991/1741 2114/1992/1742 2111/1989/1739
f 2097/1975/1725 2114/1992/1742 2115/1993/1743
f 2112/1990/1740 2116/1994/1744 2113/1991/1741
f 2117/1995/1745 2115/1993/1743 2114/1992/1742
f 2118/1996/1746 2115/1993/1743 2117/1995/1745
f 2113/1991/1741 2119/1997/1747 2114/1992/1742
f 2116/1994/1744 2119/1997/1747 2113/1991/1741
f 2114/1992/1742 2120/1998/1748 2117/1995/1745
f 2120/1998/1748 2114/1992/1742 2119/1997/1747
f 2118/1996/1746 2117/1995/1745 2121/1999/1749
f 2118/1996/1746 2121/1999/1749 2122/2000/1750
f 2123/2001/1751 2117/1995/1745 2120/1998/1748
f 2117/1995/1745 2123/2001/1751 2121/1999/1749
f 2119/1997/1747 2124/2002/1752 2120/1998/1748
f 2124/2002/1752 2123/2001/1751 2120/1998/1748
f 2125/2003/1753 2122/2000/1750 2121/1999/1749
f 2126/2004/1754 2122/2000/1750 2125/2003/1753
f 2123/2001/1751 2127/2005/1755 2121/1999/1749
f 2125/2003/1753 2121/1999/1749 2127/2005/1755
f 2128/2006/1756 2126/2004/1754 2125/2003/1753
f 2129/2007/1757 2126/2004/1754 2128/2006/1756
f 2130/2008/1758 2125/2003/1753 2127/2005/1755
f 2128/2006/1756 2125/2003/1753 2130/2008/1758
f 2131/2009/1759 2129/2007/1757 2128/2006/1756
f 2132/2010/1760 2129/2007/1757 2131/2009/1759
f 2131/2009/1759 2133/2011/1761 2132/2010/1760
f 2133/2011/1761 2131/2009/1759 2134/2012/1762
f 2131/2009/1759 2128/2006/1756 2135/2013/1763
f 2134/2012/1762 2131/2009/1759 2135/2013/1763
f 2135/2013/1763 2128/2006/1756 2130/2008/1758
f 2135/2013/1763 2136/2014/1764 2134/2012/1762
f 2135/2013/1763 2137/2015/1765 2136/2014/1764
f 2137/2015/1765 2135/2013/1763 2138/2016/1766
f 2130/2008/1758 2138/2016/1766 2135/2013/1763
f 2137/2015/1765 2138/2016/1766 2139/2017/1767
f 2140/2018/1768 2138/2016/1766 2130/2008/1758
f 2127/2005/1755 2140/2018/1768 2130/2008/1758
f 2141/2019/1769 2139/2017/1767 2138/2016/1766
f 2141/2019/1769 2138/2016/1766 2140/2018/1768
f 2141/2019/1769 2142/2020/1770 2139/2017/1767
f 2142/2020/1770 2141/2019/1769 2143/2021/1771
f 2140/2018/1768 2127/2005/1755 2144/2022/1772
f 2141/2019/1769 2140/2018/1768 2144/2022/1772
f 2123/2001/1751 2144/2022/1772 2127/2005/1755
f 2141/2019/1769 2145/2023/1773 2143/2021/1771
f 2145/2023/1773 2141/2019/1769 2144/2022/1772
f 2146/2024/1774 2144/2022/1772 2123/2001/1751
f 2145/2023/1773 2144/2022/1772 2146/2024/1774
f 2123/2001/1751 2124/2002/1752 2146/2024/1774
f 2147/2025/1775 2143/2021/1771 2145/2023/1773
f 2147/2025/1775 2148/2026/1776 2143/2021/1771
f 2149/2027/1777 2145/2023/1773 2146/2024/1774
f 2148/2026/1776 2147/2025/1775 2150/2028/1778
f 2148/2026/1776 2150/2028/1778 2151/2029/1779
f 2147/2025/1775 2145/2023/1773 2152/2030/1780
f 2145/2023/1773 2149/2027/1777 2152/2030/1780
f 2147/2025/1775 2153/2031/1781 2150/2028/1778
f 2153/2031/1781 2147/2025/1775 2152/2030/1780
f 2151/2029/1779 2150/2028/1778 2154/2032/1782
f 2154/2032/1782 2155/2033/1783 2151/2029/1779
f 2153/2031/1781 2156/2034/1784 2150/2028/1778
f 2155/2033/1783 2154/2032/1782 2157/2035/1785
f 2158/2036/1786 2154/2032/1782 2150/2028/1778
f 2150/2028/1778 2156/2034/1784 2158/2036/1786
f 2159/2037/1787 2157/2035/1785 2154/2032/1782
f 2154/2032/1782 2158/2036/1786 2159/2037/1787
f 2160/2038/1788 2155/2033/1783 2157/2035/1785
f 2155/2033/1783 2160/2038/1788 2161/2039/1789
f 2161/2039/1789 2160/2038/1788 2162/2040/1790
f 2163/2041/1791 2164/2042/1792 2162/2040/1790
f 2160/2038/1788 2163/2041/1791 2162/2040/1790
f 2160/2038/1788 2165/2043/1793 2163/2041/1791
f 2165/2043/1793 2160/2038/1788 2166/2044/1794
f 2166/2044/1794 2167/2045/1795 2165/2043/1793
f 2157/2035/1785 2168/2046/1796 2160/2038/1788
f 2160/2038/1788 2168/2046/1796 2166/2044/1794
f 2157/2035/1785 2159/2037/1787 2168/2046/1796
f 2167/2045/1795 2166/2044/1794 2169/2047/1797
f 2168/2046/1796 2169/2047/1797 2166/2044/1794
f 2169/2047/1797 2170/2048/1798 2167/2045/1795
f 2170/2048/1798 2169/2047/1797 2171/2049/1799
f 2169/2047/1797 2172/2050/1800 2171/2049/1799
f 2169/2047/1797 2168/2046/1796 2173/2051/1801
f 2172/2050/1800 2169/2047/1797 2173/2051/1801
f 2159/2037/1787 2173/2051/1801 2168/2046/1796
f 2173/2051/1801 2174/2052/1802 2172/2050/1800
f 2175/2053/1803 2173/2051/1801 2159/2037/1787
f 2175/2053/1803 2174/2052/1802 2173/2051/1801
f 2158/2036/1786 2175/2053/1803 2159/2037/1787
f 2175/2053/1803 2176/2054/1804 2174/2052/1802
f 2177/2055/1805 2176/2054/1804 2175/2053/1803
f 2175/2053/1803 2158/2036/1786 2177/2055/1805
f 2177/2055/1805 2178/2056/1806 2176/2054/1804
f 2179/2057/1807 2177/2055/1805 2158/2036/1786
f 2179/2057/1807 2178/2056/1806 2177/2055/1805
f 2158/2036/1786 2156/2034/1784 2179/2057/1807
f 2179/2057/1807 2180/2058/1808 2178/2056/1806
f 2181/2059/1809 2180/2058/1808 2179/2057/1807
f 2181/2059/1809 2179/2057/1807 2156/2034/1784
f 2181/2059/1809 2182/2060/1810 2180/2058/1808
f 2156/2034/1784 2183/2061/1811 2181/2059/1809
f 2184/2062/1812 2182/2060/1810 2181/2059/1809
f 2184/2062/1812 2181/2059/1809 2183/2061/1811
f 2156/2034/1784 2185/2063/1813 2183/2061/1811
f 2156/2034/1784 2153/2031/1781 2185/2063/1813
f 2184/2062/1812 2183/2061/1811 2186/2064/1814
f 2185/2063/1813 2186/2064/1814 2183/2061/1811
f 2185/2063/1813 2153/2031/1781 2187/2065/1815
f 2187/2065/1815 2186/2064/1814 2185/2063/1813
f 2153/2031/1781 2152/2030/1780 2187/2065/1815
f 2182/2060/1810 2184/2062/1812 2188/2066/1816
f 2188/2066/1816 2189/2067/1817 2182/2060/1810
f 2152/2030/1780 2190/2068/1818 2187/2065/1815
f 2149/2027/1777 2190/2068/1818 2152/2030/1780
f 2188/2066/1816 2191/2069/1819 2189/2067/1817
f 2191/2069/1819 2192/2070/1820 2189/2067/1817
f 2184/2062/1812 2193/2071/1821 2188/2066/1816
f 2193/2071/1821 2184/2062/1812 2186/2064/1814
f 2188/2066/1816 2194/2072/1822 2191/2069/1819
f 2193/2071/1821 2194/2072/1822 2188/2066/1816
f 2191/2069/1819 2195/2073/1823 2192/2070/1820
f 2195/2073/1823 2196/2074/1824 2192/2070/1820
f 2194/2072/1822 2197/2075/1825 2191/2069/1819
f 2191/2069/1819 2197/2075/1825 2195/2073/1823
f 2198/2076/1826 2196/2074/1824 2195/2073/1823
f 2196/2074/1824 2198/2076/1826 2199/2077/1827
f 2197/2075/1825 2200/2078/1828 2195/2073/1823
f 2195/2073/1823 2200/2078/1828 2198/2076/1826
f 2197/2075/1825 2194/2072/1822 2201/2079/1829
f 2202/2080/1830 2199/2077/1827 2198/2076/1826
f 2199/2077/1827 2202/2080/1830 2067/1945/1695
f 2067/1945/1695 2202/2080/1830 2072/1950/1700
f 2202/2080/1830 2084/1962/1712 2072/1950/1700
f 2198/2076/1826 2203/2081/1831 2202/2080/1830
f 2200/2078/1828 2203/2081/1831 2198/2076/1826
f 2084/1962/1712 2202/2080/1830 2204/2082/1832
f 2202/2080/1830 2203/2081/1831 2204/2082/1832
f 2089/1967/1717 2084/1962/1712 2204/2082/1832
f 2204/2082/1832 2205/2083/1833 2089/1967/1717
f 2205/2083/1833 2204/2082/1832 2203/2081/1831
f 2205/2083/1833 2103/1981/1731 2089/1967/1717
f 2206/2084/1834 2203/2081/1831 2200/2078/1828
f 2203/2081/1831 2206/2084/1834 2205/2083/1833
f 2207/2085/1835 2200/2078/1828 2197/2075/1825
f 2200/2078/1828 2207/2085/1835 2206/2084/1834
f 2197/2075/1825 2201/2079/1829 2207/2085/1835
f 2206/2084/1834 2208/2086/1836 2205/2083/1833
f 2208/2086/1836 2206/2084/1834 2207/2085/1835
f 2205/2083/1833 2208/2086/1836 2103/1981/1731
f 2207/2085/1835 2209/2087/1837 2208/2086/1836
f 2209/2087/1837 2103/1981/1731 2208/2086/1836
f 2209/2087/1837 2207/2085/1835 2201/2079/1829
f 2103/1981/1731 2209/2087/1837 2104/1982/1732
f 2201/2079/1829 2210/2088/1838 2209/2087/1837
f 2194/2072/1822 2210/2088/1838 2201/2079/1829
f 2193/2071/1821 2210/2088/1838 2194/2072/1822
f 2211/2089/1839 2104/1982/1732 2209/2087/1837
f 2210/2088/1838 2211/2089/1839 2209/2087/1837
f 2104/1982/1732 2211/2089/1839 2106/1984/1734
f 2108/1986/1736 2106/1984/1734 2211/2089/1839
f 2193/2071/1821 2212/2090/1840 2210/2088/1838
f 2210/2088/1838 2212/2090/1840 2211/2089/1839
f 2108/1986/1736 2211/2089/1839 2212/2090/1840
f 2186/2064/1814 2212/2090/1840 2193/2071/1821
f 2213/2091/1841 2108/1986/1736 2212/2090/1840
f 2186/2064/1814 2213/2091/1841 2212/2090/1840
f 2214/2092/1842 2108/1986/1736 2213/2091/1841
f 2214/2092/1842 2110/1988/1738 2108/1986/1736
f 2186/2064/1814 2215/2093/1843 2213/2091/1841
f 2215/2093/1843 2186/2064/1814 2187/2065/1815
f 2190/2068/1818 2215/2093/1843 2187/2065/1815
f 2215/2093/1843 2216/2094/1844 2213/2091/1841
f 2215/2093/1843 2190/2068/1818 2216/2094/1844
f 2216/2094/1844 2214/2092/1842 2213/2091/1841
f 2190/2068/1818 2217/2095/1845 2216/2094/1844
f 2190/2068/1818 2149/2027/1777 2217/2095/1845
f 2214/2092/1842 2216/2094/1844 2218/2096/1846
f 2217/2095/1845 2218/2096/1846 2216/2094/1844
f 2219/2097/1847 2110/1988/1738 2214/2092/1842
f 2214/2092/1842 2218/2096/1846 2219/2097/1847
f 2219/2097/1847 2112/1990/1740 2110/1988/1738
f 2219/2097/1847 2116/1994/1744 2112/1990/1740
f 2218/2096/1846 2217/2095/1845 2220/2098/1848
f 2149/2027/1777 2220/2098/1848 2217/2095/1845
f 2221/2099/1849 2219/2097/1847 2218/2096/1846
f 2218/2096/1846 2220/2098/1848 2221/2099/1849
f 2219/2097/1847 2221/2099/1849 2116/1994/1744
f 2222/2100/1850 2220/2098/1848 2149/2027/1777
f 2222/2100/1850 2221/2099/1849 2220/2098/1848
f 2149/2027/1777 2146/2024/1774 2222/2100/1850
f 2124/2002/1752 2222/2100/1850 2146/2024/1774
f 2221/2099/1849 2223/2101/1851 2116/1994/1744
f 2221/2099/1849 2222/2100/1850 2223/2101/1851
f 2222/2100/1850 2124/2002/1752 2223/2101/1851
f 2116/1994/1744 2223/2101/1851 2119/1997/1747
f 2124/2002/1752 2119/1997/1747 2223/2101/1851
f 2224/2102/1852 2225/2103/1853 2226/2104/1854
f 2225/2103/1853 2224/2102/1852 2227/2105/1855
f 2228/2106/1856 2225/2103/1853 2227/2105/1855
f 2229/2107/1857 2227/2105/1855 2224/2102/1852
f 2230/2108/1858 2228/2106/1856 2227/2105/1855
f 2228/2106/1856 2230/2108/1858 2231/2109/1859
f 2227/2105/1855 2229/2107/1857 2232/2110/1860
f 2227/2105/1855 2232/2110/1860 2230/2108/1858
f 2229/2107/1857 2233/2111/1861 2232/2110/1860
f 2233/2111/1861 2229/2107/1857 2234/2112/1862
f 2234/2112/1862 2235/2113/1863 2233/2111/1861
f 2232/2110/1860 2236/2114/1864 2230/2108/1858
f 2233/2111/1861 2236/2114/1864 2232/2110/1860
f 2233/2111/1861 2235/2113/1863 2237/2115/1865
f 2237/2115/1865 2236/2114/1864 2233/2111/1861
f 2235/2113/1863 2238/2116/1866 2237/2115/1865
f 2236/2114/1864 2239/2117/1867 2230/2108/1858
f 2239/2117/1867 2231/2109/1859 2230/2108/1858
f 2240/2118/1868 2231/2109/1859 2239/2117/1867
f 2237/2115/1865 2241/2119/1869 2236/2114/1864
f 2239/2117/1867 2236/2114/1864 2241/2119/1869
f 2238/2116/1866 2242/2120/1870 2237/2115/1865
f 2241/2119/1869 2237/2115/1865 2242/2120/1870
f 2243/2121/1871 2242/2120/1870 2238/2116/1866
f 2242/2120/1870 2244/2122/1872 2241/2119/1869
f 2242/2120/1870 2243/2121/1871 2244/2122/1872
f 2241/2119/1869 2245/2123/1873 2239/2117/1867
f 2245/2123/1873 2241/2119/1869 2244/2122/1872
f 2239/2117/1867 2246/2124/1874 2240/2118/1868
f 2246/2124/1874 2239/2117/1867 2245/2123/1873
f 2240/2118/1868 2246/2124/1874 2247/2125/1875
f 2246/2124/1874 2248/2126/1876 2247/2125/1875
f 2243/2121/1871 2249/2127/1877 2244/2122/1872
f 2244/2122/1872 2249/2127/1877 2245/2123/1873
f 2249/2127/1877 2243/2121/1871 2250/2128/1878
f 2251/2129/1879 2249/2127/1877 2250/2128/1878
f 2245/2123/1873 2252/2130/1880 2246/2124/1874
f 2252/2130/1880 2245/2123/1873 2249/2127/1877
f 2246/2124/1874 2253/2131/1881 2248/2126/1876
f 2253/2131/1881 2246/2124/1874 2252/2130/1880
f 2253/2131/1881 2254/2132/1882 2248/2126/1876
f 2249/2127/1877 2251/2129/1879 2255/2133/1883
f 2255/2133/1883 2252/2130/1880 2249/2127/1877
f 2256/2134/1884 2255/2133/1883 2251/2129/1879
f 2253/2131/1881 2252/2130/1880 2257/2135/1885
f 2252/2130/1880 2255/2133/1883 2257/2135/1885
f 2254/2132/1882 2253/2131/1881 2258/2136/1886
f 2258/2136/1886 2253/2131/1881 2257/2135/1885
f 2258/2136/1886 2259/2137/1887 2254/2132/1882
f 2255/2133/1883 2256/2134/1884 2260/2138/1888
f 2257/2135/1885 2255/2133/1883 2260/2138/1888
f 2260/2138/1888 2256/2134/1884 2261/2139/1889
f 2257/2135/1885 2262/2140/1890 2258/2136/1886
f 2260/2138/1888 2261/2139/1889 2263/2141/1891
f 2260/2138/1888 2264/2142/1892 2257/2135/1885
f 2264/2142/1892 2262/2140/1890 2257/2135/1885
f 2264/2142/1892 2260/2138/1888 2263/2141/1891
f 2261/2139/1889 2265/2143/1893 2263/2141/1891
f 2262/2140/1890 2266/2144/1894 2258/2136/1886
f 2259/2137/1887 2258/2136/1886 2266/2144/1894
f 2264/2142/1892 2267/2145/1895 2262/2140/1890
f 2267/2145/1895 2266/2144/1894 2262/2140/1890
f 2268/2146/1896 2259/2137/1887 2266/2144/1894
f 2267/2145/1895 2268/2146/1896 2266/2144/1894
f 2259/2137/1887 2268/2146/1896 2269/2147/1897
f 2269/2147/1897 2268/2146/1896 2270/2148/1898
f 2268/2146/1896 2267/2145/1895 2271/2149/1899
f 2270/2148/1898 2268/2146/1896 2271/2149/1899
f 2272/2150/1900 2267/2145/1895 2264/2142/1892
f 2264/2142/1892 2263/2141/1891 2272/2150/1900
f 2273/2151/1901 2271/2149/1899 2267/2145/1895
f 2272/2150/1900 2273/2151/1901 2267/2145/1895
f 2271/2149/1899 2274/2152/1902 2270/2148/1898
f 2273/2151/1901 2274/2152/1902 2271/2149/1899
f 2270/2148/1898 2274/2152/1902 2275/2153/1903
f 2273/2151/1901 2272/2150/1900 2276/2154/1904
f 2276/2154/1904 2274/2152/1902 2273/2151/1901
f 2263/2141/1891 2277/2155/1905 2272/2150/1900
f 2272/2150/1900 2277/2155/1905 2276/2154/1904
f 2263/2141/1891 2265/2143/1893 2277/2155/1905
f 2276/2154/1904 2278/2156/1906 2274/2152/1902
f 2277/2155/1905 2278/2156/1906 2276/2154/1904
f 2265/2143/1893 2279/2157/1907 2277/2155/1905
f 2278/2156/1906 2277/2155/1905 2279/2157/1907
f 2279/2157/1907 2265/2143/1893 2280/2158/1908
f 2280/2158/1908 2281/2159/1909 2279/2157/1907
f 2279/2157/1907 2281/2159/1909 2278/2156/1906
f 2281/2159/1909 2280/2158/1908 2282/2160/1910
f 2283/2161/1911 2274/2152/1902 2278/2156/1906
f 2283/2161/1911 2275/2153/1903 2274/2152/1902
f 2275/2153/1903 2283/2161/1911 2284/2162/1912
f 2285/2163/1913 2284/2162/1912 2283/2161/1911
f 2283/2161/1911 2278/2156/1906 2286/2164/1914
f 2286/2164/1914 2278/2156/1906 2281/2159/1909
f 2285/2163/1913 2283/2161/1911 2287/2165/1915
f 2287/2165/1915 2283/2161/1911 2286/2164/1914
f 2285/2163/1913 2287/2165/1915 2288/2166/1916
f 2287/2165/1915 2289/2167/1917 2288/2166/1916
f 2289/2167/1917 2290/2168/1918 2291/2169/1919
f 2287/2165/1915 2290/2168/1918 2289/2167/1917
f 2287/2165/1915 2286/2164/1914 2292/2170/1920
f 2290/2168/1918 2287/2165/1915 2292/2170/1920
f 2292/2170/1920 2286/2164/1914 2281/2159/1909
f 2290/2168/1918 2292/2170/1920 2293/2171/1921
f 2292/2170/1920 2281/2159/1909 2294/2172/1922
f 2293/2171/1921 2292/2170/1920 2294/2172/1922
f 2281/2159/1909 2282/2160/1910 2294/2172/1922
f 2294/2172/1922 2295/2173/1923 2293/2171/1921
f 2282/2160/1910 2295/2173/1923 2294/2172/1922
f 2296/2174/1924 2297/2175/1925 2298/2176/1926
f 2297/2175/1925 2296/2174/1924 2299/2177/1927
f 2300/2178/1928 2299/2177/1927 2296/2174/1924
f 2301/2179/1929 2297/2175/1925 2299/2177/1927
f 2299/2177/1927 2300/2178/1928 2302/2180/1930
f 2303/2181/1931 2302/2180/1930 2300/2178/1928
f 2304/2182/1932 2301/2179/1929 2299/2177/1927
f 2302/2180/1930 2304/2182/1932 2299/2177/1927
f 1200/2183/1008 1199/2184/1007 2301/2179/1929
f 1200/2183/1008 2301/2179/1929 2304/2182/1932
f 2302/2180/1930 2303/2181/1931 2305/2185/1933
f 2306/2186/1934 2305/2185/1933 2303/2181/1931
f 2304/2182/1932 2302/2180/1930 2307/2187/1935
f 2305/2185/1933 2306/2186/1934 2308/2188/1936
f 2309/2189/1937 2308/2188/1936 2306/2186/1934
f 2310/2190/1938 2302/2180/1930 2305/2185/1933
f 2302/2180/1930 2310/2190/1938 2307/2187/1935
f 2308/2188/1936 2309/2189/1937 2311/2191/1939
f 2312/2192/1940 2311/2191/1939 2309/2189/1937
f 2313/2193/1941 2305/2185/1933 2308/2188/1936
f 2305/2185/1933 2313/2193/1941 2310/2190/1938
f 2314/2194/1942 2308/2188/1936 2311/2191/1939
f 2308/2188/1936 2314/2194/1942 2313/2193/1941
f 2311/2191/1939 2312/2192/1940 2315/2195/1943
f 2315/2195/1943 2314/2194/1942 2311/2191/1939
f 2316/2196/1944 2315/2195/1943 2312/2192/1940
f 2312/2192/1940 2317/2197/1945 2316/2196/1944
f 2314/2194/1942 2315/2195/1943 2318/2198/1946
f 2319/2199/1947 2316/2196/1944 2317/2197/1945
f 2319/2199/1947 2317/2197/1945 2320/2200/1948
f 2321/2201/1949 2319/2199/1947 2320/2200/1948
f 2322/2202/1950 2315/2195/1943 2316/2196/1944
f 2315/2195/1943 2322/2202/1950 2318/2198/1946
f 2323/2203/1951 2316/2196/1944 2319/2199/1947
f 2316/2196/1944 2323/2203/1951 2322/2202/1950
f 2319/2199/1947 2321/2201/1949 2324/2204/1952
f 2319/2199/1947 2325/2205/1953 2323/2203/1951
f 2325/2205/1953 2319/2199/1947 2324/2204/1952
f 2321/2201/1949 2326/2206/1954 2324/2204/1952
f 2326/2206/1954 2321/2201/1949 2327/2207/1955
f 2328/2208/1956 2326/2206/1954 2327/2207/1955
f 2326/2206/1954 2328/2208/1956 2329/2209/1957
f 2326/2206/1954 2329/2209/1957 2330/2210/1958
f 2324/2204/1952 2326/2206/1954 2331/2211/1959
f 2326/2206/1954 2330/2210/1958 2331/2211/1959
f 2331/2211/1959 2325/2205/1953 2324/2204/1952
f 2331/2211/1959 2330/2210/1958 2332/2212/1960
f 2331/2211/1959 2333/2213/1961 2325/2205/1953
f 2323/2203/1951 2325/2205/1953 2333/2213/1961
f 2331/2211/1959 2332/2212/1960 2334/2214/1962
f 2333/2213/1961 2331/2211/1959 2334/2214/1962
f 2332/2212/1960 2335/2215/1963 2334/2214/1962
f 2335/2215/1963 2336/2216/1964 2334/2214/1962
f 2334/2214/1962 2336/2216/1964 2333/2213/1961
f 2335/2215/1963 2337/2217/1965 2336/2216/1964
f 2323/2203/1951 2333/2213/1961 2338/2218/1966
f 2338/2218/1966 2322/2202/1950 2323/2203/1951
f 2339/2219/1967 2337/2217/1965 2340/2220/1968
f 2322/2202/1950 2338/2218/1966 2341/2221/1969
f 2337/2217/1965 2339/2219/1967 2342/2222/1970
f 2336/2216/1964 2337/2217/1965 2342/2222/1970
f 2318/2198/1946 2322/2202/1950 2341/2221/1969
f 2343/2223/1971 2342/2222/1970 2339/2219/1967
f 2336/2216/1964 2344/2224/1972 2333/2213/1961
f 2342/2222/1970 2344/2224/1972 2336/2216/1964
f 2344/2224/1972 2338/2218/1966 2333/2213/1961
f 2342/2222/1970 2343/2223/1971 2345/2225/1973
f 2344/2224/1972 2342/2222/1970 2345/2225/1973
f 2338/2218/1966 2344/2224/1972 2346/2226/1974
f 2346/2226/1974 2341/2221/1969 2338/2218/1966
f 2347/2227/1975 2344/2224/1972 2345/2225/1973
f 2344/2224/1972 2347/2227/1975 2346/2226/1974
f 2345/2225/1973 2343/2223/1971 2348/2228/1976
f 2347/2227/1975 2345/2225/1973 2348/2228/1976
f 2349/2229/1977 2348/2228/1976 2343/2223/1971
f 2349/2229/1977 2347/2227/1975 2348/2228/1976
f 2346/2226/1974 2347/2227/1975 2350/2230/1978
f 2347/2227/1975 2349/2229/1977 2350/2230/1978
f 2341/2221/1969 2346/2226/1974 2351/2231/1979
f 2350/2230/1978 2352/2232/1980 2346/2226/1974
f 2352/2232/1980 2351/2231/1979 2346/2226/1974
f 2341/2221/1969 2351/2231/1979 2353/2233/1981
f 2318/2198/1946 2341/2221/1969 2353/2233/1981
f 2351/2231/1979 2352/2232/1980 2354/2234/1982
f 2355/2235/1983 2318/2198/1946 2353/2233/1981
f 2318/2198/1946 2355/2235/1983 2314/2194/1942
f 2353/2233/1981 2351/2231/1979 2356/2236/1984
f 2357/2237/1985 2314/2194/1942 2355/2235/1983
f 2314/2194/1942 2357/2237/1985 2313/2193/1941
f 2353/2233/1981 2358/2238/1986 2355/2235/1983
f 2358/2238/1986 2353/2233/1981 2356/2236/1984
f 2355/2235/1983 2359/2239/1987 2357/2237/1985
f 2359/2239/1987 2355/2235/1983 2358/2238/1986
f 2360/2240/1988 2313/2193/1941 2357/2237/1985
f 2357/2237/1985 2359/2239/1987 2360/2240/1988
f 2313/2193/1941 2360/2240/1988 2310/2190/1938
f 2351/2231/1979 2361/2241/1989 2356/2236/1984
f 2361/2241/1989 2351/2231/1979 2354/2234/1982
f 2362/2242/1990 2310/2190/1938 2360/2240/1988
f 2310/2190/1938 2362/2242/1990 2307/2187/1935
f 2304/2182/1932 2307/2187/1935 2362/2242/1990
f 2304/2182/1932 2362/2242/1990 1200/2183/1008
f 2362/2242/1990 1198/2243/1006 1200/2183/1008
f 2363/2244/1991 2362/2242/1990 2360/2240/1988
f 2363/2244/1991 2360/2240/1988 2359/2239/1987
f 1198/2243/1006 2362/2242/1990 2364/2245/1992
f 2364/2245/1992 2362/2242/1990 2363/2244/1991
f 2364/2245/1992 1196/2246/1004 1198/2243/1006
f 2359/2239/1987 2365/2247/1993 2363/2244/1991
f 2365/2247/1993 2359/2239/1987 2366/2248/1994
f 2367/2249/1995 2366/2248/1994 2359/2239/1987
f 2363/2244/1991 2365/2247/1993 2368/2250/1996
f 2358/2238/1986 2367/2249/1995 2359/2239/1987
f 2369/2251/1997 2363/2244/1991 2368/2250/1996
f 2363/2244/1991 2369/2251/1997 2364/2245/1992
f 2368/2250/1996 2370/2252/1998 2369/2251/1997
f 2358/2238/1986 2371/2253/1999 2367/2249/1995
f 2372/2254/2000 2369/2251/1997 2370/2252/1998
f 2372/2254/2000 2364/2245/1992 2369/2251/1997
f 1196/2246/1004 2364/2245/1992 2372/2254/2000
f 2372/2254/2000 2370/2252/1998 2373/2255/2001
f 2372/2254/2000 1194/2256/1002 1196/2246/1004
f 1194/2256/1002 2372/2254/2000 2374/2257/2002
f 2374/2257/2002 2372/2254/2000 2373/2255/2001
f 1190/2258/998 1194/2256/1002 2374/2257/2002
f 2373/2255/2001 2375/2259/2003 2374/2257/2002
f 1190/2258/998 2374/2257/2002 2375/2259/2003
f 2375/2259/2003 2373/2255/2001 2376/2260/2004
f 2377/2261/2005 2375/2259/2003 2376/2260/2004
f 2375/2259/2003 2377/2261/2005 2378/2262/2006
f 2378/2262/2006 1190/2258/998 2375/2259/2003
f 2379/2263/2007 2378/2262/2006 2377/2261/2005
f 1190/2258/998 2378/2262/2006 2380/2264/2008
f 1191/2265/999 1190/2258/998 2380/2264/2008
f 2381/2266/2009 1191/2265/999 2380/2264/2008
f 2378/2262/2006 2379/2263/2007 2382/2267/2010
f 2378/2262/2006 2382/2267/2010 2380/2264/2008
f 2380/2264/2008 2382/2267/2010 2381/2266/2009
f 2383/2268/2011 2382/2267/2010 2379/2263/2007
f 2383/2268/2011 2381/2266/2009 2382/2267/2010
f 2371/2253/1999 2358/2238/1986 2384/2269/2012
f 2384/2269/2012 2385/2270/2013 2371/2253/1999
f 2385/2270/2013 2386/2271/2014 2371/2253/1999
f 2384/2269/2012 2358/2238/1986 2387/2272/2015
f 2358/2238/1986 2356/2236/1984 2387/2272/2015
f 2356/2236/1984 2361/2241/1989 2387/2272/2015
f 2388/2273/2016 2385/2270/2013 2384/2269/2012
f 2388/2273/2016 2384/2269/2012 2387/2272/2015
f 2389/2274/2017 2386/2271/2014 2385/2270/2013
f 2389/2274/2017 2385/2270/2013 2388/2273/2016
f 2386/2271/2014 2389/2274/2017 2390/2275/2018
f 2389/2274/2017 2391/2276/2019 2390/2275/2018
f 2391/2276/2019 2389/2274/2017 2392/2277/2020
f 2392/2277/2020 2393/2278/2021 2391/2276/2019
f 2394/2279/2022 2389/2274/2017 2388/2273/2016
f 2392/2277/2020 2389/2274/2017 2394/2279/2022
f 2393/2278/2021 2392/2277/2020 2395/2280/2023
f 2395/2280/2023 2396/2281/2024 2393/2278/2021
f 2397/2282/2025 2392/2277/2020 2394/2279/2022
f 2396/2281/2024 2395/2280/2023 2398/2283/2026
f 2396/2281/2024 2398/2283/2026 239/240/230
f 238/239/229 239/240/230 2398/2283/2026
f 2392/2277/2020 2399/2284/2027 2395/2280/2023
f 2399/2284/2027 2392/2277/2020 2397/2282/2025
f 2398/2283/2026 2395/2280/2023 2400/2285/2028
f 2400/2285/2028 2395/2280/2023 2399/2284/2027
f 2401/2286/2029 2398/2283/2026 2400/2285/2028
f 2399/2284/2027 2401/2286/2029 2400/2285/2028
f 238/239/229 2398/2283/2026 2401/2286/2029
f 2401/2286/2029 2399/2284/2027 2402/2287/2030
f 2402/2287/2030 2399/2284/2027 2397/2282/2025
f 2401/2286/2029 2403/2288/2031 238/239/229
f 240/241/231 238/239/229 2403/2288/2031
f 2404/2289/2032 2403/2288/2031 2401/2286/2029
f 2404/2289/2032 240/241/231 2403/2288/2031
f 2402/2287/2030 2404/2289/2032 2401/2286/2029
f 240/241/231 2404/2289/2032 241/242/232
f 2402/2287/2030 2405/2290/2033 2404/2289/2032
f 2405/2290/2033 2402/2287/2030 2397/2282/2025
f 241/242/232 2404/2289/2032 2406/2291/2034
f 2406/2291/2034 2404/2289/2032 2405/2290/2033
f 241/242/232 2406/2291/2034 243/244/234
f 243/244/234 2406/2291/2034 2407/2292/2035
f 2405/2290/2033 2407/2292/2035 2406/2291/2034
f 2407/2292/2035 246/247/237 243/244/234
f 246/247/237 2407/2292/2035 251/252/242
f 2408/2293/2036 2407/2292/2035 2405/2290/2033
f 2405/2290/2033 2397/2282/2025 2408/2293/2036
f 251/252/242 2407/2292/2035 2409/2294/2037
f 2408/2293/2036 2409/2294/2037 2407/2292/2035
f 251/252/242 2409/2294/2037 254/255/245
f 2409/2294/2037 2408/2293/2036 2410/2295/2038
f 2410/2295/2038 254/255/245 2409/2294/2037
f 2397/2282/2025 2411/2296/2039 2408/2293/2036
f 2411/2296/2039 2410/2295/2038 2408/2293/2036
f 2411/2296/2039 2397/2282/2025 2394/2279/2022
f 2412/2297/2040 254/255/245 2410/2295/2038
f 2410/2295/2038 2411/2296/2039 2412/2297/2040
f 2394/2279/2022 2413/2298/2041 2411/2296/2039
f 2413/2298/2041 2394/2279/2022 2388/2273/2016
f 2411/2296/2039 2414/2299/2042 2412/2297/2040
f 2414/2299/2042 2411/2296/2039 2413/2298/2041
f 254/255/245 2412/2297/2040 2415/2300/2043
f 2414/2299/2042 2415/2300/2043 2412/2297/2040
f 2415/2300/2043 249/250/240 254/255/245
f 2415/2300/2043 259/260/250 249/250/240
f 2388/2273/2016 2416/2301/2044 2413/2298/2041
f 2413/2298/2041 2416/2301/2044 2414/2299/2042
f 2388/2273/2016 2387/2272/2015 2416/2301/2044
f 2415/2300/2043 2414/2299/2042 2417/2302/2045
f 2387/2272/2015 2418/2303/2046 2416/2301/2044
f 2418/2303/2046 2387/2272/2015 2361/2241/1989
f 2414/2299/2042 2416/2301/2044 2419/2304/2047
f 2418/2303/2046 2419/2304/2047 2416/2301/2044
f 2417/2302/2045 2414/2299/2042 2419/2304/2047
f 2418/2303/2046 2361/2241/1989 2420/2305/2048
f 2361/2241/1989 2354/2234/1982 2420/2305/2048
f 2352/2232/1980 2420/2305/2048 2354/2234/1982
f 2419/2304/2047 2418/2303/2046 2421/2306/2049
f 2420/2305/2048 2352/2232/1980 2422/2307/2050
f 2352/2232/1980 2350/2230/1978 2422/2307/2050
f 2418/2303/2046 2420/2305/2048 2423/2308/2051
f 2423/2308/2051 2421/2306/2049 2418/2303/2046
f 2424/2309/2052 2420/2305/2048 2422/2307/2050
f 2420/2305/2048 2424/2309/2052 2423/2308/2051
f 2425/2310/2053 2422/2307/2050 2350/2230/1978
f 2350/2230/1978 2349/2229/1977 2425/2310/2053
f 2422/2307/2050 2426/2311/2054 2424/2309/2052
f 2426/2311/2054 2422/2307/2050 2425/2310/2053
f 2427/2312/2055 2425/2310/2053 2349/2229/1977
f 2425/2310/2053 2427/2312/2055 2428/2313/2056
f 2428/2313/2056 2426/2311/2054 2425/2310/2053
f 2349/2229/1977 2429/2314/2057 2427/2312/2055
f 2428/2313/2056 2427/2312/2055 2429/2314/2057
f 2429/2314/2057 2349/2229/1977 2343/2223/1971
f 2343/2223/1971 2430/2315/2058 2429/2314/2057
f 2430/2315/2058 2431/2316/2059 2429/2314/2057
f 2432/2317/2060 2428/2313/2056 2429/2314/2057
f 2432/2317/2060 2426/2311/2054 2428/2313/2056
f 2429/2314/2057 2431/2316/2059 2433/2318/2061
f 2433/2318/2061 2432/2317/2060 2429/2314/2057
f 2431/2316/2059 2434/2319/2062 2435/2320/2063
f 2436/2321/2064 2433/2318/2061 2431/2316/2059
f 2435/2320/2063 2436/2321/2064 2431/2316/2059
f 2433/2318/2061 2436/2321/2064 2437/2322/2065
f 2436/2321/2064 2435/2320/2063 2437/2322/2065
f 2438/2323/2066 2435/2320/2063 2434/2324/2062
f 2439/2325/2067 2435/2320/2063 2438/2323/2066
f 2437/2322/2065 2435/2320/2063 2439/2325/2067
f 2440/2326/2068 2439/2325/2067 2438/2323/2066
f 2441/2327/2069 2437/2322/2065 2439/2325/2067
f 2441/2327/2069 2439/2325/2067 2440/2326/2068
f 2442/2328/2070 2433/2318/2061 2437/2322/2065
f 2433/2318/2061 2442/2328/2070 2432/2317/2060
f 2437/2322/2065 2441/2327/2069 2443/2329/2071
f 2442/2328/2070 2437/2322/2065 2443/2329/2071
f 2444/2330/2072 2441/2327/2069 2440/2326/2068
f 2441/2327/2069 2444/2330/2072 2443/2329/2071
f 2440/2326/2068 2445/2331/2073 2444/2330/2072
f 2444/2330/2072 2445/2331/2073 1840/2332/1499
f 1839/2333/1498 2444/2330/2072 1840/2332/1499
f 2444/2330/2072 1839/2333/1498 2443/2329/2071
f 2443/2329/2071 2446/2334/2074 2442/2328/2070
f 2446/2334/2074 2443/2329/2071 1839/2333/1498
f 2447/2335/2075 2432/2317/2060 2442/2328/2070
f 2447/2335/2075 2442/2328/2070 2446/2334/2074
f 2448/2336/2076 2432/2317/2060 2447/2335/2075
f 2446/2334/2074 2449/2337/2077 2447/2335/2075
f 2448/2336/2076 2447/2335/2075 2449/2337/2077
f 2432/2317/2060 2448/2336/2076 2450/2338/2078
f 2426/2311/2054 2432/2317/2060 2450/2338/2078
f 2426/2311/2054 2450/2338/2078 2451/2339/2079
f 2424/2309/2052 2426/2311/2054 2451/2339/2079
f 2452/2340/2080 2450/2338/2078 2448/2336/2076
f 2450/2338/2078 2452/2340/2080 2451/2339/2079
f 2453/2341/2081 2424/2309/2052 2451/2339/2079
f 2424/2309/2052 2453/2341/2081 2423/2308/2051
f 2454/2342/2082 2451/2339/2079 2452/2340/2080
f 2451/2339/2079 2454/2342/2082 2453/2341/2081
f 2452/2340/2080 2448/2336/2076 2455/2343/2083
f 2448/2336/2076 2449/2337/2077 2455/2343/2083
f 2456/2344/2084 2454/2342/2082 2452/2340/2080
f 2452/2340/2080 2455/2343/2083 2456/2344/2084
f 2457/2345/2085 2423/2308/2051 2453/2341/2081
f 2421/2306/2049 2423/2308/2051 2457/2345/2085
f 2458/2346/2086 2453/2341/2081 2454/2342/2082
f 2453/2341/2081 2458/2346/2086 2457/2345/2085
f 2459/2347/2087 2421/2306/2049 2457/2345/2085
f 2459/2347/2087 2419/2304/2047 2421/2306/2049
f 2417/2302/2045 2419/2304/2047 2459/2347/2087
f 2459/2347/2087 2457/2345/2085 2460/2348/2088
f 2460/2348/2088 2457/2345/2085 2458/2346/2086
f 2417/2302/2045 2459/2347/2087 2461/2349/2089
f 2461/2349/2089 2459/2347/2087 2460/2348/2088
f 2461/2349/2089 2462/2350/2090 2417/2302/2045
f 2415/2300/2043 2417/2302/2045 2462/2350/2090
f 2462/2350/2090 259/260/250 2415/2300/2043
f 2461/2349/2089 2460/2348/2088 2463/2351/2091
f 2461/2349/2089 2463/2351/2091 2462/2350/2090
f 2458/2346/2086 2464/2352/2092 2460/2348/2088
f 2460/2348/2088 2464/2352/2092 2463/2351/2091
f 2464/2352/2092 2458/2346/2086 2465/2353/2093
f 2454/2342/2082 2465/2353/2093 2458/2346/2086
f 2463/2351/2091 2464/2352/2092 2466/2354/2094
f 2465/2353/2093 2454/2342/2082 2467/2355/2095
f 2454/2342/2082 2456/2344/2084 2467/2355/2095
f 2463/2351/2091 2466/2354/2094 2468/2356/2096
f 2468/2356/2096 2462/2350/2090 2463/2351/2091
f 2466/2354/2094 2464/2352/2092 2469/2357/2097
f 2468/2356/2096 2466/2354/2094 2469/2357/2097
f 2464/2352/2092 2470/2358/2098 2469/2357/2097
f 2470/2358/2098 2464/2352/2092 2465/2353/2093
f 2468/2356/2096 2469/2357/2097 2471/2359/2099
f 2469/2357/2097 2470/2358/2098 2471/2359/2099
f 2472/2360/2100 2462/2350/2090 2468/2356/2096
f 2472/2360/2100 2468/2356/2096 2471/2359/2099
f 2472/2360/2100 259/260/250 2462/2350/2090
f 2465/2353/2093 2473/2361/2101 2470/2358/2098
f 2465/2353/2093 2467/2355/2095 2473/2361/2101
f 2472/2360/2100 2474/2362/2102 259/260/250
f 263/264/254 259/260/250 2474/2362/2102
f 263/264/254 2474/2362/2102 270/271/261
f 2467/2355/2095 2475/2363/2103 2473/2361/2101
f 2467/2355/2095 2456/2344/2084 2475/2363/2103
f 2473/2361/2101 2476/2364/2104 2470/2358/2098
f 2473/2361/2101 2475/2363/2103 2476/2364/2104
f 2470/2358/2098 2476/2364/2104 2477/2365/2105
f 2471/2359/2099 2470/2358/2098 2477/2365/2105
f 2477/2365/2105 2476/2364/2104 2478/2366/2106
f 2478/2366/2106 2471/2359/2099 2477/2365/2105
f 2475/2363/2103 2479/2367/2107 2476/2364/2104
f 2476/2364/2104 2479/2367/2107 2478/2366/2106
f 2480/2368/2108 2475/2363/2103 2456/2344/2084
f 2475/2363/2103 2480/2368/2108 2479/2367/2107
f 2456/2344/2084 2455/2343/2083 2480/2368/2108
f 2471/2359/2099 2478/2366/2106 2481/2369/2109
f 2479/2367/2107 2481/2369/2109 2478/2366/2106
f 2481/2369/2109 2472/2360/2100 2471/2359/2099
f 2480/2368/2108 2482/2370/2110 2479/2367/2107
f 2479/2367/2107 2482/2370/2110 2481/2369/2109
f 2483/2371/2111 2480/2368/2108 2455/2343/2083
f 2483/2371/2111 2482/2370/2110 2480/2368/2108
f 2455/2343/2083 2449/2337/2077 2483/2371/2111
f 2484/2372/2112 2472/2360/2100 2481/2369/2109
f 2484/2372/2112 2481/2369/2109 2482/2370/2110
f 2484/2372/2112 2474/2362/2102 2472/2360/2100
f 2482/2370/2110 2483/2371/2111 2485/2373/2113
f 2485/2373/2113 2484/2372/2112 2482/2370/2110
f 2486/2374/2114 2483/2371/2111 2449/2337/2077
f 2483/2371/2111 2486/2374/2114 2485/2373/2113
f 2486/2374/2114 2484/2372/2112 2485/2373/2113
f 2486/2374/2114 2474/2362/2102 2484/2372/2112
f 2446/2334/2074 2486/2374/2114 2449/2337/2077
f 2487/2375/2115 2474/2362/2102 2486/2374/2114
f 2446/2334/2074 2488/2376/2116 2486/2374/2114
f 2486/2374/2114 2488/2376/2116 2487/2375/2115
f 2489/2377/2117 2488/2376/2116 2446/2334/2074
f 1839/2333/1498 2489/2377/2117 2446/2334/2074
f 2474/2362/2102 2487/2375/2115 2490/2378/2118
f 2474/2362/2102 2490/2378/2118 270/271/261
f 2489/2377/2117 1839/2333/1498 2491/2379/2119
f 1838/2380/1497 2491/2379/2119 1839/2333/1498
f 2491/2379/2119 1838/2380/1497 1843/2381/1502
f 2491/2379/2119 1843/2381/1502 1845/2382/1504
f 2489/2377/2117 2492/2383/2120 2488/2376/2116
f 2492/2383/2120 2489/2377/2117 2491/2379/2119
f 1845/2382/1504 2493/2384/2121 2491/2379/2119
f 2493/2384/2121 1845/2382/1504 1847/2385/1506
f 2491/2379/2119 2494/2386/2122 2492/2383/2120
f 2493/2384/2121 2494/2386/2122 2491/2379/2119
f 2492/2383/2120 2495/2387/2123 2488/2376/2116
f 2488/2376/2116 2495/2387/2123 2487/2375/2115
f 1847/2385/1506 2496/2388/2124 2493/2384/2121
f 2496/2388/2124 1847/2385/1506 1848/2389/1507
f 2497/2390/2125 2493/2384/2121 2496/2388/2124
f 2494/2386/2122 2493/2384/2121 2497/2390/2125
f 2496/2388/2124 1848/2389/1507 2498/2391/2126
f 2497/2390/2125 2496/2388/2124 2498/2391/2126
f 2498/2391/2126 1848/2389/1507 1851/2392/1510
f 2499/2393/2127 2492/2383/2120 2494/2386/2122
f 2492/2383/2120 2499/2393/2127 2495/2387/2123
f 2500/2394/2128 2494/2386/2122 2497/2390/2125
f 2494/2386/2122 2500/2394/2128 2499/2393/2127
f 2501/2395/2129 2497/2390/2125 2498/2391/2126
f 2502/2396/2130 2495/2387/2123 2499/2393/2127
f 2497/2390/2125 2501/2395/2129 2503/2397/2131
f 2497/2390/2125 2503/2397/2131 2500/2394/2128
f 2495/2387/2123 2502/2396/2130 2504/2398/2132
f 2504/2398/2132 2487/2375/2115 2495/2387/2123
f 2490/2378/2118 2487/2375/2115 2504/2398/2132
f 2490/2378/2118 2504/2398/2132 2505/2399/2133
f 2505/2399/2133 270/271/261 2490/2378/2118
f 2506/2400/2134 2505/2399/2133 2504/2398/2132
f 2506/2400/2134 2504/2398/2132 2502/2396/2130
f 2505/2399/2133 2507/2401/2135 270/271/261
f 2505/2399/2133 2506/2400/2134 2507/2401/2135
f 2507/2401/2135 2508/2402/2136 270/271/261
f 270/271/261 2508/2402/2136 267/268/258
f 267/268/258 2508/2402/2136 268/269/259
f 2507/2401/2135 2506/2400/2134 2509/2403/2137
f 268/269/259 2508/2402/2136 2510/2404/2138
f 2507/2401/2135 2511/2405/2139 2508/2402/2136
f 2511/2405/2139 2510/2404/2138 2508/2402/2136
f 2511/2405/2139 2507/2401/2135 2512/2406/2140
f 2507/2401/2135 2509/2403/2137 2512/2406/2140
f 2512/2406/2140 2513/2407/2141 2511/2405/2139
f 2509/2403/2137 2513/2407/2141 2512/2406/2140
f 2511/2405/2139 2513/2407/2141 2514/2408/2142
f 2510/2404/2138 2511/2405/2139 2514/2408/2142
f 2509/2403/2137 2515/2409/2143 2513/2407/2141
f 2514/2408/2142 2513/2407/2141 2515/2409/2143
f 2509/2403/2137 2506/2400/2134 2516/2410/2144
f 2515/2409/2143 2509/2403/2137 2516/2410/2144
f 2502/2396/2130 2516/2410/2144 2506/2400/2134
f 2514/2408/2142 2515/2409/2143 2517/2411/2145
f 2516/2410/2144 2502/2396/2130 2518/2412/2146
f 2499/2393/2127 2518/2412/2146 2502/2396/2130
f 2518/2412/2146 2499/2393/2127 2500/2394/2128
f 2515/2409/2143 2516/2410/2144 2519/2413/2147
f 2518/2412/2146 2519/2413/2147 2516/2410/2144
f 2515/2409/2143 2519/2413/2147 2517/2411/2145
f 2500/2394/2128 2520/2414/2148 2518/2412/2146
f 2518/2412/2146 2520/2414/2148 2519/2413/2147
f 2500/2394/2128 2521/2415/2149 2520/2414/2148
f 2521/2415/2149 2519/2413/2147 2520/2414/2148
f 2521/2415/2149 2500/2394/2128 2503/2397/2131
f 2517/2411/2145 2519/2413/2147 302/303/293
f 2519/2413/2147 2522/2416/2150 302/303/293
f 2522/2416/2150 2519/2413/2147 2521/2415/2149
f 302/303/293 299/300/290 2517/2411/2145
f 299/300/290 2514/2408/2142 2517/2411/2145
f 2514/2408/2142 299/300/290 2510/2404/2138
f 2521/2415/2149 2523/2417/2151 2522/2416/2150
f 299/300/290 2524/2418/2152 2510/2404/2138
f 268/269/259 2510/2404/2138 2524/2418/2152
f 2524/2418/2152 299/300/290 292/293/283
f 268/269/259 2524/2418/2152 286/287/277
f 286/287/277 2524/2418/2152 292/293/283
f 2523/2417/2151 2521/2415/2149 2525/2419/2153
f 2503/2397/2131 2525/2419/2153 2521/2415/2149
f 2523/2417/2151 2525/2419/2153 2526/2420/2154
f 2526/2420/2154 1866/2421/1525 2523/2417/2151
f 1866/2421/1525 2526/2420/2154 1864/2422/1523
f 2526/2420/2154 2527/2423/2155 1864/2422/1523
f 2526/2420/2154 2528/2424/2156 2527/2423/2155
f 2525/2419/2153 2503/2397/2131 2529/2425/2157
f 2501/2395/2129 2529/2425/2157 2503/2397/2131
f 2525/2419/2153 2530/2426/2158 2526/2420/2154
f 2528/2424/2156 2526/2420/2154 2530/2426/2158
f 2530/2426/2158 2525/2419/2153 2529/2425/2157
f 2531/2427/2159 2528/2424/2156 2530/2426/2158
f 2528/2424/2156 2531/2427/2159 2532/2428/2160
f 2529/2425/2157 2533/2429/2161 2530/2426/2158
f 2531/2427/2159 2530/2426/2158 2533/2429/2161
f 2529/2425/2157 2501/2395/2129 2534/2430/2162
f 2533/2429/2161 2529/2425/2157 2534/2430/2162
f 2498/2391/2126 2534/2430/2162 2501/2395/2129
f 2534/2430/2162 2535/2431/2163 2533/2429/2161
f 2533/2429/2161 2535/2431/2163 2531/2427/2159
f 2534/2430/2162 2498/2391/2126 2536/2432/2164
f 2535/2431/2163 2534/2430/2162 2536/2432/2164
f 2498/2391/2126 1851/2392/1510 2536/2432/2164
f 2535/2431/2163 2536/2432/2164 1851/2392/1510
f 2535/2431/2163 1851/2392/1510 1852/2433/1511
f 2535/2431/2163 1852/2433/1511 2537/2434/2165
f 2537/2434/2165 2531/2427/2159 2535/2431/2163
f 2537/2434/2165 1852/2433/1511 1855/2435/1514
f 2531/2427/2159 2537/2434/2165 2538/2436/2166
f 2537/2434/2165 1855/2435/1514 2538/2436/2166
f 2538/2436/2166 2532/2428/2160 2531/2427/2159
f 1856/2437/1515 2538/2436/2166 1855/2435/1514
f 2532/2428/2160 2538/2436/2166 2539/2438/2167
f 2539/2438/2167 2538/2436/2166 1856/2437/1515
f 2539/2438/2167 1856/2437/1515 1858/2439/1517
f 2539/2438/2167 1858/2439/1517 1860/2440/1519
f 1860/2440/1519 1863/2441/1522 2539/2438/2167
f 102/2442/93 2540/2443/2168 104/2444/95
f 2540/2443/2168 102/2442/93 2541/2445/2169
f 2541/2445/2169 2542/2446/2170 2540/2443/2168
f 99/2447/90 2541/2445/2169 102/2442/93
f 2542/2446/2170 2541/2445/2169 2543/2448/2171
f 2543/2448/2171 2544/2449/2172 2542/2446/2170
f 2545/2450/2173 2541/2445/2169 99/2447/90
f 2545/2450/2173 2543/2448/2171 2541/2445/2169
f 2544/2449/2172 2543/2448/2171 2546/2451/2174
f 2546/2451/2174 2547/2452/2175 2544/2449/2172
f 2545/2450/2173 2548/2453/2176 2543/2448/2171
f 2548/2453/2176 2546/2451/2174 2543/2448/2171
f 2545/2450/2173 99/2447/90 2549/2454/2177
f 95/2455/86 2549/2454/2177 99/2447/90
f 2548/2453/2176 2545/2450/2173 2550/2456/2178
f 2549/2454/2177 2550/2456/2178 2545/2450/2173
f 95/2455/86 2551/2457/2179 2549/2454/2177
f 2551/2457/2179 95/2455/86 96/2458/87
f 2551/2457/2179 2550/2456/2178 2549/2454/2177
f 2550/2456/2178 2551/2457/2179 2552/2459/2180
f 2552/2459/2180 2553/2460/2181 2550/2456/2178
f 2553/2460/2181 2548/2453/2176 2550/2456/2178
f 2553/2460/2181 2552/2459/2180 2554/2461/2182
f 2555/2462/2183 2553/2460/2181 2554/2461/2182
f 2556/2463/2184 2553/2460/2181 2555/2462/2183
f 2557/2464/2185 2548/2453/2176 2553/2460/2181
f 2556/2463/2184 2557/2464/2185 2553/2460/2181
f 2546/2451/2174 2548/2453/2176 2557/2464/2185
f 2558/2465/2186 2557/2464/2185 2556/2463/2184
f 2546/2451/2174 2557/2464/2185 2559/2466/2187
f 2558/2465/2186 2559/2466/2187 2557/2464/2185
f 2547/2452/2175 2546/2451/2174 2559/2466/2187
f 2559/2466/2187 2560/2467/2188 2547/2452/2175
f 2561/2468/2189 2558/2465/2186 2556/2463/2184
f 2556/2463/2184 2562/2469/2190 2561/2468/2189
f 2560/2467/2188 2559/2466/2187 2563/2470/2191
f 2561/2468/2189 2562/2469/2190 2564/2471/2192
f 2559/2466/2187 2565/2472/2193 2563/2470/2191
f 2559/2466/2187 2558/2465/2186 2565/2472/2193
f 2560/2467/2188 2563/2470/2191 2566/2473/2194
f 2566/2473/2194 2563/2470/2191 2565/2472/2193
f 2560/2467/2188 2566/2473/2194 2567/2474/2195
f 2568/2475/2196 2565/2472/2193 2558/2465/2186
f 2568/2475/2196 2558/2465/2186 2561/2468/2189
f 2568/2475/2196 2569/2476/2197 2565/2472/2193
f 2566/2473/2194 2565/2472/2193 2569/2476/2197
f 2570/2477/2198 2569/2476/2197 2568/2475/2196
f 2570/2477/2198 2568/2475/2196 2561/2468/2189
f 2571/2478/2199 2566/2473/2194 2569/2476/2197
f 2569/2476/2197 2570/2477/2198 2571/2478/2199
f 2572/2479/2200 2567/2474/2195 2566/2473/2194
f 2567/2474/2195 2572/2479/2200 2573/2480/2201
f 2572/2479/2200 2574/2481/2202 2573/2480/2201
f 2571/2478/2199 2575/2482/2203 2566/2473/2194
f 2572/2479/2200 2566/2473/2194 2575/2482/2203
f 2576/2483/2204 2571/2478/2199 2570/2477/2198
f 2575/2482/2203 2571/2478/2199 2576/2483/2204
f 2576/2483/2204 2570/2477/2198 2561/2468/2189
f 2575/2482/2203 2577/2484/2205 2572/2479/2200
f 2576/2483/2204 2561/2468/2189 2578/2485/2206
f 2564/2471/2192 2578/2485/2206 2561/2468/2189
f 2579/2486/2207 2575/2482/2203 2576/2483/2204
f 2577/2484/2205 2575/2482/2203 2579/2486/2207
f 2580/2487/2208 2564/2471/2192 2562/2488/2190
f 2564/2471/2192 2580/2487/2208 2581/2489/2209
f 2582/2490/2210 2581/2489/2209 2580/2487/2208
f 2564/2471/2192 2581/2489/2209 2583/2491/2211
f 2583/2491/2211 2578/2485/2206 2564/2471/2192
f 2581/2489/2209 2582/2490/2210 2584/2492/2212
f 2583/2491/2211 2581/2489/2209 2584/2492/2212
f 2584/2492/2212 2582/2490/2210 2585/2493/2213
f 2586/2494/2214 2585/2493/2213 1908/1786/1567
f 2584/2492/2212 2585/2493/2213 2586/2494/2214
f 2584/2492/2212 2586/2494/2214 2587/2495/2215
f 2584/2492/2212 2588/2496/2216 2583/2491/2211
f 2588/2496/2216 2584/2492/2212 2587/2495/2215
f 2583/2491/2211 2589/2497/2217 2578/2485/2206
f 2590/2498/2218 2589/2497/2217 2583/2491/2211
f 2583/2491/2211 2588/2496/2216 2590/2498/2218
f 2591/2499/2219 2578/2485/2206 2589/2497/2217
f 2578/2485/2206 2591/2499/2219 2576/2483/2204
f 2589/2497/2217 2590/2498/2218 2592/2500/2220
f 2593/2501/2221 2576/2483/2204 2591/2499/2219
f 2576/2483/2204 2593/2501/2221 2579/2486/2207
f 2589/2497/2217 2594/2502/2222 2591/2499/2219
f 2592/2500/2220 2594/2502/2222 2589/2497/2217
f 2591/2499/2219 2595/2503/2223 2593/2501/2221
f 2595/2503/2223 2591/2499/2219 2594/2502/2222
f 2596/2504/2224 2579/2486/2207 2593/2501/2221
f 2596/2504/2224 2593/2501/2221 2595/2503/2223
f 2597/2505/2225 2592/2500/2220 2590/2498/2218
f 2597/2505/2225 2590/2498/2218 2588/2496/2216
f 2597/2505/2225 2598/2506/2226 2592/2500/2220
f 2598/2506/2226 2597/2505/2225 2588/2496/2216
f 2594/2502/2222 2592/2500/2220 2599/2507/2227
f 2599/2507/2227 2592/2500/2220 2598/2506/2226
f 2594/2502/2222 2600/2508/2228 2595/2503/2223
f 2599/2507/2227 2600/2508/2228 2594/2502/2222
f 2588/2496/2216 2601/2509/2229 2598/2506/2226
f 2587/2495/2215 2601/2509/2229 2588/2496/2216
f 2601/2509/2229 2587/2495/2215 2602/2510/2230
f 2598/2506/2226 2603/2511/2231 2599/2507/2227
f 2603/2511/2231 2598/2506/2226 2601/2509/2229
f 2602/2510/2230 2604/2512/2232 2601/2509/2229
f 2601/2509/2229 2604/2512/2232 2603/2511/2231
f 2604/2512/2232 2602/2510/2230 2605/2513/2233
f 2605/2513/2233 2606/2514/2234 2604/2512/2232
f 2607/2515/2235 2599/2507/2227 2603/2511/2231
f 2600/2508/2228 2599/2507/2227 2607/2515/2235
f 2604/2512/2232 2606/2514/2234 2608/2516/2236
f 2606/2514/2234 2609/2517/2237 2608/2516/2236
f 2610/2518/2238 2603/2511/2231 2604/2512/2232
f 2604/2512/2232 2608/2516/2236 2610/2518/2238
f 2603/2511/2231 2610/2518/2238 2607/2515/2235
f 2608/2516/2236 2609/2517/2237 2611/2519/2239
f 2611/2519/2239 2610/2518/2238 2608/2516/2236
f 2609/2517/2237 2612/2520/2240 2611/2519/2239
f 2610/2518/2238 2611/2519/2239 2613/2521/2241
f 2611/2519/2239 2612/2520/2240 2614/2522/2242
f 2614/2522/2242 2613/2521/2241 2611/2519/2239
f 2612/2520/2240 2615/2523/2243 2614/2522/2242
f 2610/2518/2238 2613/2521/2241 2616/2524/2244
f 2616/2524/2244 2607/2515/2235 2610/2518/2238
f 2613/2521/2241 2614/2522/2242 2617/2525/2245
f 2613/2521/2241 2617/2525/2245 2616/2524/2244
f 2614/2522/2242 2615/2523/2243 2618/2526/2246
f 2614/2522/2242 2618/2526/2246 2617/2525/2245
f 2615/2523/2243 2619/2527/2247 2618/2526/2246
f 2619/2527/2247 2615/2523/2243 2620/2528/2248
f 2618/2526/2246 2621/2529/2249 2617/2525/2245
f 2618/2526/2246 2619/2527/2247 2621/2529/2249
f 2620/2528/2248 2622/2530/2250 2619/2527/2247
f 2622/2530/2250 2620/2528/2248 2623/2531/2251
f 2619/2527/2247 2624/2532/2252 2621/2529/2249
f 2619/2527/2247 2622/2530/2250 2624/2532/2252
f 2617/2525/2245 2621/2529/2249 2625/2533/2253
f 2616/2524/2244 2617/2525/2245 2625/2533/2253
f 2621/2529/2249 2624/2532/2252 2626/2534/2254
f 2625/2533/2253 2621/2529/2249 2626/2534/2254
f 2622/2530/2250 2627/2535/2255 2624/2532/2252
f 2628/2536/2256 2616/2524/2244 2625/2533/2253
f 2622/2530/2250 2629/2537/2257 2627/2535/2255
f 2623/2531/2251 2629/2537/2257 2622/2530/2250
f 2624/2532/2252 2627/2535/2255 2630/2538/2258
f 2626/2534/2254 2624/2532/2252 2630/2538/2258
f 2629/2537/2257 2623/2531/2251 2631/2539/2259
f 2623/2531/2251 2632/2540/2260 2631/2539/2259
f 2633/2541/2261 2625/2533/2253 2626/2534/2254
f 2625/2533/2253 2633/2541/2261 2628/2536/2256
f 2626/2534/2254 2634/2542/2262 2633/2541/2261
f 2634/2542/2262 2626/2534/2254 2630/2538/2258
f 2628/2536/2256 2633/2541/2261 2635/2543/2263
f 2633/2541/2261 2634/2542/2262 2636/2544/2264
f 2635/2543/2263 2633/2541/2261 2636/2544/2264
f 2630/2538/2258 2637/2545/2265 2634/2542/2262
f 2638/2546/2266 2628/2536/2256 2635/2543/2263
f 2637/2545/2265 2630/2538/2258 2639/2547/2267
f 2630/2538/2258 2627/2535/2255 2639/2547/2267
f 2640/2548/2268 2628/2536/2256 2638/2546/2266
f 2616/2524/2244 2628/2536/2256 2640/2548/2268
f 2640/2548/2268 2607/2515/2235 2616/2524/2244
f 2607/2515/2235 2640/2548/2268 2600/2508/2228
f 2600/2508/2228 2640/2548/2268 2641/2549/2269
f 2638/2546/2266 2641/2549/2269 2640/2548/2268
f 2641/2549/2269 2595/2503/2223 2600/2508/2228
f 2595/2503/2223 2641/2549/2269 2596/2504/2224
f 2641/2549/2269 2638/2546/2266 2642/2550/2270
f 2642/2550/2270 2596/2504/2224 2641/2549/2269
f 2643/2551/2271 2642/2550/2270 2638/2546/2266
f 2638/2546/2266 2635/2543/2263 2643/2551/2271
f 2596/2504/2224 2642/2550/2270 2644/2552/2272
f 2645/2553/2273 2643/2551/2271 2635/2543/2263
f 2635/2543/2263 2636/2544/2264 2645/2553/2273
f 2642/2550/2270 2643/2551/2271 2646/2554/2274
f 2644/2552/2272 2642/2550/2270 2646/2554/2274
f 2643/2551/2271 2645/2553/2273 2647/2555/2275
f 2647/2555/2275 2646/2554/2274 2643/2551/2271
f 2645/2553/2273 2636/2544/2264 2648/2556/2276
f 2645/2553/2273 2649/2557/2277 2647/2555/2275
f 2649/2557/2277 2645/2553/2273 2648/2556/2276
f 2636/2544/2264 2650/2558/2278 2648/2556/2276
f 2636/2544/2264 2634/2542/2262 2650/2558/2278
f 2648/2556/2276 2650/2558/2278 2651/2559/2279
f 2648/2556/2276 2651/2559/2279 2649/2557/2277
f 2634/2542/2262 2652/2560/2280 2650/2558/2278
f 2652/2560/2280 2651/2559/2279 2650/2558/2278
f 2652/2560/2280 2634/2542/2262 2637/2545/2265
f 2651/2559/2279 2652/2560/2280 2653/2561/2281
f 2654/2562/2282 2652/2560/2280 2637/2545/2265
f 2654/2562/2282 2653/2561/2281 2652/2560/2280
f 2637/2545/2265 2655/2563/2283 2654/2562/2282
f 2639/2547/2267 2655/2563/2283 2637/2545/2265
f 2651/2559/2279 2653/2561/2281 2656/2564/2284
f 2656/2564/2284 2649/2557/2277 2651/2559/2279
f 2655/2563/2283 2639/2547/2267 2657/2565/2285
f 2656/2564/2284 2658/2566/2286 2649/2557/2277
f 2657/2565/2285 2639/2547/2267 2659/2567/2287
f 2627/2535/2255 2659/2567/2287 2639/2547/2267
f 2629/2537/2257 2659/2567/2287 2627/2535/2255
f 2657/2565/2285 2660/2568/2288 2655/2563/2283
f 2629/2537/2257 2661/2569/2289 2659/2567/2287
f 2631/2539/2259 2661/2569/2289 2629/2537/2257
f 2659/2567/2287 2662/2570/2290 2657/2565/2285
f 2660/2568/2288 2657/2565/2285 2662/2570/2290
f 2661/2569/2289 2663/2571/2291 2659/2567/2287
f 2659/2567/2287 2663/2571/2291 2662/2570/2290
f 2661/2569/2289 2631/2539/2259 2664/2572/2292
f 2632/2540/2260 2664/2572/2292 2631/2539/2259
f 2665/2573/2293 2663/2571/2291 2661/2569/2289
f 2664/2572/2292 2632/2540/2260 2666/2574/2294
f 2632/2540/2260 2667/2575/2295 2666/2574/2294
f 2664/2572/2292 2668/2576/2296 2661/2569/2289
f 2661/2569/2289 2668/2576/2296 2665/2573/2293
f 2666/2574/2294 2669/2577/2297 2664/2572/2292
f 2668/2576/2296 2664/2572/2292 2669/2577/2297
f 2670/2578/2298 2666/2574/2294 2667/2575/2295
f 2669/2577/2297 2666/2574/2294 2670/2578/2298
f 2667/2575/2295 2671/2579/2299 2670/2578/2298
f 2670/2578/2298 2672/2580/2300 2669/2577/2297
f 2668/2576/2296 2669/2577/2297 2672/2580/2300
f 2671/2579/2299 2673/2581/2301 2670/2578/2298
f 2670/2578/2298 2673/2581/2301 2672/2580/2300
f 2673/2581/2301 2671/2579/2299 2674/2582/2302
f 2674/2582/2302 2675/2583/2303 2673/2581/2301
f 2672/2580/2300 2673/2581/2301 2675/2583/2303
f 2674/2582/2302 2676/2584/2304 2675/2583/2303
f 2676/2584/2304 2674/2582/2302 2677/2585/2305
f 2676/2584/2304 2677/2585/2305 2678/2586/2306
f 2678/2586/2306 2677/2585/2305 2679/2587/2307
f 2680/2588/2308 2678/2586/2306 2679/2587/2307
f 2676/2584/2304 2678/2586/2306 2680/2588/2308
f 2681/2589/2309 2680/2588/2308 2679/2587/2307
f 2680/2588/2308 2681/2589/2309 2682/2590/2310
f 2682/2590/2310 2681/2589/2309 1864/1742/1523
f 2683/2591/2311 2676/2584/2304 2680/2588/2308
f 2682/2590/2310 2683/2591/2311 2680/2588/2308
f 2683/2591/2311 2684/2592/2312 2676/2584/2304
f 2684/2592/2312 2675/2583/2303 2676/2584/2304
f 1864/1742/1523 2685/2593/2313 2682/2590/2310
f 2685/2593/2313 1864/1742/1523 2527/2594/2155
f 2527/2594/2155 2528/2595/2156 2685/2593/2313
f 2682/2590/2310 2686/2596/2314 2683/2591/2311
f 2685/2593/2313 2686/2596/2314 2682/2590/2310
f 2685/2593/2313 2528/2595/2156 2687/2597/2315
f 2685/2593/2313 2687/2597/2315 2686/2596/2314
f 2528/2595/2156 2532/2598/2160 2687/2597/2315
f 2686/2596/2314 2688/2599/2316 2683/2591/2311
f 2684/2592/2312 2683/2591/2311 2688/2599/2316
f 2687/2597/2315 2689/2600/2317 2686/2596/2314
f 2686/2596/2314 2689/2600/2317 2688/2599/2316
f 2687/2597/2315 2532/2598/2160 2690/2601/2318
f 2687/2597/2315 2690/2601/2318 2689/2600/2317
f 2532/2598/2160 2539/2602/2167 2690/2601/2318
f 2684/2592/2312 2688/2599/2316 2691/2603/2319
f 2684/2592/2312 2691/2603/2319 2675/2583/2303
f 2690/2601/2318 2539/2602/2167 2692/2604/2320
f 2692/2604/2320 2539/2602/2167 1863/2605/1522
f 2692/2604/2320 2693/2606/2321 2690/2601/2318
f 2690/2601/2318 2693/2606/2321 2689/2600/2317
f 2689/2600/2317 2694/2607/2322 2688/2599/2316
f 2694/2607/2322 2689/2600/2317 2693/2606/2321
f 2694/2607/2322 2691/2603/2319 2688/2599/2316
f 2692/2604/2320 2695/2608/2323 2693/2606/2321
f 2695/2608/2323 2692/2604/2320 1863/2605/1522
f 2696/2609/2324 2694/2607/2322 2693/2606/2321
f 2693/2606/2321 2695/2608/2323 2696/2609/2324
f 2694/2607/2322 2697/2610/2325 2691/2603/2319
f 2697/2610/2325 2694/2607/2322 2696/2609/2324
f 2675/2583/2303 2691/2603/2319 2697/2610/2325
f 2698/2611/2326 2675/2583/2303 2697/2610/2325
f 2698/2611/2326 2672/2580/2300 2675/2583/2303
f 2699/2612/2327 2672/2580/2300 2698/2611/2326
f 2672/2580/2300 2699/2612/2327 2700/2613/2328
f 2668/2576/2296 2672/2580/2300 2700/2613/2328
f 2698/2611/2326 2701/2614/2329 2699/2612/2327
f 2701/2614/2329 2698/2611/2326 2697/2610/2325
f 2699/2612/2327 2702/2615/2330 2700/2613/2328
f 2701/2614/2329 2702/2615/2330 2699/2612/2327
f 2700/2613/2328 2703/2616/2331 2668/2576/2296
f 2703/2616/2331 2700/2613/2328 2702/2615/2330
f 2704/2617/2332 2668/2576/2296 2703/2616/2331
f 2668/2576/2296 2704/2617/2332 2665/2573/2293
f 2702/2615/2330 2705/2618/2333 2703/2616/2331
f 2703/2616/2331 2705/2618/2333 2704/2617/2332
f 2706/2619/2334 2665/2573/2293 2704/2617/2332
f 2706/2619/2334 2663/2571/2291 2665/2573/2293
f 2707/2620/2335 2663/2571/2291 2706/2619/2334
f 2704/2617/2332 2707/2620/2335 2706/2619/2334
f 2707/2620/2335 2662/2570/2290 2663/2571/2291
f 2707/2620/2335 2704/2617/2332 2708/2621/2336
f 2705/2618/2333 2708/2621/2336 2704/2617/2332
f 2709/2622/2337 2662/2570/2290 2707/2620/2335
f 2709/2622/2337 2707/2620/2335 2708/2621/2336
f 2709/2622/2337 2660/2568/2288 2662/2570/2290
f 2708/2621/2336 2710/2623/2338 2709/2622/2337
f 2710/2623/2338 2660/2568/2288 2709/2622/2337
f 2708/2621/2336 2705/2618/2333 2711/2624/2339
f 2711/2624/2339 2710/2623/2338 2708/2621/2336
f 2705/2618/2333 2702/2615/2330 2712/2625/2340
f 2712/2625/2340 2711/2624/2339 2705/2618/2333
f 2701/2614/2329 2712/2625/2340 2702/2615/2330
f 2711/2624/2339 2712/2625/2340 2713/2626/2341
f 2660/2568/2288 2710/2623/2338 2714/2627/2342
f 2655/2563/2283 2660/2568/2288 2714/2627/2342
f 2655/2563/2283 2714/2627/2342 2654/2562/2282
f 2710/2623/2338 2711/2624/2339 2715/2628/2343
f 2715/2628/2343 2711/2624/2339 2713/2626/2341
f 2710/2623/2338 2716/2629/2344 2714/2627/2342
f 2715/2628/2343 2716/2629/2344 2710/2623/2338
f 2654/2562/2282 2714/2627/2342 2717/2630/2345
f 2714/2627/2342 2716/2629/2344 2717/2630/2345
f 2717/2630/2345 2718/2631/2346 2654/2562/2282
f 2653/2561/2281 2654/2562/2282 2718/2631/2346
f 2719/2632/2347 2717/2630/2345 2716/2629/2344
f 2715/2628/2343 2719/2632/2347 2716/2629/2344
f 2718/2631/2346 2717/2630/2345 2719/2632/2347
f 2713/2626/2341 2720/2633/2348 2715/2628/2343
f 2719/2632/2347 2715/2628/2343 2720/2633/2348
f 2653/2561/2281 2718/2631/2346 2721/2634/2349
f 2656/2564/2284 2653/2561/2281 2721/2634/2349
f 2718/2631/2346 2719/2632/2347 2722/2635/2350
f 2721/2634/2349 2718/2631/2346 2722/2635/2350
f 2723/2636/2351 2719/2632/2347 2720/2633/2348
f 2723/2636/2351 2722/2635/2350 2719/2632/2347
f 2656/2564/2284 2721/2634/2349 2724/2637/2352
f 2721/2634/2349 2722/2635/2350 2725/2638/2353
f 2724/2637/2352 2721/2634/2349 2725/2638/2353
f 2656/2564/2284 2724/2637/2352 2726/2639/2354
f 2658/2566/2286 2656/2564/2284 2726/2639/2354
f 2727/2640/2355 2726/2639/2354 2724/2637/2352
f 2725/2638/2353 2727/2640/2355 2724/2637/2352
f 2728/2641/2356 2658/2566/2286 2726/2639/2354
f 2726/2639/2354 2727/2640/2355 2728/2641/2356
f 2729/2642/2357 2725/2638/2353 2722/2635/2350
f 2723/2636/2351 2729/2642/2357 2722/2635/2350
f 2727/2640/2355 2725/2638/2353 2730/2643/2358
f 2729/2642/2357 2730/2643/2358 2725/2638/2353
f 2731/2644/2359 2727/2640/2355 2730/2643/2358
f 2730/2643/2358 2729/2642/2357 2732/2645/2360
f 2731/2644/2359 2733/2646/2361 2727/2640/2355
f 2733/2646/2361 2728/2641/2356 2727/2640/2355
f 2734/2647/2362 2731/2644/2359 2730/2643/2358
f 2730/2643/2358 2732/2645/2360 2734/2647/2362
f 2729/2642/2357 2735/2648/2363 2732/2645/2360
f 2735/2648/2363 2729/2642/2357 2723/2636/2351
f 2736/2649/2364 2732/2645/2360 2735/2648/2363
f 2736/2649/2364 2734/2647/2362 2732/2645/2360
f 2723/2636/2351 2737/2650/2365 2735/2648/2363
f 2735/2648/2363 2737/2650/2365 2736/2649/2364
f 2737/2650/2365 2723/2636/2351 2738/2651/2366
f 2738/2651/2366 2723/2636/2351 2720/2633/2348
f 2739/2652/2367 2738/2651/2366 2720/2633/2348
f 2739/2652/2367 2737/2650/2365 2738/2651/2366
f 2739/2652/2367 2720/2633/2348 2713/2626/2341
f 2712/2625/2340 2739/2652/2367 2713/2626/2341
f 2712/2625/2340 2701/2614/2329 2739/2652/2367
f 2736/2649/2364 2737/2650/2365 2740/2653/2368
f 2739/2652/2367 2740/2653/2368 2737/2650/2365
f 2740/2653/2368 2741/2654/2369 2736/2649/2364
f 2742/2655/2370 2740/2653/2368 2739/2652/2367
f 2741/2654/2369 2740/2653/2368 2742/2655/2370
f 2743/2656/2371 2742/2655/2370 2739/2652/2367
f 2742/2655/2370 2743/2656/2371 2741/2654/2369
f 2744/2657/2372 2736/2649/2364 2741/2654/2369
f 2744/2657/2372 2734/2647/2362 2736/2649/2364
f 2743/2656/2371 2745/2658/2373 2741/2654/2369
f 2741/2654/2369 2745/2658/2373 2744/2657/2372
f 2739/2652/2367 2746/2659/2374 2743/2656/2371
f 2746/2659/2374 2739/2652/2367 2701/2614/2329
f 2743/2656/2371 2747/2660/2375 2745/2658/2373
f 2743/2656/2371 2746/2659/2374 2748/2661/2376
f 2743/2656/2371 2748/2661/2376 2747/2660/2375
f 2747/2660/2375 2749/2662/2377 2745/2658/2373
f 2749/2662/2377 2744/2657/2372 2745/2658/2373
f 2750/2663/2378 2747/2660/2375 2748/2661/2376
f 2747/2660/2375 2750/2663/2378 2749/2662/2377
f 2746/2659/2374 2751/2664/2379 2748/2661/2376
f 2748/2661/2376 2751/2664/2379 2750/2663/2378
f 2749/2662/2377 2752/2665/2380 2744/2657/2372
f 2753/2666/2381 2749/2662/2377 2750/2663/2378
f 2752/2665/2380 2749/2662/2377 2753/2666/2381
f 2754/2667/2382 2744/2657/2372 2752/2665/2380
f 2734/2647/2362 2744/2657/2372 2754/2667/2382
f 2754/2667/2382 2755/2668/2383 2734/2647/2362
f 2734/2647/2362 2755/2668/2383 2731/2644/2359
f 2731/2644/2359 2755/2668/2383 2733/2646/2361
f 2754/2667/2382 2752/2665/2380 2756/2669/2384
f 2755/2668/2383 2754/2667/2382 2756/2669/2384
f 2757/2670/2385 2756/2669/2384 2752/2665/2380
f 2752/2665/2380 2753/2666/2381 2757/2670/2385
f 2756/2669/2384 2758/2671/2386 2755/2668/2383
f 2733/2646/2361 2755/2668/2383 2758/2671/2386
f 2759/2672/2387 2756/2669/2384 2757/2670/2385
f 2756/2669/2384 2760/2673/2388 2758/2671/2386
f 2756/2669/2384 2759/2672/2387 2760/2673/2388
f 2761/2674/2389 2758/2671/2386 2760/2673/2388
f 2759/2672/2387 2761/2674/2389 2760/2673/2388
f 2762/2675/2390 2733/2646/2361 2758/2671/2386
f 2758/2671/2386 2761/2674/2389 2762/2675/2390
f 2763/2676/2391 2759/2672/2387 2757/2670/2385
f 2757/2670/2385 2753/2666/2381 2763/2676/2391
f 2759/2672/2387 2763/2676/2391 2764/2677/2392
f 2759/2672/2387 2764/2677/2392 2765/2678/2393
f 2761/2674/2389 2759/2672/2387 2765/2678/2393
f 2764/2677/2392 2763/2676/2391 2766/2679/2394
f 2765/2678/2393 2764/2677/2392 2766/2679/2394
f 2767/2680/2395 2761/2674/2389 2765/2678/2393
f 2768/2681/2396 2761/2674/2389 2767/2680/2395
f 2762/2675/2390 2761/2674/2389 2768/2681/2396
f 2767/2680/2395 2765/2678/2393 2769/2682/2397
f 2766/2679/2394 2769/2682/2397 2765/2678/2393
f 2770/2683/2398 2762/2675/2390 2768/2681/2396
f 2769/2682/2397 2766/2679/2394 2771/2684/2399
f 2770/2683/2398 2772/2685/2400 2762/2675/2390
f 2733/2646/2361 2762/2675/2390 2772/2685/2400
f 2773/2686/2401 2771/2684/2399 2766/2679/2394
f 2763/2676/2391 2773/2686/2401 2766/2679/2394
f 2773/2686/2401 2763/2676/2391 2753/2666/2381
f 2771/2684/2399 2773/2686/2401 2774/2687/2402
f 2753/2666/2381 2775/2688/2403 2773/2686/2401
f 2753/2666/2381 2750/2663/2378 2775/2688/2403
f 2774/2687/2402 2773/2686/2401 2776/2689/2404
f 2773/2686/2401 2775/2688/2403 2776/2689/2404
f 2774/2687/2402 2776/2689/2404 2777/2690/2405
f 2776/2689/2404 2778/2691/2406 2777/2690/2405
f 2775/2688/2403 2750/2663/2378 2779/2692/2407
f 2778/2691/2406 2776/2689/2404 2780/2693/2408
f 2751/2664/2379 2779/2692/2407 2750/2663/2378
f 2778/2691/2406 2780/2693/2408 2781/2694/2409
f 2775/2688/2403 2782/2695/2410 2776/2689/2404
f 2776/2689/2404 2782/2695/2410 2780/2693/2408
f 2779/2692/2407 2782/2695/2410 2775/2688/2403
f 2783/2696/2411 2781/2694/2409 2780/2693/2408
f 2782/2695/2410 2783/2696/2411 2780/2693/2408
f 2782/2695/2410 2779/2692/2407 2784/2697/2412
f 2751/2664/2379 2784/2697/2412 2779/2692/2407
f 2782/2695/2410 2785/2698/2413 2783/2696/2411
f 2782/2695/2410 2784/2697/2412 2785/2698/2413
f 2786/2699/2414 2781/2694/2409 2783/2696/2411
f 2783/2696/2411 2785/2698/2413 2786/2699/2414
f 2781/2694/2409 2786/2699/2414 2787/2700/2415
f 2751/2664/2379 2788/2701/2416 2784/2697/2412
f 2786/2699/2414 2789/2702/2417 2787/2700/2415
f 2787/2700/2415 2789/2702/2417 2790/2703/2418
f 2789/2702/2417 2791/2704/2419 2790/2703/2418
f 2792/2705/2420 2788/2701/2416 2751/2664/2379
f 2751/2664/2379 2746/2659/2374 2792/2705/2420
f 2791/2704/2419 2789/2702/2417 2793/2706/2421
f 2793/2706/2421 2794/2707/2422 2791/2704/2419
f 2795/2708/2423 2792/2705/2420 2746/2659/2374
f 2795/2708/2423 2746/2659/2374 2701/2614/2329
f 2796/2709/2424 2794/2707/2422 2793/2706/2421
f 2796/2709/2424 2797/2710/2425 2794/2707/2422
f 2798/2711/2426 2795/2708/2423 2701/2614/2329
f 2798/2711/2426 2701/2614/2329 2697/2610/2325
f 2796/2709/2424 2799/2712/2427 2797/2710/2425
f 2799/2712/2427 2800/2713/2428 2797/2710/2425
f 2793/2706/2421 2801/2714/2429 2796/2709/2424
f 2799/2712/2427 2796/2709/2424 2801/2714/2429
f 2800/2713/2428 2799/2712/2427 2802/2715/2430
f 2801/2714/2429 1195/2716/1003 2799/2712/2427
f 1193/2717/1001 2799/2712/2427 1195/2716/1003
f 2799/2712/2427 1193/2717/1001 2802/2715/2430
f 1195/2716/1003 2801/2714/2429 1197/2718/1005
f 1192/2719/1000 2802/2715/2430 1193/2717/1001
f 2801/2714/2429 2803/2720/2431 1197/2718/1005
f 2801/2714/2429 2793/2706/2421 2803/2720/2431
f 1197/2718/1005 2803/2720/2431 1201/2721/1009
f 2800/2713/2428 2802/2715/2430 2804/2722/2432
f 1192/2719/1000 2804/2722/2432 2802/2715/2430
f 2805/2723/2433 2800/2713/2428 2804/2722/2432
f 2804/2722/2432 2377/2724/2005 2805/2723/2433
f 2377/2724/2005 2804/2722/2432 2806/2725/2434
f 2806/2725/2434 2804/2722/2432 1192/2719/1000
f 2806/2725/2434 2379/2726/2007 2377/2724/2005
f 1192/2719/1000 2807/2727/2435 2806/2725/2434
f 2807/2727/2435 1192/2719/1000 1191/2728/999
f 2807/2727/2435 1191/2728/999 2381/2729/2009
f 2379/2726/2007 2806/2725/2434 2808/2730/2436
f 2806/2725/2434 2807/2727/2435 2808/2730/2436
f 2381/2729/2009 2808/2730/2436 2807/2727/2435
f 2383/2731/2011 2379/2726/2007 2808/2730/2436
f 2381/2729/2009 2383/2731/2011 2808/2730/2436
f 1199/2732/1007 1201/2721/1009 2301/2733/1929
f 2809/2734/2437 2301/2733/1929 1201/2721/1009
f 2803/2720/2431 2809/2734/2437 1201/2721/1009
f 2810/2735/2438 2301/2733/1929 2809/2734/2437
f 2301/2733/1929 2810/2735/2438 2297/2736/1925
f 2297/2736/1925 2811/2737/2439 2298/2738/1926
f 2811/2737/2439 2297/2736/1925 2810/2735/2438
f 2810/2735/2438 2812/2739/2440 2811/2737/2439
f 2812/2739/2440 2810/2735/2438 2813/2740/2441
f 2813/2740/2441 2810/2735/2438 2809/2734/2437
f 2813/2740/2441 2814/2741/2442 2812/2739/2440
f 2815/2742/2443 2813/2740/2441 2809/2734/2437
f 2809/2734/2437 2803/2720/2431 2815/2742/2443
f 2814/2741/2442 2813/2740/2441 2816/2743/2444
f 2816/2743/2444 2817/2744/2445 2814/2741/2442
f 2818/2745/2446 2813/2740/2441 2815/2742/2443
f 2813/2740/2441 2818/2745/2446 2816/2743/2444
f 2803/2720/2431 2818/2745/2446 2815/2742/2443
f 2817/2744/2445 2816/2743/2444 2819/2746/2447
f 2819/2746/2447 2820/2747/2448 2817/2744/2445
f 2821/2748/2449 2816/2743/2444 2818/2745/2446
f 2816/2743/2444 2821/2748/2449 2819/2746/2447
f 2818/2745/2446 2803/2720/2431 2822/2749/2450
f 2822/2749/2450 2821/2748/2449 2818/2745/2446
f 2793/2706/2421 2822/2749/2450 2803/2720/2431
f 2789/2702/2417 2822/2749/2450 2793/2706/2421
f 2821/2748/2449 2822/2749/2450 2823/2750/2451
f 2789/2702/2417 2823/2750/2451 2822/2749/2450
f 2824/2751/2452 2819/2746/2447 2821/2748/2449
f 2823/2750/2451 2824/2751/2452 2821/2748/2449
f 2820/2747/2448 2819/2746/2447 2825/2752/2453
f 2819/2746/2447 2824/2751/2452 2825/2752/2453
f 2825/2752/2453 2826/2753/2454 2820/2747/2448
f 2827/2754/2455 2823/2750/2451 2789/2702/2417
f 2824/2751/2452 2823/2750/2451 2827/2754/2455
f 2786/2699/2414 2827/2754/2455 2789/2702/2417
f 2824/2751/2452 2828/2755/2456 2825/2752/2453
f 2826/2753/2454 2825/2752/2453 2828/2755/2456
f 2827/2754/2455 2829/2756/2457 2824/2751/2452
f 2828/2755/2456 2824/2751/2452 2829/2756/2457
f 2786/2699/2414 2830/2757/2458 2827/2754/2455
f 2829/2756/2457 2827/2754/2455 2830/2757/2458
f 2828/2755/2456 2831/2758/2459 2826/2753/2454
f 2826/2753/2454 2831/2758/2459 2832/2759/2460
f 2833/2760/2461 2828/2755/2456 2829/2756/2457
f 2828/2755/2456 2833/2760/2461 2831/2758/2459
f 2834/2761/2462 2829/2756/2457 2830/2757/2458
f 2829/2756/2457 2834/2761/2462 2833/2760/2461
f 2830/2757/2458 2786/2699/2414 2835/2762/2463
f 2786/2699/2414 2785/2698/2413 2835/2762/2463
f 2830/2757/2458 2835/2762/2463 2836/2763/2464
f 2830/2757/2458 2836/2763/2464 2834/2761/2462
f 2835/2762/2463 2785/2698/2413 2837/2764/2465
f 2836/2763/2464 2835/2762/2463 2837/2764/2465
f 2785/2698/2413 2838/2765/2466 2837/2764/2465
f 2838/2765/2466 2785/2698/2413 2784/2697/2412
f 2788/2701/2416 2838/2765/2466 2784/2697/2412
f 2837/2764/2465 2839/2766/2467 2836/2763/2464
f 2838/2765/2466 2788/2701/2416 2840/2767/2468
f 2837/2764/2465 2841/2768/2469 2839/2766/2467
f 2838/2765/2466 2841/2768/2469 2837/2764/2465
f 2842/2769/2470 2836/2763/2464 2839/2766/2467
f 2841/2768/2469 2842/2769/2470 2839/2766/2467
f 2843/2770/2471 2838/2765/2466 2840/2767/2468
f 2841/2768/2469 2838/2765/2466 2843/2770/2471
f 2844/2771/2472 2840/2767/2468 2788/2701/2416
f 2792/2705/2420 2844/2771/2472 2788/2701/2416
f 2840/2767/2468 2845/2772/2473 2843/2770/2471
f 2840/2767/2468 2844/2771/2472 2845/2772/2473
f 2846/2773/2474 2844/2771/2472 2792/2705/2420
f 2795/2708/2423 2846/2773/2474 2792/2705/2420
f 2846/2773/2474 2847/2774/2475 2844/2771/2472
f 2845/2772/2473 2844/2771/2472 2847/2774/2475
f 2846/2773/2474 2795/2708/2423 2848/2775/2476
f 2848/2775/2476 2847/2774/2475 2846/2773/2474
f 2849/2776/2477 2848/2775/2476 2795/2708/2423
f 2798/2711/2426 2849/2776/2477 2795/2708/2423
f 2847/2774/2475 2848/2775/2476 2850/2777/2478
f 2848/2775/2476 2849/2776/2477 2851/2778/2479
f 2850/2777/2478 2848/2775/2476 2851/2778/2479
f 2852/2779/2480 2851/2778/2479 2849/2776/2477
f 2850/2777/2478 2851/2778/2479 2852/2779/2480
f 2853/2780/2481 2852/2779/2480 2849/2776/2477
f 2798/2711/2426 2853/2780/2481 2849/2776/2477
f 2852/2779/2480 2854/2781/2482 2850/2777/2478
f 2854/2781/2482 2852/2779/2480 2853/2780/2481
f 2850/2777/2478 2855/2782/2483 2847/2774/2475
f 2847/2774/2475 2855/2782/2483 2845/2772/2473
f 2854/2781/2482 2856/2783/2484 2850/2777/2478
f 2855/2782/2483 2850/2777/2478 2856/2783/2484
f 2855/2782/2483 2857/2784/2485 2845/2772/2473
f 2845/2772/2473 2857/2784/2485 2843/2770/2471
f 2856/2783/2484 2858/2785/2486 2855/2782/2483
f 2857/2784/2485 2855/2782/2483 2858/2785/2486
f 2857/2784/2485 2859/2786/2487 2843/2770/2471
f 2859/2786/2487 2841/2768/2469 2843/2770/2471
f 2858/2785/2486 2860/2787/2488 2857/2784/2485
f 2859/2786/2487 2857/2784/2485 2860/2787/2488
f 2841/2768/2469 2859/2786/2487 2861/2788/2489
f 2842/2769/2470 2841/2768/2469 2861/2788/2489
f 2860/2787/2488 2862/2789/2490 2859/2786/2487
f 2862/2789/2490 2861/2788/2489 2859/2786/2487
f 2861/2788/2489 2863/2790/2491 2842/2769/2470
f 2861/2788/2489 2862/2789/2490 2864/2791/2492
f 2863/2790/2491 2861/2788/2489 2864/2791/2492
f 2862/2789/2490 2860/2787/2488 2865/2792/2493
f 2842/2769/2470 2863/2790/2491 2866/2793/2494
f 2836/2763/2464 2842/2769/2470 2866/2793/2494
f 2866/2793/2494 2834/2761/2462 2836/2763/2464
f 2867/2794/2495 2865/2792/2493 2860/2787/2488
f 2860/2787/2488 2858/2785/2486 2867/2794/2495
f 2834/2761/2462 2866/2793/2494 2868/2795/2496
f 2834/2761/2462 2868/2795/2496 2833/2760/2461
f 2866/2793/2494 2863/2790/2491 2869/2796/2497
f 2868/2795/2496 2870/2797/2498 2833/2760/2461
f 2831/2758/2459 2833/2760/2461 2870/2797/2498
f 2868/2795/2496 2866/2793/2494 2871/2798/2499
f 2871/2798/2499 2866/2793/2494 2869/2796/2497
f 2868/2795/2496 2872/2799/2500 2870/2797/2498
f 2871/2798/2499 2872/2799/2500 2868/2795/2496
f 2831/2758/2459 2870/2797/2498 2873/2800/2501
f 2873/2800/2501 2832/2759/2460 2831/2758/2459
f 2832/2759/2460 2873/2800/2501 2874/2801/2502
f 2873/2800/2501 2875/2802/2503 2874/2801/2502
f 2870/2797/2498 2876/2803/2504 2873/2800/2501
f 2872/2799/2500 2876/2803/2504 2870/2797/2498
f 2875/2802/2503 2873/2800/2501 2877/2804/2505
f 2876/2803/2504 2877/2804/2505 2873/2800/2501
f 2878/2805/2506 2875/2802/2503 2877/2804/2505
f 2875/2802/2503 2878/2805/2506 2879/2806/2507
f 2878/2805/2506 2328/2807/1956 2879/2806/2507
f 2328/2807/1956 2878/2805/2506 2329/2808/1957
f 2878/2805/2506 2330/2809/1958 2329/2808/1957
f 2880/2810/2508 2877/2804/2505 2876/2803/2504
f 2877/2804/2505 2880/2810/2508 2878/2805/2506
f 2330/2809/1958 2878/2805/2506 2880/2810/2508
f 2872/2799/2500 2880/2810/2508 2876/2803/2504
f 2330/2809/1958 2880/2810/2508 2332/2811/1960
f 2881/2812/2509 2332/2811/1960 2880/2810/2508
f 2880/2810/2508 2872/2799/2500 2881/2812/2509
f 2881/2812/2509 2335/2813/1963 2332/2811/1960
f 2872/2799/2500 2882/2814/2510 2881/2812/2509
f 2335/2813/1963 2881/2812/2509 2882/2814/2510
f 2882/2814/2510 2872/2799/2500 2871/2798/2499
f 2335/2813/1963 2882/2814/2510 2337/2815/1965
f 2871/2798/2499 2883/2816/2511 2882/2814/2510
f 2882/2814/2510 2883/2816/2511 2337/2815/1965
f 2337/2815/1965 2884/2817/2512 2340/2818/1968
f 2884/2817/2512 2337/2815/1965 2883/2816/2511
f 2883/2816/2511 2885/2819/2513 2884/2817/2512
f 2883/2816/2511 2871/2798/2499 2886/2820/2514
f 2885/2819/2513 2883/2816/2511 2886/2820/2514
f 2869/2796/2497 2886/2820/2514 2871/2798/2499
f 2886/2820/2514 2887/2821/2515 2885/2819/2513
f 2869/2796/2497 2887/2821/2515 2886/2820/2514
f 2869/2796/2497 2888/2822/2516 2887/2821/2515
f 2888/2822/2516 2885/2819/2513 2887/2821/2515
f 2888/2822/2516 2869/2796/2497 2863/2790/2491
f 2864/2791/2492 2888/2822/2516 2863/2790/2491
f 2888/2822/2516 2889/2823/2517 2885/2819/2513
f 2885/2819/2513 2889/2823/2517 2890/2824/2518
f 2888/2822/2516 2864/2791/2492 2891/2825/2519
f 2889/2823/2517 2888/2822/2516 2891/2825/2519
f 2864/2791/2492 2892/2826/2520 2891/2825/2519
f 2892/2826/2520 2889/2823/2517 2891/2825/2519
f 2892/2826/2520 2864/2791/2492 2862/2789/2490
f 2890/2824/2518 2889/2823/2517 2893/2827/2521
f 2862/2789/2490 2894/2828/2522 2892/2826/2520
f 2894/2828/2522 2889/2823/2517 2892/2826/2520
f 2894/2828/2522 2862/2789/2490 2865/2792/2493
f 2889/2823/2517 2895/2829/2523 2893/2827/2521
f 2895/2829/2523 2889/2823/2517 2894/2828/2522
f 2896/2830/2524 2893/2827/2521 2897/2831/2525
f 2898/2832/2526 2893/2827/2521 2895/2829/2523
f 2898/2832/2526 2897/2831/2525 2893/2827/2521
f 2895/2829/2523 2899/2833/2527 2898/2832/2526
f 2898/2832/2526 2899/2833/2527 2897/2831/2525
f 2900/2834/2528 2896/2835/2524 2897/2831/2525
f 2897/2831/2525 2901/2836/2529 2900/2834/2528
f 2899/2833/2527 2901/2836/2529 2897/2831/2525
f 2902/2837/2530 2900/2834/2528 2901/2836/2529
f 2899/2833/2527 2903/2838/2531 2901/2836/2529
f 2902/2837/2530 2901/2836/2529 2903/2838/2531
f 2895/2829/2523 2904/2839/2532 2899/2833/2527
f 2904/2839/2532 2895/2829/2523 2894/2828/2522
f 2899/2833/2527 2905/2840/2533 2903/2838/2531
f 2904/2839/2532 2905/2840/2533 2899/2833/2527
f 2906/2841/2534 2902/2837/2530 2903/2838/2531
f 2905/2840/2533 2906/2841/2534 2903/2838/2531
f 2902/2837/2530 2906/2841/2534 2907/2842/2535
f 2906/2841/2534 1862/2843/1521 2907/2842/2535
f 1863/2605/1522 1862/2843/1521 2906/2841/2534
f 2905/2840/2533 1863/2605/1522 2906/2841/2534
f 1863/2605/1522 2905/2840/2533 2695/2608/2323
f 2905/2840/2533 2904/2839/2532 2695/2608/2323
f 2904/2839/2532 2908/2844/2536 2695/2608/2323
f 2908/2844/2536 2904/2839/2532 2894/2828/2522
f 2695/2608/2323 2908/2844/2536 2909/2845/2537
f 2894/2828/2522 2910/2846/2538 2908/2844/2536
f 2910/2846/2538 2909/2845/2537 2908/2844/2536
f 2910/2846/2538 2894/2828/2522 2865/2792/2493
f 2695/2608/2323 2909/2845/2537 2696/2609/2324
f 2865/2792/2493 2867/2794/2495 2910/2846/2538
f 2909/2845/2537 2910/2846/2538 2911/2847/2539
f 2867/2794/2495 2911/2847/2539 2910/2846/2538
f 2696/2609/2324 2909/2845/2537 2912/2848/2540
f 2909/2845/2537 2911/2847/2539 2912/2848/2540
f 2913/2849/2541 2911/2847/2539 2867/2794/2495
f 2858/2785/2486 2913/2849/2541 2867/2794/2495
f 2912/2848/2540 2911/2847/2539 2914/2850/2542
f 2911/2847/2539 2913/2849/2541 2914/2850/2542
f 2913/2849/2541 2858/2785/2486 2915/2851/2543
f 2858/2785/2486 2856/2783/2484 2915/2851/2543
f 2915/2851/2543 2916/2852/2544 2913/2849/2541
f 2914/2850/2542 2913/2849/2541 2916/2852/2544
f 2856/2783/2484 2917/2853/2545 2915/2851/2543
f 2916/2852/2544 2915/2851/2543 2917/2853/2545
f 2854/2781/2482 2917/2853/2545 2856/2783/2484
f 2918/2854/2546 2916/2852/2544 2917/2853/2545
f 2854/2781/2482 2918/2854/2546 2917/2853/2545
f 2919/2855/2547 2914/2850/2542 2916/2852/2544
f 2918/2854/2546 2919/2855/2547 2916/2852/2544
f 2918/2854/2546 2854/2781/2482 2920/2856/2548
f 2853/2780/2481 2920/2856/2548 2854/2781/2482
f 2920/2856/2548 2921/2857/2549 2918/2854/2546
f 2853/2780/2481 2921/2857/2549 2920/2856/2548
f 2921/2857/2549 2919/2855/2547 2918/2854/2546
f 2921/2857/2549 2853/2780/2481 2922/2858/2550
f 2919/2855/2547 2921/2857/2549 2922/2858/2550
f 2798/2711/2426 2922/2858/2550 2853/2780/2481
f 2919/2855/2547 2923/2859/2551 2914/2850/2542
f 2922/2858/2550 2923/2859/2551 2919/2855/2547
f 2923/2859/2551 2912/2848/2540 2914/2850/2542
f 2922/2858/2550 2798/2711/2426 2924/2860/2552
f 2923/2859/2551 2922/2858/2550 2924/2860/2552
f 2924/2860/2552 2798/2711/2426 2697/2610/2325
f 2697/2610/2325 2696/2609/2324 2924/2860/2552
f 2912/2848/2540 2923/2859/2551 2925/2861/2553
f 2912/2848/2540 2925/2861/2553 2696/2609/2324
f 2925/2861/2553 2923/2859/2551 2924/2860/2552
f 2924/2860/2552 2696/2609/2324 2925/2861/2553
f 2926/2862/2554 2927/2863/2555 2928/2864/2556
f 2927/2863/2555 2926/2862/2554 2929/2865/2557
f 2929/2865/2557 2930/2866/2558 2927/2863/2555
f 2931/2867/2559 2929/2865/2557 2926/2862/2554
f 2930/2866/2558 2929/2865/2557 2932/2868/2560
f 2933/2869/2561 2930/2866/2558 2932/2868/2560
f 2931/2867/2559 2934/2870/2562 2929/2865/2557
f 2932/2868/2560 2929/2865/2557 2934/2870/2562
f 2935/2871/2563 2934/2870/2562 2931/2867/2559
f 2936/2872/2564 2933/2869/2561 2932/2868/2560
f 2933/2869/2561 2936/2872/2564 2937/2873/2565
f 2932/2868/2560 2934/2870/2562 2938/2874/2566
f 2938/2874/2566 2936/2872/2564 2932/2868/2560
f 2935/2871/2563 2939/2875/2567 2934/2870/2562
f 2938/2874/2566 2934/2870/2562 2939/2875/2567
f 2940/2876/2568 2939/2875/2567 2935/2871/2563
f 2936/2872/2564 2938/2874/2566 2941/2877/2569
f 2940/2876/2568 2942/2878/2570 2939/2875/2567
f 2943/2879/2571 2942/2878/2570 2940/2876/2568
f 2944/2880/2572 2938/2874/2566 2939/2875/2567
f 2939/2875/2567 2942/2878/2570 2944/2880/2572
f 2938/2874/2566 2944/2880/2572 2941/2877/2569
f 2943/2879/2571 2945/2881/2573 2942/2878/2570
f 2946/2882/2574 2944/2880/2572 2942/2878/2570
f 2942/2878/2570 2945/2881/2573 2946/2882/2574
f 2941/2877/2569 2944/2880/2572 2947/2883/2575
f 2944/2880/2572 2946/2882/2574 2947/2883/2575
f 2948/2884/2576 2936/2872/2564 2941/2877/2569
f 2948/2884/2576 2941/2877/2569 2947/2883/2575
f 2948/2884/2576 2937/2873/2565 2936/2872/2564
f 2949/2885/2577 2947/2883/2575 2946/2882/2574
f 2948/2884/2576 2947/2883/2575 2949/2885/2577
f 2950/2886/2578 2946/2882/2574 2945/2881/2573
f 2950/2886/2578 2949/2885/2577 2946/2882/2574
f 2943/2879/2571 2951/2887/2579 2945/2881/2573
f 2945/2881/2573 2951/2887/2579 2950/2886/2578
f 2951/2887/2579 2943/2879/2571 2952/2888/2580
f 2949/2885/2577 2950/2886/2578 2953/2889/2581
f 2952/2888/2580 2954/2890/2582 2951/2887/2579
f 2954/2890/2582 2952/2888/2580 2955/2891/2583
f 2956/2892/2584 2950/2886/2578 2951/2887/2579
f 2951/2887/2579 2954/2890/2582 2956/2892/2584
f 2956/2892/2584 2953/2889/2581 2950/2886/2578
f 2955/2891/2583 2957/2893/2585 2954/2890/2582
f 2957/2893/2585 2955/2891/2583 2958/2894/2586
f 2959/2895/2587 2956/2892/2584 2954/2890/2582
f 2959/2895/2587 2954/2890/2582 2957/2893/2585
f 2953/2889/2581 2956/2892/2584 2960/2896/2588
f 2959/2895/2587 2960/2896/2588 2956/2892/2584
f 2949/2885/2577 2953/2889/2581 2961/2897/2589
f 2948/2884/2576 2949/2885/2577 2961/2897/2589
f 2960/2896/2588 2962/2898/2590 2953/2889/2581
f 2962/2898/2590 2961/2897/2589 2953/2889/2581
f 2963/2899/2591 2948/2884/2576 2961/2897/2589
f 2937/2873/2565 2948/2884/2576 2963/2899/2591
f 2964/2900/2592 2937/2873/2565 2963/2899/2591
f 2962/2898/2590 2965/2901/2593 2961/2897/2589
f 2961/2897/2589 2965/2901/2593 2963/2899/2591
f 2966/2902/2594 2964/2900/2592 2963/2899/2591
f 2967/2903/2595 2964/2900/2592 2966/2902/2594
f 2963/2899/2591 2965/2901/2593 2968/2904/2596
f 2966/2902/2594 2963/2899/2591 2968/2904/2596
f 2965/2901/2593 2962/2898/2590 2969/2905/2597
f 2965/2901/2593 2969/2905/2597 2968/2904/2596
f 2970/2906/2598 2967/2903/2595 2966/2902/2594
f 2970/2906/2598 2971/2907/2599 2967/2903/2595
f 2966/2902/2594 2968/2904/2596 2972/2908/2600
f 2970/2906/2598 2966/2902/2594 2972/2908/2600
f 2968/2904/2596 2969/2905/2597 2973/2909/2601
f 2973/2909/2601 2972/2908/2600 2968/2904/2596
f 2974/2910/2602 2971/2907/2599 2970/2906/2598
f 2974/2910/2602 2975/2911/2603 2971/2907/2599
f 2970/2906/2598 2972/2908/2600 2976/2912/2604
f 2976/2912/2604 2974/2910/2602 2970/2906/2598
f 2977/2913/2605 2972/2908/2600 2973/2909/2601
f 2972/2908/2600 2977/2913/2605 2976/2912/2604
f 2978/2914/2606 2975/2911/2603 2974/2910/2602
f 2978/2914/2606 2979/2915/2607 2975/2911/2603
f 2974/2910/2602 2976/2912/2604 2980/2916/2608
f 2980/2916/2608 2978/2914/2606 2974/2910/2602
f 2977/2913/2605 2981/2917/2609 2976/2912/2604
f 2976/2912/2604 2981/2917/2609 2980/2916/2608
f 2973/2909/2601 2982/2918/2610 2977/2913/2605
f 2982/2918/2610 2973/2909/2601 2969/2905/2597
f 2977/2913/2605 2983/2919/2611 2981/2917/2609
f 2983/2919/2611 2977/2913/2605 2982/2918/2610
f 2969/2905/2597 2984/2920/2612 2982/2918/2610
f 2984/2920/2612 2983/2919/2611 2982/2918/2610
f 2984/2920/2612 2969/2905/2597 2962/2898/2590
f 2962/2898/2590 2960/2896/2588 2984/2920/2612
f 2983/2919/2611 2985/2921/2613 2981/2917/2609
f 2980/2916/2608 2981/2917/2609 2985/2921/2613
f 2986/2922/2614 2984/2920/2612 2960/2896/2588
f 2960/2896/2588 2959/2895/2587 2986/2922/2614
f 2983/2919/2611 2984/2920/2612 2987/2923/2615
f 2984/2920/2612 2986/2922/2614 2987/2923/2615
f 2988/2924/2616 2986/2922/2614 2959/2895/2587
f 2988/2924/2616 2959/2895/2587 2957/2893/2585
f 2989/2925/2617 2987/2923/2615 2986/2922/2614
f 2986/2922/2614 2988/2924/2616 2989/2925/2617
f 2987/2923/2615 2990/2926/2618 2983/2919/2611
f 2985/2921/2613 2983/2919/2611 2990/2926/2618
f 2987/2923/2615 2989/2925/2617 2991/2927/2619
f 2990/2926/2618 2987/2923/2615 2991/2927/2619
f 2992/2928/2620 2989/2925/2617 2988/2924/2616
f 2991/2927/2619 2989/2925/2617 2993/2929/2621
f 2992/2928/2620 2993/2929/2621 2989/2925/2617
f 2991/2927/2619 2994/2930/2622 2990/2926/2618
f 2994/2930/2622 2991/2927/2619 2993/2929/2621
f 2995/2931/2623 2985/2921/2613 2990/2926/2618
f 2990/2926/2618 2994/2930/2622 2995/2931/2623
f 2980/2916/2608 2985/2921/2613 2996/2932/2624
f 2996/2932/2624 2985/2921/2613 2995/2931/2623
f 2978/2914/2606 2980/2916/2608 2996/2932/2624
f 2997/2933/2625 2978/2914/2606 2996/2932/2624
f 2997/2933/2625 2979/2915/2607 2978/2914/2606
f 2995/2931/2623 2998/2934/2626 2996/2932/2624
f 2997/2933/2625 2996/2932/2624 2998/2934/2626
f 2979/2915/2607 2997/2933/2625 2999/2935/2627
f 2999/2935/2627 3000/2936/2628 2979/2915/2607
f 2997/2933/2625 3001/2937/2629 2999/2935/2627
f 2997/2933/2625 2998/2934/2626 3001/2937/2629
f 3002/2938/2630 3000/2936/2628 2999/2935/2627
f 3002/2938/2630 3003/2939/2631 3000/2936/2628
f 3004/2940/2632 2999/2935/2627 3001/2937/2629
f 2999/2935/2627 3004/2940/2632 3002/2938/2630
f 3005/2941/2633 3003/2939/2631 3002/2938/2630
f 3005/2941/2633 3006/2942/2634 3003/2939/2631
f 3005/2941/2633 3002/2938/2630 3007/2943/2635
f 3007/2943/2635 3002/2938/2630 3004/2940/2632
f 3008/2944/2636 3006/2942/2634 3005/2941/2633
f 3007/2943/2635 3008/2944/2636 3005/2941/2633
f 3008/2944/2636 3009/2945/2637 3006/2942/2634
f 3009/2945/2637 3008/2944/2636 3010/2946/2638
f 3010/2946/2638 3011/2947/2639 3009/2945/2637
f 3008/2944/2636 3007/2943/2635 3012/2948/2640
f 3012/2948/2640 3010/2946/2638 3008/2944/2636
f 3011/2947/2639 3010/2946/2638 3013/2949/2641
f 3013/2949/2641 3014/2950/2642 3011/2947/2639
f 3013/2949/2641 3015/2951/2643 3014/2950/2642
f 3015/2951/2643 3013/2949/2641 3016/2952/2644
f 3017/2953/2645 3013/2949/2641 3010/2946/2638
f 3012/2948/2640 3017/2953/2645 3010/2946/2638
f 3016/2952/2644 3013/2949/2641 3018/2954/2646
f 3013/2949/2641 3017/2953/2645 3018/2954/2646
f 3016/2952/2644 3018/2954/2646 3019/2955/2647
f 3012/2948/2640 3020/2956/2648 3017/2953/2645
f 3021/2957/2649 3019/2955/2647 3018/2954/2646
f 3021/2957/2649 3018/2954/2646 3017/2953/2645
f 3017/2953/2645 3020/2956/2648 3021/2957/2649
f 3019/2955/2647 3021/2957/2649 3022/2958/2650
f 3022/2958/2650 3023/2959/2651 3024/2960/2652
f 3021/2957/2649 3023/2959/2651 3022/2958/2650
f 3025/2961/2653 3023/2959/2651 3021/2957/2649
f 3021/2957/2649 3026/2962/2654 3025/2961/2653
f 3026/2962/2654 3021/2957/2649 3020/2956/2648
f 3027/2963/2655 3026/2962/2654 3020/2956/2648
f 3020/2956/2648 3012/2948/2640 3027/2963/2655
f 3027/2963/2655 3012/2948/2640 3007/2943/2635
f 3026/2962/2654 3027/2963/2655 3028/2964/2656
f 3007/2943/2635 3029/2965/2657 3027/2963/2655
f 3028/2964/2656 3027/2963/2655 3029/2965/2657
f 3029/2965/2657 3007/2943/2635 3004/2940/2632
f 3029/2965/2657 3030/2966/2658 3028/2964/2656
f 3031/2967/2659 3030/2966/2658 3029/2965/2657
f 3030/2966/2658 3031/2967/2659 3032/2968/2660
f 3029/2965/2657 3004/2940/2632 3033/2969/2661
f 3031/2967/2659 3029/2965/2657 3033/2969/2661
f 3004/2940/2632 3034/2970/2662 3033/2969/2661
f 3004/2940/2632 3001/2937/2629 3034/2970/2662
f 3034/2970/2662 3001/2937/2629 2998/2934/2626
f 3033/2969/2661 3034/2970/2662 3035/2971/2663
f 3035/2971/2663 3034/2970/2662 2998/2934/2626
f 3031/2967/2659 3033/2969/2661 3036/2972/2664
f 3035/2971/2663 3036/2972/2664 3033/2969/2661
f 3032/2968/2660 3031/2967/2659 3037/2973/2665
f 3036/2972/2664 3037/2973/2665 3031/2967/2659
f 3038/2974/2666 3035/2971/2663 2998/2934/2626
f 3036/2972/2664 3035/2971/2663 3039/2975/2667
f 3039/2975/2667 3035/2971/2663 3038/2974/2666
f 2998/2934/2626 3040/2976/2668 3038/2974/2666
f 2998/2934/2626 2995/2931/2623 3040/2976/2668
f 3040/2976/2668 2995/2931/2623 2994/2930/2622
f 3038/2974/2666 3040/2976/2668 3041/2977/2669
f 3038/2974/2666 3041/2977/2669 3039/2975/2667
f 2994/2930/2622 3042/2978/2670 3040/2976/2668
f 3042/2978/2670 3041/2977/2669 3040/2976/2668
f 3042/2978/2670 2994/2930/2622 3043/2979/2671
f 2994/2930/2622 2993/2929/2621 3043/2979/2671
f 3041/2977/2669 3042/2978/2670 3044/2980/2672
f 2993/2929/2621 3045/2981/2673 3043/2979/2671
f 2993/2929/2621 2992/2928/2620 3045/2981/2673
f 3042/2978/2670 3043/2979/2671 3046/2982/2674
f 3042/2978/2670 3046/2982/2674 3044/2980/2672
f 3043/2979/2671 3045/2981/2673 3047/2983/2675
f 3046/2982/2674 3043/2979/2671 3047/2983/2675
f 3044/2980/2672 3048/2984/2676 3041/2977/2669
f 3039/2975/2667 3041/2977/2669 3048/2984/2676
f 3049/2985/2677 3044/2980/2672 3046/2982/2674
f 3039/2975/2667 3048/2984/2676 3050/2986/2678
f 3039/2975/2667 3050/2986/2678 3036/2972/2664
f 3048/2984/2676 3044/2980/2672 3051/2987/2679
f 3050/2986/2678 3048/2984/2676 3051/2987/2679
f 3044/2980/2672 3049/2985/2677 3051/2987/2679
f 3037/2973/2665 3036/2972/2664 3050/2986/2678
f 3052/2988/2680 3051/2987/2679 3049/2985/2677
f 3051/2987/2679 3052/2988/2680 3050/2986/2678
f 3049/2985/2677 3046/2982/2674 3053/2989/2681
f 3047/2983/2675 3053/2989/2681 3046/2982/2674
f 3049/2985/2677 3054/2990/2682 3052/2988/2680
f 3053/2989/2681 3054/2990/2682 3049/2985/2677
f 3055/2991/2683 3050/2986/2678 3052/2988/2680
f 3050/2986/2678 3055/2991/2683 3037/2973/2665
f 3052/2988/2680 3054/2990/2682 3056/2992/2684
f 3052/2988/2680 3056/2992/2684 3055/2991/2683
f 3054/2990/2682 3053/2989/2681 3057/2993/2685
f 3056/2992/2684 3054/2990/2682 3057/2993/2685
f 3053/2989/2681 3047/2983/2675 3058/2994/2686
f 3058/2994/2686 3057/2993/2685 3053/2989/2681
f 3059/2995/2687 3058/2994/2686 3047/2983/2675
f 3047/2983/2675 3045/2981/2673 3059/2995/2687
f 3057/2993/2685 3058/2994/2686 3060/2996/2688
f 3061/2997/2689 3059/2995/2687 3045/2981/2673
f 3061/2997/2689 3045/2981/2673 2992/2928/2620
f 3058/2994/2686 3059/2995/2687 3062/2998/2690
f 3062/2998/2690 3060/2996/2688 3058/2994/2686
f 3059/2995/2687 3061/2997/2689 3063/2999/2691
f 3063/2999/2691 3062/2998/2690 3059/2995/2687
f 3064/3000/2692 3061/2997/2689 2992/2928/2620
f 3064/3000/2692 2992/2928/2620 2988/2924/2616
f 3064/3000/2692 2988/2924/2616 2957/2893/2585
f 3065/3001/2693 3062/2998/2690 3063/2999/2691
f 3065/3001/2693 3060/2996/2688 3062/2998/2690
f 3065/3001/2693 3063/2999/2691 3066/3002/2694
f 3060/2996/2688 3065/3001/2693 3067/3003/2695
f 3066/3002/2694 3063/2999/2691 3068/3004/2696
f 3063/2999/2691 3061/2997/2689 3068/3004/2696
f 3061/2997/2689 3064/3000/2692 3068/3004/2696
f 3066/3002/2694 3068/3004/2696 3069/3005/2697
f 3068/3004/2696 3064/3000/2692 3070/3006/2698
f 3069/3005/2697 3068/3004/2696 3070/3006/2698
f 3070/3006/2698 3064/3000/2692 2957/2893/2585
f 3069/3005/2697 3070/3006/2698 3071/3007/2699
f 3070/3006/2698 2957/2893/2585 2958/2894/2586
f 3071/3007/2699 3070/3006/2698 2958/2894/2586
f 3072/3008/2700 3060/2996/2688 3067/3003/2695
f 3073/3009/2701 3072/3008/2700 3067/3003/2695
f 3060/2996/2688 3072/3008/2700 3074/3010/2702
f 3074/3010/2702 3057/2993/2685 3060/2996/2688
f 3057/2993/2685 3074/3010/2702 3056/2992/2684
f 3072/3008/2700 3073/3009/2701 3075/3011/2703
f 3076/3012/2704 3075/3011/2703 3073/3009/2701
f 3072/3008/2700 3077/3013/2705 3074/3010/2702
f 3077/3013/2705 3056/2992/2684 3074/3010/2702
f 3075/3011/2703 3077/3013/2705 3072/3008/2700
f 3056/2992/2684 3077/3013/2705 3055/2991/2683
f 3078/3014/2706 3075/3011/2703 3076/3012/2704
f 3079/3015/2707 3078/3014/2706 3076/3012/2704
f 3080/3016/2708 3077/3013/2705 3075/3011/2703
f 3078/3014/2706 3080/3016/2708 3075/3011/2703
f 3081/3017/2709 3055/2991/2683 3077/3013/2705
f 3077/3013/2705 3080/3016/2708 3081/3017/2709
f 3037/2973/2665 3055/2991/2683 3081/3017/2709
f 3082/3018/2710 3078/3014/2706 3079/3015/2707
f 3083/3019/2711 3082/3018/2710 3079/3015/2707
f 3084/3020/2712 3080/3016/2708 3078/3014/2706
f 3082/3018/2710 3084/3020/2712 3078/3014/2706
f 3085/3021/2713 3081/3017/2709 3080/3016/2708
f 3085/3021/2713 3080/3016/2708 3084/3020/2712
f 3037/2973/2665 3081/3017/2709 3086/3022/2714
f 3086/3022/2714 3081/3017/2709 3085/3021/2713
f 3032/2968/2660 3037/2973/2665 3086/3022/2714
f 3086/3022/2714 3087/3023/2715 3032/2968/2660
f 3087/3023/2715 3086/3022/2714 3088/3024/2716
f 3086/3022/2714 3085/3021/2713 3089/3025/2717
f 3088/3024/2716 3086/3022/2714 3089/3025/2717
f 3089/3025/2717 3085/3021/2713 3084/3020/2712
f 3088/3024/2716 3089/3025/2717 3090/3026/2718
f 3084/3020/2712 3091/3027/2719 3089/3025/2717
f 3091/3027/2719 3090/3026/2718 3089/3025/2717
f 3082/3018/2710 3091/3027/2719 3084/3020/2712
f 3090/3026/2718 3091/3027/2719 3092/3028/2720
f 3092/3028/2720 3091/3027/2719 3093/3029/2721
f 3091/3027/2719 3082/3018/2710 3094/3030/2722
f 3093/3029/2721 3091/3027/2719 3094/3030/2722
f 3094/3030/2722 3082/3018/2710 3083/3019/2711
f 3093/3029/2721 3094/3030/2722 3095/3031/2723
f 3096/3032/2724 3094/3030/2722 3083/3019/2711
f 3095/3031/2723 3094/3030/2722 3096/3032/2724
f 3097/3033/2725 3098/3034/2726 3099/3035/2727
f 3098/3034/2726 3097/3033/2725 3100/3036/2728
f 3101/3037/2729 3100/3036/2728 3097/3033/2725
f 3100/3036/2728 3102/3038/2730 3098/3034/2726
f 3101/3037/2729 3103/3039/2731 3100/3036/2728
f 3103/3039/2731 3101/3037/2729 3104/3040/2732
f 3102/3038/2730 3100/3036/2728 3105/3041/2733
f 3100/3036/2728 3103/3039/2731 3105/3041/2733
f 3106/3042/2734 3102/3038/2730 3105/3041/2733
f 3102/3038/2730 3106/3042/2734 3107/3043/2735
f 3108/3044/2736 3107/3043/2735 3106/3042/2734
f 3105/3041/2733 3103/3039/2731 3109/3045/2737
f 3106/3042/2734 3105/3041/2733 3109/3045/2737
f 3106/3042/2734 3110/3046/2738 3108/3044/2736
f 3110/3046/2738 3106/3042/2734 3109/3045/2737
f 3110/3046/2738 3111/3047/2739 3108/3044/2736
f 3112/3048/2740 3109/3045/2737 3103/3039/2731
f 3104/3040/2732 3112/3048/2740 3103/3039/2731
f 3104/3040/2732 3113/3049/2741 3112/3048/2740
f 3114/3050/2742 3110/3046/2738 3109/3045/2737
f 3109/3045/2737 3112/3048/2740 3114/3050/2742
f 3111/3047/2739 3110/3046/2738 3115/3051/2743
f 3110/3046/2738 3114/3050/2742 3115/3051/2743
f 3115/3051/2743 3116/3052/2744 3111/3047/2739
f 3114/3050/2742 3117/3053/2745 3115/3051/2743
f 3116/3052/2744 3115/3051/2743 3117/3053/2745
f 3112/3048/2740 3118/3054/2746 3114/3050/2742
f 3114/3050/2742 3118/3054/2746 3117/3053/2745
f 3117/3053/2745 3119/3055/2747 3116/3052/2744
f 3118/3054/2746 3119/3055/2747 3117/3053/2745
f 3116/3052/2744 3119/3055/2747 3120/3056/2748
f 3121/3057/2749 3120/3056/2748 3119/3055/2747
f 3112/3048/2740 3122/3058/2750 3118/3054/2746
f 3122/3058/2750 3112/3048/2740 3113/3049/2741
f 3122/3058/2750 3113/3049/2741 3123/3059/2751
f 3123/3059/2751 3124/3060/2752 3122/3058/2750
f 3118/3054/2746 3125/3061/2753 3119/3055/2747
f 3122/3058/2750 3125/3061/2753 3118/3054/2746
f 3119/3055/2747 3126/3062/2754 3121/3057/2749
f 3125/3061/2753 3126/3062/2754 3119/3055/2747
f 3126/3062/2754 3127/3063/2755 3121/3057/2749
f 3128/3064/2756 3122/3058/2750 3124/3060/2752
f 3122/3058/2750 3128/3064/2756 3125/3061/2753
f 3129/3065/2757 3128/3064/2756 3124/3060/2752
f 3126/3062/2754 3125/3061/2753 3130/3066/2758
f 3128/3064/2756 3130/3066/2758 3125/3061/2753
f 3127/3063/2755 3126/3062/2754 3131/3067/2759
f 3130/3066/2758 3131/3067/2759 3126/3062/2754
f 3131/3067/2759 3132/3068/2760 3127/3063/2755
f 3128/3064/2756 3129/3065/2757 3133/3069/2761
f 3133/3069/2761 3130/3066/2758 3128/3064/2756
f 3134/3070/2762 3133/3069/2761 3129/3065/2757
f 3132/3068/2760 3131/3067/2759 3135/3071/2763
f 3136/3072/2764 3132/3068/2760 3135/3071/2763
f 3131/3067/2759 3130/3066/2758 3137/3073/2765
f 3137/3073/2765 3135/3071/2763 3131/3067/2759
f 3130/3066/2758 3133/3069/2761 3138/3074/2766
f 3130/3066/2758 3138/3074/2766 3137/3073/2765
f 3133/3069/2761 3134/3070/2762 3139/3075/2767
f 3138/3074/2766 3133/3069/2761 3139/3075/2767
f 3140/3076/2768 3139/3075/2767 3134/3070/2762
f 3134/3070/2762 3141/3077/2769 3140/3076/2768
f 3139/3075/2767 3142/3078/2770 3138/3074/2766
f 3142/3078/2770 3137/3073/2765 3138/3074/2766
f 3140/3076/2768 3142/3078/2770 3139/3075/2767
f 3141/3077/2769 3143/3079/2771 3140/3076/2768
f 3137/3073/2765 3142/3078/2770 3144/3080/2772
f 3137/3073/2765 3144/3080/2772 3135/3071/2763
f 3145/3081/2773 3142/3078/2770 3140/3076/2768
f 3143/3079/2771 3145/3081/2773 3140/3076/2768
f 3145/3081/2773 3146/3082/2774 3142/3078/2770
f 3146/3082/2774 3144/3080/2772 3142/3078/2770
f 3143/3079/2771 3147/3083/2775 3145/3081/2773
f 3147/3083/2775 3146/3082/2774 3145/3081/2773
f 3147/3083/2775 3143/3079/2771 3148/3084/2776
f 3146/3082/2774 3149/3085/2777 3144/3080/2772
f 3147/3083/2775 3149/3085/2777 3146/3082/2774
f 3144/3080/2772 3150/3086/2778 3135/3071/2763
f 3150/3086/2778 3144/3080/2772 3149/3085/2777
f 3135/3071/2763 3150/3086/2778 3136/3072/2764
f 3149/3085/2777 3147/3083/2775 3151/3087/2779
f 3151/3087/2779 3150/3086/2778 3149/3085/2777
f 3136/3072/2764 3150/3086/2778 3152/3088/2780
f 3150/3086/2778 3151/3087/2779 3152/3088/2780
f 3136/3072/2764 3152/3088/2780 3153/3089/2781
f 3153/3089/2781 3152/3088/2780 3154/3090/2782
f 3151/3087/2779 3154/3090/2782 3152/3088/2780
f 3153/3089/2781 3154/3090/2782 3155/3091/2783
f 3156/3092/2784 3151/3087/2779 3147/3083/2775
f 3148/3084/2776 3156/3092/2784 3147/3083/2775
f 3156/3092/2784 3148/3084/2776 3157/3093/2785
f 3157/3093/2785 3158/3094/2786 3156/3092/2784
f 3151/3087/2779 3156/3092/2784 3159/3095/2787
f 3151/3087/2779 3159/3095/2787 3154/3090/2782
f 3160/3096/2788 3156/3092/2784 3158/3094/2786
f 3160/3096/2788 3159/3095/2787 3156/3092/2784
f 3158/3094/2786 3161/3097/2789 3160/3096/2788
f 3160/3096/2788 3161/3097/2789 3162/3098/2790
f 3163/3099/2791 3162/3098/2790 3164/3100/2792
f 3163/3099/2791 3160/3096/2788 3162/3098/2790
f 3159/3095/2787 3160/3096/2788 3165/3101/2793
f 3160/3096/2788 3163/3099/2791 3165/3101/2793
f 3159/3095/2787 3165/3101/2793 3154/3090/2782
f 3166/3102/2794 3165/3101/2793 3163/3099/2791
f 3154/3090/2782 3165/3101/2793 3167/3103/2795
f 3165/3101/2793 3166/3102/2794 3167/3103/2795
f 3154/3090/2782 3167/3103/2795 3155/3091/2783
f 3167/3103/2795 3166/3102/2794 3168/3104/2796
f 3155/3091/2783 3167/3103/2795 3168/3104/2796
f 2681/3105/2309 1867/3106/1526 1864/3107/1523
f 1867/3106/1526 2681/3105/2309 3169/3108/2797
f 3169/3108/2797 2681/3105/2309 2679/3109/2307
f 1868/3110/1527 1867/3106/1526 3169/3108/2797
f 2679/3109/2307 2677/3111/2305 3169/3108/2797
f 3170/3112/2798 3169/3108/2797 2677/3111/2305
f 3169/3108/2797 3170/3112/2798 1868/3110/1527
f 2677/3111/2305 2674/3113/2302 3170/3112/2798
f 2674/3113/2302 2671/3114/2299 3170/3112/2798
f 3171/3115/2799 1868/3110/1527 3170/3112/2798
f 3171/3115/2799 3170/3112/2798 2671/3114/2299
f 1871/3116/1530 1868/3110/1527 3171/3115/2799
f 2671/3114/2299 3172/3117/2800 3171/3115/2799
f 3172/3117/2800 1871/3116/1530 3171/3115/2799
f 3172/3117/2800 2671/3114/2299 2667/3118/2295
f 1873/3119/1532 1871/3116/1530 3172/3117/2800
f 2667/3118/2295 3173/3120/2801 3172/3117/2800
f 3172/3117/2800 3173/3120/2801 1873/3119/1532
f 3173/3120/2801 2667/3118/2295 2632/3121/2260
f 3173/3120/2801 1874/3122/1533 1873/3119/1532
f 2632/3121/2260 3174/3123/2802 3173/3120/2801
f 1874/3122/1533 3173/3120/2801 3174/3123/2802
f 3174/3123/2802 2632/3121/2260 2623/3124/2251
f 3175/3125/2803 3174/3123/2802 2623/3124/2251
f 3174/3123/2802 3175/3125/2803 1874/3122/1533
f 2620/3126/2248 3175/3125/2803 2623/3124/2251
f 3175/3125/2803 3176/3127/2804 1874/3122/1533
f 1877/3128/1536 1874/3122/1533 3176/3127/2804
f 2620/3126/2248 3177/3129/2805 3175/3125/2803
f 3176/3127/2804 3175/3125/2803 3178/3130/2806
f 3175/3125/2803 3177/3129/2805 3178/3130/2806
f 1877/3128/1536 3176/3127/2804 3179/3131/2807
f 3178/3130/2806 3179/3131/2807 3176/3127/2804
f 3179/3131/2807 3178/3130/2806 3180/3132/2808
f 3180/3132/2808 3181/3133/2809 3179/3131/2807
f 3181/3133/2809 1877/3128/1536 3179/3131/2807
f 3181/3133/2809 3180/3132/2808 3182/3134/2810
f 3183/3135/2811 3181/3133/2809 3182/3134/2810
f 3184/3136/2812 3181/3133/2809 3183/3135/2811
f 3184/3136/2812 1877/3128/1536 3181/3133/2809
f 3185/3137/2813 3184/3136/2812 3183/3135/2811
f 3186/3138/2814 1877/3128/1536 3184/3136/2812
f 3184/3136/2812 3185/3137/2813 3186/3138/2814
f 3187/3139/2815 3186/3138/2814 3185/3137/2813
f 1878/3140/1537 1877/3128/1536 3186/3138/2814
f 3187/3139/2815 3188/3141/2816 3186/3138/2814
f 1878/3140/1537 3186/3138/2814 3188/3141/2816
f 3187/3139/2815 3189/3142/2817 3188/3141/2816
f 3189/3142/2817 3190/3143/2818 3188/3141/2816
f 3190/3143/2818 1878/3140/1537 3188/3141/2816
f 3190/3143/2818 3189/3142/2817 3191/3144/2819
f 3192/3145/2820 1878/3140/1537 3190/3143/2818
f 3190/3143/2818 3191/3144/2819 3192/3145/2820
f 1878/3140/1537 3192/3145/2820 1882/3146/1541
f 3191/3144/2819 3193/3147/2821 3192/3145/2820
f 3193/3147/2821 3191/3144/2819 3194/3148/2822
f 3195/3149/2823 1882/3146/1541 3192/3145/2820
f 1882/3146/1541 3195/3149/2823 1884/3150/1543
f 3195/3149/2823 1886/3151/1545 1884/3150/1543
f 3193/3147/2821 3194/3148/2822 3196/3152/2824
f 3197/3153/2825 3196/3152/2824 3194/3148/2822
f 3193/3147/2821 3198/3154/2826 3192/3145/2820
f 3198/3154/2826 3193/3147/2821 3196/3152/2824
f 3195/3149/2823 3192/3145/2820 3198/3154/2826
f 3196/3152/2824 3197/3153/2825 3199/3155/2827
f 3198/3154/2826 3196/3152/2824 3199/3155/2827
f 3200/3156/2828 3199/3155/2827 3197/3153/2825
f 3195/3149/2823 3201/3157/2829 1886/3151/1545
f 3201/3157/2829 3195/3149/2823 3198/3154/2826
f 1886/3151/1545 3201/3157/2829 1888/3158/1547
f 3201/3157/2829 1889/3159/1548 1888/3158/1547
f 3201/3157/2829 1895/3160/1554 1889/3159/1548
f 1895/3160/1554 3201/3157/2829 3202/3161/2830
f 1895/3160/1554 3202/3161/2830 1907/3162/1566
f 3202/3161/2830 1908/3163/1567 1907/3162/1566
f 1908/3163/1567 3202/3161/2830 2586/3164/2214
f 3201/3157/2829 2586/3164/2214 3202/3161/2830
f 2586/3164/2214 3201/3157/2829 3198/3154/2826
f 2586/3164/2214 3198/3154/2826 2587/3165/2215
f 2587/3165/2215 3198/3154/2826 3199/3155/2827
f 2587/3165/2215 3199/3155/2827 2602/3166/2230
f 3199/3155/2827 3203/3167/2831 2602/3166/2230
f 3200/3156/2828 3203/3167/2831 3199/3155/2827
f 3203/3167/2831 3200/3156/2828 3204/3168/2832
f 3203/3167/2831 3205/3169/2833 2602/3166/2230
f 3204/3168/2832 3205/3169/2833 3203/3167/2831
f 3205/3169/2833 3204/3168/2832 3206/3170/2834
f 2602/3166/2230 3205/3169/2833 2605/3171/2233
f 3207/3172/2835 3205/3169/2833 3206/3170/2834
f 3205/3169/2833 3208/3173/2836 2605/3171/2233
f 3205/3169/2833 3207/3172/2835 3208/3173/2836
f 2605/3171/2233 3208/3173/2836 2606/3174/2234
f 3207/3172/2835 3209/3175/2837 3208/3173/2836
f 3208/3173/2836 3209/3175/2837 2606/3174/2234
f 3209/3175/2837 3207/3172/2835 3210/3176/2838
f 2606/3174/2234 3209/3175/2837 2609/3177/2237
f 3210/3176/2838 3211/3178/2839 3209/3175/2837
f 3209/3175/2837 2612/3179/2240 2609/3177/2237
f 3209/3175/2837 3211/3178/2839 3212/3180/2840
f 2612/3179/2240 3209/3175/2837 3212/3180/2840
f 3211/3178/2839 3213/3181/2841 3212/3180/2840
f 3214/3182/2842 2612/3179/2240 3212/3180/2840
f 3214/3182/2842 3212/3180/2840 3213/3181/2841
f 2612/3179/2240 3214/3182/2842 2615/3183/2243
f 3214/3182/2842 3213/3181/2841 3215/3184/2843
f 3216/3185/2844 2615/3183/2243 3214/3182/2842
f 3215/3184/2843 3216/3185/2844 3214/3182/2842
f 2615/3183/2243 3216/3185/2844 2620/3126/2248
f 3217/3186/2845 3216/3185/2844 3215/3184/2843
f 2620/3126/2248 3216/3185/2844 3218/3187/2846
f 3216/3185/2844 3217/3186/2845 3218/3187/2846
f 3177/3129/2805 2620/3126/2248 3218/3187/2846
f 3217/3186/2845 3219/3188/2847 3218/3187/2846
f 3219/3188/2847 3217/3186/2845 3220/3189/2848
f 3177/3129/2805 3218/3187/2846 3221/3190/2849
f 3219/3188/2847 3221/3190/2849 3218/3187/2846
f 3177/3129/2805 3221/3190/2849 3178/3130/2806
f 3221/3190/2849 3222/3191/2850 3178/3130/2806
f 3220/3189/2848 3223/3192/2851 3219/3188/2847
f 3223/3192/2851 3220/3189/2848 3224/3193/2852
f 3225/3194/2853 3221/3190/2849 3219/3188/2847
f 3221/3190/2849 3225/3194/2853 3222/3191/2850
f 3225/3194/2853 3219/3188/2847 3223/3192/2851
f 3226/3195/2854 3222/3191/2850 3225/3194/2853
f 3224/3193/2852 3227/3196/2855 3223/3192/2851
f 3227/3196/2855 3225/3194/2853 3223/3192/2851
f 3227/3196/2855 3226/3195/2854 3225/3194/2853
f 3227/3196/2855 3224/3193/2852 3228/3197/2856
f 3228/3197/2856 3226/3195/2854 3227/3196/2855
f 3229/3198/2857 3230/3199/2858 3231/3200/2859
f 3232/3201/2860 3229/3198/2857 3231/3200/2859
f 3229/3198/2857 3232/3201/2860 3233/3202/2861
f 3234/3203/2862 3232/3201/2860 3231/3200/2859
f 3235/3204/2863 3233/3202/2861 3232/3201/2860
f 3234/3203/2862 3236/3205/2864 3232/3201/2860
f 3232/3201/2860 3236/3205/2864 3235/3204/2863
f 3234/3203/2862 3237/3206/2865 3236/3205/2864
f 3236/3205/2864 3238/3207/2866 3235/3204/2863
f 3237/3206/2865 3239/3208/2867 3236/3205/2864
f 3236/3205/2864 3239/3208/2867 3238/3207/2866
f 3240/3209/2868 3239/3208/2867 3237/3206/2865
f 3239/3208/2867 3240/3209/2868 3241/3210/2869
f 3242/3211/2870 3238/3207/2866 3239/3208/2867
f 3239/3208/2867 3241/3210/2869 3242/3211/2870
f 3238/3207/2866 3242/3211/2870 3243/3212/2871
f 3242/3211/2870 3241/3210/2869 3244/3213/2872
f 3245/3214/2873 3243/3212/2871 3242/3211/2870
f 3242/3211/2870 3244/3213/2872 3245/3214/2873
f 3243/3212/2871 3245/3214/2873 3246/3215/2874
f 3244/3213/2872 3247/3216/2875 3245/3214/2873
f 3245/3214/2873 3248/3217/2876 3246/3215/2874
f 3248/3217/2876 3245/3214/2873 3247/3216/2875
f 3248/3217/2876 3247/3216/2875 3249/3218/2877
f 3250/3219/2878 3251/3220/2879 3252/3221/2880
f 3253/3222/2881 3251/3220/2879 3250/3219/2878
f 3253/3222/2881 3254/3223/2882 3251/3220/2879
f 3255/3224/2883 3253/3222/2881 3250/3219/2878
f 3256/3225/2884 3254/3223/2882 3253/3222/2881
f 3255/3224/2883 3257/3226/2885 3253/3222/2881
f 3258/3227/2886 3256/3225/2884 3253/3222/2881
f 3259/3228/2887 3256/3225/2884 3258/3227/2886
f 3260/3229/2888 3259/3228/2887 3258/3227/2886
f 3257/3226/2885 3261/3230/2889 3253/3222/2881
f 3261/3230/2889 3258/3227/2886 3253/3222/2881
f 3262/3231/2890 3261/3230/2889 3257/3226/2885
f 3262/3231/2890 3263/3232/2891 3261/3230/2889
f 3260/3229/2888 3258/3227/2886 3264/3233/2892
f 3264/3233/2892 3258/3227/2886 3261/3230/2889
f 3264/3233/2892 3265/3234/2893 3260/3229/2888
f 3265/3234/2893 3264/3233/2892 3266/3235/2894
f 3267/3236/2895 3266/3235/2894 3264/3233/2892
f 3264/3233/2892 3261/3230/2889 3267/3236/2895
f 3268/3237/2896 3261/3230/2889 3263/3232/2891
f 3267/3236/2895 3261/3230/2889 3268/3237/2896
f 3268/3237/2896 3263/3232/2891 3269/3238/2897
f 3267/3236/2895 3268/3237/2896 3270/3239/2898
f 3271/3240/2899 3268/3237/2896 3269/3238/2897
f 3270/3239/2898 3268/3237/2896 3271/3240/2899
f 3272/3241/2900 3273/3242/2901 3274/3243/2902
f 3274/3243/2902 3275/3244/2903 3272/3241/2900
f 3276/3245/2904 3275/3244/2903 3274/3243/2902
f 3277/3246/2905 3272/3241/2900 3275/3244/2903
f 3276/3245/2904 3278/3247/2906 3275/3244/2903
f 3275/3244/2903 3279/3248/2907 3277/3246/2905
f 3280/3249/2908 3275/3244/2903 3278/3247/2906
f 3281/3250/2909 3280/3249/2908 3278/3247/2906
f 3282/3251/2910 3280/3249/2908 3281/3250/2909
f 3275/3244/2903 3283/3252/2911 3279/3248/2907
f 3283/3252/2911 3275/3244/2903 3280/3249/2908
f 3284/3253/2912 3279/3248/2907 3283/3252/2911
f 3284/3253/2912 3283/3252/2911 3285/3254/2913
f 3282/3251/2910 3286/3255/2914 3280/3249/2908
f 3286/3255/2914 3283/3252/2911 3280/3249/2908
f 3287/3256/2915 3286/3255/2914 3282/3251/2910
f 3286/3255/2914 3287/3256/2915 3288/3257/2916
f 3289/3258/2917 3286/3255/2914 3288/3257/2916
f 3289/3258/2917 3283/3252/2911 3286/3255/2914
f 3283/3252/2911 3290/3259/2918 3285/3254/2913
f 3289/3258/2917 3290/3259/2918 3283/3252/2911
f 3290/3259/2918 3291/3260/2919 3285/3254/2913
f 3289/3258/2917 3292/3261/2920 3290/3259/2918
f 3293/3262/2921 3291/3260/2919 3290/3259/2918
f 3292/3261/2920 3293/3262/2921 3290/3259/2918
f 3294/3263/2922 3295/3264/2923 3296/3265/2924
f 3294/3263/2922 3296/3265/2924 3297/3266/2925
f 3298/3267/2926 3297/3266/2925 3296/3265/2924
f 3298/3267/2926 3299/3268/2927 3297/3266/2925
f 3299/3268/2927 3294/3269/2922 3297/3266/2925
f 3294/3269/2922 3299/3268/2927 3300/3270/2928
f 3298/3267/2926 3296/3265/2924 3301/3271/2929
f 3298/3267/2926 3301/3271/2929 3299/3268/2927
f 3301/3271/2929 3296/3265/2924 3295/3272/2923
f 3302/3273/2930 3301/3271/2929 3295/3272/2923
f 3301/3271/2929 3300/3274/2928 3299/3268/2927
f 3300/3274/2928 3301/3271/2929 3302/3275/2930
f 3303/3276/2931 3304/3277/2932 3305/3278/2933
f 3305/3278/2933 3304/3277/2932 3306/3279/2934
f 3306/3279/2934 3304/3277/2932 3307/3280/2935
f 3307/3280/2935 3304/3277/2932 3308/3281/2936
f 3308/3281/2936 3304/3277/2932 3309/3282/2937
f 3310/3283/2938 3308/3281/2936 3309/3282/2937
f 3311/3284/2939 3312/3285/2940 3308/3281/2936
f 3308/3281/2936 3313/3286/914 3311/3284/2939
f 3310/3283/2938 3313/3286/914 3308/3281/2936
f 3310/3283/2938 3314/3287/2941 3313/3286/914
f 3310/3283/2938 3315/3288/2942 3314/3287/2941
f 3314/3287/2941 3316/3289/2943 3313/3286/914
f 3316/3289/2943 3314/3287/2941 3317/3290/2944
f 3318/3291/2945 3314/3287/2941 3315/3288/2942
f 3314/3287/2941 3318/3291/2945 3319/3292/2946
f 3320/3293/2947 3319/3292/2946 3318/3291/2945
f 3321/3294/2948 3320/3293/2947 3318/3291/2945
f 3322/3295/2949 3321/3294/2948 3318/3291/2945
f 3323/3296/2950 3324/3297/2951 3325/3298/2952
f 3325/3298/2952 3326/3299/2953 3323/3296/2950
f 3325/3298/2952 3327/3300/2954 3328/3301/2955
f 3328/3301/2955 3329/3302/2956 3325/3298/2952
f 3329/3302/2956 3326/3299/2953 3325/3298/2952
f 3329/3302/2956 3330/3303/2957 3326/3299/2953
f 3329/3302/2956 3331/3304/2958 3330/3303/2957
f 3332/3305/2959 3331/3304/2958 3329/3302/2956
f 3331/3304/2958 3332/3305/2959 3333/3306/2954
f 3330/3303/2957 3331/3304/2958 3334/3307/2960
f 3334/3307/2960 3331/3304/2958 3335/3308/2961
f 3336/3309/2962 3337/3310/2963 3338/3311/2963
f 3339/3312/2964 3337/3310/2963 3336/3309/2962
f 3336/3309/2962 3340/3313/2965 3339/3312/2964
f 3341/3314/2966 3339/3312/2964 3340/3313/2965
f 3340/3313/2965 3342/3315/2967 3341/3314/2966
f 3342/3315/2967 3340/3313/2965 3343/3316/2968
f 3340/3313/2965 3336/3309/2962 3344/3317/2969
f 3336/3309/2962 3345/3318/2970 3344/3317/2969
f 3344/3317/2969 3345/3318/2970 3346/3319/2971
f 3344/3317/2969 3346/3319/2971 3347/3320/2972
f 3348/3321/2973 3343/3316/2968 3340/3313/2965
f 3344/3317/2969 3348/3321/2973 3340/3313/2965
f 3348/3321/2973 3349/3322/2974 3343/3316/2968
f 3347/3320/2972 3350/3323/2975 3344/3317/2969
f 3348/3321/2973 3344/3317/2969 3350/3323/2975
f 3350/3323/2975 3347/3320/2972 3351/3324/2976
f 3352/3325/2977 3349/3322/2974 3348/3321/2973
f 3349/3322/2974 3352/3325/2977 3353/3326/2978
f 3354/3327/2979 3348/3321/2973 3350/3323/2975
f 3351/3324/2976 3354/3327/2979 3350/3323/2975
f 3348/3321/2973 3354/3327/2979 3352/3325/2977
f 3354/3327/2979 3351/3324/2976 3355/3328/2980
f 3355/3328/2980 3356/3329/2981 3354/3327/2979
f 3356/3329/2981 3352/3325/2977 3354/3327/2979
f 3355/3328/2980 3357/3330/2982 3356/3329/2981
f 3358/3331/2983 3353/3326/2978 3352/3325/2977
f 3358/3331/2983 3352/3325/2977 3356/3329/2981
f 3353/3326/2978 3358/3331/2983 3359/3332/2984
f 3357/3330/2982 3360/3333/2985 3356/3329/2981
f 3360/3333/2985 3358/3331/2983 3356/3329/2981
f 3357/3330/2982 3361/3334/2986 3360/3333/2985
f 3360/3333/2985 3361/3334/2986 3362/3335/2987
f 3363/3336/2988 3360/3333/2985 3362/3335/2987
f 3358/3331/2983 3364/3337/2989 3359/3332/2984
f 3358/3331/2983 3360/3333/2985 3364/3337/2989
f 3360/3333/2985 3363/3336/2988 3364/3337/2989
f 3359/3332/2984 3364/3337/2989 3365/3338/2990
f 3364/3337/2989 3363/3336/2988 3365/3338/2990
f 3366/3339/2991 3367/3340/2992 3368/3341/2993
f 3367/3340/2992 3366/3339/2991 3369/3342/2994
f 3370/3343/2995 3369/3342/2994 3366/3339/2991
f 3367/3340/2992 3371/3344/2996 3372/3345/2997
f 3367/3340/2992 3369/3342/2994 3371/3344/2996
f 3369/3342/2994 3370/3343/2995 3373/3346/2998
f 3373/3346/2998 3371/3344/2996 3369/3342/2994
f 3374/3347/2999 3373/3346/2998 3370/3343/2995
f 3371/3344/2996 3373/3346/2998 3375/3348/3000
f 3374/3347/2999 3376/3349/3001 3373/3346/2998
f 3376/3349/3001 3375/3348/3000 3373/3346/2998
f 3377/3350/3002 3376/3349/3001 3374/3347/2999
f 3375/3348/3000 3376/3349/3001 3378/3351/3003
f 3376/3349/3001 3377/3350/3002 3379/3352/3004
f 3379/3352/3004 3378/3351/3003 3376/3349/3001
f 3377/3350/3002 3380/3353/3005 3379/3352/3004
f 3378/3351/3003 3379/3352/3004 3381/3354/3006
f 3379/3352/3004 3380/3353/3005 3382/3355/3007
f 3381/3354/3006 3379/3352/3004 3382/3355/3007
f 3383/3356/3008 3382/3355/3007 3380/3353/3005
f 3382/3355/3007 3384/3357/3009 3381/3354/3006
f 3382/3355/3007 3383/3356/3008 3385/3358/3010
f 3385/3358/3010 3384/3357/3009 3382/3355/3007
f 3384/3357/3009 3385/3358/3010 3386/3359/3011
f 3387/3360/3012 3385/3358/3010 3383/3356/3008
f 3385/3358/3010 3388/3361/3013 3386/3359/3011
f 3385/3358/3010 3387/3360/3012 3389/3362/3014
f 3388/3361/3013 3385/3358/3010 3389/3362/3014
f 3390/3363/3015 3389/3362/3014 3387/3360/3012
f 3390/3363/3015 3388/3361/3013 3389/3362/3014
f 3391/3364/3016 3392/3365/3017 3393/3366/3018
f 3393/3366/3018 3392/3365/3017 3394/3367/3019
f 3393/3366/3018 3394/3367/3019 3395/3368/3020
f 3392/3365/3017 3396/3369/3021 3397/3370/3022
f 3392/3365/3017 3397/3370/3022 3394/3367/3019
f 3395/3368/3020 3394/3367/3019 3398/3371/3023
f 3394/3367/3019 3397/3370/3022 3398/3371/3023
f 3399/3372/3024 3395/3368/3020 3398/3371/3023
f 3398/3371/3023 3397/3370/3022 3400/3373/3025
f 3399/3372/3024 3398/3371/3023 3401/3374/3026
f 3401/3374/3026 3398/3371/3023 3400/3373/3025
f 3402/3375/3027 3399/3372/3024 3401/3374/3026
f 3400/3373/3025 3403/3376/3028 3401/3374/3026
f 3401/3374/3026 3404/3377/3029 3402/3375/3027
f 3404/3377/3029 3401/3374/3026 3403/3376/3028
f 3402/3375/3027 3404/3377/3029 3405/3378/3030
f 3403/3376/3028 3406/3379/3031 3404/3377/3029
f 3404/3377/3029 3407/3380/3032 3405/3378/3030
f 3406/3379/3031 3407/3380/3032 3404/3377/3029
f 3407/3380/3032 3408/3381/3033 3405/3378/3030
f 3407/3380/3032 3406/3379/3031 3409/3382/3034
f 3408/3381/3033 3407/3380/3032 3410/3383/3035
f 3409/3382/3034 3410/3383/3035 3407/3380/3032
f 3410/3383/3035 3409/3382/3034 3411/3384/3036
f 3410/3383/3035 3412/3385/3037 3408/3381/3033
f 3413/3386/3038 3410/3383/3035 3411/3384/3036
f 3412/3385/3037 3410/3383/3035 3414/3387/3039
f 3410/3383/3035 3413/3386/3038 3414/3387/3039
f 3415/3388/3040 3412/3385/3037 3414/3387/3039
f 3415/3388/3040 3414/3387/3039 3413/3386/3038
f 3416/3389/3041 3417/3390/3042 3418/3391/3043
f 3417/3390/3042 3416/3389/3041 3419/3392/3044
f 3419/3392/3044 3420/3393/3045 3417/3390/3042
f 3421/3394/3046 3419/3392/3044 3416/3389/3041
f 3422/3395/3047 3421/3394/3046 3416/3389/3041
f 3419/3392/3044 3423/3396/3048 3420/3393/3045
f 3419/3392/3044 3421/3394/3046 3423/3396/3048
f 3420/3393/3045 3423/3396/3048 3424/3397/3049
f 3421/3394/3046 3422/3395/3047 3425/3398/3050
f 3422/3395/3047 3426/3399/3051 3425/3398/3050
f 3427/3400/3052 3423/3396/3048 3421/3394/3046
f 3422/3395/3047 3428/3401/3053 3426/3399/3051
f 3426/3399/3051 3428/3401/3053 3429/3402/3054
f 3427/3400/3052 3430/3403/3055 3423/3396/3048
f 3430/3403/3055 3424/3397/3049 3423/3396/3048
f 3427/3400/3052 3431/3404/3056 3430/3403/3055
f 3424/3397/3049 3430/3403/3055 3432/3405/3057
f 3433/3406/3058 3429/3402/3054 3428/3401/3053
f 3434/3407/3059 3432/3405/3057 3430/3403/3055
f 3431/3404/3056 3434/3407/3059 3430/3403/3055
f 3432/3405/3057 3434/3407/3059 3435/3408/3060
f 3431/3404/3056 3436/3409/3061 3434/3407/3059
f 3434/3407/3059 3436/3409/3061 3435/3408/3060
f 3428/3401/3053 3437/3410/3062 3433/3406/3058
f 3437/3410/3062 3438/3411/3063 3433/3406/3058
f 3437/3410/3062 3439/3412/3064 3438/3411/3063
f 3439/3412/3064 3437/3410/3062 3440/3413/3065
f 3439/3412/3064 3440/3413/3065 3441/3414/3066
f 3442/3415/3067 3437/3410/3062 3428/3401/3053
f 3437/3410/3062 3442/3415/3067 3440/3413/3065
f 3428/3401/3053 3443/3416/3068 3442/3415/3067
f 3428/3401/3053 3444/3417/3069 3443/3416/3068
f 3445/3418/3070 3440/3413/3065 3442/3415/3067
f 3428/3401/3053 3446/3419/3071 3444/3417/3069
f 3444/3417/3069 3446/3419/3071 3447/3420/3072
f 3448/3421/3073 3440/3413/3065 3445/3418/3070
f 3440/3413/3065 3448/3421/3073 3441/3414/3066
f 3445/3418/3070 3449/3422/3074 3448/3421/3073
f 3441/3414/3066 3448/3421/3073 3450/3423/3075
f 3447/3420/3072 3446/3419/3071 3451/3424/3076
f 3448/3421/3073 3452/3425/3077 3450/3423/3075
f 3449/3422/3074 3452/3425/3077 3448/3421/3073
f 3450/3423/3075 3452/3425/3077 3453/3426/3078
f 3452/3425/3077 3449/3422/3074 3454/3427/3079
f 3452/3425/3077 3454/3427/3079 3453/3426/3078
f 3451/3424/3076 3446/3419/3071 3455/3428/3080
f 3456/3429/3081 3451/3424/3076 3455/3428/3080
f 3455/3428/3080 3457/3430/3082 3456/3429/3081
f 3457/3430/3082 3455/3428/3080 3458/3431/3083
f 3457/3430/3082 3458/3431/3083 3459/3432/3084
f 3455/3428/3080 3460/3433/3085 3458/3431/3083
f 3460/3433/3085 3455/3428/3080 3446/3419/3071
f 3461/3434/3086 3458/3431/3083 3460/3433/3085
f 3460/3433/3085 3446/3419/3071 3462/3435/3087
f 3446/3419/3071 3463/3436/3088 3462/3435/3087
f 3446/3419/3071 3464/3437/3089 3463/3436/3088
f 3464/3437/3089 3446/3419/3071 3465/3438/3090
f 3466/3439/3091 3464/3437/3089 3465/3438/3090
f 3467/3440/3092 3458/3431/3083 3461/3434/3086
f 3458/3431/3083 3467/3440/3092 3459/3432/3084
f 3461/3434/3086 3468/3441/3093 3467/3440/3092
f 3459/3432/3084 3467/3440/3092 3469/3442/3094
f 3468/3441/3093 3470/3443/3095 3467/3440/3092
f 3467/3440/3092 3470/3443/3095 3469/3442/3094
f 3470/3443/3095 3468/3441/3093 3471/3444/3096
f 3469/3442/3094 3470/3443/3095 3472/3445/3078
f 3470/3443/3095 3471/3444/3096 3472/3445/3078
f 3465/3438/3090 3473/3446/3097 3466/3439/3091
f 3473/3446/3097 3474/3447/3098 3466/3439/3091
f 3475/3448/3099 3474/3447/3098 3473/3446/3097
f 3473/3446/3097 3465/3438/3090 3476/3449/3100
f 3476/3449/3100 3475/3448/3099 3473/3446/3097
f 3476/3449/3100 3465/3438/3090 3477/3450/3101
f 3476/3449/3100 3477/3450/3101 3475/3448/3099
f 3477/3450/3101 3478/3451/3102 3475/3448/3099
f 3479/3452/3103 3478/3451/3102 3477/3450/3101
f 3479/3452/3103 3480/3453/3104 3478/3451/3102
f 3479/3452/3103 3477/3450/3101 3481/3454/3105
f 3482/3455/3106 3480/3453/3104 3479/3452/3103
f 3479/3452/3103 3481/3454/3105 3482/3455/3106
f 3482/3455/3106 3483/3456/3107 3480/3453/3104
f 3481/3454/3105 3484/3457/3108 3482/3455/3106
f 3485/3458/3109 3483/3456/3107 3482/3455/3106
f 3484/3457/3108 3485/3458/3109 3482/3455/3106
f 3486/3459/3110 3483/3456/3107 3485/3458/3109
f 3484/3457/3108 3486/3459/3110 3485/3458/3109
f 3486/3459/3110 3487/3460/3111 3483/3456/3107
f 3486/3459/3110 3488/3461/3112 3487/3460/3111
f 3484/3457/3108 3489/3462/3113 3486/3459/3110
f 3490/3463/3114 3488/3461/3112 3486/3459/3110
f 3489/3462/3113 3491/3464/3115 3486/3459/3110
f 3492/3465/3116 3491/3464/3115 3489/3462/3113
f 3490/3463/3114 3486/3459/3110 3493/3466/3117
f 3491/3464/3115 3493/3466/3117 3486/3459/3110
f 3494/3467/3118 3490/3463/3114 3493/3466/3117
f 3492/3465/3116 3495/3468/3119 3491/3464/3115
f 3492/3465/3116 3496/3469/3120 3495/3468/3119
f 3495/3468/3119 3496/3469/3120 3497/3470/3121
f 3491/3464/3115 3498/3471/3122 3493/3466/3117
f 3495/3468/3119 3498/3471/3122 3491/3464/3115
f 3499/3472/3123 3494/3467/3118 3493/3466/3117
f 3499/3472/3123 3493/3466/3117 3498/3471/3122
f 3499/3472/3123 3500/3473/3124 3494/3467/3118
f 3499/3472/3123 3501/3474/3125 3500/3473/3124
f 3499/3472/3123 3502/3475/3126 3501/3474/3125
f 3498/3471/3122 3502/3475/3126 3499/3472/3123
f 3502/3475/3126 3503/3476/3127 3501/3474/3125
f 3495/3468/3119 3504/3477/3128 3498/3471/3122
f 3498/3471/3122 3504/3477/3128 3502/3475/3126
f 3505/3478/3129 3506/3479/3130 3503/3476/3127
f 3504/3477/3128 3495/3468/3119 3507/3480/3131
f 3507/3480/3131 3495/3468/3119 3497/3470/3121
f 3508/3481/3132 3505/3478/3129 3503/3476/3127
f 3502/3475/3126 3508/3481/3132 3503/3476/3127
f 3505/3478/3129 3508/3481/3132 3509/3482/3133
f 3510/3483/3134 3502/3475/3126 3504/3477/3128
f 3502/3475/3126 3510/3483/3134 3508/3481/3132
f 3504/3477/3128 3507/3480/3131 3510/3483/3134
f 3510/3483/3134 3509/3482/3133 3508/3481/3132
f 3507/3480/3131 3511/3484/3135 3510/3483/3134
f 3511/3484/3135 3509/3482/3133 3510/3483/3134
f 3511/3484/3135 3507/3480/3131 3497/3470/3121
f 3511/3484/3135 3512/3485/3136 3509/3482/3133
f 3511/3484/3135 3497/3470/3121 3512/3485/3136
f 3513/3486/3137 3514/3487/3138 3515/3488/3139
f 3514/3487/3138 3513/3486/3137 3516/3489/3140
f 3516/3489/3140 3513/3486/3137 3517/3490/3141
f 3514/3487/3138 3516/3489/3140 3518/3491/3142
f 3519/3492/3143 3514/3487/3138 3518/3491/3142
f 3516/3489/3140 3517/3490/3141 3520/3493/3144
f 3518/3491/3142 3516/3489/3140 3520/3493/3144
f 3520/3493/3144 3517/3490/3141 3521/3494/3145
f 3518/3491/3142 3522/3495/3146 3519/3492/3143
f 3519/3492/3143 3522/3495/3146 3523/3496/3147
f 3524/3497/3148 3518/3491/3142 3520/3493/3144
f 3525/3498/3149 3519/3492/3143 3523/3496/3147
f 3525/3498/3149 3523/3496/3147 3526/3499/3150
f 3527/3500/3151 3525/3498/3149 3526/3499/3150
f 3524/3497/3148 3520/3493/3144 3528/3501/3152
f 3528/3501/3152 3520/3493/3144 3521/3494/3145
f 3524/3497/3148 3528/3501/3152 3529/3502/3153
f 3528/3501/3152 3521/3494/3145 3530/3503/3154
f 3529/3502/3153 3528/3501/3152 3531/3504/3155
f 3531/3504/3155 3528/3501/3152 3530/3503/3154
f 3529/3502/3153 3531/3504/3155 3532/3505/3156
f 3530/3503/3154 3533/3506/3157 3531/3504/3155
f 3531/3504/3155 3533/3506/3157 3532/3505/3156
f 3525/3498/3149 3527/3500/3151 3534/3507/3158
f 3534/3507/3158 3527/3500/3151 3535/3508/3159
f 3534/3507/3158 3535/3508/3159 3536/3509/3160
f 3534/3507/3158 3536/3509/3160 3537/3510/3161
f 3536/3509/3160 3538/3511/3162 3537/3510/3161
f 3539/3512/3163 3525/3498/3149 3534/3507/3158
f 3539/3512/3163 3534/3507/3158 3537/3510/3161
f 3525/3498/3149 3539/3512/3163 3540/3513/3164
f 3525/3498/3149 3540/3513/3164 3541/3514/3165
f 3542/3515/3166 3539/3512/3163 3537/3510/3161
f 3543/3516/3167 3525/3498/3149 3541/3514/3165
f 3543/3516/3167 3541/3514/3165 3544/3517/3168
f 3545/3518/3169 3542/3515/3166 3537/3510/3161
f 3545/3518/3169 3537/3510/3161 3538/3511/3162
f 3542/3515/3166 3545/3518/3169 3546/3519/3170
f 3538/3511/3162 3547/3520/3171 3545/3518/3169
f 3544/3517/3168 3548/3521/3172 3543/3516/3167
f 3549/3522/3173 3545/3518/3169 3547/3520/3171
f 3545/3518/3169 3549/3522/3173 3546/3519/3170
f 3547/3520/3171 3550/3523/3174 3549/3522/3173
f 3546/3519/3170 3549/3522/3173 3551/3524/3175
f 3549/3522/3173 3550/3523/3174 3551/3524/3175
f 3548/3521/3172 3552/3525/3176 3543/3516/3167
f 3553/3526/3177 3552/3525/3176 3548/3521/3172
f 3552/3525/3176 3553/3526/3177 3554/3527/3178
f 3552/3525/3176 3554/3527/3178 3555/3528/3179
f 3554/3527/3178 3556/3529/3180 3555/3528/3179
f 3557/3530/3181 3552/3525/3176 3555/3528/3179
f 3557/3530/3181 3543/3516/3167 3552/3525/3176
f 3558/3531/3182 3557/3530/3181 3555/3528/3179
f 3557/3530/3181 3559/3532/3183 3543/3516/3167
f 3543/3516/3167 3559/3532/3183 3560/3533/3184
f 3561/3534/3185 3543/3516/3167 3560/3533/3184
f 3543/3516/3167 3561/3534/3185 3562/3535/3186
f 3563/3536/3187 3562/3535/3186 3561/3534/3185
f 3564/3537/3188 3558/3531/3182 3555/3528/3179
f 3564/3537/3188 3555/3528/3179 3556/3529/3180
f 3558/3531/3182 3564/3537/3188 3565/3538/3189
f 3556/3529/3180 3566/3539/3190 3564/3537/3188
f 3564/3537/3188 3567/3540/3191 3565/3538/3189
f 3567/3540/3191 3564/3537/3188 3566/3539/3190
f 3565/3538/3189 3567/3540/3191 3568/3541/3192
f 3566/3539/3190 3569/3542/3174 3567/3540/3191
f 3567/3540/3191 3569/3542/3174 3568/3541/3192
f 3570/3543/3193 3562/3535/3186 3563/3536/3187
f 3570/3543/3193 3563/3536/3187 3571/3544/3194
f 3572/3545/3195 3570/3543/3193 3571/3544/3194
f 3562/3535/3186 3570/3543/3193 3573/3546/3196
f 3570/3543/3193 3572/3545/3195 3573/3546/3196
f 3573/3546/3196 3574/3547/3197 3562/3535/3186
f 3574/3547/3197 3573/3546/3196 3572/3545/3195
f 3575/3548/3198 3574/3547/3197 3572/3545/3195
f 3574/3547/3197 3575/3548/3198 3576/3549/3199
f 3576/3549/3199 3577/3550/3200 3574/3547/3197
f 3576/3549/3199 3575/3548/3198 3578/3551/3201
f 3576/3549/3199 3579/3552/3202 3577/3550/3200
f 3578/3551/3201 3579/3552/3202 3576/3549/3199
f 3577/3550/3200 3579/3552/3202 3580/3553/3203
f 3579/3552/3202 3578/3551/3201 3581/3554/3204
f 3580/3553/3203 3579/3552/3202 3582/3555/3205
f 3581/3554/3204 3582/3555/3205 3579/3552/3202
f 3582/3555/3205 3583/3556/3206 3580/3553/3203
f 3582/3555/3205 3581/3554/3204 3583/3556/3206
f 3583/3556/3206 3581/3554/3204 3584/3557/3207
f 3583/3556/3206 3584/3557/3207 3585/3558/3208
f 3586/3559/3209 3580/3553/3203 3583/3556/3206
f 3587/3560/3210 3583/3556/3206 3585/3558/3208
f 3586/3559/3209 3583/3556/3206 3588/3561/3211
f 3589/3562/3212 3586/3559/3209 3588/3561/3211
f 3587/3560/3210 3590/3563/3213 3583/3556/3206
f 3588/3561/3211 3583/3556/3206 3590/3563/3213
f 3591/3564/3214 3590/3563/3213 3587/3560/3210
f 3592/3565/3215 3589/3562/3212 3588/3561/3211
f 3589/3562/3212 3592/3565/3215 3593/3566/3216
f 3592/3565/3215 3594/3567/3217 3593/3566/3216
f 3588/3561/3211 3590/3563/3213 3595/3568/3218
f 3592/3565/3215 3588/3561/3211 3595/3568/3218
f 3596/3569/3219 3590/3563/3213 3591/3564/3214
f 3596/3569/3219 3595/3568/3218 3590/3563/3213
f 3596/3569/3219 3591/3564/3214 3597/3570/3220
f 3598/3571/3221 3596/3569/3219 3597/3570/3220
f 3596/3569/3219 3598/3571/3221 3599/3572/3222
f 3599/3572/3222 3595/3568/3218 3596/3569/3219
f 3600/3573/3223 3599/3572/3222 3598/3571/3221
f 3592/3565/3215 3595/3568/3218 3601/3574/3224
f 3595/3568/3218 3599/3572/3222 3601/3574/3224
f 3602/3575/3225 3600/3573/3223 3603/3576/3226
f 3604/3577/3227 3600/3573/3223 3602/3575/3225
f 3599/3572/3222 3600/3573/3223 3604/3577/3227
f 3605/3578/3228 3604/3577/3227 3602/3575/3225
f 3606/3579/3229 3599/3572/3222 3604/3577/3227
f 3605/3578/3228 3606/3579/3229 3604/3577/3227
f 3599/3572/3222 3606/3579/3229 3601/3574/3224
f 3606/3579/3229 3605/3578/3228 3607/3580/3230
f 3608/3581/3231 3607/3580/3230 3605/3578/3228
f 3607/3580/3230 3608/3581/3231 3594/3567/3217
f 3601/3574/3224 3606/3579/3229 3609/3582/3232
f 3609/3582/3232 3606/3579/3229 3607/3580/3230
f 3607/3580/3230 3594/3567/3217 3609/3582/3232
f 3601/3574/3224 3609/3582/3232 3592/3565/3215
f 3609/3582/3232 3594/3567/3217 3592/3565/3215
f 3610/3583/3233 3611/3584/3234 3612/3585/3235
f 3611/3584/3234 3610/3583/3233 3613/3586/3236
f 3611/3584/3234 3613/3586/3236 3614/3587/3237
f 3614/3587/3237 3613/3586/3236 3615/3588/3238
f 3616/3589/3239 3613/3586/3236 3610/3583/3233
f 3616/3589/3239 3610/3583/3233 3617/3590/3240
f 3613/3586/3236 3618/3591/3241 3615/3588/3238
f 3618/3591/3241 3613/3586/3236 3616/3589/3239
f 3619/3592/3242 3616/3589/3239 3617/3590/3240
f 3618/3591/3241 3616/3589/3239 3619/3592/3242
f 3619/3592/3242 3617/3590/3240 3620/3593/3243
f 3619/3592/3242 3620/3593/3243 3621/3594/3244
f 3618/3591/3241 3622/3595/3245 3615/3588/3238
f 3622/3595/3245 3623/3596/3246 3615/3588/3238
f 3622/3595/3245 3624/3597/3247 3623/3596/3246
f 3624/3597/3247 3622/3595/3245 3618/3591/3241
f 3618/3591/3241 3619/3592/3242 3625/3598/3248
f 3618/3591/3241 3625/3598/3248 3624/3597/3247
f 3625/3598/3248 3619/3592/3242 3621/3594/3244
f 3625/3598/3248 3626/3599/3249 3624/3597/3247
f 3621/3594/3244 3627/3600/3250 3625/3598/3248
f 3626/3599/3249 3625/3598/3248 3627/3600/3250
f 3627/3600/3250 3621/3594/3244 3628/3601/3251
f 3629/3602/3239 3627/3600/3250 3628/3601/3251
f 3629/3602/3239 3628/3601/3251 3630/3603/3240
f 3627/3600/3250 3631/3604/3252 3626/3599/3249
f 3631/3604/3252 3627/3600/3250 3629/3602/3239
f 3632/3605/3253 3629/3602/3239 3630/3603/3240
f 3631/3604/3252 3629/3602/3239 3632/3605/3253
f 3632/3605/3253 3630/3603/3240 3633/3606/3243
f 3632/3605/3253 3633/3606/3243 3634/3607/3254
f 3631/3604/3252 3635/3608/3255 3626/3599/3249
f 3635/3608/3255 3636/3609/3256 3626/3599/3249
f 3635/3608/3255 3637/3610/3257 3636/3609/3256
f 3637/3610/3257 3635/3608/3255 3631/3604/3252
f 3631/3604/3252 3632/3605/3253 3638/3611/3258
f 3631/3604/3252 3638/3611/3258 3637/3610/3257
f 3638/3611/3258 3632/3605/3253 3634/3607/3254
f 3638/3611/3258 3639/3612/3259 3637/3610/3257
f 3640/3613/3260 3638/3611/3258 3634/3607/3254
f 3639/3612/3259 3638/3611/3258 3640/3613/3260
f 3634/3607/3254 3641/3614/3261 3640/3613/3260
f 3640/3613/3260 3642/3615/3262 3639/3612/3259
f 3643/3616/3263 3640/3613/3260 3641/3614/3261
f 3642/3615/3262 3640/3613/3260 3644/3617/3264
f 3640/3613/3260 3643/3616/3263 3644/3617/3264
f 3644/3617/3264 3645/3618/3265 3642/3615/3262
f 3643/3616/3263 3646/3619/3266 3644/3617/3264
f 3645/3618/3265 3644/3617/3264 3646/3619/3266
f 3646/3619/3266 3643/3616/3263 3647/3620/3267
f 3648/3621/3268 3646/3619/3266 3647/3620/3267
f 3646/3619/3266 3648/3621/3268 3649/3622/3269
f 3649/3622/3269 3645/3618/3265 3646/3619/3266
f 3645/3618/3265 3649/3622/3269 3650/3623/3270
f 3651/3624/3271 3652/3625/3272 3653/3626/3273
f 3652/3625/3272 3651/3624/3271 3654/3627/3274
f 3655/3628/3275 3654/3627/3274 3651/3624/3271
f 3654/3627/3274 3655/3628/3275 3656/3629/3276
f 3657/3630/3277 3652/3625/3272 3654/3627/3274
f 3657/3630/3277 3658/3631/3278 3652/3625/3272
f 3656/3629/3276 3659/3632/3279 3654/3627/3274
f 3659/3632/3279 3657/3630/3277 3654/3627/3274
f 3657/3630/3277 3660/3633/3280 3658/3631/3278
f 3659/3632/3279 3660/3633/3280 3657/3630/3277
f 3658/3631/3278 3660/3633/3280 3661/3634/3281
f 3660/3633/3280 3662/3635/3282 3661/3634/3281
f 3659/3632/3279 3656/3629/3276 3663/3636/3283
f 3663/3636/3283 3656/3629/3276 3664/3637/3284
f 3663/3636/3283 3664/3637/3284 3665/3638/3285
f 3663/3636/3283 3665/3638/3285 3659/3632/3279
f 3659/3632/3279 3666/3639/3286 3660/3633/3280
f 3659/3632/3279 3665/3638/3285 3666/3639/3286
f 3666/3639/3286 3662/3635/3282 3660/3633/3280
f 3667/3640/3287 3666/3639/3286 3665/3638/3285
f 3666/3639/3286 3668/3641/3288 3662/3635/3282
f 3666/3639/3286 3667/3640/3287 3668/3641/3288
f 3662/3635/3282 3668/3641/3288 3669/3642/3289
f 3670/3643/3277 3669/3642/3289 3668/3641/3288
f 3670/3643/3277 3671/3644/3278 3669/3642/3289
f 3667/3640/3287 3672/3645/3290 3668/3641/3288
f 3672/3645/3290 3670/3643/3277 3668/3641/3288
f 3670/3643/3277 3673/3646/3291 3671/3644/3278
f 3672/3645/3290 3673/3646/3291 3670/3643/3277
f 3671/3644/3278 3673/3646/3291 3674/3647/3281
f 3673/3646/3291 3675/3648/3292 3674/3647/3281
f 3672/3645/3290 3667/3640/3287 3676/3649/3293
f 3676/3649/3293 3667/3640/3287 3677/3650/3294
f 3676/3649/3293 3677/3650/3294 3678/3651/3295
f 3676/3649/3293 3678/3651/3295 3672/3645/3290
f 3672/3645/3290 3679/3652/3296 3673/3646/3291
f 3672/3645/3290 3678/3651/3295 3679/3652/3296
f 3679/3652/3296 3675/3648/3292 3673/3646/3291
f 3680/3653/3297 3679/3652/3296 3678/3651/3295
f 3679/3652/3296 3681/3654/3298 3675/3648/3292
f 3679/3652/3296 3680/3653/3297 3681/3654/3298
f 3675/3648/3292 3681/3654/3298 3682/3655/3299
f 3683/3656/3300 3681/3654/3298 3680/3653/3297
f 3682/3655/3299 3681/3654/3298 3684/3657/3301
f 3681/3654/3298 3683/3656/3300 3685/3658/3302
f 3681/3654/3298 3685/3658/3302 3684/3657/3301
f 3686/3659/3303 3685/3658/3302 3683/3656/3300
f 3687/3660/3304 3684/3657/3301 3685/3658/3302
f 3685/3658/3302 3686/3659/3303 3687/3660/3304
f 3684/3657/3301 3687/3660/3304 3688/3661/3305
f 3687/3660/3304 3689/3662/3306 3688/3661/3305
f 3689/3662/3306 3687/3660/3304 3690/3663/3307
f 3686/3659/3303 3690/3663/3307 3687/3660/3304
f 3690/3663/3307 3686/3659/3303 3691/3664/3308
f 3692/3665/3309 3693/3666/3310 3694/3667/3311
f 3693/3666/3310 3692/3665/3309 3695/3668/3312
f 3692/3665/3309 3696/3669/3313 3695/3668/3312
f 3697/3670/3314 3693/3666/3310 3695/3668/3312
f 3697/3670/3314 3698/3671/3315 3693/3666/3310
f 3695/3668/3312 3696/3669/3313 3699/3672/3316
f 3699/3672/3316 3697/3670/3314 3695/3668/3312
f 3696/3669/3313 3700/3673/3317 3699/3672/3316
f 3701/3674/3318 3698/3671/3315 3697/3670/3314
f 3698/3671/3315 3701/3674/3318 3702/3675/3319
f 3703/3676/3320 3697/3670/3314 3699/3672/3316
f 3697/3670/3314 3703/3676/3320 3701/3674/3318
f 3699/3672/3316 3700/3673/3317 3704/3677/3321
f 3699/3672/3316 3704/3677/3321 3703/3676/3320
f 3704/3677/3321 3700/3673/3317 3705/3678/3322
f 3706/3679/3323 3702/3675/3319 3701/3674/3318
f 3701/3674/3318 3703/3676/3320 3706/3679/3323
f 3702/3675/3319 3706/3679/3323 3707/3680/3324
f 3704/3677/3321 3705/3678/3322 3708/3681/3325
f 3705/3678/3322 3709/3682/3326 3708/3681/3325
f 3703/3676/3320 3704/3677/3321 3710/3683/3327
f 3710/3683/3327 3704/3677/3321 3708/3681/3325
f 3711/3684/3328 3706/3679/3323 3703/3676/3320
f 3710/3683/3327 3711/3684/3328 3703/3676/3320
f 3712/3685/3329 3707/3680/3324 3706/3679/3323
f 3712/3685/3329 3706/3679/3323 3711/3684/3328
f 3707/3680/3324 3712/3685/3329 3713/3686/3330
f 3711/3684/3328 3710/3683/3327 3714/3687/3331
f 3715/3688/3332 3713/3686/3330 3712/3685/3329
f 3713/3686/3330 3715/3688/3332 3716/3689/3333
f 3717/3690/3334 3712/3685/3329 3711/3684/3328
f 3715/3688/3332 3712/3685/3329 3717/3690/3334
f 3717/3690/3334 3711/3684/3328 3714/3687/3331
f 3715/3688/3332 3718/3691/3335 3716/3689/3333
f 3715/3688/3332 3717/3690/3334 3719/3692/3336
f 3719/3692/3336 3718/3691/3335 3715/3688/3332
f 3720/3693/3337 3717/3690/3334 3714/3687/3331
f 3719/3692/3336 3717/3690/3334 3721/3694/3338
f 3717/3690/3334 3720/3693/3337 3721/3694/3338
f 3722/3695/3339 3718/3691/3335 3719/3692/3336
f 3723/3696/3340 3719/3692/3336 3721/3694/3338
f 3719/3692/3336 3723/3696/3340 3722/3695/3339
f 3724/3697/3341 3721/3694/3338 3720/3693/3337
f 3723/3696/3340 3721/3694/3338 3724/3697/3341
f 3718/3691/3335 3722/3695/3339 3725/3698/3342
f 3718/3691/3335 3725/3698/3342 3726/3699/3343
f 3727/3700/3344 3722/3695/3339 3723/3696/3340
f 3726/3699/3343 3725/3698/3342 3728/3701/3345
f 3726/3699/3343 3728/3701/3345 3729/3702/3346
f 3730/3703/3347 3725/3698/3342 3722/3695/3339
f 3722/3695/3339 3727/3700/3344 3730/3703/3347
f 3725/3698/3342 3731/3704/3348 3728/3701/3345
f 3725/3698/3342 3730/3703/3347 3731/3704/3348
f 3727/3700/3344 3723/3696/3340 3732/3705/3349
f 3724/3697/3341 3732/3705/3349 3723/3696/3340
f 3730/3703/3347 3727/3700/3344 3733/3706/3350
f 3727/3700/3344 3732/3705/3349 3733/3706/3350
f 3732/3705/3349 3724/3697/3341 3734/3707/3351
f 3733/3706/3350 3732/3705/3349 3735/3708/3352
f 3734/3707/3351 3735/3708/3352 3732/3705/3349
f 3736/3709/3353 3734/3707/3351 3724/3697/3341
f 3724/3697/3341 3720/3693/3337 3736/3709/3353
f 3735/3708/3352 3734/3707/3351 3737/3710/3354
f 3738/3711/3355 3736/3709/3353 3720/3693/3337
f 3720/3693/3337 3714/3687/3331 3738/3711/3355
f 3739/3712/3356 3734/3707/3351 3736/3709/3353
f 3736/3709/3353 3738/3711/3355 3739/3712/3356
f 3734/3707/3351 3739/3712/3356 3737/3710/3354
f 3714/3687/3331 3740/3713/3357 3738/3711/3355
f 3714/3687/3331 3710/3683/3327 3740/3713/3357
f 3710/3683/3327 3708/3681/3325 3740/3713/3357
f 3738/3711/3355 3741/3714/3358 3739/3712/3356
f 3740/3713/3357 3741/3714/3358 3738/3711/3355
f 3708/3681/3325 3742/3715/3359 3740/3713/3357
f 3741/3714/3358 3740/3713/3357 3742/3715/3359
f 3708/3681/3325 3709/3682/3326 3742/3715/3359
f 3709/3682/3326 3743/3716/3360 3742/3715/3359
f 3741/3714/3358 3742/3715/3359 3744/3717/3361
f 3742/3715/3359 3743/3716/3360 3744/3717/3361
f 3741/3714/3358 3745/3718/3362 3739/3712/3356
f 3737/3710/3354 3739/3712/3356 3745/3718/3362
f 3743/3716/3360 3746/3719/3363 3744/3717/3361
f 3746/3719/3363 3743/3716/3360 3747/3720/3364
f 3744/3717/3361 3748/3721/3365 3741/3714/3358
f 3748/3721/3365 3744/3717/3361 3746/3719/3363
f 3741/3714/3358 3748/3721/3365 3745/3718/3362
f 3747/3720/3364 3749/3722/3366 3746/3719/3363
f 3748/3721/3365 3746/3719/3363 3749/3722/3366
f 3749/3722/3366 3747/3720/3364 3750/3723/3367
f 3751/3724/3368 3749/3722/3366 3750/3723/3367
f 3751/3724/3368 3752/3725/3369 3749/3722/3366
f 3751/3724/3368 3753/3726/3370 3752/3725/3369
f 3749/3722/3366 3754/3727/3371 3748/3721/3365
f 3752/3725/3369 3754/3727/3371 3749/3722/3366
f 3752/3725/3369 3753/3726/3370 3755/3728/3372
f 3753/3726/3370 3756/3729/3373 3755/3728/3372
f 3752/3725/3369 3757/3730/3374 3754/3727/3371
f 3752/3725/3369 3755/3728/3372 3757/3730/3374
f 3754/3727/3371 3758/3731/3375 3748/3721/3365
f 3758/3731/3375 3745/3718/3362 3748/3721/3365
f 3759/3732/3376 3754/3727/3371 3757/3730/3374
f 3758/3731/3375 3754/3727/3371 3759/3732/3376
f 3760/3733/3377 3745/3718/3362 3758/3731/3375
f 3737/3710/3354 3745/3718/3362 3760/3733/3377
f 3758/3731/3375 3761/3734/3378 3760/3733/3377
f 3762/3735/3379 3737/3710/3354 3760/3733/3377
f 3760/3733/3377 3761/3734/3378 3762/3735/3379
f 3761/3734/3378 3758/3731/3375 3763/3736/3380
f 3759/3732/3376 3763/3736/3380 3758/3731/3375
f 3764/3737/3381 3762/3735/3379 3761/3734/3378
f 3764/3737/3381 3761/3734/3378 3763/3736/3380
f 3762/3735/3379 3765/3738/3382 3737/3710/3354
f 3765/3738/3382 3735/3708/3352 3737/3710/3354
f 3765/3738/3382 3733/3706/3350 3735/3708/3352
f 3762/3735/3379 3764/3737/3381 3766/3739/3383
f 3766/3739/3383 3765/3738/3382 3762/3735/3379
f 3765/3738/3382 3767/3740/3384 3733/3706/3350
f 3768/3741/3385 3766/3739/3383 3764/3737/3381
f 3769/3742/3386 3733/3706/3350 3767/3740/3384
f 3769/3742/3386 3730/3703/3347 3733/3706/3350
f 3770/3743/3387 3767/3740/3384 3765/3738/3382
f 3767/3740/3384 3770/3743/3387 3769/3742/3386
f 3765/3738/3382 3766/3739/3383 3771/3744/3388
f 3771/3744/3388 3770/3743/3387 3765/3738/3382
f 3772/3745/3389 3771/3744/3388 3766/3739/3383
f 3772/3745/3389 3766/3739/3383 3768/3741/3385
f 3771/3744/3388 3772/3745/3389 3773/3746/3390
f 3771/3744/3388 3773/3746/3390 3774/3747/3391
f 3770/3743/3387 3771/3744/3388 3774/3747/3391
f 3775/3748/3392 3774/3747/3391 3773/3746/3390
f 3770/3743/3387 3774/3747/3391 3776/3749/3393
f 3770/3743/3387 3776/3749/3393 3769/3742/3386
f 3774/3747/3391 3775/3748/3392 3777/3750/3394
f 3776/3749/3393 3774/3747/3391 3777/3750/3394
f 3775/3748/3392 3778/3751/3395 3777/3750/3394
f 3769/3742/3386 3776/3749/3393 3779/3752/3396
f 3778/3751/3395 3780/3753/3397 3777/3750/3394
f 3781/3754/3398 3780/3753/3397 3778/3751/3395
f 3780/3753/3397 3781/3754/3398 3782/3755/3399
f 3782/3755/3399 3783/3756/3400 3780/3753/3397
f 3776/3749/3393 3777/3750/3394 3784/3757/3401
f 3777/3750/3394 3780/3753/3397 3784/3757/3401
f 3783/3756/3400 3785/3758/3402 3780/3753/3397
f 3780/3753/3397 3785/3758/3402 3784/3757/3401
f 3786/3759/3403 3776/3749/3393 3784/3757/3401
f 3784/3757/3401 3785/3758/3402 3786/3759/3403
f 3776/3749/3393 3786/3759/3403 3779/3752/3396
f 3785/3758/3402 3783/3756/3400 3787/3760/3404
f 3785/3758/3402 3787/3760/3404 3786/3759/3403
f 3787/3760/3404 3783/3756/3400 3788/3761/3405
f 3787/3760/3404 3788/3761/3405 3789/3762/3406
f 3786/3759/3403 3790/3763/3407 3779/3752/3396
f 3779/3752/3396 3790/3763/3407 3769/3742/3386
f 3730/3703/3347 3769/3742/3386 3790/3763/3407
f 3730/3703/3347 3790/3763/3407 3731/3704/3348
f 3791/3764/3408 3790/3763/3407 3786/3759/3403
f 3731/3704/3348 3790/3763/3407 3791/3764/3408
f 3787/3760/3404 3791/3764/3408 3786/3759/3403
f 3792/3765/3409 3731/3704/3348 3791/3764/3408
f 3728/3701/3345 3731/3704/3348 3792/3765/3409
f 3793/3766/3410 3791/3764/3408 3787/3760/3404
f 3791/3764/3408 3793/3766/3410 3792/3765/3409
f 3789/3762/3406 3793/3766/3410 3787/3760/3404
f 3728/3701/3345 3792/3765/3409 3794/3767/3411
f 3789/3762/3406 3795/3768/3412 3793/3766/3410
f 3793/3766/3410 3795/3768/3412 3792/3765/3409
f 3792/3765/3409 3795/3768/3412 3794/3767/3411
f 3795/3768/3412 3789/3762/3406 3796/3769/3413
f 3729/3702/3346 3728/3701/3345 3794/3767/3411
f 3795/3768/3412 3796/3769/3413 3797/3770/3414
f 3797/3770/3414 3794/3767/3411 3795/3768/3412
f 3796/3769/3413 3798/3771/3415 3797/3770/3414
f 3729/3702/3346 3794/3767/3411 3799/3772/3416
f 3797/3770/3414 3799/3772/3416 3794/3767/3411
f 3729/3702/3346 3799/3772/3416 3800/3773/3417
f 3801/3774/3418 3800/3773/3417 3799/3772/3416
f 3798/3771/3415 3802/3775/3419 3797/3770/3414
f 3799/3772/3416 3797/3770/3414 3802/3775/3419
f 3799/3772/3416 3802/3775/3419 3801/3774/3418
f 3798/3771/3415 3803/3776/3420 3802/3775/3419
f 3802/3775/3419 3804/3777/3421 3801/3774/3418
f 3803/3776/3420 3804/3777/3421 3802/3775/3419
f 3805/3778/3422 3806/3779/3423 3807/3780/3424
f 3806/3779/3423 3805/3778/3422 3808/3781/3425
f 3809/3782/3426 3806/3779/3423 3808/3781/3425
f 3808/3781/3425 3805/3778/3422 3810/3783/3427
f 3811/3784/3428 3810/3783/3427 3805/3778/3422
f 3808/3781/3425 3812/3785/3429 3809/3782/3426
f 3812/3785/3429 3808/3781/3425 3810/3783/3427
f 3813/3786/3430 3809/3782/3426 3812/3785/3429
f 3811/3784/3428 3814/3787/3431 3810/3783/3427
f 3814/3787/3431 3811/3784/3428 3815/3788/3432
f 3812/3785/3429 3816/3789/3433 3813/3786/3430
f 3813/3786/3430 3816/3789/3433 3817/3790/3434
f 3810/3783/3427 3818/3791/3435 3812/3785/3429
f 3818/3791/3435 3810/3783/3427 3814/3787/3431
f 3812/3785/3429 3818/3791/3435 3816/3789/3433
f 3815/3788/3432 3819/3792/3436 3814/3787/3431
f 3814/3787/3431 3819/3792/3436 3818/3791/3435
f 3819/3792/3436 3815/3788/3432 3820/3793/3437
f 3821/3794/3438 3817/3790/3434 3816/3789/3433
f 3822/3795/3439 3817/3790/3434 3821/3794/3438
f 3820/3793/3437 3823/3796/3440 3819/3792/3436
f 3823/3796/3440 3820/3793/3437 3824/3797/3441
f 3819/3792/3436 3825/3798/3442 3818/3791/3435
f 3823/3796/3440 3825/3798/3442 3819/3792/3436
f 3818/3791/3435 3826/3799/3443 3816/3789/3433
f 3825/3798/3442 3826/3799/3443 3818/3791/3435
f 3816/3789/3433 3826/3799/3443 3821/3794/3438
f 3824/3797/3441 3827/3800/3444 3823/3796/3440
f 3827/3800/3444 3824/3797/3441 3828/3801/3445
f 3827/3800/3444 3828/3801/3445 3829/3802/3446
f 3830/3803/3447 3825/3798/3442 3823/3796/3440
f 3827/3800/3444 3830/3803/3447 3823/3796/3440
f 3826/3799/3443 3825/3798/3442 3831/3804/3448
f 3825/3798/3442 3830/3803/3447 3831/3804/3448
f 3832/3805/3449 3821/3794/3438 3826/3799/3443
f 3832/3805/3449 3826/3799/3443 3831/3804/3448
f 3821/3794/3438 3833/3806/3450 3822/3795/3439
f 3833/3806/3450 3821/3794/3438 3832/3805/3449
f 3822/3795/3439 3833/3806/3450 3834/3807/3451
f 3835/3808/3452 3832/3805/3449 3831/3804/3448
f 3833/3806/3450 3836/3809/3453 3834/3807/3451
f 3832/3805/3449 3837/3810/3454 3833/3806/3450
f 3837/3810/3454 3836/3809/3453 3833/3806/3450
f 3837/3810/3454 3832/3805/3449 3835/3808/3452
f 3838/3811/3455 3834/3807/3451 3836/3809/3453
f 3834/3807/3451 3838/3811/3455 3839/3812/3456
f 3840/3813/3457 3836/3809/3453 3837/3810/3454
f 3836/3809/3453 3840/3813/3457 3838/3811/3455
f 3839/3812/3456 3838/3811/3455 3841/3814/3458
f 3840/3813/3457 3841/3814/3458 3838/3811/3455
f 3839/3812/3456 3841/3814/3458 3842/3815/3459
f 3841/3814/3458 3843/3816/3460 3842/3815/3459
f 3843/3816/3460 3841/3814/3458 3844/3817/3461
f 3843/3816/3460 3844/3817/3461 3845/3818/3462
f 3841/3814/3458 3840/3813/3457 3846/3819/3463
f 3844/3817/3461 3841/3814/3458 3846/3819/3463
f 3844/3817/3461 3847/3820/3464 3845/3818/3462
f 3845/3818/3462 3847/3820/3464 3848/3821/3465
f 3846/3819/3463 3849/3822/3466 3844/3817/3461
f 3844/3817/3461 3849/3822/3466 3847/3820/3464
f 3847/3820/3464 3850/3823/3467 3848/3821/3465
f 3850/3823/3467 3851/3824/3468 3848/3821/3465
f 3851/3824/3468 3850/3823/3467 3852/3825/3469
f 3847/3820/3464 3853/3826/3470 3850/3823/3467
f 3849/3822/3466 3853/3826/3470 3847/3820/3464
f 3854/3827/3471 3852/3825/3469 3850/3823/3467
f 3853/3826/3470 3854/3827/3471 3850/3823/3467
f 3852/3825/3469 3854/3827/3471 3855/3828/3472
f 3856/3829/3473 3853/3826/3470 3849/3822/3466
f 3856/3829/3473 3854/3827/3471 3853/3826/3470
f 3855/3828/3472 3854/3827/3471 3857/3830/3474
f 3857/3830/3474 3854/3827/3471 3856/3829/3473
f 3857/3830/3474 3858/3831/3475 3855/3828/3472
f 3856/3829/3473 3849/3822/3466 3859/3832/3476
f 3859/3832/3476 3849/3822/3466 3846/3819/3463
f 3860/3833/3477 3858/3831/3475 3857/3830/3474
f 3859/3832/3476 3846/3819/3463 3861/3834/3478
f 3846/3819/3463 3840/3813/3457 3861/3834/3478
f 3862/3835/3479 3858/3831/3475 3860/3833/3477
f 3862/3835/3479 3863/3836/3480 3858/3831/3475
f 3857/3830/3474 3864/3837/3481 3860/3833/3477
f 3864/3837/3481 3857/3830/3474 3856/3829/3473
f 3865/3838/3482 3862/3835/3479 3860/3833/3477
f 3860/3833/3477 3864/3837/3481 3865/3838/3482
f 3863/3836/3480 3862/3835/3479 3866/3839/3483
f 3866/3839/3483 3862/3835/3479 3865/3838/3482
f 3867/3840/3484 3863/3836/3480 3866/3839/3483
f 3867/3840/3484 3866/3839/3483 3868/3841/3485
f 3865/3838/3482 3868/3841/3485 3866/3839/3483
f 3868/3841/3485 3869/3842/3486 3867/3840/3484
f 3868/3841/3485 3865/3838/3482 3870/3843/3487
f 3864/3837/3481 3870/3843/3487 3865/3838/3482
f 3868/3841/3485 3871/3844/3488 3869/3842/3486
f 3870/3843/3487 3871/3844/3488 3868/3841/3485
f 3871/3844/3488 3872/3845/3489 3869/3842/3486
f 3870/3843/3487 3864/3837/3481 3873/3846/3490
f 3872/3845/3489 3871/3844/3488 3874/3847/3491
f 3874/3847/3491 3875/3848/3492 3872/3845/3489
f 3871/3844/3488 3870/3843/3487 3876/3849/3493
f 3871/3844/3488 3876/3849/3493 3874/3847/3491
f 3873/3846/3490 3877/3850/3494 3870/3843/3487
f 3876/3849/3493 3870/3843/3487 3877/3850/3494
f 3864/3837/3481 3878/3851/3495 3873/3846/3490
f 3877/3850/3494 3873/3846/3490 3878/3851/3495
f 3878/3851/3495 3864/3837/3481 3879/3852/3496
f 3879/3852/3496 3864/3837/3481 3856/3829/3473
f 3856/3829/3473 3859/3832/3476 3879/3852/3496
f 3880/3853/3497 3877/3850/3494 3878/3851/3495
f 3879/3852/3496 3880/3853/3497 3878/3851/3495
f 3859/3832/3476 3881/3854/3498 3879/3852/3496
f 3880/3853/3497 3879/3852/3496 3881/3854/3498
f 3881/3854/3498 3859/3832/3476 3861/3834/3478
f 3877/3850/3494 3880/3853/3497 3882/3855/3499
f 3876/3849/3493 3877/3850/3494 3882/3855/3499
f 3880/3853/3497 3881/3854/3498 3883/3856/3500
f 3882/3855/3499 3884/3857/3501 3876/3849/3493
f 3876/3849/3493 3884/3857/3501 3874/3847/3491
f 3885/3858/3502 3882/3855/3499 3880/3853/3497
f 3883/3856/3500 3885/3858/3502 3880/3853/3497
f 3884/3857/3501 3882/3855/3499 3886/3859/3503
f 3882/3855/3499 3885/3858/3502 3886/3859/3503
f 3874/3847/3491 3884/3857/3501 3887/3860/3504
f 3874/3847/3491 3887/3860/3504 3875/3848/3492
f 3887/3860/3504 3888/3861/3505 3875/3848/3492
f 3889/3862/3506 3884/3857/3501 3886/3859/3503
f 3888/3861/3505 3887/3860/3504 3890/3863/3507
f 3888/3861/3505 3890/3863/3507 3891/3864/3508
f 3884/3857/3501 3892/3865/3509 3887/3860/3504
f 3884/3857/3501 3889/3862/3506 3892/3865/3509
f 3887/3860/3504 3892/3865/3509 3890/3863/3507
f 3893/3866/3510 3889/3862/3506 3886/3859/3503
f 3893/3866/3510 3886/3859/3503 3885/3858/3502
f 3894/3867/3511 3892/3865/3509 3889/3862/3506
f 3895/3868/3512 3893/3866/3510 3885/3858/3502
f 3883/3856/3500 3895/3868/3512 3885/3858/3502
f 3894/3867/3511 3896/3869/3513 3892/3865/3509
f 3896/3869/3513 3890/3863/3507 3892/3865/3509
f 3896/3869/3513 3894/3867/3511 3897/3870/3514
f 3898/3871/3515 3896/3869/3513 3897/3870/3514
f 3899/3872/3516 3890/3863/3507 3896/3869/3513
f 3891/3864/3508 3890/3863/3507 3899/3872/3516
f 3900/3873/3517 3891/3864/3508 3899/3872/3516
f 3900/3873/3517 3899/3872/3516 3901/3874/3518
f 3896/3869/3513 3898/3871/3515 3902/3875/3519
f 3899/3872/3516 3896/3869/3513 3902/3875/3519
f 3902/3875/3519 3901/3874/3518 3899/3872/3516
f 3903/3876/3520 3902/3875/3519 3898/3871/3515
f 3901/3874/3518 3902/3875/3519 3904/3877/3521
f 3902/3875/3519 3903/3876/3520 3904/3877/3521
f 3893/3866/3510 3895/3868/3512 3905/3878/3522
f 3893/3866/3510 3905/3878/3522 3906/3879/3523
f 3906/3879/3523 3905/3878/3522 3907/3880/3524
f 3907/3880/3524 3908/3881/3525 3906/3879/3523
f 3909/3882/3526 3905/3878/3522 3895/3868/3512
f 3908/3881/3525 3907/3880/3524 3910/3883/3527
f 3908/3881/3525 3910/3883/3527 3911/3884/3528
f 3912/3885/3529 3907/3880/3524 3905/3878/3522
f 3909/3882/3526 3912/3885/3529 3905/3878/3522
f 3913/3886/3530 3910/3883/3527 3907/3880/3524
f 3912/3885/3529 3913/3886/3530 3907/3880/3524
f 3914/3887/3531 3911/3884/3528 3910/3883/3527
f 3911/3884/3528 3914/3887/3531 3915/3888/3532
f 3915/3888/3532 3914/3887/3531 3916/3889/3533
f 3914/3887/3531 3917/3890/3534 3916/3889/3533
f 3910/3883/3527 3918/3891/3535 3914/3887/3531
f 3918/3891/3535 3910/3883/3527 3913/3886/3530
f 3917/3890/3534 3914/3887/3531 3919/3892/3536
f 3919/3892/3536 3914/3887/3531 3918/3891/3535
f 3917/3890/3534 3919/3892/3536 3920/3893/3537
f 3917/3890/3534 3920/3893/3537 3921/3894/3538
f 3922/3895/3539 3919/3892/3536 3918/3891/3535
f 3919/3892/3536 3922/3895/3539 3920/3893/3537
f 3913/3886/3530 3922/3895/3539 3918/3891/3535
f 3921/3894/3538 3920/3893/3537 3923/3896/3540
f 3922/3895/3539 3913/3886/3530 3924/3897/3541
f 3920/3893/3537 3925/3898/3542 3923/3896/3540
f 3926/3899/3543 3924/3897/3541 3913/3886/3530
f 3913/3886/3530 3912/3885/3529 3926/3899/3543
f 3922/3895/3539 3924/3897/3541 3927/3900/3544
f 3924/3897/3541 3926/3899/3543 3927/3900/3544
f 3920/3893/3537 3922/3895/3539 3928/3901/3545
f 3927/3900/3544 3928/3901/3545 3922/3895/3539
f 3928/3901/3545 3925/3898/3542 3920/3893/3537
f 3912/3885/3529 3929/3902/3546 3926/3899/3543
f 3929/3902/3546 3912/3885/3529 3909/3882/3526
f 3926/3899/3543 3929/3902/3546 3930/3903/3547
f 3909/3882/3526 3930/3903/3547 3929/3902/3546
f 3931/3904/3548 3927/3900/3544 3926/3899/3543
f 3926/3899/3543 3930/3903/3547 3931/3904/3548
f 3927/3900/3544 3932/3905/3549 3928/3901/3545
f 3927/3900/3544 3931/3904/3548 3932/3905/3549
f 3928/3901/3545 3933/3906/3550 3925/3898/3542
f 3933/3906/3550 3928/3901/3545 3932/3905/3549
f 3934/3907/3551 3923/3896/3540 3925/3898/3542
f 3934/3907/3551 3925/3898/3542 3933/3906/3550
f 3923/3896/3540 3934/3907/3551 3935/3908/3552
f 3936/3909/3553 3933/3906/3550 3932/3905/3549
f 3934/3907/3551 3937/3910/3554 3935/3908/3552
f 3935/3908/3552 3937/3910/3554 3938/3911/3555
f 3934/3907/3551 3933/3906/3550 3939/3912/3556
f 3937/3910/3554 3934/3907/3551 3939/3912/3556
f 3936/3909/3553 3939/3912/3556 3933/3906/3550
f 3938/3911/3555 3937/3910/3554 3940/3913/3557
f 3938/3911/3555 3940/3913/3557 3941/3914/3558
f 3941/3914/3558 3940/3913/3557 3942/3915/3559
f 3940/3913/3557 3943/3916/3560 3942/3915/3559
f 3944/3917/3561 3940/3913/3557 3937/3910/3554
f 3944/3917/3561 3943/3916/3560 3940/3913/3557
f 3944/3917/3561 3937/3910/3554 3939/3912/3556
f 3945/3918/3562 3943/3916/3560 3944/3917/3561
f 3946/3919/3563 3945/3918/3562 3944/3917/3561
f 3946/3919/3563 3944/3917/3561 3939/3912/3556
f 3946/3919/3563 3939/3912/3556 3936/3909/3553
f 3947/3920/3564 3946/3919/3563 3936/3909/3553
f 3947/3920/3564 3936/3909/3553 3948/3921/3565
f 3948/3921/3565 3936/3909/3553 3932/3905/3549
f 3829/3802/3446 3947/3920/3564 3948/3921/3565
f 3948/3921/3565 3932/3905/3549 3931/3904/3548
f 3829/3802/3446 3948/3921/3565 3949/3922/3566
f 3949/3922/3566 3948/3921/3565 3931/3904/3548
f 3949/3922/3566 3950/3923/3567 3829/3802/3446
f 3829/3802/3446 3950/3923/3567 3827/3800/3444
f 3830/3803/3447 3827/3800/3444 3950/3923/3567
f 3931/3904/3548 3951/3924/3568 3949/3922/3566
f 3931/3904/3548 3930/3903/3547 3951/3924/3568
f 3950/3923/3567 3949/3922/3566 3952/3925/3569
f 3951/3924/3568 3952/3925/3569 3949/3922/3566
f 3950/3923/3567 3953/3926/3570 3830/3803/3447
f 3952/3925/3569 3953/3926/3570 3950/3923/3567
f 3830/3803/3447 3953/3926/3570 3954/3927/3571
f 3831/3804/3448 3830/3803/3447 3954/3927/3571
f 3954/3927/3571 3835/3808/3452 3831/3804/3448
f 3952/3925/3569 3955/3928/3572 3953/3926/3570
f 3955/3928/3572 3954/3927/3571 3953/3926/3570
f 3956/3929/3573 3952/3925/3569 3951/3924/3568
f 3956/3929/3573 3955/3928/3572 3952/3925/3569
f 3951/3924/3568 3930/3903/3547 3956/3929/3573
f 3955/3928/3572 3957/3930/3574 3954/3927/3571
f 3835/3808/3452 3954/3927/3571 3957/3930/3574
f 3956/3929/3573 3958/3931/3575 3955/3928/3572
f 3958/3931/3575 3957/3930/3574 3955/3928/3572
f 3930/3903/3547 3959/3932/3576 3956/3929/3573
f 3958/3931/3575 3956/3929/3573 3959/3932/3576
f 3909/3882/3526 3959/3932/3576 3930/3903/3547
f 3957/3930/3574 3960/3933/3577 3835/3808/3452
f 3958/3931/3575 3960/3933/3577 3957/3930/3574
f 3835/3808/3452 3960/3933/3577 3837/3810/3454
f 3959/3932/3576 3961/3934/3578 3958/3931/3575
f 3960/3933/3577 3958/3931/3575 3961/3934/3578
f 3909/3882/3526 3961/3934/3578 3959/3932/3576
f 3837/3810/3454 3960/3933/3577 3962/3935/3579
f 3961/3934/3578 3962/3935/3579 3960/3933/3577
f 3837/3810/3454 3962/3935/3579 3840/3813/3457
f 3962/3935/3579 3861/3834/3478 3840/3813/3457
f 3961/3934/3578 3909/3882/3526 3963/3936/3580
f 3895/3868/3512 3963/3936/3580 3909/3882/3526
f 3961/3934/3578 3964/3937/3581 3962/3935/3579
f 3964/3937/3581 3861/3834/3478 3962/3935/3579
f 3963/3936/3580 3964/3937/3581 3961/3934/3578
f 3963/3936/3580 3895/3868/3512 3883/3856/3500
f 3965/3938/3582 3861/3834/3478 3964/3937/3581
f 3965/3938/3582 3964/3937/3581 3963/3936/3580
f 3883/3856/3500 3965/3938/3582 3963/3936/3580
f 3861/3834/3478 3965/3938/3582 3881/3854/3498
f 3883/3856/3500 3881/3854/3498 3965/3938/3582
f 3966/3939/3583 3967/3940/3584 3968/3941/1323
f 3969/3942/3585 3970/3943/3586 3968/3941/1323
f 3968/3941/1323 3967/3940/3584 3971/3944/3587
f 3968/3941/1323 3971/3944/3587 3969/3942/3585
f 3972/3945/3588 3971/3944/3587 3967/3940/3584
f 3971/3944/3587 3973/3946/3589 3969/3942/3585
f 3971/3944/3587 3972/3945/3588 3974/3947/3590
f 3973/3946/3589 3971/3944/3587 3974/3947/3590
f 3972/3945/3588 3975/3948/3591 3974/3947/3590
f 3974/3947/3590 3976/3949/3592 3973/3946/3589
f 3977/3950/3593 3974/3947/3590 3975/3948/3591
f 3976/3949/3592 3974/3947/3590 3977/3950/3593
f 3975/3948/3591 3978/3951/3591 3977/3950/3593
f 3977/3950/3593 3979/3952/3592 3976/3949/3592
f 3978/3951/3591 3980/3953/3594 3977/3950/3593
f 3977/3950/3593 3981/3954/3595 3979/3952/3592
f 3982/3955/3596 3977/3950/3593 3980/3953/3594
f 3982/3955/3596 3981/3954/3595 3977/3950/3593
f 3982/3955/3596 3980/3953/3594 3983/3956/3597
f 3984/3957/3598 3983/3956/3597 3980/3953/3594
f 3981/3954/3595 3982/3955/3596 3985/3958/3599
f 3983/3956/3597 3986/3959/3600 3982/3955/3596
f 3982/3955/3596 3986/3959/3600 3985/3958/3599
f 3986/3959/3600 3983/3956/3597 3987/3960/3601
f 3985/3958/3599 3986/3959/3600 3988/3961/3602
f 3989/3962/3603 3987/3960/3601 3983/3956/3597
f 3983/3956/3597 3984/3957/3598 3989/3962/3603
f 3987/3960/3601 3989/3962/3603 3990/3963/3604
f 3989/3962/3603 3991/3964/3605 3990/3963/3604
f 3992/3965/3606 3985/3958/3599 3988/3961/3602
f 3981/3954/3595 3985/3958/3599 3992/3965/3606
f 3992/3965/3606 3988/3961/3602 3993/3966/3607
f 3994/3967/3608 3981/3954/3595 3992/3965/3606
f 3992/3965/3606 3993/3966/3607 3995/3968/3609
f 3996/3969/3610 3994/3967/3608 3992/3965/3606
f 3996/3969/3610 3992/3965/3606 3995/3968/3609
f 3994/3967/3608 3996/3969/3610 3997/3970/3611
f 3997/3970/3611 3998/3971/3612 3994/3967/3608
f 3997/3970/3611 3999/3972/3612 3998/3971/3612
f 4000/3973/3613 3996/3969/3610 3995/3968/3609
f 3995/3968/3609 4001/3974/3614 4000/3973/3613
f 3997/3970/3611 3996/3969/3610 4002/3975/3615
f 4002/3975/3615 3996/3969/3610 4000/3973/3613
f 4003/3976/3616 3997/3970/3611 4002/3975/3615
f 4004/3977/3616 3997/3970/3611 4003/3976/3616
f 4000/3973/3613 4005/3978/3617 4002/3975/3615
f 4006/3979/3618 3997/3970/3611 4004/3977/3616
f 4006/3979/3618 3999/3972/3612 3997/3970/3611
f 4004/3977/3616 4007/3980/3619 4006/3979/3618
f 3999/3972/3612 4006/3979/3618 4008/3981/3620
f 4007/3980/3619 4009/3982/3621 4006/3979/3618
f 4009/3982/3621 4008/3981/3620 4006/3979/3618
f 4009/3982/3621 4007/3980/3619 4010/3983/3622
f 4008/3981/3620 4009/3982/3621 4011/3984/3623
f 4010/3983/3622 4012/3985/1326 4009/3982/3621
f 4012/3985/1326 4011/3984/3623 4009/3982/3621
f 4012/3985/1326 4010/3983/3622 4013/3986/3624
f 4011/3984/3623 4012/3985/1326 4014/3987/3625
f 4001/3974/3614 4015/3988/3626 4000/3973/3613
f 4005/3978/3617 4000/3973/3613 4015/3988/3626
f 4015/3988/3626 4001/3974/3614 4016/3989/3627
f 4015/3988/3626 4016/3989/3627 4017/3990/3628
f 4018/3991/3629 4005/3978/3617 4015/3988/3626
f 4018/3991/3629 4015/3988/3626 4017/3990/3628
f 4017/3990/3628 4019/3992/3630 4020/3993/3631
f 4020/3993/3631 4018/3991/3629 4017/3990/3628
f 4021/3994/3632 4018/3991/3629 4020/3993/3631
f 4005/3978/3617 4018/3991/3629 4022/3995/3633
f 4022/3995/3633 4018/3991/3629 4021/3994/3632
f 4022/3995/3633 4023/3996/3634 4005/3978/3617
f 4024/3997/3635 4022/3995/3633 4021/3994/3632
f 4022/3995/3633 4025/3998/3634 4023/3996/3634
f 4026/3999/3635 4022/3995/3633 4024/3997/3635
f 4027/4000/3636 4025/3998/3634 4022/3995/3633
f 4027/4000/3636 4022/3995/3633 4026/3999/3635
f 4025/3998/3634 4027/4000/3636 4028/4001/3637
f 4026/3999/3635 4029/4002/3638 4027/4000/3636
f 4030/4003/3639 4028/4001/3637 4027/4000/3636
f 4029/4002/3638 4030/4003/3639 4027/4000/3636
f 4028/4001/3637 4030/4003/3639 4031/4004/3640
f 4030/4003/3639 4029/4002/3638 4032/4005/3641
f 4033/4006/1308 4031/4004/3640 4030/4003/3639
f 4032/4005/3641 4033/4006/1308 4030/4003/3639
f 4031/4004/3640 4033/4006/1308 4034/4007/3642
f 4033/4006/1308 4032/4005/3641 4035/4008/3643
f 4020/4009/3631 4019/4010/3630 4036/4011/3644
f 4037/4012/3645 4020/4009/3631 4036/4011/3644
f 3991/3964/3605 4037/4012/3645 4036/4011/3644
f 4038/4013/3646 4021/4014/3632 4020/4009/3631
f 4038/4013/3646 4020/4009/3631 4037/4012/3645
f 4037/4012/3645 3991/3964/3605 4039/4015/3647
f 4039/4015/3647 4038/4013/3646 4037/4012/3645
f 4039/4015/3647 3991/3964/3605 3989/3962/3603
f 3984/3957/3598 4039/4015/3647 3989/3962/3603
f 4039/4015/3647 4040/4016/3648 4038/4013/3646
f 4039/4015/3647 3984/3957/3598 4040/4016/3648
f 4041/4017/3649 4038/4013/3646 4040/4016/3648
f 4040/4016/3648 3984/3957/3598 4042/4018/3650
f 4043/4019/3649 4041/4017/3649 4040/4016/3648
f 4040/4016/3648 4042/4018/3650 4044/4020/3650
f 4040/4016/3648 4045/4021/3651 4043/4019/3649
f 4044/4020/3650 4045/4021/3651 4040/4016/3648
f 4046/4022/3652 4043/4019/3649 4045/4021/3651
f 4045/4021/3651 4044/4020/3650 4047/4023/3653
f 4048/4024/3654 4046/4022/3652 4045/4021/3651
f 4047/4023/3653 4048/4024/3654 4045/4021/3651
f 4046/4022/3652 4048/4024/3654 4049/4025/3655
f 4048/4024/3654 4047/4023/3653 4050/4026/3656
f 4051/4027/1280 4049/4025/3655 4048/4024/3654
f 4051/4027/1280 4048/4024/3654 4050/4026/3656
f 4052/4028/3657 4049/4025/3655 4051/4027/1280
f 4050/4026/3656 4053/4029/3658 4051/4027/1280
f 4054/4030/1308 4055/4031/3659 4056/4032/3660
f 4055/4031/3659 4054/4030/1308 4057/4033/1308
f 4055/4031/3659 4057/4033/1308 4058/4034/3661
f 4058/4034/3661 4059/4035/1308 4060/4036/3662
f 4057/4033/1308 4059/4035/1308 4058/4034/3661
f 4054/4030/1308 4061/4037/3663 4057/4033/1308
f 4054/4030/1308 4062/4038/3664 4061/4037/3663
f 4063/4039/3665 4059/4035/1308 4057/4033/1308
f 4057/4033/1308 4061/4037/3663 4063/4039/3665
f 4059/4035/1308 4063/4039/3665 4064/4040/3666
f 4065/4041/1328 4061/4037/3663 4062/4038/3664
f 4066/4042/3667 4064/4040/3666 4063/4039/3665
f 4064/4040/3666 4066/4042/3667 4067/4043/3668
f 4066/4042/3667 4068/4044/3669 4067/4043/3668
f 4063/4039/3665 4061/4037/3663 4069/4045/3670
f 4069/4045/3670 4066/4042/3667 4063/4039/3665
f 4061/4037/3663 4065/4041/1328 4070/4046/3671
f 4061/4037/3663 4070/4046/3671 4069/4045/3670
f 4071/4047/1326 4070/4046/3671 4065/4041/1328
f 4066/4042/3667 4069/4045/3670 4072/4048/3672
f 4072/4048/3672 4068/4044/3669 4066/4042/3667
f 4070/4046/3671 4072/4048/3672 4069/4045/3670
f 4072/4048/3672 4073/4049/1326 4068/4044/3669
f 4074/4050/1326 4072/4048/3672 4070/4046/3671
f 4074/4050/1326 4073/4049/1326 4072/4048/3672
f 4070/4046/3671 4071/4047/1326 4074/4050/1326
f 4075/4051/3673 4073/4049/1326 4074/4050/1326
f 4073/4049/1326 4075/4051/3673 4076/4052/3674
f 4071/4047/1326 4077/4053/3675 4074/4050/1326
f 4074/4050/1326 4077/4053/3675 4075/4051/3673
f 4071/4047/1326 4078/4054/1325 4077/4053/3675
f 4079/4055/1324 4077/4053/3675 4078/4054/1325
f 4080/4056/3676 4076/4052/3674 4075/4051/3673
f 4076/4052/3674 4080/4056/3676 4081/4057/3677
f 4080/4056/3676 4082/4058/3678 4081/4057/3677
f 4075/4051/3673 4077/4053/3675 4083/4059/3679
f 4083/4059/3679 4080/4056/3676 4075/4051/3673
f 4077/4053/3675 4079/4055/1324 4084/4060/3680
f 4084/4060/3680 4083/4059/3679 4077/4053/3675
f 4085/4061/1323 4084/4060/3680 4079/4055/1324
f 4080/4056/3676 4083/4059/3679 4086/4062/3681
f 4082/4058/3678 4080/4056/3676 4086/4062/3681
f 4086/4062/3681 4083/4059/3679 4084/4060/3680
f 4086/4062/3681 4087/4063/1323 4082/4058/3678
f 4088/4064/1323 4086/4062/3681 4084/4060/3680
f 4087/4063/1323 4086/4062/3681 4088/4064/1323
f 4085/4061/1323 4088/4064/1323 4084/4060/3680
f 4087/4063/1323 4088/4064/1323 4089/4065/3682
f 4087/4063/1323 4089/4065/3682 4090/4066/3683
f 4085/4061/1323 4091/4067/3684 4088/4064/1323
f 4088/4064/1323 4091/4067/3684 4089/4065/3682
f 4091/4067/3684 4085/4061/1323 4092/4068/1321
f 4093/4069/3685 4090/4066/3683 4089/4065/3682
f 4090/4066/3683 4093/4069/3685 4094/4070/3686
f 4093/4069/3685 4095/4071/3687 4094/4070/3686
f 4091/4067/3684 4096/4072/3688 4089/4065/3682
f 4089/4065/3682 4096/4072/3688 4093/4069/3685
f 4097/4073/3689 4095/4071/3687 4093/4069/3685
f 4096/4072/3688 4097/4073/3689 4093/4069/3685
f 4097/4073/3689 4098/4074/1280 4095/4071/3687
f 4099/4075/3690 4096/4072/3688 4091/4067/3684
f 4097/4073/3689 4096/4072/3688 4099/4075/3690
f 4092/4068/1321 4099/4075/3690 4091/4067/3684
f 4092/4068/1321 4100/4076/3691 4099/4075/3690
f 4101/4077/1280 4099/4075/3690 4100/4076/3691
f 4102/4078/1280 4097/4073/3689 4099/4075/3690
f 4101/4077/1280 4102/4078/1280 4099/4075/3690
f 4098/4074/1280 4097/4073/3689 4102/4078/1280
f 4101/4077/1280 4103/4079/3692 4102/4078/1280
f 4103/4079/3692 4101/4077/1280 4104/4080/3693
f 4056/4081/3660 4103/4079/3692 4104/4080/3693
f 4103/4079/3692 4056/4081/3660 4055/4082/3659
f 4098/4074/1280 4102/4078/1280 4105/4083/3694
f 4103/4079/3692 4105/4083/3694 4102/4078/1280
f 4098/4074/1280 4105/4083/3694 4106/4084/3695
f 4107/4085/3696 4103/4079/3692 4055/4082/3659
f 4105/4083/3694 4103/4079/3692 4107/4085/3696
f 4058/4086/3661 4107/4085/3696 4055/4082/3659
f 4108/4087/3697 4106/4084/3695 4105/4083/3694
f 4107/4085/3696 4108/4087/3697 4105/4083/3694
f 4108/4087/3697 4107/4085/3696 4058/4086/3661
f 4106/4084/3695 4108/4087/3697 4109/4088/3698
f 4060/4089/3662 4108/4087/3697 4058/4086/3661
f 4108/4087/3697 4060/4089/3662 4109/4088/3698
f 4110/4090/3699 4111/4091/3700 4112/4092/3701
f 4111/4091/3700 4110/4090/3699 4113/4093/3702
f 4114/4094/3703 4113/4093/3702 4110/4090/3699
f 4115/4095/3704 4111/4091/3700 4113/4093/3702
f 4116/4096/3705 4113/4093/3702 4114/4094/3703
f 4115/4095/3704 4113/4093/3702 4116/4096/3705
f 4116/4096/3705 4114/4094/3703 4117/4097/3706
f 4118/4098/3707 4116/4096/3705 4117/4097/3706
f 4119/4099/3708 4116/4096/3705 4118/4098/3707
f 4120/4100/3709 4116/4096/3705 4119/4099/3708
f 4116/4096/3705 4120/4100/3709 4121/4101/3710
f 4115/4095/3704 4116/4096/3705 4121/4101/3710
f 4122/4102/3711 4111/4091/3700 4115/4095/3704
f 4122/4102/3711 4115/4095/3704 4123/4103/3712
f 4124/4104/3713 4111/4091/3700 4122/4102/3711
f 4123/4103/3712 4125/4105/3714 4122/4102/3711
f 4126/4106/3715 4124/4104/3713 4122/4102/3711
f 4125/4105/3714 4126/4106/3715 4122/4102/3711
f 4127/4107/3716 4124/4104/3713 4126/4106/3715
f 4125/4105/3714 4128/4108/3717 4126/4106/3715
f 4128/4108/3717 4127/4107/3716 4126/4106/3715
f 4128/4108/3717 4129/4109/3718 4127/4107/3716
f 4129/4109/3718 4130/4110/3719 4127/4107/3716
f 4128/4108/3717 4131/4111/3720 4129/4109/3718
f 4130/4110/3719 4129/4109/3718 4132/4112/1323
f 4131/4111/3720 4133/4113/3721 4129/4109/3718
f 4133/4113/3721 4131/4111/3720 4134/4114/3722
f 4133/4113/3721 4134/4114/3722 4135/4115/3723
f 4132/4112/1323 4129/4109/3718 4136/4116/3724
f 4133/4113/3721 4136/4116/3724 4129/4109/3718
f 4136/4116/3724 4133/4113/3721 4135/4115/3723
f 4137/4117/3725 4132/4112/1323 4136/4116/3724
f 4138/4118/3726 4136/4116/3724 4135/4115/3723
f 4139/4119/3727 4137/4117/3725 4136/4116/3724
f 4138/4118/3726 4140/4120/3728 4136/4116/3724
f 4141/4121/3729 4139/4119/3727 4136/4116/3724
f 4140/4120/3728 4142/4122/3730 4136/4116/3724
f 4141/4121/3729 4136/4116/3724 4143/4123/3731
f 4142/4122/3730 4144/4124/3732 4136/4116/3724
f 4143/4123/3731 4136/4116/3724 4145/4125/3733
f 4145/4125/3733 4136/4116/3724 4144/4124/3732
f 4146/4126/3734 4147/4127/3735 4148/4128/3736
f 4147/4127/3735 4146/4126/3734 4149/4129/3737
f 4150/4130/3738 4147/4127/3735 4149/4129/3737
f 4151/4131/3739 4149/4129/3737 4146/4126/3734
f 4149/4129/3737 4152/4132/3740 4150/4130/3738
f 4151/4131/3739 4152/4132/3740 4149/4129/3737
f 4152/4132/3740 4153/4133/3741 4150/4130/3738
f 4154/4134/3742 4153/4133/3741 4152/4132/3740
f 4155/4135/3743 4154/4134/3742 4152/4132/3740
f 4156/4136/3744 4155/4135/3743 4152/4132/3740
f 4152/4132/3740 4157/4137/3745 4156/4136/3744
f 4151/4131/3739 4157/4137/3745 4152/4132/3740
f 4158/4138/3746 4151/4131/3739 4146/4126/3734
f 4158/4138/3746 4159/4139/3747 4151/4131/3739
f 4160/4140/3748 4158/4138/3746 4146/4126/3734
f 4159/4139/3747 4158/4138/3746 4161/4141/3749
f 4162/4142/3750 4158/4138/3746 4160/4140/3748
f 4161/4141/3749 4158/4138/3746 4162/4142/3750
f 4163/4143/3751 4162/4142/3750 4160/4140/3748
f 4161/4141/3749 4162/4142/3750 4164/4144/3752
f 4164/4144/3752 4162/4142/3750 4163/4143/3751
f 4164/4144/3752 4163/4143/3751 4165/4145/3753
f 4165/4145/3753 4163/4143/3751 4166/4146/3754
f 4164/4144/3752 4165/4145/3753 4167/4147/3755
f 4168/4148/1326 4165/4145/3753 4166/4146/3754
f 4167/4147/3755 4165/4145/3753 4169/4149/3756
f 4169/4149/3756 4170/4150/3757 4167/4147/3755
f 4169/4149/3756 4171/4151/3758 4170/4150/3757
f 4165/4145/3753 4168/4148/1326 4172/4152/3759
f 4169/4149/3756 4165/4145/3753 4172/4152/3759
f 4172/4152/3759 4171/4151/3758 4169/4149/3756
f 4173/4153/3760 4172/4152/3759 4168/4148/1326
f 4174/4154/3761 4171/4151/3758 4172/4152/3759
f 4175/4155/3762 4172/4152/3759 4173/4153/3760
f 4174/4154/3761 4172/4152/3759 4176/4156/3763
f 4177/4157/3764 4172/4152/3759 4175/4155/3762
f 4176/4156/3763 4172/4152/3759 4178/4158/3765
f 4177/4157/3764 4179/4159/3766 4172/4152/3759
f 4178/4158/3765 4172/4152/3759 4180/4160/3767
f 4172/4152/3759 4179/4159/3766 4181/4161/3768
f 4172/4152/3759 4181/4161/3768 4180/4160/3767
f 4182/4162/3769 4183/4163/3770 4184/4164/3771
f 4185/4165/3772 4183/4163/3770 4182/4162/3769
f 4182/4162/3769 4184/4164/3771 4186/4166/3773
f 4185/4165/3772 4182/4162/3769 4186/4166/3773
f 4187/4167/3774 4188/4168/3775 4189/4169/3776
f 4187/4167/3774 4190/4170/3777 4188/4168/3775
f 4187/4167/3774 4189/4169/3776 4191/4171/3778
f 4187/4167/3774 4191/4171/3778 4190/4170/3777
f 4192/4172/3779 4193/4173/3780 4194/4174/3781
f 4192/4172/3779 4194/4174/3781 4195/4175/3782
f 4192/4172/3779 4196/4176/3783 4193/4173/3780
f 4192/4172/3779 4195/4175/3782 4196/4176/3783
f 4197/4177/3784 4198/4178/3785 4199/4179/3786
f 4197/4177/3784 4199/4179/3786 4200/4180/3787
f 4197/4177/3784 4201/4181/3788 4198/4178/3785
f 4197/4177/3784 4200/4180/3787 4201/4181/3788
f 4202/4182/3789 4203/4183/3790 4204/4184/3791
f 4202/4182/3789 4204/4184/3791 4205/4185/3792
f 4202/4182/3789 4206/4186/3793 4203/4183/3790
f 4202/4182/3789 4205/4185/3792 4206/4186/3793
f 4207/4187/3794 4208/4188/3795 4209/4189/3796
f 4207/4187/3794 4209/4189/3796 4210/4190/3797
f 4207/4187/3794 4211/4191/3798 4208/4188/3795
f 4207/4187/3794 4210/4190/3797 4211/4191/3798
f 4212/4192/3799 4213/4193/3800 4214/4194/3801
f 4212/4192/3799 4214/4194/3801 4215/4195/3802
f 4212/4192/3799 4216/4196/3803 4213/4193/3800
f 4212/4192/3799 4215/4195/3802 4216/4196/3803
f 4217/4197/3804 4218/4198/3805 4219/4199/3806
f 4217/4197/3804 4220/4200/3807 4218/4198/3805
f 4217/4197/3804 4219/4199/3806 4221/4201/3808
f 4217/4197/3804 4221/4201/3808 4220/4200/3807
f 4222/4202/3809 4223/4203/3810 4224/4204/3811
f 4222/4202/3809 4225/4205/3812 4223/4203/3810
f 4222/4202/3809 4224/4204/3811 4226/4206/3813
f 4222/4202/3809 4226/4206/3813 4225/4205/3812
f 4227/4207/3814 4228/4208/3815 4229/4209/3816
f 4227/4207/3814 4230/4210/3817 4228/4208/3815
f 4227/4207/3814 4229/4209/3816 4231/4211/3818
f 4227/4207/3814 4231/4211/3818 4230/4210/3817
f 4232/4212/3819 4233/4213/3820 4234/4214/3821
f 4232/4212/3819 4234/4214/3821 4235/4215/3822
f 4232/4212/3819 4236/4216/3823 4233/4213/3820
f 4232/4212/3819 4235/4215/3822 4236/4216/3823
f 4237/4217/3824 4238/4218/3825 4239/4219/3826
f 4237/4217/3824 4239/4219/3826 4240/4220/3827
f 4237/4217/3824 4241/4221/3828 4238/4218/3825
f 4237/4217/3824 4240/4220/3827 4241/4221/3828
f 4242/4222/3829 4243/4223/3830 4244/4224/3831
f 4242/4222/3829 4244/4224/3831 4245/4225/3832
f 4242/4222/3829 4246/4226/3833 4243/4223/3830
f 4242/4222/3829 4245/4225/3832 4246/4226/3833
f 4247/4227/3834 4248/4228/3835 4249/4229/3836
f 4247/4227/3834 4250/4230/3837 4248/4228/3835
f 4247/4227/3834 4249/4229/3836 4251/4231/3838
f 4247/4227/3834 4251/4231/3838 4250/4230/3837
f 4252/4232/3839 4253/4233/3840 4254/4234/3841
f 4252/4232/3839 4255/4235/3842 4253/4233/3840
f 4252/4232/3839 4254/4234/3841 4256/4236/3843
f 4252/4232/3839 4256/4236/3843 4255/4235/3842
f 4257/4237/3844 4258/4238/3845 4259/4239/3846
f 4257/4237/3844 4260/4240/3847 4258/4238/3845
f 4257/4237/3844 4259/4239/3846 4261/4241/3848
f 4257/4237/3844 4261/4241/3848 4260/4240/3847
f 4262/4242/3849 4263/4243/3850 4264/4244/3851
f 4262/4242/3849 4265/4245/3852 4263/4243/3850
f 4262/4242/3849 4264/4244/3851 4266/4246/3853
f 4262/4242/3849 4266/4246/3853 4265/4245/3852
f 4267/4247/3854 4268/4248/3855 4269/4249/3856
f 4267/4247/3854 4270/4250/3857 4268/4248/3855
f 4267/4247/3854 4269/4249/3856 4271/4251/3858
f 4267/4247/3854 4271/4251/3858 4270/4250/3857
f 4272/4252/3859 4273/4253/3860 4274/4254/3861
f 4274/4254/3861 4275/4255/3862 4272/4252/3859
f 4274/4254/3861 4273/4253/3860 4276/4256/3863
f 4275/4255/3862 4274/4254/3861 4277/4257/3864
f 4276/4256/3863 4277/4257/3864 4274/4254/3861
f 4277/4257/3864 4276/4256/3863 4278/4258/3865
f 4279/4259/3866 4275/4255/3862 4277/4257/3864
f 4277/4257/3864 4278/4258/3865 4280/4260/3867
f 4277/4257/3864 4281/4261/3868 4279/4259/3866
f 4279/4259/3866 4281/4261/3868 4282/4262/3869
f 4281/4261/3868 4283/4263/3870 4282/4262/3869
f 4283/4263/3870 4281/4261/3868 4284/4264/3871
f 4281/4261/3868 4285/4265/3872 4284/4264/3871
f 4285/4265/3872 4281/4261/3868 4277/4257/3864
f 4277/4257/3864 4286/4266/3873 4285/4265/3872
f 4277/4257/3864 4287/4267/3874 4286/4266/3873
f 4287/4267/3874 4277/4257/3864 4288/4268/3875
f 4287/4267/3874 4288/4268/3875 4289/4269/3876
f 4288/4268/3875 4290/4270/3877 4289/4269/3876
f 4290/4270/3877 4288/4268/3875 4291/4271/3878
f 4292/4272/3879 4290/4270/3877 4291/4271/3878
f 4291/4271/3878 4288/4268/3875 4293/4273/3880
f 4294/4274/3881 4292/4272/3879 4291/4271/3878
f 4288/4268/3875 4295/4275/3882 4293/4273/3880
f 4292/4272/3879 4294/4274/3881 4296/4276/3883
f 4288/4268/3875 4277/4257/3864 4295/4275/3882
f 4294/4274/3881 4297/4277/3884 4296/4276/3883
f 4297/4277/3884 4298/4278/3885 4296/4276/3883
f 4299/4279/3886 4298/4278/3885 4297/4277/3884
f 4300/4280/3887 4295/4275/3882 4277/4257/3864
f 4300/4280/3887 4277/4257/3864 4280/4260/3867
f 4295/4275/3882 4300/4280/3887 4301/4281/3888
f 4300/4280/3887 4297/4277/3884 4301/4281/3888
f 4300/4280/3887 4280/4260/3867 4302/4282/3889
f 4299/4279/3886 4297/4277/3884 4303/4283/3890
f 4297/4277/3884 4300/4280/3887 4303/4283/3890
f 4302/4282/3889 4303/4283/3890 4300/4280/3887
f 4304/4284/3891 4299/4279/3886 4303/4283/3890
f 4305/4285/3892 4303/4283/3890 4302/4282/3889
f 4304/4284/3891 4303/4283/3890 4305/4285/3892
f 4306/4286/3893 4307/4287/3894 4308/4288/3895
f 4309/4289/3896 4307/4287/3894 4306/4286/3893
f 4307/4287/3894 4310/4290/3897 4308/4288/3895
f 4307/4287/3894 4309/4289/3896 4311/4291/3898
f 4311/4291/3898 4310/4290/3897 4307/4287/3894
f 4310/4290/3897 4311/4291/3898 4312/4292/3899
f 4311/4291/3898 4309/4289/3896 4313/4293/3900
f 4311/4291/3898 4314/4294/3901 4312/4292/3899
f 4311/4291/3898 4313/4293/3900 4315/4295/3902
f 4315/4295/3902 4313/4293/3900 4316/4296/3903
f 4315/4295/3902 4316/4296/3903 4317/4297/3904
f 4317/4297/3904 4318/4298/3905 4315/4295/3902
f 4319/4299/3906 4315/4295/3902 4318/4298/3905
f 4315/4295/3902 4319/4299/3906 4311/4291/3898
f 4319/4299/3906 4320/4300/3907 4311/4291/3898
f 4311/4291/3898 4320/4300/3907 4321/4301/3908
f 4311/4291/3898 4321/4301/3908 4322/4302/3909
f 4322/4302/3909 4321/4301/3908 4323/4303/3910
f 4322/4302/3909 4323/4303/3910 4324/4304/3911
f 4325/4305/3912 4322/4302/3909 4324/4304/3911
f 4324/4304/3911 4326/4306/3913 4325/4305/3912
f 4325/4305/3912 4327/4307/3914 4322/4302/3909
f 4328/4308/3915 4325/4305/3912 4326/4306/3913
f 4327/4307/3914 4329/4309/3916 4322/4302/3909
f 4329/4309/3916 4311/4291/3898 4322/4302/3909
f 4326/4306/3913 4330/4310/3917 4328/4308/3915
f 4330/4310/3917 4331/4311/3918 4328/4308/3915
f 4330/4310/3917 4332/4312/3919 4331/4311/3918
f 4331/4311/3918 4332/4312/3919 4333/4313/3920
f 4329/4309/3916 4334/4314/3921 4311/4291/3898
f 4314/4294/3901 4311/4291/3898 4334/4314/3921
f 4334/4314/3921 4329/4309/3916 4335/4315/3922
f 4334/4314/3921 4335/4315/3922 4331/4311/3918
f 4314/4294/3901 4334/4314/3921 4336/4316/3923
f 4337/4317/3924 4331/4311/3918 4333/4313/3920
f 4331/4311/3918 4337/4317/3924 4334/4314/3921
f 4336/4316/3923 4334/4314/3921 4337/4317/3924
f 4338/4318/3925 4337/4317/3924 4333/4313/3920
f 4339/4319/3926 4336/4316/3923 4337/4317/3924
f 4338/4318/3925 4339/4319/3926 4337/4317/3924
f 4340/4320/3927 4341/4321/3928 4342/4322/3929
f 4341/4321/3928 4340/4320/3927 4343/4323/3930
f 4341/4321/3928 4344/4324/3931 4342/4322/3929
f 4343/4323/3930 4345/4325/3932 4341/4321/3928
f 4345/4325/3932 4344/4324/3931 4341/4321/3928
f 4346/4326/3933 4347/4327/3934 4348/4328/3935
f 4346/4326/3933 4349/4329/3936 4347/4327/3934
f 4346/4326/3933 4348/4328/3935 4350/4330/3937
f 4346/4326/3933 4351/4331/3938 4349/4329/3936
f 4351/4331/3938 4346/4326/3933 4350/4330/3937
f 4351/4331/3938 4352/4332/3939 4349/4329/3936
f 4353/4333/3940 4351/4331/3938 4350/4330/3937
f 4351/4331/3938 4354/4334/3941 4352/4332/3939
f 4351/4331/3938 4353/4333/3940 4354/4334/3941
f 4355/4335/3942 4356/4336/3943 4357/4337/3944
f 4355/4335/3942 4358/4338/3945 4356/4336/3943
f 4359/4339/3946 4357/4337/3944 4356/4336/3943
f 4358/4338/3945 4360/4340/3947 4356/4336/3943
f 4360/4340/3947 4359/4339/3946 4356/4336/3943
f 4361/4341/3948 4362/4342/3949 4363/4343/3950
f 4364/4344/3951 4362/4342/3949 4361/4341/3948
f 4361/4341/3948 4363/4343/3950 4365/4345/3952
f 4366/4346/3953 4364/4344/3951 4361/4341/3948
f 4364/4344/3951 4366/4346/3953 4367/4347/3954
f 4368/4348/3955 4367/4347/3954 4366/4346/3953
f 4361/4341/3948 4365/4345/3952 4369/4349/3956
f 4366/4346/3953 4361/4341/3948 4369/4349/3956
f 4365/4345/3952 4370/4350/3957 4369/4349/3956
f 4370/4350/3957 4365/4345/3952 4371/4351/3958
f 4371/4351/3958 4372/4352/3959 4370/4350/3957
f 4366/4346/3953 4369/4349/3956 4373/4353/3960
f 4370/4350/3957 4372/4352/3959 4374/4354/3961
f 4375/4355/3962 4374/4354/3961 4372/4352/3959
f 4376/4356/3963 4369/4349/3956 4370/4350/3957
f 4370/4350/3957 4374/4354/3961 4376/4356/3963
f 4369/4349/3956 4376/4356/3963 4373/4353/3960
f 4374/4354/3961 4375/4355/3962 4377/4357/3964
f 4376/4356/3963 4374/4354/3961 4378/4358/3965
f 4374/4354/3961 4377/4357/3964 4378/4358/3965
f 4379/4359/3966 4373/4353/3960 4376/4356/3963
f 4376/4356/3963 4378/4358/3965 4379/4359/3966
f 4366/4346/3953 4373/4353/3960 4380/4360/3967
f 4368/4348/3955 4366/4346/3953 4380/4360/3967
f 4381/4361/3968 4380/4360/3967 4373/4353/3960
f 4381/4361/3968 4373/4353/3960 4379/4359/3966
f 4382/4362/3969 4368/4348/3955 4380/4360/3967
f 4380/4360/3967 4381/4361/3968 4382/4362/3969
f 4368/4348/3955 4382/4362/3969 4383/4363/3970
f 4384/4364/3971 4383/4363/3970 4382/4362/3969
f 4383/4363/3970 4384/4364/3971 4385/4365/3972
f 4386/4366/3973 4382/4362/3969 4381/4361/3968
f 4384/4364/3971 4382/4362/3969 4386/4366/3973
f 4387/4367/3974 4385/4365/3972 4384/4364/3971
f 4384/4364/3971 4386/4366/3973 4387/4367/3974
f 4385/4365/3972 4387/4367/3974 4388/4368/3975
f 4387/4367/3974 4389/4369/3976 4388/4368/3975
f 4387/4367/3974 4390/4370/3977 4389/4369/3976
f 4386/4366/3973 4381/4361/3968 4391/4371/3978
f 4379/4359/3966 4391/4371/3978 4381/4361/3968
f 4392/4372/3979 4387/4367/3974 4386/4366/3973
f 4391/4371/3978 4392/4372/3979 4386/4366/3973
f 4387/4367/3974 4392/4372/3979 4390/4370/3977
f 4391/4371/3978 4379/4359/3966 4393/4373/3980
f 4378/4358/3965 4393/4373/3980 4379/4359/3966
f 4392/4372/3979 4391/4371/3978 4394/4374/3981
f 4394/4374/3981 4391/4371/3978 4393/4373/3980
f 4395/4375/3982 4390/4370/3977 4392/4372/3979
f 4394/4374/3981 4395/4375/3982 4392/4372/3979
f 4390/4370/3977 4395/4375/3982 4396/4376/3983
f 4397/4377/3984 4390/4370/3977 4396/4376/3983
f 4395/4375/3982 4394/4374/3981 4398/4378/3985
f 4396/4376/3983 4395/4375/3982 4399/4379/3986
f 4398/4378/3985 4399/4379/3986 4395/4375/3982
f 4398/4378/3985 4394/4374/3981 4400/4380/3987
f 4394/4374/3981 4393/4373/3980 4400/4380/3987
f 4399/4379/3986 4398/4378/3985 4401/4381/3988
f 4398/4378/3985 4400/4380/3987 4401/4381/3988
f 4402/4382/3989 4396/4376/3983 4399/4379/3986
f 4401/4381/3988 4403/4383/3990 4399/4379/3986
f 4402/4382/3989 4399/4379/3986 4403/4383/3990
f 4404/4384/3991 4401/4381/3988 4400/4380/3987
f 4401/4381/3988 4404/4384/3991 4403/4383/3990
f 4405/4385/3992 4396/4376/3983 4402/4382/3989
f 4397/4377/3984 4396/4376/3983 4405/4385/3992
f 4403/4383/3990 4406/4386/3993 4402/4382/3989
f 4406/4386/3993 4405/4385/3992 4402/4382/3989
f 4407/4387/3994 4406/4386/3993 4403/4383/3990
f 4404/4384/3991 4407/4387/3994 4403/4383/3990
f 4408/4388/3995 4405/4385/3992 4406/4386/3993
f 4408/4388/3995 4406/4386/3993 4407/4387/3994
f 4409/4389/3996 4397/4377/3984 4405/4385/3992
f 4397/4377/3984 4409/4389/3996 4410/4390/3997
f 4411/4391/3998 4410/4390/3997 4409/4389/3996
f 4408/4388/3995 4412/4392/3999 4405/4385/3992
f 4409/4389/3996 4405/4385/3992 4413/4393/4000
f 4413/4393/4000 4405/4385/3992 4412/4392/3999
f 4412/4392/3999 4408/4388/3995 4414/4394/4001
f 4408/4388/3995 4407/4387/3994 4414/4394/4001
f 4415/4395/4002 4413/4393/4000 4412/4392/3999
f 4414/4394/4001 4415/4395/4002 4412/4392/3999
f 4413/4393/4000 4416/4396/4003 4409/4389/3996
f 4414/4394/4001 4417/4397/4004 4415/4395/4002
f 4417/4397/4004 4414/4394/4001 4407/4387/3994
f 4415/4395/4002 4418/4398/4005 4413/4393/4000
f 4418/4398/4005 4415/4395/4002 4417/4397/4004
f 4416/4396/4003 4413/4393/4000 4418/4398/4005
f 4417/4397/4004 4407/4387/3994 4419/4399/4006
f 4419/4399/4006 4407/4387/3994 4404/4384/3991
f 4418/4398/4005 4417/4397/4004 4420/4400/4007
f 4416/4396/4003 4418/4398/4005 4420/4400/4007
f 4416/4396/4003 4421/4401/4008 4409/4389/3996
f 4420/4400/4007 4421/4401/4008 4416/4396/4003
f 4409/4389/3996 4421/4401/4008 4411/4391/3998
f 4417/4397/4004 4422/4402/4009 4420/4400/4007
f 4417/4397/4004 4419/4399/4006 4422/4402/4009
f 4423/4403/4010 4421/4401/4008 4420/4400/4007
f 4420/4400/4007 4422/4402/4009 4423/4403/4010
f 4424/4404/4011 4411/4391/3998 4421/4401/4008
f 4424/4404/4011 4421/4401/4008 4423/4403/4010
f 4411/4391/3998 4424/4404/4011 4425/4405/4012
f 4425/4405/4012 4424/4404/4011 4426/4406/4013
f 4427/4407/4014 4426/4406/4013 4424/4404/4011
f 4423/4403/4010 4428/4408/4015 4424/4404/4011
f 4422/4402/4009 4428/4408/4015 4423/4403/4010
f 4424/4404/4011 4429/4409/4016 4427/4407/4014
f 4424/4404/4011 4428/4408/4015 4429/4409/4016
f 4429/4409/4016 4430/4410/4017 4427/4407/4014
f 4428/4408/4015 4422/4402/4009 4431/4411/4018
f 4429/4409/4016 4432/4412/4019 4430/4410/4017
f 4430/4410/4017 4432/4412/4019 4433/4413/4020
f 4434/4414/4021 4433/4413/4020 4432/4412/4019
f 4435/4415/4022 4429/4409/4016 4428/4408/4015
f 4429/4409/4016 4435/4415/4022 4432/4412/4019
f 4431/4411/4018 4435/4415/4022 4428/4408/4015
f 4432/4412/4019 4436/4416/4023 4434/4414/4021
f 4436/4416/4023 4437/4417/4024 4434/4414/4021
f 4437/4417/4024 4436/4416/4023 4438/4418/4025
f 4438/4418/4025 4436/4416/4023 4439/4419/4026
f 4432/4412/4019 4440/4420/4027 4436/4416/4023
f 4440/4420/4027 4439/4419/4026 4436/4416/4023
f 4435/4415/4022 4440/4420/4027 4432/4412/4019
f 4439/4419/4026 4440/4420/4027 4441/4421/4028
f 4435/4415/4022 4442/4422/4029 4440/4420/4027
f 4440/4420/4027 4443/4423/4030 4441/4421/4028
f 4443/4423/4030 4440/4420/4027 4442/4422/4029
f 4441/4421/4028 4443/4423/4030 4444/4424/4031
f 4442/4422/4029 4435/4415/4022 4445/4425/4032
f 4435/4415/4022 4431/4411/4018 4445/4425/4032
f 4443/4423/4030 4442/4422/4029 4446/4426/4033
f 4446/4426/4033 4442/4422/4029 4445/4425/4032
f 4447/4427/4034 4443/4423/4030 4446/4426/4033
f 4443/4423/4030 4447/4427/4034 4444/4424/4031
f 4446/4426/4033 4445/4425/4032 4448/4428/4035
f 4446/4426/4033 4448/4428/4035 4447/4427/4034
f 4431/4411/4018 4448/4428/4035 4445/4425/4032
f 4448/4428/4035 4449/4429/4036 4447/4427/4034
f 4444/4424/4031 4447/4427/4034 4449/4429/4036
f 4450/4430/4037 4448/4428/4035 4431/4411/4018
f 4449/4429/4036 4448/4428/4035 4450/4430/4037
f 4451/4431/4038 4450/4430/4037 4431/4411/4018
f 4422/4402/4009 4451/4431/4038 4431/4411/4018
f 4419/4399/4006 4451/4431/4038 4422/4402/4009
f 4444/4424/4031 4449/4429/4036 4452/4432/4039
f 4419/4399/4006 4453/4433/4040 4451/4431/4038
f 4453/4433/4040 4450/4430/4037 4451/4431/4038
f 4454/4434/4041 4449/4429/4036 4450/4430/4037
f 4449/4429/4036 4454/4434/4041 4452/4432/4039
f 4453/4433/4040 4454/4434/4041 4450/4430/4037
f 4455/4435/4042 4444/4424/4031 4452/4432/4039
f 4454/4434/4041 4455/4435/4042 4452/4432/4039
f 4444/4424/4031 4455/4435/4042 4456/4436/4043
f 4457/4437/4044 4453/4433/4040 4419/4399/4006
f 4419/4399/4006 4404/4384/3991 4457/4437/4044
f 4457/4437/4044 4404/4384/3991 4458/4438/4045
f 4458/4438/4045 4453/4433/4040 4457/4437/4044
f 4404/4384/3991 4400/4380/3987 4458/4438/4045
f 4459/4439/4046 4454/4434/4041 4453/4433/4040
f 4400/4380/3987 4460/4440/4047 4458/4438/4045
f 4393/4373/3980 4460/4440/4047 4400/4380/3987
f 4453/4433/4040 4458/4438/4045 4461/4441/4048
f 4461/4441/4048 4459/4439/4046 4453/4433/4040
f 4460/4440/4047 4462/4442/4049 4458/4438/4045
f 4458/4438/4045 4462/4442/4049 4461/4441/4048
f 4393/4373/3980 4463/4443/4050 4460/4440/4047
f 4463/4443/4050 4462/4442/4049 4460/4440/4047
f 4378/4358/3965 4463/4443/4050 4393/4373/3980
f 4378/4358/3965 4377/4357/3964 4463/4443/4050
f 4462/4442/4049 4464/4444/4051 4461/4441/4048
f 4461/4441/4048 4464/4444/4051 4459/4439/4046
f 4462/4442/4049 4463/4443/4050 4465/4445/4052
f 4377/4357/3964 4465/4445/4052 4463/4443/4050
f 4464/4444/4051 4462/4442/4049 4465/4445/4052
f 4465/4445/4052 4377/4357/3964 4466/4446/4053
f 4375/4355/3962 4466/4446/4053 4377/4357/3964
f 4466/4446/4053 4375/4355/3962 4467/4447/4054
f 4467/4447/4054 4468/4448/4055 4466/4446/4053
f 4466/4446/4053 4468/4448/4055 4469/4449/4056
f 4469/4449/4056 4465/4445/4052 4466/4446/4053
f 4468/4448/4055 4470/4450/4057 4469/4449/4056
f 4469/4449/4056 4470/4450/4057 4471/4451/4058
f 4465/4445/4052 4469/4449/4056 4472/4452/4059
f 4471/4451/4058 4472/4452/4059 4469/4449/4056
f 4465/4445/4052 4472/4452/4059 4464/4444/4051
f 4472/4452/4059 4471/4451/4058 4473/4453/4060
f 4474/4454/4061 4464/4444/4051 4472/4452/4059
f 4472/4452/4059 4473/4453/4060 4475/4455/4062
f 4476/4456/4063 4464/4444/4051 4474/4454/4061
f 4459/4439/4046 4464/4444/4051 4476/4456/4063
f 4477/4457/4064 4474/4454/4061 4472/4452/4059
f 4475/4455/4062 4477/4457/4064 4472/4452/4059
f 4478/4458/4065 4459/4439/4046 4476/4456/4063
f 4478/4458/4065 4454/4434/4041 4459/4439/4046
f 4455/4435/4042 4454/4434/4041 4478/4458/4065
f 4478/4458/4065 4476/4456/4063 4455/4435/4042
f 4477/4457/4064 4475/4455/4062 4479/4459/4066
f 4480/4460/4067 4455/4435/4042 4476/4456/4063
f 4474/4454/4061 4480/4460/4067 4476/4456/4063
f 4474/4454/4061 4477/4457/4064 4481/4461/4068
f 4480/4460/4067 4474/4454/4061 4481/4461/4068
f 4479/4459/4066 4481/4461/4068 4477/4457/4064
f 4482/4462/4069 4455/4435/4042 4480/4460/4067
f 4455/4435/4042 4482/4462/4069 4456/4436/4043
f 4483/4463/4070 4456/4436/4043 4482/4462/4069
f 4484/4464/4071 4480/4460/4067 4481/4461/4068
f 4480/4460/4067 4484/4464/4071 4482/4462/4069
f 4479/4459/4066 4484/4464/4071 4481/4461/4068
f 4485/4465/4072 4483/4463/4070 4482/4462/4069
f 4485/4465/4072 4482/4462/4069 4484/4464/4071
f 4486/4466/4073 4483/4463/4070 4485/4465/4072
f 4479/4459/4066 4487/4467/4074 4484/4464/4071
f 4487/4467/4074 4485/4465/4072 4484/4464/4071
f 4486/4466/4073 4485/4465/4072 4487/4467/4074
f 4475/4455/4062 4487/4467/4074 4479/4459/4066
f 4487/4467/4074 4473/4453/4060 4486/4466/4073
f 4473/4453/4060 4487/4467/4074 4475/4455/4062
f 4488/4468/4075 4489/4469/4076 4490/4470/4077
f 4488/4468/4075 4491/4471/4078 4489/4469/4076
f 4489/4469/4076 4492/4472/4079 4490/4470/4077
f 4493/4473/4080 4489/4469/4076 4491/4471/4078
f 4491/4471/4078 4494/4474/4081 4493/4473/4080
f 4493/4473/4080 4494/4474/4081 4495/4475/4082
f 4492/4472/4079 4489/4469/4076 4496/4476/4083
f 4493/4473/4080 4496/4476/4083 4489/4469/4076
f 4492/4472/4079 4496/4476/4083 4497/4477/4084
f 4492/4472/4079 4497/4477/4084 4498/4478/4085
f 4499/4479/4086 4498/4478/4085 4497/4477/4084
f 4496/4476/4083 4493/4473/4080 4500/4480/4087
f 4497/4477/4084 4501/4481/4088 4499/4479/4086
f 4496/4476/4083 4502/4482/4089 4497/4477/4084
f 4502/4482/4089 4501/4481/4088 4497/4477/4084
f 4502/4482/4089 4496/4476/4083 4500/4480/4087
f 4501/4481/4088 4503/4483/4090 4499/4479/4086
f 4504/4484/4091 4500/4480/4087 4493/4473/4080
f 4504/4484/4091 4493/4473/4080 4495/4475/4082
f 4503/4483/4090 4501/4481/4088 4505/4485/4092
f 4495/4475/4082 4506/4486/4093 4504/4484/4091
f 4506/4486/4093 4495/4475/4082 4507/4487/4094
f 4504/4484/4091 4508/4488/4095 4500/4480/4087
f 4506/4486/4093 4508/4488/4095 4504/4484/4091
f 4507/4487/4094 4509/4489/4096 4506/4486/4093
f 4509/4489/4096 4507/4487/4094 4510/4490/4097
f 4506/4486/4093 4511/4491/4098 4508/4488/4095
f 4509/4489/4096 4511/4491/4098 4506/4486/4093
f 4510/4490/4097 4512/4492/4099 4509/4489/4096
f 4512/4492/4099 4511/4491/4098 4509/4489/4096
f 4512/4492/4099 4510/4490/4097 4513/4493/4100
f 4513/4493/4100 4514/4494/4101 4512/4492/4099
f 4515/4495/4102 4512/4492/4099 4514/4494/4101
f 4512/4492/4099 4516/4496/4103 4511/4491/4098
f 4512/4492/4099 4515/4495/4102 4516/4496/4103
f 4517/4497/4104 4508/4488/4095 4511/4491/4098
f 4516/4496/4103 4517/4497/4104 4511/4491/4098
f 4500/4480/4087 4508/4488/4095 4518/4498/4105
f 4508/4488/4095 4517/4497/4104 4518/4498/4105
f 4518/4498/4105 4502/4482/4089 4500/4480/4087
f 4517/4497/4104 4516/4496/4103 4519/4499/4106
f 4520/4500/4107 4502/4482/4089 4518/4498/4105
f 4501/4481/4088 4502/4482/4089 4520/4500/4107
f 4505/4485/4092 4501/4481/4088 4520/4500/4107
f 4517/4497/4104 4521/4501/4108 4518/4498/4105
f 4518/4498/4105 4521/4501/4108 4520/4500/4107
f 4519/4499/4106 4521/4501/4108 4517/4497/4104
f 4520/4500/4107 4522/4502/4109 4505/4485/4092
f 4522/4502/4109 4520/4500/4107 4521/4501/4108
f 4523/4503/4110 4519/4499/4106 4516/4496/4103
f 4515/4495/4102 4523/4503/4110 4516/4496/4103
f 4519/4499/4106 4524/4504/4111 4521/4501/4108
f 4523/4503/4110 4515/4495/4102 4525/4505/4112
f 4526/4506/4113 4525/4505/4112 4515/4495/4102
f 4519/4499/4106 4523/4503/4110 4527/4507/4114
f 4527/4507/4114 4524/4504/4111 4519/4499/4106
f 4528/4508/4115 4527/4507/4114 4523/4503/4110
f 4523/4503/4110 4525/4505/4112 4528/4508/4115
f 4527/4507/4114 4529/4509/4116 4524/4504/4111
f 4527/4507/4114 4528/4508/4115 4529/4509/4116
f 4530/4510/4117 4521/4501/4108 4524/4504/4111
f 4521/4501/4108 4530/4510/4117 4522/4502/4109
f 4531/4511/4118 4524/4504/4111 4529/4509/4116
f 4524/4504/4111 4532/4512/4119 4530/4510/4117
f 4531/4511/4118 4532/4512/4119 4524/4504/4111
f 4530/4510/4117 4533/4513/4120 4522/4502/4109
f 4532/4512/4119 4533/4513/4120 4530/4510/4117
f 4528/4508/4115 4534/4514/4121 4529/4509/4116
f 4529/4509/4116 4534/4514/4121 4531/4511/4118
f 4535/4515/4122 4534/4514/4121 4528/4508/4115
f 4535/4515/4122 4528/4508/4115 4525/4505/4112
f 4534/4514/4121 4535/4515/4122 4536/4516/4123
f 4537/4517/4124 4535/4515/4122 4525/4505/4112
f 4535/4515/4122 4537/4517/4124 4536/4516/4123
f 4526/4506/4113 4537/4517/4124 4525/4505/4112
f 4538/4518/4125 4534/4514/4121 4536/4516/4123
f 4534/4514/4121 4538/4518/4125 4531/4511/4118
f 4536/4516/4123 4537/4517/4124 4539/4519/4126
f 4539/4519/4126 4538/4518/4125 4536/4516/4123
f 4540/4520/4127 4537/4517/4124 4526/4506/4113
f 4541/4521/4128 4540/4520/4127 4526/4506/4113
f 4542/4522/4129 4540/4520/4127 4541/4521/4128
f 4543/4523/4130 4539/4519/4126 4537/4517/4124
f 4540/4520/4127 4544/4524/4131 4537/4517/4124
f 4537/4517/4124 4544/4524/4131 4543/4523/4130
f 4539/4519/4126 4543/4523/4130 4545/4525/4132
f 4539/4519/4126 4545/4525/4132 4538/4518/4125
f 4543/4523/4130 4546/4526/4133 4545/4525/4132
f 4546/4526/4133 4543/4523/4130 4544/4524/4131
f 4547/4527/4134 4538/4518/4125 4545/4525/4132
f 4546/4526/4133 4547/4527/4134 4545/4525/4132
f 4548/4528/4135 4546/4526/4133 4544/4524/4131
f 4546/4526/4133 4548/4528/4135 4547/4527/4134
f 4544/4524/4131 4549/4529/4136 4548/4528/4135
f 4549/4529/4136 4544/4524/4131 4540/4520/4127
f 4549/4529/4136 4550/4530/4137 4548/4528/4135
f 4548/4528/4135 4550/4530/4137 4547/4527/4134
f 4549/4529/4136 4540/4520/4127 4551/4531/4138
f 4550/4530/4137 4549/4529/4136 4551/4531/4138
f 4540/4520/4127 4542/4522/4129 4551/4531/4138
f 4551/4531/4138 4552/4532/4139 4550/4530/4137
f 4542/4522/4129 4553/4533/4140 4551/4531/4138
f 4551/4531/4138 4553/4533/4140 4552/4532/4139
f 4553/4533/4140 4542/4522/4129 4554/4534/4141
f 4554/4534/4141 4555/4535/4142 4553/4533/4140
f 4556/4536/4143 4553/4533/4140 4555/4535/4142
f 4550/4530/4137 4552/4532/4139 4557/4537/4144
f 4547/4527/4134 4550/4530/4137 4557/4537/4144
f 4553/4533/4140 4558/4538/4145 4552/4532/4139
f 4558/4538/4145 4557/4537/4144 4552/4532/4139
f 4559/4539/4146 4553/4533/4140 4556/4536/4143
f 4558/4538/4145 4553/4533/4140 4559/4539/4146
f 4559/4539/4146 4556/4536/4143 4560/4540/4147
f 4547/4527/4134 4557/4537/4144 4561/4541/4148
f 4547/4527/4134 4561/4541/4148 4538/4518/4125
f 4561/4541/4148 4531/4511/4118 4538/4518/4125
f 4562/4542/4149 4559/4539/4146 4560/4540/4147
f 4562/4542/4149 4560/4540/4147 4563/4543/4150
f 4563/4543/4150 4564/4544/4151 4562/4542/4149
f 4561/4541/4148 4565/4545/4152 4531/4511/4118
f 4565/4545/4152 4532/4512/4119 4531/4511/4118
f 4561/4541/4148 4566/4546/4153 4565/4545/4152
f 4566/4546/4153 4532/4512/4119 4565/4545/4152
f 4557/4537/4144 4567/4547/4154 4561/4541/4148
f 4566/4546/4153 4561/4541/4148 4567/4547/4154
f 4557/4537/4144 4568/4548/4155 4567/4547/4154
f 4557/4537/4144 4558/4538/4145 4568/4548/4155
f 4566/4546/4153 4567/4547/4154 4569/4549/4156
f 4567/4547/4154 4568/4548/4155 4569/4549/4156
f 4532/4512/4119 4566/4546/4153 4570/4550/4157
f 4533/4513/4120 4532/4512/4119 4570/4550/4157
f 4566/4546/4153 4571/4551/4158 4570/4550/4157
f 4570/4550/4157 4572/4552/4159 4533/4513/4120
f 4570/4550/4157 4571/4551/4158 4572/4552/4159
f 4566/4546/4153 4569/4549/4156 4573/4553/4160
f 4571/4551/4158 4566/4546/4153 4573/4553/4160
f 4533/4513/4120 4572/4552/4159 4574/4554/4161
f 4522/4502/4109 4533/4513/4120 4574/4554/4161
f 4574/4554/4161 4505/4485/4092 4522/4502/4109
f 4572/4552/4159 4571/4551/4158 4575/4555/4162
f 4505/4485/4092 4574/4554/4161 4576/4556/4163
f 4576/4556/4163 4503/4483/4090 4505/4485/4092
f 4503/4483/4090 4576/4556/4163 4577/4557/4164
f 4576/4556/4163 4578/4558/4165 4577/4557/4164
f 4578/4558/4165 4576/4556/4163 4579/4559/4166
f 4574/4554/4161 4579/4559/4166 4576/4556/4163
f 4578/4558/4165 4579/4559/4166 4580/4560/4167
f 4579/4559/4166 4581/4561/4168 4580/4560/4167
f 4579/4559/4166 4574/4554/4161 4582/4562/4169
f 4582/4562/4169 4581/4561/4168 4579/4559/4166
f 4574/4554/4161 4572/4552/4159 4582/4562/4169
f 4581/4561/4168 4582/4562/4169 4583/4563/4170
f 4584/4564/4171 4582/4562/4169 4572/4552/4159
f 4575/4555/4162 4584/4564/4171 4572/4552/4159
f 4582/4562/4169 4585/4565/4172 4583/4563/4170
f 4584/4564/4171 4586/4566/4173 4582/4562/4169
f 4586/4566/4173 4585/4565/4172 4582/4562/4169
f 4583/4563/4170 4585/4565/4172 4587/4567/4174
f 4587/4567/4174 4588/4568/4175 4583/4563/4170
f 4585/4565/4172 4586/4566/4173 4589/4569/4176
f 4587/4567/4174 4585/4565/4172 4589/4569/4176
f 4586/4566/4173 4584/4564/4171 4590/4570/4177
f 4589/4569/4176 4586/4566/4173 4590/4570/4177
f 4588/4568/4175 4587/4567/4174 4591/4571/4178
f 4588/4568/4175 4591/4571/4178 4592/4572/4179
f 4589/4569/4176 4593/4573/4180 4587/4567/4174
f 4593/4573/4180 4591/4571/4178 4587/4567/4174
f 4589/4569/4176 4590/4570/4177 4593/4573/4180
f 4594/4574/4181 4592/4572/4179 4591/4571/4178
f 4591/4571/4178 4593/4573/4180 4594/4574/4181
f 4594/4574/4181 4595/4575/4182 4592/4572/4179
f 4596/4576/4183 4593/4573/4180 4590/4570/4177
f 4593/4573/4180 4596/4576/4183 4594/4574/4181
f 4584/4564/4171 4596/4576/4183 4590/4570/4177
f 4596/4576/4183 4584/4564/4171 4575/4555/4162
f 4594/4574/4181 4597/4577/4184 4595/4575/4182
f 4597/4577/4184 4594/4574/4181 4596/4576/4183
f 4597/4577/4184 4596/4576/4183 4575/4555/4162
f 4598/4578/4185 4595/4575/4182 4597/4577/4184
f 4597/4577/4184 4575/4555/4162 4599/4579/4186
f 4599/4579/4186 4575/4555/4162 4571/4551/4158
f 4599/4579/4186 4571/4551/4158 4573/4553/4160
f 4573/4553/4160 4597/4577/4184 4599/4579/4186
f 4597/4577/4184 4573/4553/4160 4600/4580/4187
f 4598/4578/4185 4597/4577/4184 4600/4580/4187
f 4573/4553/4160 4601/4581/4188 4600/4580/4187
f 4598/4578/4185 4600/4580/4187 4601/4581/4188
f 4601/4581/4188 4573/4553/4160 4569/4549/4156
f 4598/4578/4185 4601/4581/4188 4602/4582/4189
f 4603/4583/4190 4601/4581/4188 4569/4549/4156
f 4601/4581/4188 4603/4583/4190 4602/4582/4189
f 4569/4549/4156 4568/4548/4155 4603/4583/4190
f 4604/4584/4191 4598/4578/4185 4602/4582/4189
f 4605/4585/4192 4598/4578/4185 4604/4584/4191
f 4603/4583/4190 4606/4586/4193 4602/4582/4189
f 4604/4584/4191 4602/4582/4189 4606/4586/4193
f 4603/4583/4190 4568/4548/4155 4607/4587/4194
f 4606/4586/4193 4603/4583/4190 4607/4587/4194
f 4606/4586/4193 4608/4588/4195 4604/4584/4191
f 4606/4586/4193 4607/4587/4194 4608/4588/4195
f 4604/4584/4191 4609/4589/4196 4605/4585/4192
f 4609/4589/4196 4604/4584/4191 4608/4588/4195
f 4610/4590/4197 4605/4585/4192 4609/4589/4196
f 4611/4591/4198 4608/4588/4195 4607/4587/4194
f 4568/4548/4155 4611/4591/4198 4607/4587/4194
f 4611/4591/4198 4609/4589/4196 4608/4588/4195
f 4558/4538/4145 4611/4591/4198 4568/4548/4155
f 4611/4591/4198 4558/4538/4145 4559/4539/4146
f 4559/4539/4146 4562/4542/4149 4611/4591/4198
f 4609/4589/4196 4611/4591/4198 4562/4542/4149
f 4610/4590/4197 4609/4589/4196 4612/4592/4199
f 4562/4542/4149 4612/4592/4199 4609/4589/4196
f 4612/4592/4199 4613/4593/4200 4610/4590/4197
f 4612/4592/4199 4562/4542/4149 4564/4544/4151
f 4612/4592/4199 4614/4594/4201 4613/4593/4200
f 4614/4594/4201 4612/4592/4199 4564/4544/4151
f 2579/2486/2207 2596/2504/2224 4615/4595/4202
f 2579/2486/2207 4615/4595/4202 2577/2484/2205
f 4615/4595/4202 2596/2504/2224 2644/2552/2272
f 4615/4595/4202 4616/4596/4203 2577/2484/2205
f 2572/2479/2200 2577/2484/2205 4616/4596/4203
f 4617/4597/4204 4615/4595/4202 2644/2552/2272
f 4615/4595/4202 4617/4597/4204 4616/4596/4203
f 4618/4598/4205 2572/2479/2200 4616/4596/4203
f 4618/4598/4205 4616/4596/4203 4617/4597/4204
f 2574/2481/2202 2572/2479/2200 4618/4598/4205
f 4618/4598/4205 4619/4599/4206 2574/2481/2202
f 2644/2552/2272 4620/4600/4207 4617/4597/4204
f 4620/4600/4207 4618/4598/4205 4617/4597/4204
f 2644/2552/2272 2646/2554/2274 4620/4600/4207
f 4618/4598/4205 4621/4601/4208 4619/4599/4206
f 4621/4601/4208 4618/4598/4205 4620/4600/4207
f 4621/4601/4208 4620/4600/4207 2646/2554/2274
f 4619/4599/4206 4621/4601/4208 4622/4602/4209
f 4622/4602/4209 4621/4601/4208 4623/4603/4210
f 2646/2554/2274 4624/4604/4211 4621/4601/4208
f 4624/4604/4211 2646/2554/2274 2647/2555/2275
f 4621/4601/4208 4625/4605/4212 4623/4603/4210
f 4623/4603/4210 4625/4605/4212 4626/4606/4213
f 4627/4607/4214 4624/4604/4211 2647/2555/2275
f 2647/2555/2275 2649/2557/2277 4627/4607/4214
f 4627/4607/4214 2649/2557/2277 2658/2566/2286
f 4624/4604/4211 4628/4608/4215 4621/4601/4208
f 4628/4608/4215 4624/4604/4211 4627/4607/4214
f 4629/4609/4216 4627/4607/4214 2658/2566/2286
f 4627/4607/4214 4629/4609/4216 4628/4608/4215
f 2658/2566/2286 2728/2641/2356 4629/4609/4216
f 4621/4601/4208 4628/4608/4215 4630/4610/4217
f 4625/4605/4212 4621/4601/4208 4630/4610/4217
f 4631/4611/4218 4628/4608/4215 4629/4609/4216
f 2728/2641/2356 4631/4611/4218 4629/4609/4216
f 4628/4608/4215 4631/4611/4218 4630/4610/4217
f 4631/4611/4218 2728/2641/2356 4632/4612/4219
f 2728/2641/2356 2733/2646/2361 4632/4612/4219
f 2772/2685/2400 4632/4612/4219 2733/2646/2361
f 4632/4612/4219 2772/2685/2400 4633/4613/4220
f 4633/4613/4220 4631/4611/4218 4632/4612/4219
f 4633/4613/4220 2772/2685/2400 2770/2683/2398
f 4634/4614/4221 4633/4613/4220 2770/2683/2398
f 4634/4614/4221 4635/4615/4222 4633/4613/4220
f 4631/4611/4218 4633/4613/4220 4635/4615/4222
f 4635/4615/4222 4634/4614/4221 4636/4616/4223
f 4630/4610/4217 4631/4611/4218 4637/4617/4224
f 4637/4617/4224 4631/4611/4218 4635/4615/4222
f 4630/4610/4217 4637/4617/4224 4638/4618/4225
f 4638/4618/4225 4625/4605/4212 4630/4610/4217
f 4637/4617/4224 4639/4619/4226 4638/4618/4225
f 4635/4615/4222 4639/4619/4226 4637/4617/4224
f 4638/4618/4225 4640/4620/4227 4625/4605/4212
f 4640/4620/4227 4638/4618/4225 4639/4619/4226
f 4640/4620/4227 4626/4606/4213 4625/4605/4212
f 4626/4606/4213 4640/4620/4227 4641/4621/4228
f 4642/4622/4229 4641/4621/4228 4640/4620/4227
f 4642/4622/4229 4640/4620/4227 4639/4619/4226
f 4641/4621/4228 4642/4622/4229 4643/4623/4230
f 4639/4619/4226 4635/4615/4222 4644/4624/4231
f 4639/4619/4226 4644/4624/4231 4642/4622/4229
f 4645/4625/4232 4643/4623/4230 4642/4622/4229
f 4644/4624/4231 4645/4625/4232 4642/4622/4229
f 4643/4623/4230 4645/4625/4232 4646/4626/4233
f 4644/4624/4231 4635/4615/4222 4647/4627/4234
f 4636/4616/4223 4647/4627/4234 4635/4615/4222
f 4647/4627/4234 4636/4616/4223 4648/4628/4235
f 4645/4625/4232 4644/4624/4231 4649/4629/4236
f 4647/4627/4234 4649/4629/4236 4644/4624/4231
f 4650/4630/4237 4646/4626/4233 4645/4625/4232
f 4649/4629/4236 4650/4630/4237 4645/4625/4232
f 4651/4631/4238 4646/4626/4233 4650/4630/4237
f 4647/4627/4234 4648/4628/4235 4652/4632/4239
f 4652/4632/4239 4649/4629/4236 4647/4627/4234
f 4652/4632/4239 4648/4628/4235 4653/4633/4240
f 4654/4634/4241 4652/4632/4239 4653/4633/4240
f 4650/4630/4237 4649/4629/4236 4655/4635/4242
f 4649/4629/4236 4652/4632/4239 4655/4635/4242
f 4656/4636/4243 4650/4630/4237 4655/4635/4242
f 4652/4632/4239 4656/4636/4243 4655/4635/4242
f 4650/4630/4237 4657/4637/4244 4651/4631/4238
f 4657/4637/4244 4650/4630/4237 4656/4636/4243
f 4658/4638/4245 4651/4631/4238 4657/4637/4244
f 4652/4632/4239 4659/4639/4246 4656/4636/4243
f 4657/4637/4244 4656/4636/4243 4659/4639/4246
f 4657/4637/4244 4660/4640/4247 4658/4638/4245
f 4660/4640/4247 4657/4637/4244 4659/4639/4246
f 4661/4641/4248 4658/4638/4245 4660/4640/4247
f 4660/4640/4247 4662/4642/4249 4661/4641/4248
f 4659/4639/4246 4652/4632/4239 4663/4643/4250
f 4652/4632/4239 4654/4634/4241 4663/4643/4250
f 4660/4640/4247 4659/4639/4246 4664/4644/4251
f 4662/4642/4249 4660/4640/4247 4664/4644/4251
f 4659/4639/4246 4663/4643/4250 4664/4644/4251
f 4664/4644/4251 4665/4645/4252 4662/4642/4249
f 4654/4634/4241 4666/4646/4253 4663/4643/4250
f 4666/4646/4253 4664/4644/4251 4663/4643/4250
f 4667/4647/4254 4666/4646/4253 4654/4634/4241
f 4664/4644/4251 4668/4648/4255 4665/4645/4252
f 4664/4644/4251 4666/4646/4253 4668/4648/4255
f 4669/4649/4256 4665/4645/4252 4668/4648/4255
f 4666/4646/4253 4667/4647/4254 4670/4650/4257
f 4671/4651/4258 4670/4650/4257 4667/4647/4254
f 4666/4646/4253 4672/4652/4259 4668/4648/4255
f 4672/4652/4259 4669/4649/4256 4668/4648/4255
f 4672/4652/4259 4666/4646/4253 4670/4650/4257
f 4673/4653/4260 4669/4649/4256 4672/4652/4259
f 4671/4651/4258 4674/4654/4261 4670/4650/4257
f 4670/4650/4257 4674/4654/4261 4672/4652/4259
f 4671/4651/4258 4675/4655/4262 4674/4654/4261
f 4676/4656/4263 4673/4653/4260 4672/4652/4259
f 4674/4654/4261 4676/4656/4263 4672/4652/4259
f 4677/4657/4264 4674/4654/4261 4675/4655/4262
f 4674/4654/4261 4677/4657/4264 4676/4656/4263
f 4677/4657/4264 4675/4655/4262 4678/4658/4265
f 4673/4653/4260 4676/4656/4263 4679/4659/4266
f 4679/4659/4266 4676/4656/4263 4677/4657/4264
f 4678/4658/4265 4679/4659/4266 4677/4657/4264
f 4679/4659/4266 4680/4660/4267 4673/4653/4260
f 4679/4659/4266 4678/4658/4265 4680/4660/4267
f 4681/4661/4268 4682/4662/4269 4683/4663/4270
f 4681/4661/4268 4683/4663/4270 4684/4664/4271
f 4683/4663/4270 4682/4662/4269 4685/4665/4272
f 4684/4664/4271 4683/4663/4270 4686/4666/4273
f 4683/4663/4270 4685/4665/4272 4687/4667/4274
f 4686/4666/4273 4683/4663/4270 4687/4667/4274
f 4687/4667/4274 4685/4665/4272 4688/4668/4275
f 4687/4667/4274 4688/4668/4275 4686/4666/4273
f 4689/4669/4276 4690/4670/4277 4691/4671/4278
f 4689/4669/4276 4691/4671/4278 4692/4672/4279
f 4691/4671/4278 4690/4670/4277 4693/4673/4280
f 4692/4672/4279 4691/4671/4278 4694/4674/4281
f 4691/4671/4278 4693/4673/4280 4695/4675/4282
f 4694/4674/4281 4691/4671/4278 4695/4675/4282
f 4695/4675/4282 4693/4673/4280 4696/4676/4283
f 4695/4675/4282 4696/4676/4283 4694/4674/4281
f 4697/4677/4284 4698/4678/4285 4699/4679/4286
f 4697/4677/4284 4700/4680/4287 4698/4678/4285
f 4699/4679/4286 4698/4678/4285 4701/4681/4288
f 4698/4678/4285 4700/4680/4287 4702/4682/4289
f 4701/4681/4288 4698/4678/4285 4703/4683/4290
f 4702/4682/4289 4703/4683/4290 4698/4678/4285
f 4703/4683/4290 4704/4684/4291 4701/4681/4288
f 4703/4683/4290 4702/4682/4289 4704/4684/4291
f 4705/4685/4292 4706/4686/4293 4707/4687/4294
f 4705/4685/4292 4708/4688/4295 4706/4686/4293
f 4707/4687/4294 4706/4686/4293 4709/4689/4296
f 4706/4686/4293 4708/4688/4295 4710/4690/4297
f 4709/4689/4296 4706/4686/4293 4711/4691/4298
f 4710/4690/4297 4711/4691/4298 4706/4686/4293
f 4711/4691/4298 4712/4692/4299 4709/4689/4296
f 4711/4691/4298 4710/4690/4297 4712/4692/4299
f 4713/4693/4300 4714/4694/4301 4715/4695/4302
f 4714/4694/4301 4713/4693/4300 4716/4696/4303
f 4714/4694/4301 4717/4697/4304 4715/4695/4302
f 4716/4696/4303 4718/4698/4305 4714/4694/4301
f 4718/4698/4305 4716/4696/4303 4719/4699/4306
f 4717/4697/4304 4714/4694/4301 4720/4700/4307
f 4720/4700/4307 4714/4694/4301 4718/4698/4305
f 4720/4700/4307 4721/4701/4308 4717/4697/4304
f 4722/4702/4309 4718/4698/4305 4719/4699/4306
f 4721/4701/4308 4720/4700/4307 4723/4703/4310
f 4718/4698/4305 4722/4702/4309 4724/4704/4311
f 4725/4705/4312 4723/4703/4310 4720/4700/4307
f 4720/4700/4307 4718/4698/4305 4725/4705/4312
f 4718/4698/4305 4724/4704/4311 4725/4705/4312
f 4725/4705/4312 4726/4706/4313 4723/4703/4310
f 4722/4702/4309 4727/4707/4314 4724/4704/4311
f 4728/4708/4315 4726/4706/4313 4725/4705/4312
f 4724/4704/4311 4728/4708/4315 4725/4705/4312
f 4728/4708/4315 4729/4709/4316 4726/4706/4313
f 4730/4710/4317 4724/4704/4311 4727/4707/4314
f 4730/4710/4317 4728/4708/4315 4724/4704/4311
f 4729/4709/4316 4728/4708/4315 4731/4711/4318
f 4731/4711/4318 4728/4708/4315 4730/4710/4317
f 4731/4711/4318 4732/4712/4319 4729/4709/4316
f 4730/4710/4317 4727/4707/4314 4733/4713/4320
f 3772/3745/3389 4733/4713/4320 4727/4707/4314
f 4733/4713/4320 3772/3745/3389 3768/3741/3385
f 4734/4714/4321 4732/4712/4319 4731/4711/4318
f 4734/4714/4321 4735/4715/4322 4732/4712/4319
f 3768/3741/3385 4736/4716/4323 4733/4713/4320
f 4736/4716/4323 4730/4710/4317 4733/4713/4320
f 4737/4717/4324 4731/4711/4318 4730/4710/4317
f 4730/4710/4317 4736/4716/4323 4737/4717/4324
f 4734/4714/4321 4731/4711/4318 4737/4717/4324
f 3768/3741/3385 4738/4718/4325 4736/4716/4323
f 3764/3737/3381 4738/4718/4325 3768/3741/3385
f 3763/3736/3380 4738/4718/4325 3764/3737/3381
f 4737/4717/4324 4736/4716/4323 4739/4719/4326
f 4739/4719/4326 4736/4716/4323 4738/4718/4325
f 4740/4720/4327 4734/4714/4321 4737/4717/4324
f 4740/4720/4327 4737/4717/4324 4739/4719/4326
f 4741/4721/4328 4735/4715/4322 4734/4714/4321
f 4734/4714/4321 4740/4720/4327 4741/4721/4328
f 4735/4715/4322 4741/4721/4328 4742/4722/4329
f 4742/4722/4329 4741/4721/4328 4743/4723/4330
f 4742/4722/4329 4743/4723/4330 4744/4724/4331
f 4741/4721/4328 4745/4725/4332 4743/4723/4330
f 4745/4725/4332 4741/4721/4328 4740/4720/4327
f 4746/4726/4333 4744/4724/4331 4743/4723/4330
f 4743/4723/4330 4745/4725/4332 4746/4726/4333
f 4744/4724/4331 4746/4726/4333 4747/4727/4334
f 4745/4725/4332 4748/4728/4335 4746/4726/4333
f 4746/4726/4333 4748/4728/4335 4747/4727/4334
f 4740/4720/4327 4749/4729/4336 4745/4725/4332
f 4745/4725/4332 4749/4729/4336 4748/4728/4335
f 4748/4728/4335 4750/4730/4337 4747/4727/4334
f 4749/4729/4336 4750/4730/4337 4748/4728/4335
f 4750/4730/4337 4751/4731/4338 4747/4727/4334
f 4749/4729/4336 4740/4720/4327 4752/4732/4339
f 4740/4720/4327 4739/4719/4326 4752/4732/4339
f 4750/4730/4337 4753/4733/4340 4751/4731/4338
f 4739/4719/4326 4754/4734/4341 4752/4732/4339
f 4754/4734/4341 4749/4729/4336 4752/4732/4339
f 4739/4719/4326 4738/4718/4325 4754/4734/4341
f 4755/4735/4342 4751/4731/4338 4753/4733/4340
f 4738/4718/4325 4756/4736/4343 4754/4734/4341
f 4749/4729/4336 4754/4734/4341 4756/4736/4343
f 4756/4736/4343 4738/4718/4325 3763/3736/3380
f 3763/3736/3380 3759/3732/3376 4756/4736/4343
f 4749/4729/4336 4756/4736/4343 4757/4737/4344
f 3759/3732/3376 4757/4737/4344 4756/4736/4343
f 4750/4730/4337 4749/4729/4336 4757/4737/4344
f 4750/4730/4337 4757/4737/4344 4753/4733/4340
f 4757/4737/4344 3759/3732/3376 3757/3730/3374
f 4757/4737/4344 3757/3730/3374 4758/4738/4345
f 4757/4737/4344 4758/4738/4345 4753/4733/4340
f 4758/4738/4345 3757/3730/3374 3755/3728/3372
f 4753/4733/4340 4758/4738/4345 4759/4739/4346
f 3755/3728/3372 4759/4739/4346 4758/4738/4345
f 4753/4733/4340 4759/4739/4346 4755/4735/4342
f 3755/3728/3372 3756/3729/3373 4759/4739/4346
f 4760/4740/4347 4755/4735/4342 4759/4739/4346
f 4759/4739/4346 3756/3729/3373 4760/4740/4347
f 4761/4741/4348 4762/4742/4349 4763/4743/4350
f 4761/4741/4348 4764/4744/4351 4762/4742/4349
f 4763/4743/4350 4762/4742/4349 4765/4745/4352
f 4764/4744/4351 4766/4746/4353 4762/4742/4349
f 4766/4746/4353 4764/4744/4351 4767/4747/4354
f 4768/4748/4355 4766/4746/4353 4767/4747/4354
f 4765/4745/4352 4762/4742/4349 4769/4749/4356
f 4765/4745/4352 4769/4749/4356 4770/4750/4357
f 4770/4750/4357 4769/4749/4356 4771/4751/4358
f 4762/4742/4349 4772/4752/4359 4769/4749/4356
f 4771/4751/4358 4769/4749/4356 4772/4752/4359
f 4772/4752/4359 4762/4742/4349 4766/4746/4353
f 4772/4752/4359 4773/4753/4360 4771/4751/4358
f 4772/4752/4359 4774/4754/4361 4773/4753/4360
f 4774/4754/4361 4772/4752/4359 4775/4755/4362
f 4766/4746/4353 4775/4755/4362 4772/4752/4359
f 4775/4755/4362 4768/4748/4355 4774/4754/4361
f 4775/4755/4362 4766/4746/4353 4776/4756/4363
f 4768/4748/4355 4775/4755/4362 4776/4756/4363
f 4768/4748/4355 4776/4756/4363 4766/4746/4353
f 4777/4757/4364 4778/4758/4365 4779/4759/4366
f 4777/4757/4364 4780/4760/4367 4778/4758/4365
f 4777/4757/4364 4779/4759/4366 4781/4761/4368
f 4780/4760/4367 4777/4757/4364 4782/4762/4369
f 4781/4761/4368 4779/4759/4366 4783/4763/4370
f 4784/4764/4371 4780/4760/4367 4782/4762/4369
f 4783/4763/4370 4785/4765/4372 4781/4761/4368
f 4780/4760/4367 4784/4764/4371 4786/4766/4373
f 4785/4765/4372 4783/4763/4370 4787/4767/4374
f 4788/4768/4375 4786/4766/4373 4784/4764/4371
f 4787/4767/4374 4789/4769/4376 4785/4765/4372
f 4786/4766/4373 4788/4768/4375 4790/4770/4377
f 4789/4769/4376 4787/4767/4374 4791/4771/4378
f 4792/4772/4379 4790/4770/4377 4788/4768/4375
f 4793/4773/4380 4789/4769/4376 4791/4771/4378
f 4788/4768/4375 4794/4774/4381 4792/4772/4379
f 4793/4773/4380 4791/4771/4378 4795/4775/4382
f 4796/4776/4383 4792/4772/4379 4794/4774/4381
f 4797/4777/4384 4793/4773/4380 4795/4775/4382
f 4792/4772/4379 4796/4776/4383 4798/4778/4385
f 4793/4773/4380 4797/4777/4384 4799/4779/4386
f 4796/4776/4383 4800/4780/4387 4798/4778/4385
f 4801/4781/4388 4799/4779/4386 4797/4777/4384
f 4796/4776/4383 4802/4782/4389 4800/4780/4387
f 4799/4779/4386 4801/4781/4388 4802/4782/4389
f 4802/4782/4389 4801/4781/4388 4800/4780/4387
f 4803/4783/710 4804/4784/710 4805/4785/710
f 4804/4784/710 4806/4786/710 4805/4785/710
f 4804/4784/710 4803/4783/710 4807/4787/710
f 4806/4786/710 4804/4784/710 4808/4788/710
f 4809/4789/710 4807/4787/710 4803/4783/710
f 4810/4790/710 4806/4786/710 4808/4788/710
f 4807/4787/710 4809/4789/710 4811/4791/710
f 4806/4786/710 4810/4790/710 4812/4792/710
f 4809/4789/710 4813/4793/710 4811/4791/710
f 4814/4794/710 4812/4792/710 4810/4790/710
f 4813/4793/710 4809/4789/710 4815/4795/710
f 4812/4792/710 4814/4794/710 4816/4796/710
f 4817/4797/710 4813/4793/710 4815/4795/710
f 4814/4794/710 4818/4798/710 4816/4796/710
f 4817/4797/710 4815/4795/710 4819/4799/710
f 4818/4798/710 4814/4794/710 4820/4800/710
f 4821/4801/710 4817/4797/710 4819/4799/710
f 4822/4802/710 4818/4798/710 4820/4800/710
f 4817/4797/710 4821/4801/710 4823/4803/710
f 4818/4798/710 4822/4802/710 4824/4804/710
f 4825/4805/710 4823/4803/710 4821/4801/710
f 4822/4802/710 4826/4806/710 4824/4804/710
f 4825/4805/710 4821/4801/710 4826/4806/710
f 4826/4806/710 4822/4802/710 4825/4805/710
f 4827/4807/4390 4828/4808/4391 4829/4809/4392
f 4828/4808/4391 4830/4810/4393 4829/4809/4392
f 4827/4807/4390 4829/4809/4392 4831/4811/4394
f 4829/4809/4392 4830/4810/4393 4832/4812/4393
f 4833/4813/4395 4827/4807/4390 4831/4811/4394
f 4834/4814/4396 4832/4812/4393 4830/4810/4393
f 4831/4811/4394 4835/4815/4395 4833/4813/4395
f 4832/4812/4393 4834/4814/4396 4836/4816/710
f 4837/4817/4397 4833/4813/4395 4835/4815/4395
f 4838/4818/710 4836/4816/710 4834/4814/4396
f 4837/4817/4397 4835/4815/4395 4839/4819/710
f 4836/4816/710 4838/4818/710 4840/4820/710
f 4839/4819/710 4841/4821/710 4837/4817/4397
f 4838/4818/710 4842/4822/4398 4840/4820/710
f 4839/4819/710 4843/4823/710 4841/4821/710
f 4842/4822/4398 4844/4824/4399 4840/4820/710
f 4845/4825/4400 4841/4821/710 4843/4823/710
f 4842/4822/4398 4846/4826/4401 4844/4824/4399
f 4845/4825/4400 4843/4823/710 4847/4827/4402
f 4846/4826/4401 4848/4828/4403 4844/4824/4399
f 4845/4825/4400 4847/4827/4402 4849/4829/4404
f 4846/4826/4401 4850/4830/4405 4848/4828/4403
f 4851/4831/4406 4849/4829/4404 4847/4827/4402
f 4851/4831/4406 4848/4828/4403 4850/4830/4405
f 4849/4829/4404 4851/4831/4406 4850/4830/4405
f 4852/4832/4407 4853/4833/4408 4854/4834/4409
f 4855/4835/4410 4852/4832/4407 4854/4834/4409
f 4854/4834/4409 4853/4833/4408 4856/4836/4411
f 4855/4835/4410 4854/4834/4409 4857/4837/4412
f 4855/4835/4410 4857/4837/4412 4858/4838/4413
f 4857/4837/4412 4859/4839/4414 4858/4838/4413
f 4859/4839/4414 4857/4837/4412 4860/4840/4415
f 4856/4836/4411 4861/4841/4416 4854/4834/4409
f 4861/4841/4416 4856/4836/4411 4862/4842/4417
f 4862/4842/4417 4863/4843/4418 4861/4841/4416
f 4864/4844/4419 4863/4843/4418 4862/4842/4417
f 4854/4834/4409 4861/4841/4416 4865/4845/4420
f 4863/4843/4418 4864/4844/4419 4866/4846/4421
f 4867/4847/4422 4866/4846/4421 4864/4844/4419
f 4861/4841/4416 4863/4843/4418 4868/4848/4423
f 4863/4843/4418 4866/4846/4421 4868/4848/4423
f 4861/4841/4416 4868/4848/4423 4865/4845/4420
f 4866/4846/4421 4867/4847/4422 4869/4849/4424
f 4870/4850/4425 4869/4849/4424 4867/4847/4422
f 4866/4846/4421 4871/4851/4426 4868/4848/4423
f 4869/4849/4424 4871/4851/4426 4866/4846/4421
f 4872/4852/4427 4865/4845/4420 4868/4848/4423
f 4868/4848/4423 4871/4851/4426 4872/4852/4427
f 4854/4834/4409 4865/4845/4420 4873/4853/4428
f 4865/4845/4420 4872/4852/4427 4873/4853/4428
f 4857/4837/4412 4854/4834/4409 4873/4853/4428
f 4871/4851/4426 4874/4854/4429 4872/4852/4427
f 4873/4853/4428 4872/4852/4427 4875/4855/4430
f 4872/4852/4427 4874/4854/4429 4875/4855/4430
f 4876/4856/4431 4874/4854/4429 4871/4851/4426
f 4874/4854/4429 4877/4857/4432 4875/4855/4430
f 4874/4854/4429 4876/4856/4431 4877/4857/4432
f 4878/4858/4433 4873/4853/4428 4875/4855/4430
f 4875/4855/4430 4877/4857/4432 4878/4858/4433
f 4871/4851/4426 4879/4859/4434 4876/4856/4431
f 4871/4851/4426 4869/4849/4424 4879/4859/4434
f 4880/4860/4435 4877/4857/4432 4876/4856/4431
f 4876/4856/4431 4879/4859/4434 4880/4860/4435
f 4881/4861/4436 4879/4859/4434 4869/4849/4424
f 4869/4849/4424 4870/4850/4425 4881/4861/4436
f 4882/4862/4437 4880/4860/4435 4879/4859/4434
f 4881/4861/4436 4870/4850/4425 4883/4863/4438
f 4883/4863/4438 4870/4850/4425 4884/4864/4439
f 4879/4859/4434 4881/4861/4436 4885/4865/4440
f 4882/4862/4437 4879/4859/4434 4885/4865/4440
f 4886/4866/4441 4881/4861/4436 4883/4863/4438
f 4886/4866/4441 4885/4865/4440 4881/4861/4436
f 4884/4864/4439 4887/4867/4442 4883/4863/4438
f 4887/4867/4442 4884/4864/4439 4888/4868/4443
f 4889/4869/4444 4886/4866/4441 4883/4863/4438
f 4889/4869/4444 4883/4863/4438 4887/4867/4442
f 4887/4867/4442 4888/4868/4443 4890/4870/4445
f 4890/4870/4445 4888/4868/4443 4891/4871/4446
f 4892/4872/4447 4887/4867/4442 4890/4870/4445
f 4887/4867/4442 4892/4872/4447 4889/4869/4444
f 4890/4870/4445 4891/4871/4446 4893/4873/4448
f 4893/4873/4448 4892/4872/4447 4890/4870/4445
f 4893/4873/4448 4891/4871/4446 4894/4874/4449
f 4892/4872/4447 4893/4873/4448 4895/4875/4450
f 4893/4873/4448 4894/4874/4449 4896/4876/4451
f 4896/4876/4451 4895/4875/4450 4893/4873/4448
f 4896/4876/4451 4894/4874/4449 4897/4877/4452
f 4898/4878/4453 4896/4876/4451 4897/4877/4452
f 4899/4879/4454 4896/4876/4451 4898/4878/4453
f 4895/4875/4450 4900/4880/4455 4892/4872/4447
f 4900/4880/4455 4889/4869/4444 4892/4872/4447
f 4896/4876/4451 4901/4881/4456 4895/4875/4450
f 4900/4880/4455 4895/4875/4450 4901/4881/4456
f 4899/4879/4454 4902/4882/4457 4896/4876/4451
f 4902/4882/4457 4901/4881/4456 4896/4876/4451
f 4899/4879/4454 4903/4883/4458 4902/4882/4457
f 4902/4882/4457 4903/4883/4458 4904/4884/4459
f 4904/4884/4459 4905/4885/4460 4902/4882/4457
f 4901/4881/4456 4906/4886/4461 4900/4880/4455
f 4889/4869/4444 4900/4880/4455 4907/4887/4462
f 4906/4886/4461 4907/4887/4462 4900/4880/4455
f 4908/4888/4463 4889/4869/4444 4907/4887/4462
f 4908/4888/4463 4886/4866/4441 4889/4869/4444
f 4906/4886/4461 4909/4889/4464 4907/4887/4462
f 4907/4887/4462 4909/4889/4464 4908/4888/4463
f 4910/4890/4465 4906/4886/4461 4901/4881/4456
f 4910/4890/4465 4909/4889/4464 4906/4886/4461
f 4908/4888/4463 4911/4891/4466 4886/4866/4441
f 4909/4889/4464 4911/4891/4466 4908/4888/4463
f 4912/4892/4467 4886/4866/4441 4911/4891/4466
f 4912/4892/4467 4885/4865/4440 4886/4866/4441
f 4909/4889/4464 4913/4893/4468 4911/4891/4466
f 4911/4891/4466 4913/4893/4468 4912/4892/4467
f 4914/4894/4469 4885/4865/4440 4912/4892/4467
f 4914/4894/4469 4882/4862/4437 4885/4865/4440
f 4912/4892/4467 4915/4895/4470 4914/4894/4469
f 4915/4895/4470 4882/4862/4437 4914/4894/4469
f 4915/4895/4470 4912/4892/4467 4913/4893/4468
f 4913/4893/4468 4909/4889/4464 4916/4896/4471
f 4909/4889/4464 4910/4890/4465 4916/4896/4471
f 4915/4895/4470 4913/4893/4468 4917/4897/4472
f 4916/4896/4471 4917/4897/4472 4913/4893/4468
f 4882/4862/4437 4915/4895/4470 4918/4898/4473
f 4880/4860/4435 4882/4862/4437 4918/4898/4473
f 4918/4898/4473 4877/4857/4432 4880/4860/4435
f 4877/4857/4432 4918/4898/4473 4919/4899/4474
f 4919/4899/4474 4878/4858/4433 4877/4857/4432
f 4915/4895/4470 4920/4900/4475 4918/4898/4473
f 4919/4899/4474 4918/4898/4473 4920/4900/4475
f 4920/4900/4475 4915/4895/4470 4921/4901/4476
f 4917/4897/4472 4921/4901/4476 4915/4895/4470
f 4922/4902/4477 4919/4899/4474 4920/4900/4475
f 4923/4903/4478 4878/4858/4433 4919/4899/4474
f 4923/4903/4478 4919/4899/4474 4922/4902/4477
f 4878/4858/4433 4923/4903/4478 4924/4904/4479
f 4924/4904/4479 4873/4853/4428 4878/4858/4433
f 4857/4837/4412 4873/4853/4428 4924/4904/4479
f 4924/4904/4479 4923/4903/4478 4925/4905/4480
f 4923/4903/4478 4922/4902/4477 4925/4905/4480
f 4857/4837/4412 4924/4904/4479 4926/4906/4481
f 4924/4904/4479 4925/4905/4480 4926/4906/4481
f 4857/4837/4412 4926/4906/4481 4927/4907/4482
f 4860/4840/4415 4857/4837/4412 4927/4907/4482
f 4926/4906/4481 4925/4905/4480 4928/4908/4483
f 4926/4906/4481 4928/4908/4483 4927/4907/4482
f 4922/4902/4477 4929/4909/4484 4925/4905/4480
f 4925/4905/4480 4929/4909/4484 4928/4908/4483
f 4922/4902/4477 4920/4900/4475 4930/4910/4485
f 4930/4910/4485 4929/4909/4484 4922/4902/4477
f 4921/4901/4476 4930/4910/4485 4920/4900/4475
f 4929/4909/4484 4931/4911/4486 4928/4908/4483
f 4930/4910/4485 4921/4901/4476 4932/4912/4487
f 4928/4908/4483 4931/4911/4486 4933/4913/4488
f 4927/4907/4482 4928/4908/4483 4933/4913/4488
f 4929/4909/4484 4930/4910/4485 4934/4914/4489
f 4932/4912/4487 4934/4914/4489 4930/4910/4485
f 4931/4911/4486 4929/4909/4484 4935/4915/4490
f 4934/4914/4489 4935/4915/4490 4929/4909/4484
f 4931/4911/4486 4936/4916/4491 4933/4913/4488
f 4931/4911/4486 4935/4915/4490 4936/4916/4491
f 4937/4917/4492 4927/4907/4482 4933/4913/4488
f 4933/4913/4488 4936/4916/4491 4937/4917/4492
f 4938/4918/4493 4927/4907/4482 4937/4917/4492
f 4860/4840/4415 4927/4907/4482 4938/4918/4493
f 4939/4919/4494 4937/4917/4492 4936/4916/4491
f 4860/4840/4415 4938/4918/4493 4940/4920/4495
f 4860/4840/4415 4940/4920/4495 4941/4921/4496
f 4937/4917/4492 4942/4922/4497 4938/4918/4493
f 4942/4922/4497 4937/4917/4492 4939/4919/4494
f 4940/4920/4495 4938/4918/4493 4943/4923/4498
f 4938/4918/4493 4942/4922/4497 4943/4923/4498
f 4940/4920/4495 4944/4924/4499 4941/4921/4496
f 4940/4920/4495 4943/4923/4498 4944/4924/4499
f 4941/4921/4496 4944/4924/4499 4945/4925/4500
f 4944/4924/4499 4946/4926/4501 4945/4925/4500
f 4946/4926/4501 4944/4924/4499 4947/4927/4502
f 4943/4923/4498 4947/4927/4502 4944/4924/4499
f 4947/4927/4502 4948/4928/4503 4946/4926/4501
f 4943/4923/4498 4949/4929/4504 4947/4927/4502
f 4949/4929/4504 4943/4923/4498 4942/4922/4497
f 4948/4928/4503 4947/4927/4502 4950/4930/4505
f 4947/4927/4502 4949/4929/4504 4950/4930/4505
f 4951/4931/4506 4948/4928/4503 4950/4930/4505
f 4949/4929/4504 4951/4931/4506 4950/4930/4505
f 4952/4932/4507 4948/4928/4503 4951/4931/4506
f 4949/4929/4504 4942/4922/4497 4953/4933/4508
f 4942/4922/4497 4939/4919/4494 4953/4933/4508
f 4951/4931/4506 4949/4929/4504 4954/4934/4509
f 4953/4933/4508 4954/4934/4509 4949/4929/4504
f 4951/4931/4506 4955/4935/4510 4952/4932/4507
f 4954/4934/4509 4955/4935/4510 4951/4931/4506
f 4952/4932/4507 4955/4935/4510 4956/4936/4511
f 4954/4934/4509 4953/4933/4508 4957/4937/4512
f 4958/4938/4513 4956/4936/4511 4955/4935/4510
f 4956/4936/4511 4958/4938/4513 4959/4939/4514
f 4958/4938/4513 4960/4940/4515 4959/4939/4514
f 4955/4935/4510 4954/4934/4509 4961/4941/4516
f 4958/4938/4513 4955/4935/4510 4961/4941/4516
f 4957/4937/4512 4961/4941/4516 4954/4934/4509
f 4960/4940/4515 4958/4938/4513 4962/4942/4517
f 4958/4938/4513 4961/4941/4516 4962/4942/4517
f 4963/4943/4518 4960/4940/4515 4962/4942/4517
f 4962/4942/4517 4964/4944/4519 4963/4943/4518
f 4965/4945/4520 4963/4943/4518 4964/4944/4519
f 4962/4942/4517 4961/4941/4516 4966/4946/4521
f 4966/4946/4521 4964/4944/4519 4962/4942/4517
f 4965/4945/4520 4964/4944/4519 4967/4947/4522
f 4964/4944/4519 4966/4946/4521 4968/4948/4523
f 4964/4944/4519 4968/4948/4523 4967/4947/4522
f 4969/4949/4524 4965/4945/4520 4967/4947/4522
f 4969/4949/4524 4967/4947/4522 4968/4948/4523
f 4965/4945/4520 4969/4949/4524 4970/4950/4525
f 4971/4951/4526 4970/4950/4525 4969/4949/4524
f 4970/4950/4525 4971/4951/4526 4972/4952/4527
f 4973/4953/4528 4972/4952/4527 4971/4951/4526
f 4974/4954/4529 4971/4951/4526 4969/4949/4524
f 4969/4949/4524 4968/4948/4523 4974/4954/4529
f 4971/4951/4526 4975/4955/4530 4973/4953/4528
f 4975/4955/4530 4971/4951/4526 4974/4954/4529
f 4905/4885/4460 4973/4953/4528 4975/4955/4530
f 4975/4955/4530 4974/4954/4529 4976/4956/4531
f 4905/4885/4460 4975/4955/4530 4976/4956/4531
f 4968/4948/4523 4977/4957/4532 4974/4954/4529
f 4976/4956/4531 4974/4954/4529 4977/4957/4532
f 4976/4956/4531 4978/4958/4533 4905/4885/4460
f 4902/4882/4457 4905/4885/4460 4978/4958/4533
f 4977/4957/4532 4979/4959/4534 4976/4956/4531
f 4978/4958/4533 4976/4956/4531 4979/4959/4534
f 4980/4960/4535 4977/4957/4532 4968/4948/4523
f 4968/4948/4523 4966/4946/4521 4980/4960/4535
f 4981/4961/4536 4979/4959/4534 4977/4957/4532
f 4980/4960/4535 4981/4961/4536 4977/4957/4532
f 4982/4962/4537 4980/4960/4535 4966/4946/4521
f 4961/4941/4516 4982/4962/4537 4966/4946/4521
f 4980/4960/4535 4983/4963/4538 4981/4961/4536
f 4982/4962/4537 4983/4963/4538 4980/4960/4535
f 4982/4962/4537 4961/4941/4516 4984/4964/4539
f 4961/4941/4516 4957/4937/4512 4984/4964/4539
f 4982/4962/4537 4984/4964/4539 4985/4965/4540
f 4985/4965/4540 4984/4964/4539 4957/4937/4512
f 4985/4965/4540 4983/4963/4538 4982/4962/4537
f 4986/4966/4541 4985/4965/4540 4957/4937/4512
f 4953/4933/4508 4986/4966/4541 4957/4937/4512
f 4953/4933/4508 4939/4919/4494 4986/4966/4541
f 4983/4963/4538 4985/4965/4540 4987/4967/4542
f 4985/4965/4540 4986/4966/4541 4987/4967/4542
f 4983/4963/4538 4987/4967/4542 4988/4968/4543
f 4986/4966/4541 4988/4968/4543 4987/4967/4542
f 4939/4919/4494 4989/4969/4544 4986/4966/4541
f 4988/4968/4543 4986/4966/4541 4989/4969/4544
f 4936/4916/4491 4989/4969/4544 4939/4919/4494
f 4935/4915/4490 4989/4969/4544 4936/4916/4491
f 4989/4969/4544 4935/4915/4490 4990/4970/4545
f 4935/4915/4490 4934/4914/4489 4990/4970/4545
f 4990/4970/4545 4991/4971/4546 4989/4969/4544
f 4991/4971/4546 4990/4970/4545 4934/4914/4489
f 4988/4968/4543 4989/4969/4544 4991/4971/4546
f 4991/4971/4546 4934/4914/4489 4992/4972/4547
f 4988/4968/4543 4991/4971/4546 4993/4973/4548
f 4993/4973/4548 4991/4971/4546 4992/4972/4547
f 4994/4974/4549 4988/4968/4543 4993/4973/4548
f 4993/4973/4548 4992/4972/4547 4994/4974/4549
f 4995/4975/4550 4992/4972/4547 4934/4914/4489
f 4934/4914/4489 4932/4912/4487 4995/4975/4550
f 4996/4976/4551 4992/4972/4547 4995/4975/4550
f 4932/4912/4487 4996/4976/4551 4995/4975/4550
f 4994/4974/4549 4992/4972/4547 4996/4976/4551
f 4988/4968/4543 4994/4974/4549 4997/4977/4552
f 4983/4963/4538 4988/4968/4543 4997/4977/4552
f 4981/4961/4536 4983/4963/4538 4997/4977/4552
f 4998/4978/4553 4997/4977/4552 4994/4974/4549
f 4994/4974/4549 4996/4976/4551 4998/4978/4553
f 4997/4977/4552 4999/4979/4554 4981/4961/4536
f 4999/4979/4554 4979/4959/4534 4981/4961/4536
f 5000/4980/4555 4997/4977/4552 4998/4978/4553
f 4997/4977/4552 5000/4980/4555 4999/4979/4554
f 4996/4976/4551 5000/4980/4555 4998/4978/4553
f 4979/4959/4534 4999/4979/4554 5001/4981/4556
f 4979/4959/4534 5001/4981/4556 4978/4958/4533
f 5002/4982/4557 4999/4979/4554 5000/4980/4555
f 5001/4981/4556 4999/4979/4554 5002/4982/4557
f 5000/4980/4555 4996/4976/4551 5003/4983/4558
f 5002/4982/4557 5000/4980/4555 5003/4983/4558
f 5001/4981/4556 5002/4982/4557 5004/4984/4559
f 4978/4958/4533 5001/4981/4556 5004/4984/4559
f 5003/4983/4558 5004/4984/4559 5002/4982/4557
f 5004/4984/4559 5005/4985/4560 4978/4958/4533
f 4902/4882/4457 4978/4958/4533 5005/4985/4560
f 5004/4984/4559 5003/4983/4558 5006/4986/4561
f 5005/4985/4560 5004/4984/4559 5006/4986/4561
f 4902/4882/4457 5005/4985/4560 5007/4987/4562
f 5006/4986/4561 5007/4987/4562 5005/4985/4560
f 4902/4882/4457 5007/4987/4562 4901/4881/4456
f 4901/4881/4456 5007/4987/4562 4910/4890/4465
f 5008/4988/4563 4910/4890/4465 5007/4987/4562
f 5007/4987/4562 5006/4986/4561 5008/4988/4563
f 5008/4988/4563 4916/4896/4471 4910/4890/4465
f 5006/4986/4561 5009/4989/4564 5008/4988/4563
f 5008/4988/4563 5009/4989/4564 4916/4896/4471
f 5009/4989/4564 5006/4986/4561 5003/4983/4558
f 5009/4989/4564 4917/4897/4472 4916/4896/4471
f 5003/4983/4558 5010/4990/4565 5009/4989/4564
f 5009/4989/4564 5010/4990/4565 4917/4897/4472
f 5003/4983/4558 4996/4976/4551 5010/4990/4565
f 5010/4990/4565 4921/4901/4476 4917/4897/4472
f 4996/4976/4551 4932/4912/4487 5010/4990/4565
f 5010/4990/4565 4932/4912/4487 4921/4901/4476
f 220/221/211 5011/4991/4566 223/224/214
f 227/228/218 223/224/214 5011/4991/4566
f 5011/4991/4566 220/221/211 5012/4992/4567
f 5012/4992/4567 220/221/211 221/222/212
f 221/222/212 5013/4993/4568 5012/4992/4567
f 227/228/218 5011/4991/4566 5014/4994/4569
f 5012/4992/4567 5014/4994/4569 5011/4991/4566
f 5015/4995/4570 5012/4992/4567 5013/4993/4568
f 5012/4992/4567 5015/4995/4570 5014/4994/4569
f 5013/4993/4568 5016/4996/4571 5015/4995/4570
f 5015/4995/4570 5016/4996/4571 5017/4997/4572
f 5014/4994/4569 5018/4998/4573 227/228/218
f 229/230/220 227/228/218 5018/4998/4573
f 5015/4995/4570 5019/4999/4574 5014/4994/4569
f 5019/4999/4574 5015/4995/4570 5017/4997/4572
f 5014/4994/4569 5019/4999/4574 5018/4998/4573
f 5020/5000/4575 5019/4999/4574 5017/4997/4572
f 229/230/220 5018/4998/4573 5021/5001/4576
f 5019/4999/4574 5021/5001/4576 5018/4998/4573
f 5021/5001/4576 5022/5002/4577 229/230/220
f 5019/4999/4574 5020/5000/4575 5023/5003/4578
f 5021/5001/4576 5019/4999/4574 5023/5003/4578
f 5024/5004/4579 5023/5003/4578 5020/5000/4575
f 5022/5002/4577 5021/5001/4576 5025/5005/4580
f 5025/5005/4580 4671/5006/4258 5022/5002/4577
f 5026/5007/4581 5021/5001/4576 5023/5003/4578
f 5023/5003/4578 5024/5004/4579 5026/5007/4581
f 5021/5001/4576 5026/5007/4581 5025/5005/4580
f 5027/5008/4582 5026/5007/4581 5024/5004/4579
f 4671/5006/4258 5025/5005/4580 5028/5009/4583
f 5025/5005/4580 5026/5007/4581 5028/5009/4583
f 5028/5009/4583 4675/5010/4262 4671/5006/4258
f 5029/5011/4584 5026/5007/4581 5027/5008/4582
f 5028/5009/4583 5026/5007/4581 5029/5011/4584
f 4675/5010/4262 5028/5009/4583 5030/5012/4585
f 5030/5012/4585 5028/5009/4583 5029/5011/4584
f 5030/5012/4585 4678/5013/4265 4675/5010/4262
f 5027/5008/4582 5031/5014/4586 5029/5011/4584
f 5030/5012/4585 5029/5011/4584 5031/5014/4586
f 4678/5013/4265 5030/5012/4585 5031/5014/4586
f 5031/5014/4586 5027/5008/4582 5032/5015/4587
f 5031/5014/4586 5032/5015/4587 4678/5013/4265
f 5033/5016/4588 5034/5017/4589 5035/5018/4590
f 5036/5019/4591 5035/5018/4590 5034/5017/4589
f 5033/5016/4588 5037/5020/4592 5034/5017/4589
f 5033/5016/4588 5038/5021/4593 5037/5020/4592
f 5036/5019/4591 5034/5017/4589 5039/5022/4594
f 5039/5022/4594 5034/5017/4589 5037/5020/4592
f 5036/5019/4591 5039/5022/4594 5040/5023/4595
f 5040/5023/4595 5041/5024/4596 5036/5019/4591
f 5042/5025/4597 5041/5024/4596 5040/5023/4595
f 5043/5026/4598 5039/5022/4594 5037/5020/4592
f 5043/5026/4598 5040/5023/4595 5039/5022/4594
f 5038/5021/4593 5044/5027/4599 5037/5020/4592
f 5044/5027/4599 5043/5026/4598 5037/5020/4592
f 5044/5027/4599 5038/5021/4593 5045/5028/4600
f 5046/5029/4601 5042/5025/4597 5040/5023/4595
f 5040/5023/4595 5043/5026/4598 5046/5029/4601
f 5046/5029/4601 5047/5030/4602 5042/5025/4597
f 5043/5026/4598 5044/5027/4599 5048/5031/4603
f 5048/5031/4603 5046/5029/4601 5043/5026/4598
f 5049/5032/4604 5047/5030/4602 5046/5029/4601
f 5046/5029/4601 5048/5031/4603 5049/5032/4604
f 5049/5032/4604 5050/5033/4605 5047/5030/4602
f 5051/5034/4606 5048/5031/4603 5044/5027/4599
f 5045/5028/4600 5051/5034/4606 5044/5027/4599
f 5045/5028/4600 5052/5035/4607 5051/5034/4606
f 5053/5036/4608 5051/5034/4606 5052/5035/4607
f 5054/5037/4609 5050/5033/4605 5049/5032/4604
f 5055/5038/4610 5050/5033/4605 5054/5037/4609
f 5051/5034/4606 5053/5036/4608 5056/5039/4611
f 5053/5036/4608 5057/5040/4612 5056/5039/4611
f 5048/5031/4603 5051/5034/4606 5058/5041/4613
f 5048/5031/4603 5058/5041/4613 5049/5032/4604
f 5051/5034/4606 5056/5039/4611 5058/5041/4613
f 5054/5037/4609 5049/5032/4604 5058/5041/4613
f 5056/5039/4611 5057/5040/4612 5059/5042/4614
f 5058/5041/4613 5056/5039/4611 5059/5042/4614
f 5059/5042/4614 5057/5040/4612 5060/5043/4615
f 5060/5043/4615 5058/5041/4613 5059/5042/4614
f 5058/5041/4613 5060/5043/4615 5054/5037/4609
f 5060/5043/4615 5055/5038/4610 5054/5037/4609
f 5060/5043/4615 5057/5040/4612 5061/5044/4616
f 5055/5038/4610 5060/5043/4615 5061/5044/4616
f 5062/5045/4617 5063/5046/4618 5064/5047/4619
f 5062/5045/4617 5065/5048/4620 5063/5046/4618
f 5063/5046/4618 5066/5049/4621 5064/5047/4619
f 5066/5049/4621 5067/5050/4622 5064/5047/4619
f 5063/5046/4618 5065/5048/4620 5068/5051/4623
f 5068/5051/4623 5065/5048/4620 5069/5052/4624
f 5067/5050/4622 5066/5049/4621 5070/5053/4625
f 5067/5050/4622 5070/5053/4625 5071/5054/4626
f 5063/5046/4618 5072/5055/4627 5066/5049/4621
f 5066/5049/4621 5072/5055/4627 5070/5053/4625
f 5068/5051/4623 5072/5055/4627 5063/5046/4618
f 5070/5053/4625 5073/5056/4628 5071/5054/4626
f 5070/5053/4625 5072/5055/4627 5073/5056/4628
f 5071/5054/4626 5073/5056/4628 5074/5057/4629
f 5075/5058/4630 5072/5055/4627 5068/5051/4623
f 5069/5052/4624 5075/5058/4630 5068/5051/4623
f 5069/5052/4624 5076/5059/4631 5075/5058/4630
f 5077/5060/4632 5073/5056/4628 5072/5055/4627
f 5072/5055/4627 5075/5058/4630 5077/5060/4632
f 5073/5056/4628 5078/5061/4633 5074/5057/4629
f 5073/5056/4628 5077/5060/4632 5078/5061/4633
f 5074/5057/4629 5078/5061/4633 5079/5062/4634
f 5075/5058/4630 5080/5063/4635 5077/5060/4632
f 5080/5063/4635 5078/5061/4633 5077/5060/4632
f 5081/5064/4636 5075/5058/4630 5076/5059/4631
f 5080/5063/4635 5075/5058/4630 5081/5064/4636
f 5082/5065/4637 5081/5064/4636 5076/5059/4631
f 5078/5061/4633 5083/5066/4638 5079/5062/4634
f 5078/5061/4633 5080/5063/4635 5083/5066/4638
f 5079/5062/4634 5083/5066/4638 5084/5067/4639
f 5081/5064/4636 5082/5065/4637 5085/5068/4640
f 5086/5069/4641 5085/5068/4640 5082/5065/4637
f 5081/5064/4636 5087/5070/4642 5080/5063/4635
f 5087/5070/4642 5083/5066/4638 5080/5063/4635
f 5087/5070/4642 5081/5064/4636 5085/5068/4640
f 5083/5066/4638 5088/5071/4643 5084/5067/4639
f 5083/5066/4638 5087/5070/4642 5088/5071/4643
f 5088/5071/4643 5089/5072/4644 5084/5067/4639
f 5089/5072/4644 5088/5071/4643 5090/5073/4645
f 5087/5070/4642 5090/5073/4645 5088/5071/4643
f 5090/5073/4645 5091/5074/4646 5089/5072/4644
f 5090/5073/4645 5087/5070/4642 5092/5075/4647
f 5092/5075/4647 5091/5074/4646 5090/5073/4645
f 5092/5075/4647 5087/5070/4642 5085/5068/4640
f 5093/5076/4648 5091/5074/4646 5092/5075/4647
f 5085/5068/4640 5093/5076/4648 5092/5075/4647
f 5086/5069/4641 5091/5074/4646 5093/5076/4648
f 5085/5068/4640 5086/5069/4641 5093/5076/4648
