# Blender 5.2.0 LTS
# www.blender.org
mtllib ReaverVandallMMag.mtl
o GN_AK_Magazine_Fantasy_Staticmesh.mo
v -0.043172 0.652483 -0.166129
v -0.032775 0.639734 -0.430066
v -0.044993 0.652483 -0.429981
v -0.030969 0.639720 -0.166213
v 0.034300 0.652483 -0.166663
v 0.020262 0.639734 -0.430432
v 0.022097 0.639720 -0.166579
v 0.032480 0.652483 -0.430516
v 0.005750 0.584459 -0.172585
v -0.012753 0.564612 -0.146422
v 0.040271 0.564514 -0.147344
v 0.013567 0.596908 -0.188772
v 0.039890 0.607863 -0.203687
v 0.017040 0.607989 -0.203060
v 0.015842 0.607629 -0.375951
v 0.038697 0.607629 -0.376109
v 0.038588 0.596389 -0.391877
v 0.012161 0.596575 -0.391827
v 0.038479 0.585150 -0.407645
v 0.004140 0.585150 -0.407290
v 0.038354 0.564552 -0.425785
v -0.014684 0.564552 -0.425419
v -0.042472 0.197609 -0.384620
v -0.042207 0.253842 -0.400059
v -0.041473 0.267256 -0.379998
v -0.041960 0.280853 -0.417921
v -0.041686 0.309109 -0.410987
v -0.050413 0.596609 -0.429928
v -0.068072 0.596609 -0.429837
v -0.050413 0.616494 -0.429957
v -0.068071 0.619802 -0.429835
v -0.046493 0.626587 -0.429979
v -0.061537 0.636628 -0.429874
v -0.044993 0.652483 -0.429981
v -0.032775 0.639734 -0.430066
v 0.059199 -0.597153 0.125045
v 0.059305 -0.549454 0.073808
v 0.058327 -0.521737 0.093373
v 0.058712 -0.461564 -0.012250
v 0.057862 -0.494968 0.083939
v 0.057454 -0.434751 0.024867
v 0.043524 -0.479888 0.078924
v 0.056930 -0.343535 -0.050999
v 0.058168 -0.367087 -0.091075
v 0.043654 -0.429089 0.029933
v 0.043681 -0.464135 0.073578
v 0.056455 -0.241683 -0.123153
v 0.057705 -0.263452 -0.165118
v 0.044630 -0.338832 -0.044663
v 0.058536 -0.378277 0.064516
v 0.055930 -0.145354 -0.180793
v 0.057285 -0.153564 -0.229263
v 0.045121 -0.236058 -0.117547
v 0.055353 -0.045041 -0.231357
v 0.056836 -0.034345 -0.284158
v 0.044528 -0.140720 -0.174443
v 0.059822 -0.293630 -0.005401
v 0.059578 -0.200784 -0.071490
v 0.043306 -0.041361 -0.224154
v 0.054840 0.046560 -0.271088
v 0.057023 0.037837 -0.305463
v 0.057676 -0.102419 -0.130775
v 0.056014 0.064569 -0.305930
v 0.065166 0.040379 -0.321811
v 0.042070 0.050884 -0.263643
v 0.064505 0.081111 -0.320592
v 0.063691 0.123378 -0.350588
v 0.054906 0.115231 -0.298023
v 0.055353 0.115394 -0.312552
v 0.063844 0.121843 -0.319374
v 0.064246 0.203308 -0.316948
v 0.063558 0.199062 -0.369901
v 0.054621 0.173053 -0.315239
v 0.041557 0.122220 -0.290065
v 0.042433 0.190131 -0.310885
v 0.050645 0.108113 -0.224144
v 0.054597 0.000566 -0.181556
v 0.043945 0.236138 -0.307735
v 0.062600 -0.052049 -0.041393
v 0.060086 0.129432 -0.164193
v 0.063052 0.043705 -0.096777
v 0.066473 -0.146656 0.015909
v 0.048996 -0.009735 0.052427
v 0.067505 -0.231504 0.075974
v 0.054537 -0.095427 0.104784
v 0.041920 0.055413 0.014275
v 0.042470 -0.010169 0.079109
v 0.037790 0.102310 -0.042270
v 0.058652 0.057803 0.018531
v 0.058260 0.108296 -0.038457
v 0.034352 0.150751 -0.104000
v 0.057845 0.154716 -0.098704
v 0.032299 0.186903 -0.159637
v 0.057468 0.190356 -0.153496
v 0.031743 0.224345 -0.240279
v 0.056899 0.226517 -0.236481
v 0.063967 0.240769 -0.310599
v 0.063453 0.253388 -0.385142
v 0.074073 0.254906 -0.229823
v 0.072067 0.268099 -0.326339
v 0.066482 0.277406 -0.399844
v 0.088803 0.232165 -0.113260
v 0.061234 0.285856 -0.221823
v 0.060213 0.298473 -0.341213
v 0.055809 0.304711 -0.395138
v 0.055777 0.334478 -0.399615
v 0.094600 0.210809 -0.002646
v 0.056365 0.339361 -0.313825
v 0.076048 0.081513 0.074008
v 0.048265 0.307997 -0.325242
v 0.056154 0.387569 -0.344339
v 0.055709 0.396065 -0.409362
v 0.051680 0.344819 -0.301511
v 0.056008 0.448906 -0.365612
v 0.055647 0.457757 -0.418314
v 0.049007 0.388897 -0.328434
v 0.047842 0.445018 -0.349621
v 0.055837 0.558136 -0.384964
v 0.055572 0.551611 -0.428918
v 0.055558 0.596609 -0.430691
v 0.047060 0.547066 -0.366329
v 0.060465 0.482578 -0.262629
v 0.066350 0.435179 -0.199561
v 0.045917 0.542917 -0.187224
v 0.057286 0.556844 -0.184570
v 0.049606 0.504246 -0.143776
v 0.057675 0.596060 -0.122123
v 0.056021 0.512814 -0.134564
v 0.057268 0.617191 -0.144128
v 0.055557 0.619802 -0.430688
v 0.057854 0.576542 -0.096105
v 0.050922 0.636628 -0.160860
v 0.049024 0.636628 -0.430637
v 0.034300 0.652483 -0.166663
v 0.032480 0.652483 -0.430516
v 0.058053 0.563407 -0.067208
v 0.057995 0.488341 -0.076001
v 0.058721 0.557881 -0.035774
v 0.051630 0.478857 -0.087736
v 0.058341 0.479588 -0.025656
v 0.058468 0.557015 -0.006717
v 0.058485 0.479214 -0.004449
v 0.047409 0.471183 -0.041531
v 0.058409 0.422872 -0.015962
v 0.058569 0.372438 0.007427
v 0.049812 0.421090 -0.029262
v 0.066741 0.382399 -0.140788
v 0.049039 0.375046 -0.029032
v 0.052593 0.297663 -0.216688
v 0.060166 0.324506 -0.089900
v 0.052665 0.283848 -0.100283
v 0.061965 0.272727 -0.093341
v 0.053273 0.285558 -0.062125
v 0.065719 0.268344 -0.050472
v 0.050420 0.319755 -0.040539
v 0.063630 0.310942 -0.028224
v 0.058419 0.370172 -0.014646
v 0.072969 0.305487 0.040751
v 0.088137 0.254815 0.019610
v 0.051210 0.234955 0.062502
v 0.058189 0.207896 0.062899
v 0.058986 0.175005 0.067539
v 0.059504 0.101530 0.096315
v 0.059689 0.024860 0.137298
v 0.072232 0.006825 0.117156
v 0.059798 -0.048098 0.185065
v 0.059091 -0.004823 0.082268
v 0.059501 -0.071435 0.141748
v 0.072216 -0.062930 0.160168
v 0.072601 -0.140701 0.216007
v 0.060166 -0.121621 0.238444
v 0.060491 -0.181289 0.285682
v 0.059899 -0.146031 0.199511
v 0.042844 -0.074392 0.138308
v 0.072920 -0.202175 0.262267
v 0.060860 -0.233911 0.339228
v 0.060236 -0.210671 0.248372
v 0.044125 -0.149184 0.196389
v 0.056464 -0.174940 0.162091
v 0.044499 -0.214091 0.245578
v 0.060575 -0.275843 0.297633
v 0.073249 -0.266841 0.310004
v 0.061323 -0.294896 0.406576
v 0.073673 -0.341196 0.371570
v 0.061838 -0.345381 0.481384
v 0.074022 -0.449369 0.461762
v 0.061166 -0.458571 0.439674
v 0.060985 -0.354527 0.357110
v 0.044390 -0.279682 0.294989
v 0.044751 -0.358560 0.354675
v 0.042009 -0.460756 0.434737
v 0.055976 -0.242350 0.216361
v 0.052762 -0.302818 0.277164
v 0.067030 -0.309061 0.143020
v 0.064770 -0.378203 0.212020
v 0.057657 -0.459530 0.301820
v 0.055223 -0.545460 0.267420
v 0.049255 -0.552188 0.212024
v 0.056779 -0.456208 0.141409
v 0.043581 -0.535152 0.156000
v 0.042435 -0.498947 0.104261
v 0.062353 -0.463521 0.074074
v 0.070706 -0.498436 0.105137
v 0.085942 -0.507795 0.096734
v 0.087182 -0.534239 0.156497
v 0.123007 -0.566998 0.128683
v 0.132424 -0.607639 0.169700
v 0.086653 -0.551684 0.212963
v 0.124660 -0.632998 0.202671
v 0.086084 -0.545069 0.267737
v 0.098172 -0.666296 0.246077
v 0.099586 -0.696879 0.211535
v 0.086575 -0.603657 0.275983
v 0.083792 -0.601615 0.338222
v 0.082722 -0.555025 0.421204
v 0.079018 -0.449854 0.461750
v 0.081317 -0.537096 0.471007
v 0.109540 -0.523516 0.550092
v 0.093929 -0.486629 0.542476
v 0.082684 -0.449743 0.538667
v 0.015842 0.607629 -0.375951
v 0.013567 0.596908 -0.188772
v 0.017040 0.607989 -0.203060
v 0.012161 0.596575 -0.391827
v 0.005750 0.584459 -0.172585
v 0.004140 0.585150 -0.407290
v -0.014684 0.564552 -0.425419
v -0.012753 0.564612 -0.146422
v -0.050809 0.564552 -0.425170
v -0.048527 0.564552 -0.096920
v 0.040271 0.564514 -0.147344
v 0.040626 0.564552 -0.097535
v 0.040758 0.564720 -0.014196
v -0.047525 0.564720 -0.013586
v -0.033672 0.564718 -0.000676
v 0.027085 0.564718 -0.001095
v -0.019235 0.564717 0.003701
v 0.012709 0.564717 0.003481
v -0.061537 0.636628 -0.429874
v -0.043172 0.652483 -0.166129
v -0.044993 0.652483 -0.429981
v -0.059713 0.636628 -0.160097
v -0.068071 0.619802 -0.429835
v -0.065827 0.617191 -0.143279
v -0.068072 0.596609 -0.429837
v -0.065930 0.596060 -0.121270
v -0.066403 0.556845 -0.183717
v -0.067719 0.558136 -0.384112
v -0.068061 0.551611 -0.428065
v -0.067989 0.457757 -0.417461
v -0.064448 0.512814 -0.133732
v -0.065750 0.576542 -0.095252
v -0.065550 0.563407 -0.066355
v -0.067623 0.448906 -0.364759
v -0.067928 0.396065 -0.408509
v -0.058686 0.547066 -0.365599
v -0.067476 0.387569 -0.343486
v -0.067862 0.334478 -0.398762
v -0.059238 0.445018 -0.348882
v -0.055072 0.542917 -0.186527
v -0.070659 0.482578 -0.261724
v -0.060110 0.388897 -0.327681
v -0.067266 0.339361 -0.312972
v -0.075673 0.435179 -0.198581
v -0.058161 0.504246 -0.143033
v -0.062411 0.344819 -0.300724
v -0.071491 0.298473 -0.340304
v -0.067832 0.304711 -0.394285
v -0.078569 0.277406 -0.398843
v -0.059325 0.307997 -0.324500
v -0.062154 0.297663 -0.215896
v -0.083139 0.268099 -0.325268
v -0.075337 0.253388 -0.384184
v -0.070865 0.285856 -0.220911
v -0.074822 0.240769 -0.309641
v -0.075232 0.199062 -0.368943
v -0.083812 0.254906 -0.228733
v -0.075189 0.203308 -0.315986
v -0.075099 0.123378 -0.349631
v -0.066732 0.226517 -0.235628
v -0.074820 0.121843 -0.318417
v -0.054763 0.236138 -0.307054
v -0.075498 0.081111 -0.319626
v -0.076176 0.040379 -0.320836
v -0.065541 0.173053 -0.314410
v -0.066806 0.064569 -0.305082
v -0.067809 0.037837 -0.304601
v -0.066237 0.115394 -0.311713
v -0.065151 0.046560 -0.270260
v -0.067327 -0.034345 -0.283301
v -0.065589 0.115231 -0.297191
v -0.053295 0.190131 -0.310225
v -0.052132 0.122220 -0.289419
v -0.052280 0.050884 -0.262992
v -0.060309 0.108113 -0.223378
v -0.052970 -0.041361 -0.223489
v -0.063673 0.000566 -0.180740
v -0.068921 0.129432 -0.163303
v -0.065115 -0.045041 -0.230525
v -0.067019 -0.153564 -0.228406
v -0.066051 -0.102419 -0.129921
v -0.064995 -0.145354 -0.179958
v -0.066553 -0.263452 -0.164261
v -0.053507 -0.140720 -0.173767
v -0.064725 -0.241683 -0.122317
v -0.065995 -0.367087 -0.090218
v -0.053314 -0.236058 -0.116868
v -0.067134 -0.200784 -0.070615
v -0.064204 -0.343535 -0.050163
v -0.065451 -0.461564 -0.011393
v -0.051817 -0.338832 -0.043997
v -0.066467 -0.293630 -0.004530
v -0.069741 -0.052049 -0.040480
v -0.072822 -0.146656 0.016870
v -0.070957 0.043705 -0.095852
v -0.054843 -0.009735 0.053144
v -0.073025 -0.231504 0.076944
v -0.059662 -0.095427 0.105572
v -0.048294 0.055413 0.014898
v -0.064216 -0.378277 0.065363
v -0.047950 -0.010169 0.079733
v -0.044945 0.102310 -0.041699
v -0.064966 0.057803 0.019384
v -0.065360 0.108296 -0.037604
v -0.042360 0.150751 -0.103471
v -0.065777 0.154716 -0.097851
v -0.041075 0.186904 -0.159131
v -0.066156 0.190356 -0.152643
v -0.041631 0.224345 -0.239772
v -0.096933 0.232165 -0.111979
v -0.101202 0.210809 -0.001295
v -0.069822 0.272727 -0.092432
v -0.081595 0.081513 0.075096
v -0.060619 0.283848 -0.099501
v -0.072984 0.268344 -0.049515
v -0.060700 0.285558 -0.061339
v -0.075253 0.382399 -0.139808
v -0.067977 0.324506 -0.089015
v -0.059411 0.478857 -0.086970
v -0.056786 0.421090 -0.028527
v -0.065614 0.488341 -0.075148
v -0.065785 0.557881 -0.034915
v -0.054553 0.471183 -0.040828
v -0.065265 0.479588 -0.024803
v -0.065131 0.557015 -0.005864
v -0.065117 0.479214 -0.003596
v -0.065199 0.422872 -0.015109
v -0.065036 0.372438 0.008280
v -0.056010 0.375046 -0.028308
v -0.065191 0.370172 -0.013793
v -0.057550 0.319755 -0.039794
v -0.070588 0.310942 -0.027298
v -0.078975 0.305487 0.041800
v -0.094433 0.254815 0.020870
v -0.056917 0.234955 0.063248
v -0.063891 0.207896 0.063741
v -0.064624 0.175005 0.068392
v -0.064745 0.101530 0.097172
v -0.064364 0.024860 0.138154
v -0.077184 0.006825 0.118187
v -0.063813 -0.048098 0.185918
v -0.064525 -0.004823 0.083121
v -0.064114 -0.071435 0.142601
v -0.076574 -0.062930 0.161195
v -0.076189 -0.140701 0.217034
v -0.063445 -0.121621 0.239297
v -0.063118 -0.181289 0.286536
v -0.063715 -0.146031 0.200364
v -0.047507 -0.074392 0.138932
v -0.075869 -0.202175 0.263294
v -0.062748 -0.233911 0.340081
v -0.063378 -0.210671 0.249225
v -0.047986 -0.149184 0.197025
v -0.060798 -0.174940 0.162900
v -0.047681 -0.214091 0.246214
v -0.063037 -0.275843 0.298486
v -0.075539 -0.266841 0.311031
v -0.062282 -0.294896 0.407429
v -0.075114 -0.341196 0.372597
v -0.061764 -0.345381 0.482237
v -0.074218 -0.449369 0.462785
v -0.061668 -0.458571 0.440521
v -0.062626 -0.354527 0.357963
v -0.046890 -0.279682 0.295618
v -0.046427 -0.358560 0.355304
v -0.042581 -0.460756 0.435321
v -0.059560 -0.242350 0.217159
v -0.055508 -0.302818 0.277911
v -0.071626 -0.309061 0.143977
v -0.068414 -0.378203 0.212939
v -0.060061 -0.459530 0.302633
v -0.058103 -0.545460 0.268202
v -0.052899 -0.552188 0.212729
v -0.061398 -0.456208 0.142224
v -0.048000 -0.535152 0.156632
v -0.047568 -0.498947 0.104882
v -0.049237 -0.464135 0.074220
v -0.049813 -0.429089 0.030578
v -0.049007 -0.479888 0.079563
v -0.063680 -0.434751 0.025703
v -0.063273 -0.494968 0.084775
v -0.063609 -0.521737 0.094214
v -0.064857 -0.549454 0.074664
v -0.064043 -0.597153 0.125895
v -0.050413 0.596609 -0.429928
v -0.041686 0.589285 -0.445763
v -0.068072 0.596609 -0.429837
v 0.037900 0.596609 -0.430538
v 0.028955 0.589285 -0.446251
v 0.055558 0.596609 -0.430691
v -0.030969 0.639720 -0.166213
v -0.046493 0.626587 -0.429979
v -0.032775 0.639734 -0.430066
v -0.044637 0.626593 -0.157374
v -0.050413 0.616494 -0.429957
v -0.049184 0.611171 -0.140975
v -0.050413 0.596609 -0.429928
v -0.048272 0.596056 -0.121395
v -0.050336 0.511749 -0.418708
v -0.047892 0.511501 -0.066477
v -0.048094 0.576866 -0.095183
v -0.047892 0.563407 -0.066477
v -0.047674 0.558064 -0.039015
v -0.047674 0.511329 -0.039016
v -0.047525 0.556824 -0.013592
v -0.047525 0.511287 -0.013592
v -0.033672 0.511221 -0.000681
v -0.033672 0.557117 -0.000681
v -0.019235 0.555880 0.003696
v -0.019235 0.511161 0.003696
v 0.012709 0.555880 0.003476
v 0.012709 0.511161 0.003476
v 0.027084 0.511221 -0.001101
v 0.027084 0.557117 -0.001101
v 0.040758 0.556824 -0.014201
v 0.040757 0.511287 -0.014201
v 0.040556 0.511328 -0.039625
v 0.040556 0.558064 -0.039624
v 0.040394 0.511501 -0.067087
v 0.040395 0.563407 -0.067087
v 0.040201 0.576865 -0.095792
v 0.040017 0.596056 -0.122005
v 0.037977 0.511749 -0.419317
v 0.037900 0.596609 -0.430538
v 0.040659 0.611171 -0.141595
v 0.037899 0.616493 -0.430567
v 0.035885 0.626593 -0.157929
v 0.033980 0.626587 -0.430534
v 0.022097 0.639720 -0.166579
v 0.020262 0.639734 -0.430432
v -0.067900 -0.463521 0.074973
v -0.047568 -0.498947 0.104882
v -0.049237 -0.464135 0.074220
v -0.075823 -0.498436 0.106149
v -0.048000 -0.535152 0.156632
v -0.091590 -0.534239 0.157731
v -0.052899 -0.552188 0.212729
v -0.090281 -0.551684 0.214184
v -0.058103 -0.545460 0.268202
v -0.088956 -0.545069 0.268945
v -0.042581 -0.460756 0.435321
v -0.061668 -0.458571 0.440521
v -0.079214 -0.449854 0.462842
v -0.074218 -0.449369 0.462785
v -0.070613 -0.358589 0.480554
v -0.061764 -0.345381 0.482237
v -0.064159 -0.337274 0.482347
v -0.050646 -0.319988 0.485327
v -0.044322 -0.343890 0.483555
v -0.019972 -0.328323 0.486261
v -0.022968 -0.307869 0.487015
v 0.000068 -0.323369 0.486335
v 0.023111 -0.307869 0.486697
v 0.020105 -0.328323 0.485984
v 0.050763 -0.319988 0.484627
v 0.044416 -0.343890 0.482943
v 0.061838 -0.345381 0.481384
v 0.064234 -0.337274 0.481461
v 0.070663 -0.358589 0.479579
v 0.074022 -0.449369 0.461762
v 0.079018 -0.449854 0.461750
v 0.061166 -0.458571 0.439674
v 0.086084 -0.545069 0.267737
v 0.042009 -0.460756 0.434737
v 0.055223 -0.545460 0.267420
v 0.086653 -0.551684 0.212963
v 0.049255 -0.552188 0.212024
v 0.087182 -0.534239 0.156497
v 0.043581 -0.535152 0.156000
v 0.070706 -0.498436 0.105137
v 0.042435 -0.498947 0.104261
v 0.062353 -0.463521 0.074074
v 0.043681 -0.464135 0.073578
v -0.081818 -0.449743 0.539802
v -0.070613 -0.358589 0.480554
v -0.079214 -0.449854 0.462842
v -0.069964 -0.357802 0.546431
v -0.064159 -0.337274 0.482347
v -0.064448 -0.335382 0.547384
v -0.050646 -0.319988 0.485327
v -0.049662 -0.321318 0.548113
v -0.022968 -0.307869 0.487015
v -0.022157 -0.310192 0.549586
v 0.023164 -0.310192 0.549273
v 0.023111 -0.307869 0.486697
v 0.050646 -0.321318 0.547421
v 0.050763 -0.319988 0.484627
v 0.065421 -0.335382 0.546488
v 0.064234 -0.337274 0.481461
v 0.070922 -0.357802 0.545458
v 0.070663 -0.358589 0.479579
v 0.082684 -0.449743 0.538667
v 0.079018 -0.449854 0.461750
v -0.067900 -0.463521 0.074973
v -0.091174 -0.507795 0.097956
v -0.075823 -0.498436 0.106149
v -0.091590 -0.534239 0.157731
v -0.127795 -0.566998 0.130414
v -0.136645 -0.607639 0.171557
v -0.090281 -0.551684 0.214184
v -0.128427 -0.632998 0.204418
v -0.088956 -0.545069 0.268945
v -0.103233 -0.696878 0.212934
v -0.101342 -0.666296 0.247454
v -0.089334 -0.603657 0.277196
v -0.085692 -0.601615 0.339391
v -0.083477 -0.555025 0.422350
v -0.079214 -0.449854 0.462842
v -0.081384 -0.537096 0.472130
v -0.108514 -0.523516 0.551597
v -0.093009 -0.486629 0.543766
v -0.081818 -0.449743 0.539802
v -0.033672 0.511221 -0.000681
v -0.047674 0.511329 -0.039016
v -0.047525 0.511287 -0.013592
v -0.047892 0.511501 -0.066477
v -0.019235 0.511161 0.003696
v -0.050336 0.511749 -0.418708
v 0.012709 0.511161 0.003476
v -0.050413 0.596609 -0.429928
v 0.037900 0.596609 -0.430538
v 0.037977 0.511749 -0.419317
v 0.040394 0.511501 -0.067087
v 0.027084 0.511221 -0.001101
v 0.040556 0.511328 -0.039625
v 0.040757 0.511287 -0.014201
v 0.030585 0.197609 -0.385125
v 0.029649 0.267256 -0.380489
v 0.030107 0.253842 -0.400558
v 0.029613 0.280853 -0.418415
v 0.029435 0.309109 -0.411478
v 0.037899 0.616493 -0.430567
v 0.055558 0.596609 -0.430691
v 0.037900 0.596609 -0.430538
v 0.055557 0.619802 -0.430688
v 0.033980 0.626587 -0.430534
v 0.049024 0.636628 -0.430637
v 0.032480 0.652483 -0.430516
v 0.020262 0.639734 -0.430432
v -0.049662 -0.321318 0.548113
v 0.023164 -0.310192 0.549273
v -0.022157 -0.310192 0.549586
v 0.050646 -0.321318 0.547421
v -0.064448 -0.335382 0.547384
v 0.065421 -0.335382 0.546488
v -0.069964 -0.357802 0.546431
v 0.070922 -0.357802 0.545458
v -0.081818 -0.449743 0.539802
v 0.082684 -0.449743 0.538667
v 0.054938 -0.512083 0.537667
v 0.093929 -0.486629 0.542476
v 0.109540 -0.523516 0.550092
v 0.081317 -0.537096 0.471007
v -0.054089 -0.512083 0.538419
v -0.093009 -0.486629 0.543766
v -0.108514 -0.523516 0.551597
v -0.081384 -0.537096 0.472130
v 0.082722 -0.555025 0.421204
v -0.083477 -0.555025 0.422350
v 0.083792 -0.601615 0.338222
v -0.085692 -0.601615 0.339391
v -0.001484 -0.660985 0.261461
v 0.098172 -0.666296 0.246077
v -0.101342 -0.666296 0.247454
v -0.001749 -0.699180 0.223018
v 0.099586 -0.696879 0.211535
v -0.103233 -0.696878 0.212934
v 0.078681 -0.731566 0.177649
v -0.082797 -0.731566 0.178764
v -0.001913 -0.730535 0.199274
v 0.041091 -0.762363 0.157572
v -0.045488 -0.762363 0.158169
v -0.002079 -0.770874 0.175186
v -0.002173 -0.802911 0.161596
v -0.047525 0.552918 -0.013598
v -0.048527 0.564552 -0.096920
v -0.048554 0.552304 -0.100731
v -0.047525 0.564720 -0.013586
v -0.033672 0.564718 -0.000676
v -0.033672 0.552904 -0.000686
v -0.019235 0.564717 0.003701
v -0.019235 0.552895 0.003691
v 0.012708 0.552895 0.003470
v 0.012709 0.564717 0.003481
v 0.027084 0.552904 -0.001106
v 0.027085 0.564718 -0.001095
v 0.040757 0.552918 -0.014206
v 0.040758 0.564720 -0.014196
v 0.040626 0.564552 -0.097535
v 0.040600 0.552303 -0.101344
v 0.030585 0.197609 -0.385125
v -0.042472 0.197609 -0.384620
v 0.029649 0.267256 -0.380489
v -0.041473 0.267256 -0.379998
v -0.041686 0.309109 -0.410987
v 0.029435 0.309109 -0.411478
v -0.044637 0.626593 -0.157374
v -0.030969 0.639720 -0.166213
v -0.043172 0.652483 -0.166129
v -0.059713 0.636628 -0.160097
v -0.065827 0.617191 -0.143279
v -0.049184 0.611171 -0.140975
v -0.065930 0.596060 -0.121270
v -0.048272 0.596056 -0.121395
v -0.065750 0.576542 -0.095252
v -0.048094 0.576866 -0.095183
v -0.065550 0.563407 -0.066355
v -0.047892 0.563407 -0.066477
v -0.047674 0.558064 -0.039015
v -0.065785 0.557881 -0.034915
v -0.047525 0.556824 -0.013592
v -0.065131 0.557015 -0.005864
v -0.042689 0.557754 0.015041
v -0.033672 0.557117 -0.000681
v -0.021747 0.556700 0.021356
v -0.019235 0.555880 0.003696
v 0.015465 0.556700 0.021099
v 0.012709 0.555880 0.003476
v 0.027084 0.557117 -0.001101
v 0.036317 0.557754 0.014496
v 0.040758 0.556824 -0.014201
v 0.058468 0.557015 -0.006717
v 0.058721 0.557881 -0.035774
v 0.040556 0.558064 -0.039624
v 0.058053 0.563407 -0.067208
v 0.040395 0.563407 -0.067087
v 0.040201 0.576865 -0.095792
v 0.057854 0.576542 -0.096105
v 0.040017 0.596056 -0.122005
v 0.057675 0.596060 -0.122123
v 0.040659 0.611171 -0.141595
v 0.057268 0.617191 -0.144128
v 0.035885 0.626593 -0.157929
v 0.050922 0.636628 -0.160860
v 0.034300 0.652483 -0.166663
v 0.022097 0.639720 -0.166579
v -0.049007 -0.479888 0.079563
v -0.067900 -0.463521 0.074973
v -0.049237 -0.464135 0.074220
v -0.063273 -0.494968 0.084775
v -0.076773 -0.513973 0.090298
v -0.091174 -0.507795 0.097956
v -0.063609 -0.521737 0.094214
v -0.127795 -0.566998 0.130414
v -0.064043 -0.597153 0.125895
v -0.095270 -0.609528 0.118554
v -0.136645 -0.607639 0.171557
v -0.052233 -0.602308 0.130370
v -0.095079 -0.662828 0.143145
v -0.128427 -0.632998 0.204418
v -0.103233 -0.696878 0.212934
v -0.082797 -0.731566 0.178764
v -0.044612 -0.637403 0.114833
v -0.031573 -0.590872 0.146658
v -0.045200 -0.687052 0.133202
v -0.045488 -0.762363 0.158169
v -0.002506 -0.647219 0.113357
v -0.002419 -0.564334 0.125880
v 0.027019 -0.590873 0.146254
v -0.002507 -0.647447 0.113214
v -0.002369 -0.702710 0.133210
v -0.002173 -0.802911 0.161596
v 0.041091 -0.762363 0.157572
v 0.040459 -0.687052 0.132611
v 0.078681 -0.731566 0.177649
v 0.039617 -0.637403 0.114252
v 0.047452 -0.602308 0.129682
v 0.090470 -0.662828 0.141864
v 0.099586 -0.696879 0.211535
v 0.124660 -0.632998 0.202671
v 0.132424 -0.607639 0.169700
v 0.090321 -0.609528 0.117273
v 0.059199 -0.597153 0.125045
v 0.123007 -0.566998 0.128683
v 0.071436 -0.513973 0.089275
v 0.058327 -0.521737 0.093373
v 0.085942 -0.507795 0.096734
v 0.057862 -0.494968 0.083939
v 0.062353 -0.463521 0.074074
v 0.043524 -0.479888 0.078924
v 0.043681 -0.464135 0.073578
v -0.041686 0.589285 -0.445763
v -0.068061 0.551611 -0.428065
v -0.068072 0.596609 -0.429837
v -0.041666 0.547024 -0.442806
v -0.067989 0.457757 -0.417461
v 0.028955 0.589285 -0.446251
v -0.041618 0.456153 -0.432032
v -0.067928 0.396065 -0.408509
v 0.028976 0.547024 -0.443294
v 0.055572 0.551611 -0.428918
v 0.055558 0.596609 -0.430691
v 0.055647 0.457757 -0.418314
v 0.029076 0.456153 -0.432520
v 0.055709 0.396065 -0.409362
v -0.041618 0.396703 -0.423751
v 0.029191 0.396703 -0.424239
v 0.029348 0.337315 -0.415480
v 0.055777 0.334478 -0.399615
v -0.041654 0.337315 -0.414990
v -0.067862 0.334478 -0.398762
v 0.029435 0.309109 -0.411478
v 0.055809 0.304711 -0.395138
v -0.041686 0.309109 -0.410987
v 0.029613 0.280853 -0.418415
v -0.067832 0.304711 -0.394285
v 0.066482 0.277406 -0.399844
v -0.041960 0.280853 -0.417921
v 0.063453 0.253388 -0.385142
v -0.078569 0.277406 -0.398843
v 0.030107 0.253842 -0.400558
v -0.075337 0.253388 -0.384184
v 0.063558 0.199062 -0.369901
v -0.042207 0.253842 -0.400059
v 0.030585 0.197609 -0.385125
v -0.075232 0.199062 -0.368943
v 0.063691 0.123378 -0.350588
v -0.042472 0.197609 -0.384620
v -0.075099 0.123378 -0.349631
v 0.030759 0.108254 -0.359949
v 0.065166 0.040379 -0.321811
v -0.042298 0.108254 -0.359445
v -0.076176 0.040379 -0.320836
v 0.031417 0.009760 -0.324290
v 0.057023 0.037837 -0.305463
v -0.042465 0.009760 -0.323780
v -0.067809 0.037837 -0.304601
v -0.005529 0.000946 -0.324816
v -0.037351 0.009627 -0.307978
v -0.067327 -0.034345 -0.283301
v 0.026522 0.009627 -0.308419
v 0.056836 -0.034345 -0.284158
v -0.005420 0.001933 -0.309063
v -0.036961 -0.039442 -0.288987
v -0.067019 -0.153564 -0.228406
v 0.026394 -0.039442 -0.289424
v 0.057285 -0.153564 -0.229263
v -0.036571 -0.159309 -0.232419
v -0.066553 -0.263452 -0.164261
v 0.026785 -0.159309 -0.232857
v 0.057705 -0.263452 -0.165118
v -0.036127 -0.270327 -0.168054
v 0.027229 -0.270327 -0.168491
v 0.058168 -0.367087 -0.091075
v -0.065995 -0.367087 -0.090218
v 0.027739 -0.375221 -0.094531
v 0.058712 -0.461564 -0.012250
v -0.035616 -0.375221 -0.094094
v -0.065451 -0.461564 -0.011393
v 0.028288 -0.470606 -0.014952
v -0.035067 -0.470606 -0.014515
v -0.034823 -0.506735 0.020857
v -0.064857 -0.549454 0.074664
v -0.003233 -0.493786 0.007961
v 0.028532 -0.506735 0.020420
v 0.059305 -0.549454 0.073808
v -0.002709 -0.538159 0.083948
v -0.055795 -0.552403 0.073979
v -0.064043 -0.597153 0.125895
v -0.052233 -0.602308 0.130370
v -0.031906 -0.540115 0.079815
v -0.031573 -0.590872 0.146658
v -0.002419 -0.564334 0.125880
v 0.026429 -0.540115 0.079412
v 0.027019 -0.590873 0.146254
v 0.047452 -0.602308 0.129682
v 0.050235 -0.552403 0.073247
v 0.059199 -0.597153 0.125045
v 0.098583 -0.512978 0.438763
v 0.080571 -0.531696 0.451421
v 0.081491 -0.525911 0.420034
v 0.080434 -0.494537 0.425825
v 0.080262 -0.500322 0.457206
v 0.094649 -0.412737 0.507604
v 0.078294 -0.436722 0.505707
v 0.075613 -0.412316 0.485322
v 0.072882 -0.392015 0.509876
v 0.076510 -0.416420 0.530254
v -0.085326 0.337360 -0.352860
v -0.067319 0.336479 -0.375588
v -0.069470 0.315897 -0.351226
v -0.067192 0.360782 -0.354961
v -0.066817 0.340201 -0.330617
v 0.102092 -0.557061 0.346377
v 0.083908 -0.577341 0.353742
v 0.084608 -0.563761 0.324892
v 0.083394 -0.534948 0.338536
v 0.083283 -0.548527 0.367381
v -0.099094 -0.512978 0.440128
v -0.082262 -0.525911 0.421164
v -0.080909 -0.531696 0.452535
v -0.081126 -0.494537 0.426940
v -0.080520 -0.500322 0.458316
v 0.073873 0.337360 -0.353959
v 0.058042 0.315897 -0.352106
v 0.055554 0.336479 -0.376436
v 0.055712 0.360782 -0.355809
v 0.055672 0.340201 -0.331462
v -0.094210 -0.412737 0.508907
v -0.075484 -0.412316 0.486365
v -0.077883 -0.436722 0.506785
v -0.072414 -0.392015 0.510879
v -0.075761 -0.416420 0.531305
v -0.103878 -0.557061 0.347798
v -0.086692 -0.563761 0.326075
v -0.085594 -0.577340 0.354911
v -0.085290 -0.534948 0.339700
v -0.084781 -0.548527 0.368541
v -0.042196 0.481759 0.018666
v -0.042689 0.557754 0.015041
v -0.065131 0.557015 -0.005864
v -0.065117 0.479214 -0.003596
v -0.021747 0.556700 0.021356
v -0.042005 0.416464 0.026838
v -0.065036 0.372438 0.008280
v -0.021719 0.482554 0.025519
v -0.047870 0.355948 0.054284
v -0.078975 0.305487 0.041800
v -0.021676 0.433339 0.031624
v -0.021507 0.383319 0.056108
v -0.042315 0.254660 0.066671
v -0.056917 0.234955 0.063248
v -0.021412 0.266940 0.069962
v -0.002918 0.401053 0.053648
v -0.002798 0.268603 0.070950
v -0.003088 0.442863 0.029009
v 0.015493 0.482554 0.025263
v 0.015465 0.556700 0.021099
v 0.015535 0.433339 0.031368
v 0.035874 0.481759 0.018128
v 0.036317 0.557754 0.014496
v 0.058468 0.557015 -0.006717
v 0.058485 0.479214 -0.004449
v 0.035796 0.416463 0.026301
v 0.058569 0.372438 0.007427
v 0.015704 0.383319 0.055851
v 0.042039 0.355948 0.053663
v 0.072969 0.305487 0.040751
v 0.015800 0.266940 0.069705
v 0.036655 0.254660 0.066126
v 0.051210 0.234955 0.062502
v -0.002840 0.262466 0.064902
v 0.013431 0.257685 0.062636
v 0.030248 0.244833 0.059340
v -0.019141 0.257685 0.062861
v -0.002782 0.234522 0.073259
v -0.036001 0.244833 0.059798
v -0.021007 0.233023 0.070513
v 0.015403 0.233023 0.070261
v -0.002719 0.209935 0.082393
v -0.037703 0.228793 0.063903
v -0.046658 0.226840 0.057367
v -0.063891 0.207896 0.063741
v -0.022116 0.208244 0.079214
v -0.052694 0.201488 0.060043
v -0.064624 0.175005 0.068392
v -0.039587 0.203853 0.071334
v -0.056143 0.173007 0.066376
v -0.064745 0.101530 0.097172
v -0.023076 0.164668 0.094847
v -0.056619 0.098100 0.097198
v -0.064364 0.024860 0.138154
v -0.041415 0.158820 0.086649
v -0.054663 0.020819 0.138373
v -0.063813 -0.048098 0.185918
v -0.042092 0.094453 0.113601
v -0.023362 0.101394 0.121447
v -0.051983 -0.052830 0.186009
v -0.063445 -0.121621 0.239297
v -0.041969 0.022466 0.150517
v -0.023190 0.030269 0.157631
v -0.050379 -0.125678 0.239430
v -0.063118 -0.181289 0.286536
v -0.041459 -0.046463 0.192930
v -0.049952 -0.186711 0.288522
v -0.062748 -0.233911 0.340081
v -0.041100 -0.119380 0.244911
v -0.046477 -0.240658 0.345434
v -0.062282 -0.294896 0.407429
v -0.040595 -0.184757 0.298518
v -0.043567 -0.300151 0.414746
v -0.061764 -0.345381 0.482237
v -0.044322 -0.343890 0.483555
v -0.040323 -0.244836 0.357513
v -0.021633 -0.240197 0.366962
v -0.020726 -0.292614 0.428590
v -0.019972 -0.328323 0.486261
v -0.021904 -0.177623 0.306150
v -0.000727 -0.237896 0.371051
v -0.000270 -0.296374 0.437365
v 0.000068 -0.323369 0.486335
v 0.020105 -0.328323 0.485984
v 0.020063 -0.292614 0.428308
v 0.044416 -0.343890 0.482943
v 0.042711 -0.300151 0.414151
v 0.061838 -0.345381 0.481384
v 0.061323 -0.294896 0.406576
v 0.020119 -0.240198 0.366674
v 0.044664 -0.240658 0.344806
v 0.060860 -0.233911 0.339228
v 0.038677 -0.244836 0.356967
v 0.038135 -0.184757 0.297974
v 0.047353 -0.186711 0.287851
v 0.060491 -0.181289 0.285682
v 0.019551 -0.177623 0.305864
v 0.037901 -0.119380 0.244366
v 0.047103 -0.125678 0.238757
v 0.060166 -0.121621 0.238444
v 0.047969 -0.052830 0.185320
v 0.059798 -0.048098 0.185065
v 0.019316 -0.110356 0.250137
v 0.049992 0.020819 0.137651
v 0.059689 0.024860 0.137298
v 0.037542 -0.046463 0.192385
v 0.037467 0.022466 0.149969
v 0.018962 -0.037905 0.198840
v -0.001152 -0.174441 0.309481
v -0.001542 -0.106396 0.253026
v -0.022437 -0.110356 0.250426
v -0.022791 -0.037905 0.199128
v -0.001894 -0.034170 0.202028
v -0.002177 0.033652 0.160913
v 0.018788 0.030269 0.157342
v -0.002426 0.104349 0.124961
v 0.018460 0.101394 0.121158
v 0.037080 0.094453 0.113055
v -0.002609 0.167071 0.098340
v 0.051380 0.098100 0.096453
v 0.059504 0.101530 0.096315
v 0.036032 0.158819 0.086115
v 0.050478 0.173007 0.065640
v 0.058986 0.175005 0.067539
v 0.017807 0.164668 0.094565
v 0.033992 0.203853 0.070826
v 0.046943 0.201488 0.059355
v 0.058189 0.207896 0.062899
v 0.016631 0.208244 0.078947
v 0.032006 0.228793 0.063422
v 0.040870 0.226840 0.056763
vn 0.7227 0.6911 -0.0049
vn 0.7220 0.6919 -0.0050
vn -0.7227 0.6911 0.0051
vn -0.7220 0.6919 0.0050
vn 0.0103 0.7913 0.6113
vn 0.0121 0.7925 0.6097
vn 0.0124 0.7921 0.6103
vn 0.0153 0.7909 0.6118
vn 0.0120 0.9477 0.3190
vn 0.0147 0.9377 0.3471
vn 0.0009 0.9478 -0.3190
vn -0.0021 0.9522 -0.3053
vn 0.0022 0.8156 -0.5786
vn 0.0004 0.8134 -0.5817
vn -0.0038 0.7404 -0.6721
vn -0.0061 0.7169 -0.6971
vn -0.0066 0.6620 -0.7495
vn -0.0052 0.6634 -0.7483
vn 0.9995 -0.0125 -0.0283
vn 0.9995 -0.0173 -0.0250
vn 0.9996 -0.0150 -0.0223
vn 0.9998 -0.0107 -0.0167
vn 0.9999 -0.0060 -0.0150
vn -0.0052 -0.0014 -1.0000
vn -0.0060 -0.0007 -1.0000
vn -0.0065 -0.0000 -1.0000
vn -0.0068 0.0002 -1.0000
vn -0.0068 0.0004 -1.0000
vn -0.0068 0.0003 -1.0000
vn -0.0067 0.0003 -1.0000
vn -0.0066 0.0003 -1.0000
vn 0.9996 0.0204 0.0211
vn 0.9996 0.0217 0.0192
vn 0.9996 0.0224 0.0182
vn 0.9996 0.0222 0.0178
vn 0.9655 0.1857 0.1826
vn 0.8579 0.3460 0.3798
vn 0.5794 0.5713 0.5813
vn 0.8750 0.2959 0.3831
vn 0.9996 0.0198 0.0192
vn 0.9083 0.2696 0.3199
vn 0.9892 -0.1101 -0.0966
vn 0.8828 0.2599 0.3913
vn 0.9996 0.0183 0.0209
vn 0.9259 0.2250 0.3034
vn 0.9864 -0.1191 -0.1131
vn 0.8817 0.2314 0.4111
vn 0.9995 0.0183 0.0258
vn 0.9303 0.2004 0.3072
vn 0.8774 0.2073 0.4327
vn 0.9992 0.0185 0.0361
vn 0.9280 0.1858 0.3229
vn 0.9866 -0.1023 -0.1270
vn 0.9881 -0.0758 -0.1340
vn 0.9230 0.1743 0.3431
vn 0.8710 0.1890 0.4536
vn 0.9810 0.0318 0.1916
vn 0.9901 -0.0501 -0.1311
vn 0.9610 0.0262 0.2754
vn 0.9198 0.0247 0.3916
vn 0.9167 0.1648 0.3641
vn 0.9535 0.0364 0.2993
vn 1.0000 0.0041 -0.0064
vn 0.8880 0.1522 0.4338
vn 0.8980 0.0186 0.4395
vn 0.8939 0.0151 0.4480
vn 0.8165 -0.0442 0.5757
vn 0.9999 0.0010 -0.0107
vn 0.4489 0.0716 0.8907
vn 0.9219 0.1192 0.3685
vn 0.8324 -0.0073 0.5542
vn 0.9883 -0.0367 -0.1480
vn 0.9894 -0.0437 -0.1382
vn 0.6805 -0.5834 0.4434
vn 0.9992 0.0329 0.0219
vn 0.9797 0.1900 0.0636
vn 0.9953 0.0801 0.0548
vn 0.9994 0.0336 0.0078
vn 0.9698 0.1722 0.1727
vn 0.9999 0.0112 0.0092
vn 0.9793 0.1406 0.1459
vn 0.8615 -0.3543 -0.3637
vn 0.8940 -0.3102 -0.3233
vn 0.8955 -0.3343 -0.2938
vn 0.7012 -0.5165 -0.4914
vn 0.7089 -0.5458 -0.4466
vn 0.9059 -0.3290 -0.2664
vn 0.6623 -0.6209 -0.4194
vn 0.8948 -0.3879 -0.2211
vn 0.6125 -0.6943 -0.3777
vn 0.8720 -0.4852 -0.0639
vn 0.5617 -0.7955 -0.2274
vn 0.8803 -0.4463 0.1609
vn 0.9881 -0.1402 -0.0632
vn 0.9968 -0.0411 -0.0684
vn 0.9989 0.0375 -0.0276
vn 0.9842 0.1675 -0.0577
vn 0.9944 0.0548 -0.0906
vn 0.8658 0.4998 0.0245
vn 0.9608 0.2689 0.0681
vn 0.9838 0.1686 -0.0609
vn 0.9994 0.0167 -0.0290
vn 0.9976 -0.0033 0.0685
vn 0.9497 -0.0862 0.3012
vn 0.9914 -0.0080 0.1309
vn 0.9170 0.1394 0.3736
vn 0.9780 0.0944 0.1858
vn 1.0000 -0.0000 -0.0068
vn 0.9976 -0.0305 0.0623
vn 0.9717 0.0562 0.2294
vn 1.0000 0.0002 -0.0067
vn 0.9841 0.1037 0.1439
vn 0.9786 0.0654 0.1951
vn 0.9966 -0.0538 0.0625
vn 1.0000 0.0001 -0.0060
vn 1.0000 0.0001 -0.0063
vn 0.9583 -0.2354 0.1618
vn 0.9945 0.0921 -0.0497
vn 0.9987 0.0518 -0.0018
vn 0.9487 -0.2864 -0.1343
vn 0.9638 -0.2520 -0.0871
vn 0.9918 -0.0775 -0.1011
vn 0.9999 -0.0081 -0.0074
vn 0.9607 -0.2226 -0.1656
vn 0.9957 0.0921 -0.0058
vn 0.9829 0.1838 -0.0063
vn 0.9997 -0.0181 -0.0176
vn 0.8798 0.4753 -0.0038
vn 0.8317 0.5551 -0.0058
vn 0.6911 0.7227 -0.0049
vn 0.6919 0.7220 -0.0048
vn 0.9997 -0.0046 -0.0220
vn 0.9575 -0.2827 -0.0572
vn 1.0000 -0.0021 -0.0057
vn 0.9882 -0.1513 -0.0230
vn 0.9846 -0.1131 -0.1335
vn 1.0000 -0.0031 0.0061
vn 0.9419 -0.2828 -0.1809
vn 0.9620 -0.0268 -0.2717
vn 0.9969 0.0675 -0.0416
vn 0.9708 -0.0066 -0.2396
vn 0.9994 -0.0141 0.0314
vn 0.9783 0.0198 -0.2061
vn 0.9681 0.2507 -0.0016
vn 0.9939 -0.0878 0.0674
vn 0.9584 0.2855 0.0035
vn 0.8068 0.5908 0.0049
vn 0.9506 0.2799 -0.1344
vn 0.9030 0.3988 -0.1600
vn 0.9530 0.1610 -0.2568
vn 0.8992 0.2529 -0.3571
vn 0.9602 0.0659 -0.2714
vn 0.9776 0.1828 0.1046
vn 0.9680 0.1234 0.2185
vn 0.7249 0.1178 0.6787
vn 0.8306 0.0785 0.5514
vn 0.8488 0.1582 0.5046
vn 0.8658 0.2086 0.4549
vn 0.8992 0.2120 0.3828
vn 0.9991 -0.0140 0.0394
vn 0.9178 0.2234 0.3284
vn 0.7101 -0.4770 -0.5179
vn 0.6107 -0.4913 -0.6209
vn 0.9956 -0.0559 -0.0757
vn 0.9911 -0.0743 -0.1107
vn 0.9211 0.2381 0.3081
vn 0.9287 0.2483 0.2754
vn 0.5621 -0.4961 -0.6618
vn 0.8663 -0.3185 -0.3849
vn 0.9883 -0.0792 -0.1300
vn 0.9587 0.1982 0.2041
vn 0.5539 -0.5002 -0.6656
vn 0.8713 -0.2921 -0.3944
vn 0.9813 0.1230 0.1477
vn 0.8704 -0.2959 -0.3935
vn 0.5466 -0.5068 -0.6667
vn 0.9753 -0.1265 -0.1813
vn 0.9761 0.1667 0.1394
vn 0.9811 -0.1060 -0.1619
vn 0.9868 0.1184 0.1109
vn 0.9694 -0.1554 -0.1901
vn 0.6433 -0.4797 -0.5966
vn 0.5883 -0.4939 -0.6404
vn 0.8737 -0.2910 -0.3898
vn 0.8372 -0.3502 -0.4200
vn 0.7831 -0.4137 -0.4643
vn 0.9815 0.1109 0.1559
vn 0.9795 0.1100 0.1690
vn 0.9998 -0.0010 0.0208
vn 0.9988 -0.0121 0.0467
vn 0.9969 -0.0203 0.0755
vn 0.9987 -0.0079 -0.0508
vn 0.9940 -0.0852 -0.0686
vn 0.9873 -0.1312 -0.0893
vn 0.9692 -0.1908 -0.1558
vn 0.9694 -0.1859 -0.1604
vn 0.6364 0.5921 0.4944
vn 0.6312 0.6563 0.4135
vn 0.6618 0.6596 0.3562
vn 0.7711 0.5838 0.2541
vn 0.7624 0.5630 0.3189
vn 0.8229 0.4366 0.3637
vn 0.8805 0.4624 0.1041
vn 0.9170 0.0964 0.3871
vn 0.9855 0.1277 0.1115
vn 0.9257 -0.1361 0.3530
vn 0.8986 -0.3096 0.3109
vn 0.9745 0.0707 0.2130
vn 0.9993 0.0240 0.0293
vn 0.9996 0.0196 0.0217
vn 0.9906 0.0972 -0.0965
vn 0.9894 0.0107 -0.1451
vn 0.9665 0.1719 -0.1906
vn 0.9333 0.3590 -0.0089
vn 0.9568 0.2869 -0.0460
vn -0.9514 0.3080 0.0061
vn -0.8729 0.4879 0.0052
vn -0.9520 0.3060 0.0060
vn -0.8560 0.5170 0.0071
vn -0.7584 0.6517 0.0051
vn -0.7633 0.6460 0.0071
vn -0.3111 0.9504 0.0027
vn -0.1114 0.9938 0.0010
vn -0.0001 1.0000 -0.0002
vn -0.0003 1.0000 -0.0006
vn 0.0018 1.0000 -0.0008
vn 0.0005 1.0000 -0.0009
vn -0.0000 1.0000 -0.0013
vn -0.0000 1.0000 0.0002
vn -0.0000 1.0000 0.0003
vn -0.8317 0.5551 0.0057
vn -0.6911 0.7227 0.0047
vn -0.6919 0.7220 0.0048
vn -0.8798 0.4753 0.0084
vn -0.9829 0.1838 0.0073
vn -0.9957 0.0921 0.0079
vn -1.0000 0.0001 0.0075
vn -0.9999 -0.0081 0.0064
vn -0.9649 -0.2520 -0.0738
vn -0.9956 -0.0538 0.0762
vn -1.0000 0.0001 0.0078
vn -1.0000 0.0002 0.0071
vn -0.9629 -0.2226 -0.1523
vn -0.9998 -0.0181 -0.0038
vn -1.0000 -0.0046 -0.0082
vn -0.9684 0.0562 0.2428
vn -1.0000 -0.0000 0.0070
vn -0.9560 -0.2354 0.1750
vn -0.9754 0.0944 0.1993
vn -0.9997 0.0167 -0.0152
vn -0.9758 0.0654 0.2086
vn -0.9504 -0.2864 -0.1212
vn -0.9951 0.0921 -0.0359
vn -0.9821 0.1037 0.1575
vn -0.9454 -0.0862 0.3142
vn -0.9986 0.0518 0.0119
vn -0.9931 -0.0775 -0.0874
vn -0.9966 -0.0305 0.0760
vn -0.9597 0.2689 0.0813
vn -0.9846 0.1686 -0.0473
vn -0.9849 0.1675 -0.0441
vn -0.9118 0.1394 0.3863
vn -0.9680 0.2507 0.0118
vn -0.9992 0.0375 -0.0138
vn -0.9889 -0.1402 -0.0496
vn -0.8654 0.4998 0.0365
vn -0.8780 -0.4463 0.1730
vn -1.0000 0.0010 0.0031
vn -0.9977 -0.0411 -0.0546
vn -0.8085 -0.0442 0.5869
vn -1.0000 0.0041 0.0074
vn -0.5648 -0.7955 -0.2197
vn -0.8876 0.0151 0.4603
vn -0.6743 -0.5834 0.4528
vn -0.9492 0.0364 0.3124
vn -0.9143 0.0247 0.4043
vn -0.4366 0.0716 0.8968
vn -0.9571 0.0262 0.2887
vn -0.9782 0.0318 0.2051
vn -0.8919 0.0186 0.4519
vn -0.8646 0.1890 0.4655
vn -0.9986 0.0185 0.0499
vn -0.8820 0.1522 0.4461
vn -0.8246 -0.0073 0.5656
vn -0.9168 0.1192 0.3812
vn -0.9116 0.1648 0.3767
vn -0.9903 -0.0367 -0.1343
vn -0.9181 0.1743 0.3558
vn -0.9913 -0.0437 -0.1246
vn -0.9787 0.1900 0.0772
vn -0.8713 0.2073 0.4447
vn -0.9990 0.0183 0.0396
vn -0.9918 -0.0501 -0.1174
vn -0.8760 0.2314 0.4232
vn -0.9992 0.0183 0.0347
vn -0.9235 0.1858 0.3357
vn -0.8773 0.2599 0.4035
vn -0.9993 0.0198 0.0330
vn -0.9260 0.2004 0.3201
vn -0.9898 -0.0758 -0.1203
vn -0.8696 0.2959 0.3952
vn -0.9993 0.0222 0.0316
vn -0.9216 0.2250 0.3162
vn -0.9883 -0.1023 -0.1133
vn -0.9988 0.0329 0.0357
vn -0.9992 0.0336 0.0216
vn -0.9944 0.0801 0.0686
vn -0.9673 0.1722 0.1861
vn -0.9997 0.0112 0.0230
vn -0.9772 0.1406 0.1594
vn -0.8664 -0.3543 -0.3518
vn -0.9879 -0.1191 -0.0995
vn -0.8984 -0.3102 -0.3110
vn -0.8995 -0.3343 -0.2814
vn -0.7079 -0.5165 -0.4817
vn -0.7150 -0.5458 -0.4368
vn -0.9095 -0.3290 -0.2539
vn -0.6680 -0.6209 -0.4103
vn -0.8978 -0.3879 -0.2087
vn -0.6177 -0.6943 -0.3693
vn -0.8728 -0.4852 -0.0518
vn -0.9955 0.0548 -0.0769
vn -0.9966 -0.0033 0.0823
vn -0.8067 0.5908 0.0160
vn -0.9895 -0.0080 0.1445
vn -0.9582 0.2855 0.0167
vn -0.9051 0.3988 -0.1475
vn -0.9523 0.2799 -0.1213
vn -0.9989 -0.0141 0.0452
vn -0.9928 -0.0878 0.0811
vn -0.9884 -0.1513 -0.0093
vn -0.9741 -0.0066 -0.2262
vn -0.9582 -0.2827 -0.0439
vn -1.0000 -0.0021 0.0081
vn -0.9444 -0.2828 -0.1679
vn -0.9863 -0.1131 -0.1199
vn -0.9998 -0.0031 0.0199
vn -0.9657 -0.0268 -0.2584
vn -0.9973 0.0675 -0.0279
vn -0.9811 0.0198 -0.1925
vn -0.9639 0.0659 -0.2581
vn -0.9564 0.1610 -0.2436
vn -0.9040 0.2529 -0.3446
vn -0.9760 0.1828 0.1181
vn -0.9649 0.1234 0.2319
vn -0.7155 0.1178 0.6886
vn -0.8229 0.0785 0.5628
vn -0.8417 0.1582 0.5162
vn -0.8594 0.2086 0.4668
vn -0.8938 0.2120 0.3952
vn -0.9985 -0.0140 0.0532
vn -0.9131 0.2234 0.3410
vn -0.7172 -0.4770 -0.5081
vn -0.6192 -0.4913 -0.6125
vn -0.9965 -0.0559 -0.0619
vn -0.9925 -0.0743 -0.0970
vn -0.9168 0.2381 0.3207
vn -0.9248 0.2483 0.2882
vn -0.5711 -0.4961 -0.6540
vn -0.8715 -0.3185 -0.3729
vn -0.9900 -0.0792 -0.1164
vn -0.9558 0.1982 0.2173
vn -0.5630 -0.5002 -0.6579
vn -0.8766 -0.2921 -0.3823
vn -0.9792 0.1230 0.1613
vn -0.8758 -0.2959 -0.3814
vn -0.5557 -0.5068 -0.6591
vn -0.9777 -0.1265 -0.1678
vn -0.9741 0.1667 0.1528
vn -0.9832 -0.1060 -0.1484
vn -0.9851 0.1184 0.1245
vn -0.9719 -0.1554 -0.1767
vn -0.6515 -0.4797 -0.5877
vn -0.5970 -0.4939 -0.6322
vn -0.8790 -0.2910 -0.3777
vn -0.8429 -0.3502 -0.4084
vn -0.7894 -0.4137 -0.4535
vn -0.9793 0.1109 0.1694
vn -0.9770 0.1100 0.1825
vn -0.9994 -0.0010 0.0346
vn -0.9981 -0.0121 0.0605
vn -0.9958 -0.0203 0.0893
vn -0.9993 -0.0079 -0.0370
vn -0.9948 -0.0852 -0.0549
vn -0.9885 -0.1312 -0.0756
vn -0.9712 -0.1908 -0.1424
vn -0.9715 -0.1859 -0.1470
vn -0.9904 -0.1101 -0.0830
vn -0.9038 0.2696 0.3324
vn -0.5713 0.5713 0.5893
vn -0.8526 0.3460 0.3916
vn -0.9629 0.1857 0.1959
vn -0.9992 0.0224 0.0320
vn -0.9992 0.0217 0.0330
vn -0.9992 0.0204 0.0349
vn -0.0024 0.9071 -0.4209
vn -0.0028 0.9070 -0.4210
vn -0.0022 0.9072 -0.4208
vn -0.0034 0.9071 -0.4209
vn -0.0031 0.9070 -0.4210
vn -0.0036 0.9072 -0.4208
vn 0.6911 -0.7227 -0.0047
vn 0.8318 -0.5551 -0.0057
vn 0.6919 -0.7220 -0.0048
vn 0.8952 -0.4455 -0.0081
vn 0.9827 -0.1850 -0.0055
vn 0.9995 -0.0300 -0.0075
vn 1.0000 0.0009 -0.0056
vn 0.9999 0.0107 -0.0069
vn 1.0000 -0.0000 -0.0069
vn 1.0000 -0.0000 -0.0074
vn 1.0000 0.0001 -0.0067
vn 1.0000 -0.0000 -0.0070
vn 0.9176 -0.0000 -0.3975
vn 0.9155 -0.0000 -0.4022
vn 0.4984 -0.0000 -0.8669
vn 0.5032 -0.0000 -0.8641
vn 0.1471 -0.0000 -0.9891
vn 0.1431 -0.0000 -0.9897
vn -0.1607 -0.0000 -0.9870
vn -0.1567 -0.0000 -0.9876
vn -0.5103 -0.0000 -0.8600
vn -0.5151 -0.0000 -0.8571
vn -0.9230 -0.0000 -0.3848
vn -0.9210 -0.0000 -0.3895
vn -1.0000 -0.0000 0.0069
vn -1.0000 -0.0000 0.0068
vn -1.0000 -0.0000 0.0064
vn -1.0000 0.0001 0.0071
vn -0.9999 0.0107 0.0069
vn -1.0000 0.0009 0.0082
vn -0.9995 -0.0300 0.0063
vn -0.9827 -0.1850 0.0081
vn -0.8953 -0.4455 0.0043
vn -0.8318 -0.5551 0.0058
vn -0.6911 -0.7227 0.0048
vn -0.6919 -0.7220 0.0048
vn 0.0498 0.6608 0.7489
vn 0.0441 0.7442 0.6665
vn 0.0519 0.6615 0.7482
vn 0.0411 0.7551 0.6543
vn 0.0312 0.8950 0.4450
vn 0.0291 0.9033 0.4279
vn 0.0182 0.9942 0.1059
vn 0.0170 0.9960 0.0876
vn 0.0050 0.9578 -0.2872
vn 0.0011 0.9573 -0.2890
vn -0.0178 0.8939 -0.4480
vn -0.0752 0.8954 -0.4389
vn -0.0752 0.6443 -0.7611
vn -0.0724 0.6377 -0.7668
vn -0.0822 0.1808 -0.9801
vn 0.0866 0.0753 -0.9934
vn 0.1396 0.0547 -0.9887
vn 0.0631 0.0744 -0.9952
vn 0.0611 0.0899 -0.9941
vn 0.0249 0.0509 -0.9984
vn 0.0170 0.0388 -0.9991
vn -0.0069 0.0347 -0.9994
vn -0.0308 0.0388 -0.9988
vn -0.0387 0.0509 -0.9980
vn -0.0768 0.0744 -0.9943
vn -0.0748 0.0899 -0.9931
vn -0.1003 0.0753 -0.9921
vn -0.1532 0.0547 -0.9867
vn 0.0687 0.1808 -0.9811
vn 0.0618 0.6377 -0.7678
vn 0.0646 0.6443 -0.7620
vn 0.0691 0.8954 -0.4399
vn -0.0051 0.9573 -0.2889
vn 0.0116 0.8939 -0.4482
vn -0.0090 0.9578 -0.2871
vn -0.0158 0.9960 0.0878
vn -0.0168 0.9942 0.1062
vn -0.0232 0.9033 0.4283
vn -0.0251 0.8950 0.4454
vn -0.0321 0.7551 0.6548
vn -0.0349 0.7442 0.6670
vn -0.0395 0.6608 0.7495
vn -0.0416 0.6615 0.7488
vn -0.9937 0.1109 -0.0173
vn -0.9807 0.1953 -0.0027
vn -0.9944 0.1003 -0.0338
vn -0.9815 0.1916 -0.0001
vn -0.8968 0.4423 -0.0087
vn -0.8672 0.4980 0.0031
vn -0.6131 0.7900 0.0055
vn -0.5415 0.8401 0.0314
vn -0.2053 0.9781 0.0339
vn -0.1884 0.9813 0.0389
vn 0.1889 0.9813 0.0363
vn 0.2058 0.9781 0.0311
vn 0.5419 0.8401 0.0240
vn 0.6131 0.7900 -0.0029
vn 0.8671 0.4980 -0.0089
vn 0.8966 0.4423 -0.0211
vn 0.9814 0.1916 -0.0136
vn 0.9806 0.1953 -0.0162
vn 0.9933 0.1109 -0.0310
vn 0.9938 0.1003 -0.0475
vn -0.6295 0.5921 0.5031
vn -0.6568 0.6596 0.3653
vn -0.6254 0.6563 0.4221
vn -0.7675 0.5838 0.2647
vn -0.7580 0.5630 0.3294
vn -0.8178 0.4366 0.3750
vn -0.8790 0.4624 0.1162
vn -0.9115 0.0964 0.3997
vn -0.9839 0.1277 0.1250
vn -0.8942 -0.3096 0.3233
vn -0.9207 -0.1361 0.3657
vn -0.9715 0.0707 0.2264
vn -0.9988 0.0240 0.0431
vn -0.9992 0.0196 0.0355
vn -0.9918 0.0972 -0.0828
vn -0.9913 0.0107 -0.1314
vn -0.9690 0.1719 -0.1772
vn -0.9333 0.3590 0.0040
vn -0.9574 0.2869 -0.0328
vn 0.0024 1.0000 0.0034
vn -0.0083 0.9999 0.0058
vn 0.0033 1.0000 0.0016
vn 0.0086 1.0000 0.0012
vn 0.0021 1.0000 0.0020
vn 0.0048 0.7516 0.6597
vn -0.0021 1.0000 0.0020
vn 0.0068 0.1311 0.9913
vn 0.0043 0.7516 0.6596
vn -0.0086 1.0000 0.0013
vn -0.0024 1.0000 0.0034
vn 0.0084 0.9999 0.0057
vn -0.0033 1.0000 0.0016
vn -0.9998 -0.0125 -0.0145
vn -0.9999 -0.0150 -0.0085
vn -0.9998 -0.0173 -0.0112
vn -0.9999 -0.0107 -0.0029
vn -1.0000 -0.0060 -0.0012
vn -0.0073 -0.0000 -1.0000
vn -0.0078 -0.0007 -1.0000
vn -0.0086 -0.0014 -1.0000
vn -0.0070 0.0002 -1.0000
vn -0.0070 0.0003 -1.0000
vn -0.0071 0.0003 -1.0000
vn -0.0072 0.0003 -1.0000
vn 0.0069 -0.0715 0.9974
vn 0.0068 -0.1478 0.9890
vn 0.0069 -0.0486 0.9988
vn 0.0069 -0.0602 0.9982
vn 0.0427 -0.0266 0.9987
vn -0.0289 -0.0266 0.9992
vn -0.1075 -0.5645 0.8184
vn -0.1744 0.0817 0.9813
vn -0.2940 -0.5708 0.7667
vn -0.0497 -0.9436 0.3274
vn 0.1188 -0.5645 0.8168
vn 0.1879 0.0817 0.9788
vn 0.3045 -0.5708 0.7626
vn 0.0543 -0.9436 0.3267
vn 0.0029 -0.9090 0.4168
vn 0.0147 -0.8381 0.5453
vn -0.0072 -0.8381 0.5455
vn 0.0044 -0.7643 0.6448
vn 0.0690 -0.7692 0.6353
vn -0.0602 -0.7692 0.6361
vn 0.0050 -0.6865 0.7271
vn 0.0928 -0.7348 0.6719
vn -0.0835 -0.7348 0.6731
vn 0.1406 -0.6919 0.7082
vn -0.1308 -0.6919 0.7100
vn 0.0055 -0.6041 0.7969
vn 0.2968 -0.5661 0.7690
vn -0.2862 -0.5661 0.7730
vn 0.0062 -0.4529 0.8915
vn 0.0064 -0.3905 0.9206
vn -0.9150 -0.0005 0.4034
vn -0.9999 -0.0014 0.0118
vn -0.9999 -0.0015 0.0118
vn -0.9144 -0.0004 0.4048
vn -0.4988 -0.0007 0.8667
vn -0.4989 -0.0007 0.8667
vn -0.1432 -0.0008 0.9897
vn 0.1569 -0.0009 0.9876
vn 0.5108 -0.0008 0.8597
vn 0.9205 -0.0005 0.3908
vn 0.9199 -0.0004 0.3922
vn 1.0000 -0.0015 -0.0018
vn 1.0000 -0.0016 -0.0018
vn -0.0069 0.0663 -0.9978
vn -0.0066 -0.2801 -0.9600
vn -0.0055 -0.5951 -0.8036
vn 0.1887 0.4867 0.8530
vn 0.3085 0.2890 0.9063
vn 0.1889 0.3050 0.9334
vn 0.1431 0.4537 0.8796
vn 0.1819 0.6789 0.7113
vn 0.1304 0.7227 0.6788
vn 0.0348 0.7828 0.6213
vn 0.0010 0.7970 0.6040
vn -0.0144 0.8621 0.5065
vn -0.0143 0.8621 0.5066
vn 0.0039 0.9525 0.3046
vn 0.0022 0.9507 0.3100
vn 0.0121 0.9923 0.1230
vn 0.0182 0.9950 0.0983
vn 0.0085 1.0000 0.0017
vn 0.0104 0.9999 -0.0011
vn 0.0287 0.9994 -0.0215
vn 0.0412 0.9988 -0.0270
vn 0.0359 0.9988 -0.0333
vn 0.0475 0.9981 -0.0395
vn -0.0364 0.9988 -0.0328
vn -0.0480 0.9981 -0.0389
vn -0.0415 0.9988 -0.0265
vn -0.0289 0.9994 -0.0211
vn -0.0085 1.0000 0.0018
vn -0.0104 0.9999 -0.0010
vn -0.0169 0.9950 0.0986
vn -0.0104 0.9923 0.1231
vn 0.0003 0.9525 0.3047
vn 0.0021 0.9507 0.3100
vn 0.0213 0.8621 0.5063
vn 0.0214 0.8621 0.5063
vn 0.0073 0.7970 0.6040
vn -0.0262 0.7828 0.6217
vn -0.1211 0.7227 0.6805
vn -0.1720 0.6789 0.7138
vn -0.1769 0.4867 0.8555
vn -0.1310 0.4537 0.8815
vn -0.1760 0.3050 0.9360
vn -0.2960 0.2890 0.9104
vn -0.0362 -0.3084 -0.9506
vn -0.1071 -0.2912 -0.9507
vn -0.0487 -0.3215 -0.9457
vn 0.0207 -0.3019 -0.9531
vn -0.2209 -0.2637 -0.9390
vn -0.5146 -0.1539 -0.8435
vn 0.0577 -0.3698 -0.9273
vn -0.6146 -0.2619 -0.7441
vn 0.3001 -0.2376 -0.9238
vn -0.3528 -0.2597 -0.8989
vn -0.8003 -0.4287 -0.4191
vn 0.3046 0.3657 -0.8795
vn -0.6469 -0.4105 -0.6427
vn -0.8548 -0.4592 -0.2417
vn -0.9019 -0.3372 -0.2699
vn -0.7187 -0.3366 -0.6084
vn -0.0540 0.0422 -0.9977
vn -0.2753 0.3297 -0.9031
vn -0.2746 -0.3554 -0.8935
vn -0.3193 -0.2764 -0.9065
vn -0.0060 0.4880 -0.8728
vn -0.0068 0.1494 -0.9888
vn 0.2628 0.3297 -0.9068
vn -0.0069 0.0391 -0.9992
vn -0.0065 -0.3166 -0.9485
vn -0.0066 -0.2726 -0.9621
vn 0.3067 -0.2764 -0.9108
vn 0.2622 -0.3554 -0.8972
vn 0.7102 -0.3366 -0.6183
vn 0.0402 0.0422 -0.9983
vn -0.3167 0.3657 -0.8752
vn 0.6380 -0.4105 -0.6515
vn 0.8981 -0.3372 -0.2823
vn 0.8514 -0.4592 -0.2534
vn 0.7945 -0.4287 -0.4301
vn 0.3404 -0.2597 -0.9037
vn -0.3128 -0.2376 -0.9196
vn 0.6043 -0.2619 -0.7525
vn 0.2079 -0.2637 -0.9419
vn -0.0705 -0.3698 -0.9264
vn 0.5029 -0.1539 -0.8505
vn -0.0339 -0.3019 -0.9527
vn 0.0940 -0.2912 -0.9520
vn 0.0230 -0.3084 -0.9510
vn 0.0357 -0.3215 -0.9462
vn -0.2847 -0.0581 -0.9569
vn -0.5026 -0.0722 -0.8615
vn -0.5233 -0.0337 -0.8515
vn -0.2586 -0.0904 -0.9617
vn -0.4870 -0.1141 -0.8659
vn 0.2715 -0.0581 -0.9607
vn -0.2546 -0.1247 -0.9590
vn -0.4963 -0.1256 -0.8590
vn 0.2453 -0.0904 -0.9652
vn 0.4907 -0.0722 -0.8683
vn 0.5115 -0.0337 -0.8586
vn 0.4750 -0.1141 -0.8725
vn 0.2413 -0.1247 -0.9624
vn 0.4844 -0.1256 -0.8658
vn -0.2592 -0.1369 -0.9561
vn 0.2460 -0.1369 -0.9595
vn 0.2543 -0.1399 -0.9569
vn 0.5021 -0.1289 -0.8552
vn -0.2675 -0.1399 -0.9533
vn -0.5138 -0.1289 -0.8481
vn 0.3693 -0.0267 -0.9289
vn 0.5049 0.1114 -0.8560
vn -0.3821 -0.0267 -0.9237
vn 0.4712 -0.0918 -0.8773
vn -0.5167 0.1114 -0.8489
vn 0.4268 -0.1939 -0.8833
vn -0.4832 -0.0918 -0.8707
vn 0.3828 -0.3745 -0.8445
vn -0.4390 -0.1939 -0.8773
vn 0.3825 -0.3971 -0.8343
vn -0.3944 -0.3745 -0.8391
vn 0.4142 -0.2320 -0.8801
vn -0.3939 -0.3971 -0.8289
vn 0.2769 -0.2520 -0.9273
vn -0.4263 -0.2320 -0.8743
vn 0.3821 -0.2659 -0.8850
vn -0.2897 -0.2520 -0.9234
vn -0.3943 -0.2659 -0.8797
vn 0.1912 -0.2926 -0.9369
vn 0.5610 -0.5602 -0.6095
vn -0.2042 -0.2926 -0.9342
vn -0.5694 -0.5602 -0.6017
vn 0.4356 -0.7724 -0.4622
vn 0.6748 -0.7170 -0.1749
vn -0.4419 -0.7724 -0.4561
vn -0.6771 -0.7170 -0.1656
vn -0.0036 -0.8547 -0.5191
vn -0.4140 -0.7382 -0.5326
vn -0.2535 -0.3636 -0.8964
vn 0.4066 -0.7382 -0.5383
vn 0.2411 -0.3636 -0.8998
vn -0.0039 -0.8261 -0.5636
vn -0.1286 -0.4015 -0.9068
vn -0.2030 -0.4536 -0.8678
vn 0.1161 -0.4015 -0.9085
vn 0.1910 -0.4536 -0.8705
vn -0.1041 -0.4642 -0.8796
vn -0.2204 -0.5266 -0.8211
vn 0.0920 -0.4642 -0.8810
vn 0.2090 -0.5266 -0.8240
vn -0.1153 -0.5388 -0.8345
vn 0.1037 -0.5388 -0.8360
vn 0.2427 -0.5876 -0.7719
vn -0.2533 -0.5876 -0.7684
vn 0.1206 -0.6054 -0.7867
vn 0.2556 -0.6447 -0.7204
vn -0.1314 -0.6054 -0.7850
vn -0.2655 -0.6447 -0.7168
vn 0.1265 -0.6662 -0.7350
vn -0.1366 -0.6662 -0.7332
vn -0.0484 -0.7682 -0.6384
vn -0.2747 -0.6882 -0.6715
vn -0.0045 -0.7608 -0.6490
vn 0.0396 -0.7682 -0.6390
vn 0.2655 -0.6882 -0.6752
vn -0.0036 -0.8571 -0.5152
vn 0.0786 -0.7470 -0.6601
vn -0.0908 -0.7471 -0.6584
vn 0.4094 -0.7013 -0.5836
vn 0.3344 -0.7839 -0.5231
vn 0.5482 -0.6648 -0.5075
vn -0.0041 -0.8088 -0.5881
vn -0.3416 -0.7839 -0.5184
vn -0.5552 -0.6648 -0.4999
vn -0.4174 -0.7013 -0.5779
vn -0.0877 -0.7470 -0.6590
vn 0.0817 -0.7471 -0.6596
vn 0.9998 0.0129 0.0144
vn 0.7817 -0.5001 0.3727
vn 0.7996 -0.3384 -0.4960
vn 0.7784 0.5298 -0.3367
vn 0.7736 0.3614 0.5205
vn 0.9947 0.1026 -0.0094
vn 0.8268 -0.5584 -0.0677
vn 0.7526 0.1546 -0.6400
vn 0.6914 0.7206 0.0515
vn 0.7769 0.0389 0.6285
vn -1.0000 0.0001 0.0100
vn -0.7838 0.0001 -0.6210
vn -0.8051 -0.5903 0.0580
vn -0.7918 0.6093 -0.0414
vn -0.7710 0.1035 0.6284
vn 0.9997 -0.0155 0.0185
vn 0.7644 -0.5973 0.2426
vn 0.7897 -0.1913 -0.5830
vn 0.7818 0.5955 -0.1850
vn 0.7696 0.2307 0.5954
vn -0.9995 0.0129 0.0282
vn -0.8064 -0.3384 -0.4849
vn -0.7764 -0.5001 0.3834
vn -0.7830 0.5298 -0.3259
vn -0.7664 0.3614 0.5311
vn 1.0000 0.0001 -0.0038
vn 0.8058 -0.5903 0.0469
vn 0.7752 0.0001 -0.6318
vn 0.7912 0.6093 -0.0523
vn 0.7796 0.1035 0.6177
vn -0.9947 0.1026 0.0043
vn -0.7614 0.1546 -0.6296
vn -0.8276 -0.5584 -0.0563
vn -0.6906 0.7206 0.0610
vn -0.7681 0.0389 0.6391
vn -0.9994 -0.0155 0.0323
vn -0.7976 -0.1913 -0.5720
vn -0.7610 -0.5973 0.2531
vn -0.7843 0.5955 -0.1742
vn -0.7613 0.2307 0.6060
vn -0.5218 0.0710 0.8501
vn -0.5025 0.0379 0.8637
vn -0.6859 0.0280 0.7271
vn -0.7006 0.0530 0.7116
vn -0.1473 0.0512 0.9878
vn -0.6217 0.2222 0.7511
vn -0.8247 0.2696 0.4972
vn -0.1541 0.0825 0.9846
vn -0.5499 0.2583 0.7943
vn -0.5792 0.1733 0.7965
vn -0.2427 0.2885 0.9262
vn -0.2432 0.2739 0.9305
vn -0.0971 -0.1466 0.9844
vn 0.1705 -0.1429 0.9749
vn -0.0323 -0.2146 0.9762
vn 0.0064 0.3706 0.9288
vn 0.0066 -0.2964 0.9550
vn 0.0067 0.2575 0.9663
vn 0.1677 0.0825 0.9824
vn 0.1609 0.0512 0.9856
vn 0.2554 0.2885 0.9228
vn 0.5335 0.0710 0.8428
vn 0.5144 0.0379 0.8567
vn 0.6959 0.0280 0.7176
vn 0.7103 0.0530 0.7019
vn 0.6320 0.2222 0.7424
vn 0.8315 0.2696 0.4858
vn 0.2561 0.2739 0.9270
vn 0.5608 0.2583 0.7866
vn 0.5901 0.1733 0.7885
vn 0.0458 -0.2146 0.9756
vn 0.1106 -0.1466 0.9830
vn -0.1570 -0.1429 0.9772
vn 0.0066 -0.3124 0.9499
vn 0.0504 -0.2022 0.9780
vn 0.0694 -0.1142 0.9910
vn -0.0369 -0.2022 0.9786
vn 0.0065 0.3241 0.9460
vn -0.0557 -0.1142 0.9919
vn -0.2924 0.3131 0.9036
vn 0.3049 0.3131 0.8995
vn 0.0065 0.3456 0.9384
vn -0.5188 0.2770 0.8088
vn -0.1027 0.0341 0.9941
vn 0.3651 0.0395 0.9301
vn -0.3187 0.3233 0.8910
vn -0.1626 0.1850 0.9692
vn 0.2946 0.2493 0.9226
vn -0.5623 0.2727 0.7807
vn -0.2072 0.3059 0.9292
vn 0.1750 0.4087 0.8957
vn -0.3382 0.3440 0.8759
vn -0.2711 0.4114 0.8702
vn 0.1873 0.4943 0.8489
vn -0.5790 0.3041 0.7565
vn -0.2613 0.4866 0.8336
vn 0.2143 0.5514 0.8063
vn -0.5787 0.3496 0.7368
vn -0.3445 0.3948 0.8517
vn -0.2500 0.5454 0.8000
vn 0.1793 0.5955 0.7831
vn -0.5742 0.4026 0.7129
vn -0.3448 0.4556 0.8207
vn -0.2691 0.5847 0.7653
vn 0.1594 0.6522 0.7411
vn -0.5694 0.4519 0.6867
vn -0.2821 0.6446 0.7106
vn 0.0863 0.7292 0.6788
vn -0.5708 0.4969 0.6536
vn -0.3251 0.6856 0.6513
vn -0.0142 0.7834 0.6214
vn -0.5900 0.5397 0.6005
vn -0.2817 0.7687 0.5742
vn -0.0942 0.8386 0.5366
vn -0.3059 0.8049 0.5084
vn -0.5575 0.6009 0.5728
vn -0.3491 0.6789 0.6459
vn -0.3367 0.7533 0.5650
vn -0.3695 0.7972 0.4774
vn -0.3563 0.6220 0.6973
vn 0.0047 0.7303 0.6831
vn 0.0040 0.8195 0.5730
vn 0.0033 0.8758 0.4827
vn 0.3760 0.7972 0.4723
vn 0.3445 0.7533 0.5603
vn 0.3129 0.8049 0.5042
vn 0.2896 0.7687 0.5703
vn 0.1016 0.8386 0.5352
vn 0.0228 0.7834 0.6211
vn 0.3580 0.6789 0.6411
vn 0.3340 0.6856 0.6468
vn -0.0769 0.7292 0.6800
vn 0.5654 0.6009 0.5651
vn 0.5982 0.5397 0.5923
vn 0.2919 0.6446 0.7066
vn -0.1492 0.6522 0.7432
vn 0.3658 0.6220 0.6923
vn 0.5798 0.4969 0.6457
vn 0.2797 0.5847 0.7615
vn -0.1685 0.5955 0.7855
vn 0.2610 0.5454 0.7965
vn -0.2031 0.5514 0.8091
vn 0.3532 0.5699 0.7419
vn 0.2728 0.4866 0.8299
vn -0.1756 0.4943 0.8514
vn 0.5788 0.4519 0.6788
vn 0.5840 0.4026 0.7049
vn 0.3536 0.5143 0.7813
vn 0.0051 0.6676 0.7445
vn 0.0055 0.6072 0.7945
vn -0.3430 0.5699 0.7467
vn -0.3428 0.5143 0.7861
vn 0.0058 0.5472 0.8370
vn 0.0060 0.4851 0.8744
vn 0.3561 0.4556 0.8158
vn 0.0063 0.4204 0.9073
vn 0.3562 0.3948 0.8469
vn 0.5888 0.3496 0.7287
vn 0.0064 0.3667 0.9303
vn 0.2831 0.4114 0.8664
vn -0.1626 0.4087 0.8980
vn 0.5894 0.3041 0.7484
vn 0.2200 0.3059 0.9263
vn -0.2818 0.2493 0.9265
vn 0.3503 0.3440 0.8712
vn 0.5730 0.2727 0.7728
vn 0.1759 0.1850 0.9669
vn -0.3522 0.0395 0.9351
vn 0.3310 0.3233 0.8865
vn 0.5299 0.2770 0.8015
vn 0.1164 0.0341 0.9926
vt 1.797852 0.403320
vt 1.870117 0.408203
vt 1.870117 0.403320
vt 1.797852 0.408203
vt 0.797852 0.403320
vt 0.870117 0.408203
vt 0.797852 0.408203
vt 0.870117 0.403320
vt 0.144653 0.178711
vt 0.151855 0.173340
vt 0.151855 0.187988
vt 0.140137 0.180664
vt 0.135986 0.187988
vt 0.135986 0.181641
vt 0.097778 0.181641
vt 0.097778 0.187988
vt 0.093445 0.187988
vt 0.093445 0.180664
vt 0.089172 0.187988
vt 0.089172 0.178711
vt 0.083069 0.187988
vt 0.083069 0.173340
vt 1.580078 0.246582
vt 1.598633 0.245117
vt 1.600586 0.237793
vt 1.608398 0.247559
vt 1.616211 0.242676
vt 1.548828 0.260254
vt 1.541992 0.258789
vt 1.546875 0.267578
vt 1.540039 0.267090
vt 1.546875 0.271484
vt 1.541016 0.273438
vt 1.544922 0.280762
vt 1.550781 0.277344
vt 0.701172 0.005859
vt 0.717285 0.020508
vt 0.711426 0.029297
vt 0.744629 0.048340
vt 0.714355 0.037598
vt 0.733398 0.056152
vt 0.715820 0.042480
vt 0.757324 0.084961
vt 0.769531 0.078125
vt 0.730469 0.059082
vt 0.717285 0.047363
vt 0.780273 0.116699
vt 0.792480 0.110840
vt 0.754395 0.086914
vt 0.720215 0.074219
vt 0.798340 0.146973
vt 0.812988 0.145508
vt 0.777344 0.118652
vt 0.814453 0.178223
vt 0.830078 0.183105
vt 0.795410 0.148438
vt 0.742188 0.100586
vt 0.763184 0.129395
vt 0.811035 0.179199
vt 0.826660 0.207031
vt 0.836914 0.205566
vt 0.781738 0.159668
vt 0.836914 0.213379
vt 0.842285 0.206543
vt 0.822754 0.208008
vt 0.842285 0.218750
vt 0.851074 0.232422
vt 0.834473 0.228516
vt 0.838867 0.229004
vt 0.841797 0.231445
vt 0.841797 0.256836
vt 0.857422 0.256348
vt 0.839355 0.246582
vt 0.830566 0.229980
vt 0.835938 0.251465
vt 0.811035 0.224121
vt 0.797852 0.190918
vt 0.834961 0.264648
vt 0.754395 0.174805
vt 0.793945 0.229004
vt 0.771973 0.203613
vt 0.736816 0.145508
vt 0.726074 0.187500
vt 0.717773 0.119141
vt 0.709473 0.161133
vt 0.738281 0.208008
vt 0.717773 0.187500
vt 0.755859 0.222168
vt 0.734375 0.211426
vt 0.752441 0.227051
vt 0.775391 0.236328
vt 0.770996 0.241699
vt 0.791992 0.247070
vt 0.788574 0.252930
vt 0.814941 0.260254
vt 0.814453 0.264160
vt 0.838379 0.269043
vt 0.861816 0.273438
vt 0.812500 0.273926
vt 0.843262 0.277832
vt 0.866699 0.281250
vt 0.775879 0.267090
vt 0.810547 0.284180
vt 0.848145 0.288086
vt 0.865234 0.289551
vt 0.866699 0.299316
vt 0.742188 0.260254
vt 0.839844 0.301270
vt 0.717773 0.219727
vt 0.842285 0.291504
vt 0.849609 0.315918
vt 0.869629 0.318359
vt 0.835449 0.303223
vt 0.855957 0.335449
vt 0.872559 0.337891
vt 0.843750 0.316895
vt 0.850586 0.333984
vt 0.861328 0.369629
vt 0.875977 0.367676
vt 0.876465 0.381836
vt 0.854980 0.365723
vt 0.823242 0.345703
vt 0.803711 0.331055
vt 0.800293 0.364258
vt 0.798828 0.369141
vt 0.786133 0.352539
vt 0.779297 0.381348
vt 0.783203 0.355957
vt 0.786133 0.388184
vt 0.876465 0.389160
vt 0.770996 0.375488
vt 0.791504 0.394043
vt 0.876465 0.394043
vt 0.792969 0.399414
vt 0.875977 0.398926
vt 0.761719 0.371094
vt 0.764648 0.348145
vt 0.751953 0.369629
vt 0.768555 0.344727
vt 0.749023 0.345215
vt 0.742676 0.369141
vt 0.742188 0.344727
vt 0.754395 0.341797
vt 0.745605 0.327148
vt 0.738281 0.311035
vt 0.750977 0.327148
vt 0.785645 0.314941
vt 0.750977 0.312988
vt 0.809082 0.289062
vt 0.770020 0.297363
vt 0.772949 0.285156
vt 0.770996 0.281738
vt 0.761230 0.285645
vt 0.757324 0.279785
vt 0.754883 0.296387
vt 0.750000 0.292480
vt 0.745605 0.311035
vt 0.728027 0.290039
vt 0.735840 0.273926
vt 0.720703 0.267578
vt 0.720703 0.259277
vt 0.719238 0.249023
vt 0.710449 0.225586
vt 0.697266 0.201660
vt 0.704102 0.195801
vt 0.682129 0.178711
vt 0.714844 0.191895
vt 0.695801 0.170898
vt 0.689941 0.173828
vt 0.672363 0.149414
vt 0.665527 0.155273
vt 0.650879 0.136719
vt 0.678223 0.147461
vt 0.699707 0.167480
vt 0.657715 0.129883
vt 0.633789 0.120117
vt 0.662598 0.126953
vt 0.681641 0.144043
vt 0.691895 0.136230
vt 0.666016 0.124023
vt 0.646973 0.106934
vt 0.642578 0.109863
vt 0.612793 0.101074
vt 0.623047 0.086914
vt 0.588867 0.084961
vt 0.595215 0.052246
vt 0.602051 0.049316
vt 0.627441 0.082520
vt 0.650391 0.103516
vt 0.630859 0.079590
vt 0.603516 0.048340
vt 0.674805 0.115234
vt 0.655273 0.096680
vt 0.696289 0.094727
vt 0.674805 0.073242
vt 0.645996 0.048340
vt 0.656250 0.021973
vt 0.673828 0.020020
vt 0.696289 0.049805
vt 0.691406 0.024902
vt 0.707520 0.036621
vt 0.292725 0.207031
vt 0.294434 0.217285
vt 0.290283 0.219238
vt 0.298096 0.231445
vt 0.286133 0.235840
vt 0.288574 0.249023
vt 0.306396 0.241699
vt 0.292969 0.257324
vt 0.317139 0.247559
vt 0.299805 0.269043
vt 0.289795 0.272461
vt 0.312500 0.260254
vt 0.324951 0.266602
vt 0.346191 0.266113
vt 0.368652 0.251465
vt 0.357910 0.268066
vt 0.374512 0.273926
vt 0.378662 0.266113
vt 0.382324 0.258301
vt 0.104309 0.169434
vt 0.146606 0.166504
vt 0.143433 0.169434
vt 0.100708 0.166504
vt 0.150269 0.163086
vt 0.097229 0.163086
vt 0.093079 0.156250
vt 0.156128 0.156250
vt 0.093079 0.145996
vt 0.167358 0.145996
vt 0.156128 0.170898
vt 0.167358 0.170898
vt 0.186157 0.170898
vt 0.186157 0.145996
vt 0.189087 0.149902
vt 0.189087 0.166992
vt 0.190186 0.154297
vt 0.190186 0.163086
vt 1.875977 0.394043
vt 1.792969 0.399414
vt 1.875977 0.398926
vt 1.791016 0.394043
vt 1.875977 0.389160
vt 1.786133 0.388184
vt 1.875977 0.381836
vt 1.779297 0.381348
vt 1.798828 0.369141
vt 1.861328 0.369629
vt 1.875977 0.367676
vt 1.872070 0.337891
vt 1.783203 0.355957
vt 1.770508 0.375488
vt 1.761719 0.371094
vt 1.855469 0.335449
vt 1.869141 0.318359
vt 1.854492 0.365723
vt 1.849609 0.315918
vt 1.866211 0.299316
vt 1.850586 0.333984
vt 1.799805 0.364258
vt 1.823242 0.345703
vt 1.843750 0.316895
vt 1.839844 0.301270
vt 1.803711 0.331055
vt 1.786133 0.352539
vt 1.834961 0.303223
vt 1.847656 0.288086
vt 1.865234 0.289551
vt 1.866211 0.281250
vt 1.841797 0.291504
vt 1.808594 0.289062
vt 1.842773 0.277832
vt 1.861328 0.273438
vt 1.810547 0.284180
vt 1.837891 0.269043
vt 1.857422 0.256348
vt 1.812500 0.273926
vt 1.841797 0.256836
vt 1.850586 0.232422
vt 1.814453 0.264648
vt 1.841797 0.231445
vt 1.834961 0.264160
vt 1.841797 0.218750
vt 1.841797 0.206543
vt 1.838867 0.246582
vt 1.836914 0.213379
vt 1.836914 0.205566
vt 1.837891 0.229004
vt 1.826172 0.207031
vt 1.830078 0.183105
vt 1.833984 0.228516
vt 1.835938 0.251465
vt 1.830078 0.229980
vt 1.822266 0.208008
vt 1.810547 0.224609
vt 1.810547 0.179199
vt 1.797852 0.191406
vt 1.793945 0.229004
vt 1.814453 0.178223
vt 1.812500 0.145508
vt 1.781250 0.159668
vt 1.797852 0.146973
vt 1.791992 0.110840
vt 1.794922 0.148438
vt 1.780273 0.116699
vt 1.769531 0.078125
vt 1.777344 0.118652
vt 1.762695 0.129395
vt 1.756836 0.084961
vt 1.744141 0.048340
vt 1.753906 0.086914
vt 1.742188 0.100586
vt 1.753906 0.174805
vt 1.736328 0.145508
vt 1.771484 0.203613
vt 1.725586 0.187500
vt 1.717773 0.119141
vt 1.708984 0.161133
vt 1.738281 0.208008
vt 1.719727 0.074219
vt 1.717773 0.187500
vt 1.755859 0.222168
vt 1.734375 0.211426
vt 1.751953 0.227051
vt 1.775391 0.236328
vt 1.770508 0.241699
vt 1.791992 0.247070
vt 1.788086 0.252930
vt 1.814453 0.260254
vt 1.775391 0.267090
vt 1.742188 0.260254
vt 1.770508 0.281738
vt 1.717773 0.219727
vt 1.772461 0.285645
vt 1.756836 0.279785
vt 1.760742 0.286133
vt 1.785156 0.315430
vt 1.769531 0.297852
vt 1.768555 0.344727
vt 1.750977 0.327148
vt 1.764648 0.348145
vt 1.751953 0.369629
vt 1.753906 0.342285
vt 1.749023 0.345215
vt 1.742188 0.369141
vt 1.742188 0.344727
vt 1.745117 0.327148
vt 1.738281 0.311035
vt 1.750977 0.312988
vt 1.745117 0.311035
vt 1.754883 0.296387
vt 1.750000 0.292969
vt 1.727539 0.290039
vt 1.735352 0.273926
vt 1.720703 0.267578
vt 1.720703 0.259277
vt 1.718750 0.249023
vt 1.709961 0.225586
vt 1.697266 0.201660
vt 1.703125 0.195801
vt 1.681641 0.178711
vt 1.713867 0.191895
vt 1.695312 0.170898
vt 1.689453 0.173828
vt 1.671875 0.149414
vt 1.665039 0.155273
vt 1.650391 0.136719
vt 1.677734 0.147461
vt 1.699219 0.167480
vt 1.657227 0.129883
vt 1.633789 0.120117
vt 1.662109 0.126953
vt 1.680664 0.144043
vt 1.691406 0.136230
vt 1.666016 0.124023
vt 1.646484 0.106445
vt 1.642578 0.109863
vt 1.612305 0.101074
vt 1.623047 0.086914
vt 1.588867 0.084961
vt 1.594727 0.052246
vt 1.601562 0.049316
vt 1.626953 0.082520
vt 1.650391 0.103516
vt 1.630859 0.079590
vt 1.603516 0.048340
vt 1.674805 0.115234
vt 1.655273 0.096680
vt 1.696289 0.095215
vt 1.674805 0.073242
vt 1.645508 0.048340
vt 1.656250 0.021973
vt 1.673828 0.020020
vt 1.696289 0.049805
vt 1.691406 0.024902
vt 1.707031 0.036621
vt 1.716797 0.047363
vt 1.730469 0.059082
vt 1.715820 0.042480
vt 1.733398 0.056152
vt 1.713867 0.037598
vt 1.710938 0.029297
vt 1.716797 0.020508
vt 1.701172 0.005859
vt 0.594238 0.023438
vt 0.597168 0.028809
vt 0.588379 0.023438
vt 0.623047 0.023438
vt 0.620117 0.028809
vt 0.628906 0.023438
vt 0.437744 0.260254
vt 0.402100 0.262695
vt 0.402100 0.260254
vt 0.438965 0.262695
vt 0.402100 0.264648
vt 0.441162 0.264648
vt 0.402100 0.267090
vt 0.443848 0.267090
vt 0.402100 0.278320
vt 0.451416 0.278320
vt 0.447510 0.269531
vt 0.451416 0.271484
vt 0.455078 0.271973
vt 0.455078 0.278320
vt 0.458496 0.272461
vt 0.458496 0.278320
vt 0.461182 0.278320
vt 0.461182 0.272461
vt 0.463135 0.272461
vt 0.463135 0.278320
vt 0.467773 0.272461
vt 0.467773 0.278320
vt 0.469971 0.278320
vt 0.469971 0.272461
vt 0.472412 0.272461
vt 0.472412 0.278320
vt 0.476074 0.278320
vt 0.476074 0.271973
vt 0.479736 0.278320
vt 0.479736 0.271484
vt 0.483643 0.269531
vt 0.487061 0.267090
vt 0.528809 0.278320
vt 0.528809 0.267090
vt 0.489746 0.264648
vt 0.528809 0.264648
vt 0.492188 0.262695
vt 0.528809 0.262695
vt 0.493164 0.260254
vt 0.528809 0.260254
vt 0.467285 0.204590
vt 0.477539 0.208984
vt 0.467285 0.208984
vt 0.477539 0.202637
vt 0.491211 0.208984
vt 0.491211 0.199219
vt 0.504395 0.207031
vt 0.504395 0.198242
vt 0.516602 0.206055
vt 0.516602 0.198242
vt 0.557617 0.206055
vt 0.559082 0.202148
vt 0.563965 0.198242
vt 0.563965 0.199219
vt 0.584473 0.199707
vt 0.587402 0.201660
vt 0.589355 0.201172
vt 0.593262 0.204102
vt 0.587891 0.205566
vt 0.591797 0.211426
vt 0.596191 0.210449
vt 0.592773 0.215820
vt 0.596191 0.221191
vt 0.591797 0.220703
vt 0.593750 0.227539
vt 0.588379 0.226074
vt 0.587891 0.229980
vt 0.589844 0.230469
vt 0.584961 0.231934
vt 0.564453 0.232422
vt 0.564453 0.233398
vt 0.559570 0.229492
vt 0.516602 0.233398
vt 0.558594 0.225098
vt 0.516602 0.225098
vt 0.504395 0.231934
vt 0.504395 0.222656
vt 0.491211 0.230469
vt 0.491211 0.219727
vt 0.477539 0.225586
vt 0.477539 0.219727
vt 0.467285 0.223145
vt 0.467285 0.219727
vt 0.589355 0.005859
vt 0.605957 0.018555
vt 0.589355 0.018555
vt 0.605957 0.005859
vt 0.610352 0.018555
vt 0.610352 0.005859
vt 0.614258 0.018555
vt 0.614258 0.005859
vt 0.619629 0.018555
vt 0.619629 0.005859
vt 0.628418 0.005859
vt 0.628418 0.018555
vt 0.634277 0.005859
vt 0.634277 0.018555
vt 0.638184 0.005859
vt 0.638184 0.018555
vt 0.642090 0.005859
vt 0.642090 0.018555
vt 0.658691 0.005859
vt 0.658691 0.018555
vt 1.291992 0.207031
vt 1.290039 0.219238
vt 1.293945 0.217285
vt 1.297852 0.231445
vt 1.286133 0.235840
vt 1.288086 0.249023
vt 1.305664 0.241699
vt 1.292969 0.257324
vt 1.316406 0.247559
vt 1.289062 0.272461
vt 1.299805 0.269043
vt 1.312500 0.260254
vt 1.324219 0.266602
vt 1.345703 0.266113
vt 1.368164 0.251465
vt 1.357422 0.268066
vt 1.374023 0.273926
vt 1.377930 0.266113
vt 1.381836 0.258301
vt 0.699707 0.261230
vt 0.688477 0.257324
vt 0.695801 0.257324
vt 0.681152 0.257324
vt 0.700684 0.265625
vt 0.581543 0.257324
vt 0.700684 0.274902
vt 0.557617 0.257324
vt 0.557617 0.283203
vt 0.581543 0.283203
vt 0.681152 0.283203
vt 0.699707 0.278809
vt 0.688477 0.283203
vt 0.695801 0.283203
vt 0.580566 0.246582
vt 0.601074 0.237793
vt 0.599121 0.245117
vt 0.608887 0.247559
vt 0.616699 0.242676
vt 0.546875 0.267578
vt 0.541992 0.258789
vt 0.548828 0.260254
vt 0.540039 0.267090
vt 0.547363 0.271484
vt 0.541016 0.273438
vt 0.545410 0.280762
vt 0.551270 0.277344
vt 0.453857 0.226562
vt 0.456055 0.211914
vt 0.456055 0.221191
vt 0.453857 0.206543
vt 0.451172 0.229004
vt 0.451172 0.203613
vt 0.446777 0.230469
vt 0.446777 0.202637
vt 0.429443 0.232422
vt 0.429443 0.200195
vt 0.417236 0.205566
vt 0.423096 0.198242
vt 0.417725 0.194336
vt 0.403320 0.200684
vt 0.417236 0.227539
vt 0.423096 0.234863
vt 0.417725 0.238770
vt 0.403320 0.232422
vt 0.393311 0.200195
vt 0.393311 0.232910
vt 0.375000 0.199707
vt 0.375000 0.233398
vt 0.355957 0.216797
vt 0.353271 0.196289
vt 0.353271 0.236816
vt 0.344727 0.216797
vt 0.344727 0.196289
vt 0.344727 0.237305
vt 0.335205 0.200195
vt 0.335205 0.233398
vt 0.337402 0.216797
vt 0.327881 0.207031
vt 0.327881 0.226074
vt 0.328125 0.216797
vt 0.321533 0.216797
vt 0.149902 0.140625
vt 0.171753 0.137207
vt 0.171753 0.140625
vt 0.149902 0.137207
vt 0.144409 0.137207
vt 0.144409 0.140625
vt 0.139648 0.137207
vt 0.139648 0.140625
vt 0.129395 0.140625
vt 0.129395 0.137207
vt 0.124634 0.140625
vt 0.124634 0.137207
vt 0.119141 0.140625
vt 0.119141 0.137207
vt 0.097229 0.137207
vt 0.097229 0.140625
vt 0.269775 0.020996
vt 0.269775 0.038086
vt 0.253418 0.020996
vt 0.253418 0.038086
vt 0.241333 0.038086
vt 0.241333 0.020996
vt 0.449707 0.243652
vt 0.446777 0.246094
vt 0.444824 0.243652
vt 0.447998 0.240723
vt 0.452881 0.239746
vt 0.453857 0.242676
vt 0.458496 0.239746
vt 0.458496 0.242676
vt 0.464355 0.239746
vt 0.464355 0.242676
vt 0.470215 0.239746
vt 0.470215 0.242676
vt 0.475342 0.242676
vt 0.476074 0.239746
vt 0.479980 0.242676
vt 0.481201 0.239746
vt 0.485107 0.243652
vt 0.482178 0.245605
vt 0.486328 0.247559
vt 0.483154 0.248047
vt 0.486328 0.254883
vt 0.483154 0.254395
vt 0.482178 0.256836
vt 0.485107 0.258789
vt 0.479980 0.259766
vt 0.481201 0.263184
vt 0.476074 0.263184
vt 0.475342 0.259766
vt 0.470215 0.263184
vt 0.470215 0.259766
vt 0.464355 0.259766
vt 0.464355 0.263184
vt 0.458496 0.259766
vt 0.458496 0.263184
vt 0.453857 0.259766
vt 0.452881 0.263184
vt 0.449707 0.258789
vt 0.448242 0.262207
vt 0.444824 0.259277
vt 0.446777 0.256348
vt 0.666016 0.244629
vt 0.670410 0.248047
vt 0.666504 0.248535
vt 0.668457 0.240723
vt 0.670898 0.236328
vt 0.674805 0.236328
vt 0.667480 0.234863
vt 0.681641 0.220703
vt 0.664551 0.217285
vt 0.671387 0.213867
vt 0.685547 0.208984
vt 0.662598 0.216309
vt 0.671387 0.200684
vt 0.687988 0.199707
vt 0.680664 0.186523
vt 0.669434 0.183594
vt 0.659180 0.208496
vt 0.657227 0.220703
vt 0.659180 0.196289
vt 0.658691 0.178711
vt 0.648926 0.207031
vt 0.648926 0.226074
vt 0.640137 0.220703
vt 0.648926 0.192871
vt 0.648926 0.169922
vt 0.638672 0.178711
vt 0.638672 0.196289
vt 0.627930 0.183594
vt 0.638672 0.208496
vt 0.634766 0.216309
vt 0.626465 0.200684
vt 0.616699 0.186523
vt 0.609375 0.199707
vt 0.611816 0.208984
vt 0.625977 0.213867
vt 0.633301 0.217285
vt 0.616211 0.220703
vt 0.626465 0.236328
vt 0.629883 0.234863
vt 0.622559 0.236328
vt 0.628906 0.240723
vt 0.626953 0.248047
vt 0.631836 0.244629
vt 0.630859 0.248535
vt 0.147217 0.040527
vt 0.161011 0.051270
vt 0.147217 0.051270
vt 0.161377 0.040527
vt 0.190308 0.051270
vt 0.147217 0.019043
vt 0.190063 0.041016
vt 0.209473 0.051270
vt 0.161255 0.018066
vt 0.161011 0.008301
vt 0.147217 0.008301
vt 0.190308 0.008301
vt 0.190063 0.018066
vt 0.209473 0.008301
vt 0.208740 0.041016
vt 0.208862 0.018066
vt 0.227783 0.018555
vt 0.228516 0.008301
vt 0.227661 0.041016
vt 0.228516 0.051270
vt 0.237549 0.019043
vt 0.237549 0.008301
vt 0.237549 0.040527
vt 0.246338 0.019043
vt 0.237549 0.051270
vt 0.246338 0.008301
vt 0.246094 0.040527
vt 0.255371 0.008301
vt 0.246094 0.051270
vt 0.255371 0.019043
vt 0.255127 0.051270
vt 0.271729 0.008301
vt 0.255127 0.040527
vt 0.271729 0.019043
vt 0.271729 0.051270
vt 0.294434 0.008301
vt 0.271729 0.040527
vt 0.294189 0.051270
vt 0.297607 0.018066
vt 0.318848 0.008301
vt 0.297363 0.041016
vt 0.318604 0.051270
vt 0.328125 0.019531
vt 0.323975 0.008301
vt 0.327637 0.040039
vt 0.323730 0.051270
vt 0.331055 0.029785
vt 0.332031 0.040527
vt 0.347168 0.051270
vt 0.331787 0.019531
vt 0.347168 0.008301
vt 0.334473 0.029785
vt 0.348877 0.040039
vt 0.389404 0.051270
vt 0.348877 0.019043
vt 0.389404 0.008301
vt 0.391113 0.040039
vt 0.430908 0.051270
vt 0.391113 0.019043
vt 0.430908 0.008301
vt 0.432617 0.040527
vt 0.432617 0.019043
vt 0.472900 0.008301
vt 0.472900 0.051270
vt 0.474609 0.019043
vt 0.513672 0.008301
vt 0.474609 0.040527
vt 0.513672 0.051270
vt 0.515625 0.019043
vt 0.515625 0.040527
vt 0.532715 0.040039
vt 0.554688 0.051270
vt 0.526855 0.029785
vt 0.532715 0.019043
vt 0.554688 0.008301
vt 0.555664 0.030273
vt 0.555664 0.047363
vt 0.577637 0.051270
vt 0.580078 0.047852
vt 0.555176 0.039551
vt 0.582031 0.040527
vt 0.571777 0.030273
vt 0.555176 0.020508
vt 0.582031 0.019043
vt 0.580078 0.011230
vt 0.555176 0.011719
vt 0.577637 0.008301
vt 0.978027 0.935974
vt 0.978027 0.952087
vt 0.960449 0.935913
vt 0.978027 0.919800
vt 0.995117 0.935913
vt 0.978516 0.977753
vt 0.978516 0.994347
vt 0.959961 0.977325
vt 0.978516 0.960358
vt 0.996582 0.977325
vt 1.357422 0.292480
vt 1.344727 0.291992
vt 1.357422 0.302734
vt 1.357422 0.281250
vt 1.369141 0.291992
vt 0.232544 0.135254
vt 0.232910 0.147461
vt 0.218750 0.134766
vt 0.232910 0.121582
vt 0.246826 0.134766
vt 1.977539 0.935974
vt 1.959961 0.935913
vt 1.977539 0.952087
vt 1.977539 0.919800
vt 1.995117 0.935913
vt 0.357422 0.292480
vt 0.357422 0.302734
vt 0.345459 0.291992
vt 0.357422 0.281250
vt 0.369385 0.291992
vt 1.978516 0.977753
vt 1.959961 0.977325
vt 1.978516 0.994347
vt 1.978516 0.960358
vt 1.996094 0.977325
vt 1.709961 0.311035
vt 1.696289 0.310059
vt 1.710938 0.323242
vt 1.710938 0.297363
vt 1.724609 0.310059
vt 0.267334 0.068848
vt 0.245605 0.068359
vt 0.245605 0.059082
vt 0.267578 0.059082
vt 0.245605 0.075684
vt 0.286133 0.069336
vt 0.298096 0.059082
vt 0.266846 0.075684
vt 0.305664 0.070312
vt 0.319824 0.059082
vt 0.281494 0.075684
vt 0.297607 0.077148
vt 0.336426 0.069824
vt 0.340576 0.064453
vt 0.333984 0.076660
vt 0.292236 0.081543
vt 0.333740 0.081543
vt 0.278564 0.081543
vt 0.267090 0.087402
vt 0.245605 0.087891
vt 0.281494 0.087402
vt 0.267578 0.094238
vt 0.245605 0.094727
vt 0.245605 0.104492
vt 0.267578 0.104492
vt 0.286621 0.093750
vt 0.298340 0.104492
vt 0.297852 0.085938
vt 0.305908 0.093262
vt 0.319824 0.104492
vt 0.333984 0.086914
vt 0.336670 0.093262
vt 0.340820 0.098633
vt 0.335938 0.081543
vt 0.337158 0.086426
vt 0.340088 0.091797
vt 0.337158 0.076660
vt 0.344971 0.081543
vt 0.340088 0.071289
vt 0.344971 0.076172
vt 0.344971 0.086914
vt 0.353027 0.081543
vt 0.344971 0.070801
vt 0.344482 0.067383
vt 0.348145 0.061035
vt 0.353027 0.075684
vt 0.351562 0.064453
vt 0.358398 0.058105
vt 0.353027 0.069824
vt 0.360107 0.062500
vt 0.382812 0.058105
vt 0.367676 0.075684
vt 0.385254 0.062012
vt 0.410645 0.058105
vt 0.367676 0.068848
vt 0.413086 0.062500
vt 0.438721 0.058105
vt 0.389893 0.068359
vt 0.389648 0.075195
vt 0.441406 0.062500
vt 0.468750 0.058105
vt 0.415771 0.067871
vt 0.415527 0.074707
vt 0.470703 0.062012
vt 0.494141 0.058105
vt 0.441895 0.066895
vt 0.496582 0.061523
vt 0.519531 0.058105
vt 0.471191 0.066406
vt 0.522461 0.062988
vt 0.550293 0.058105
vt 0.499023 0.065918
vt 0.552734 0.064453
vt 0.579590 0.058105
vt 0.579590 0.064453
vt 0.526855 0.065918
vt 0.528320 0.073730
vt 0.556152 0.074707
vt 0.579590 0.075195
vt 0.499512 0.073242
vt 0.529297 0.081543
vt 0.559082 0.081543
vt 0.579590 0.081543
vt 0.579590 0.087891
vt 0.556152 0.088379
vt 0.579590 0.098633
vt 0.552734 0.097656
vt 0.579590 0.104492
vt 0.550293 0.104492
vt 0.528320 0.088867
vt 0.522461 0.099121
vt 0.519531 0.104492
vt 0.526855 0.096680
vt 0.499023 0.096680
vt 0.496582 0.100586
vt 0.494141 0.104492
vt 0.499512 0.088867
vt 0.471191 0.096191
vt 0.470703 0.100586
vt 0.468750 0.104492
vt 0.441406 0.100586
vt 0.438965 0.104492
vt 0.470703 0.088867
vt 0.413086 0.101562
vt 0.410645 0.104492
vt 0.441895 0.095703
vt 0.415771 0.095703
vt 0.441650 0.088867
vt 0.499756 0.081055
vt 0.470459 0.081055
vt 0.470703 0.073730
vt 0.441650 0.074219
vt 0.441406 0.081543
vt 0.415283 0.082031
vt 0.415527 0.088867
vt 0.389648 0.082031
vt 0.389648 0.088867
vt 0.389893 0.095703
vt 0.367676 0.082031
vt 0.385254 0.101562
vt 0.383057 0.104492
vt 0.367676 0.094727
vt 0.359863 0.100098
vt 0.358398 0.104492
vt 0.367676 0.088379
vt 0.352783 0.093262
vt 0.351318 0.098633
vt 0.348389 0.102051
vt 0.353027 0.087402
vt 0.344971 0.092285
vt 0.344482 0.095703
s 1
usemtl AK_Fantasy_MI
f 1/1/1 2/2/2 3/3/2
f 2/2/2 1/1/1 4/4/1
f 5/5/3 6/6/4 7/7/3
f 6/6/4 5/5/3 8/8/4
f 9/9/5 10/10/6 11/11/7
f 11/11/7 12/12/8 9/9/5
f 11/11/7 13/13/9 12/12/8
f 14/14/10 12/12/8 13/13/9
f 15/15/11 14/14/10 13/13/9
f 13/13/9 16/16/12 15/15/11
f 17/17/13 15/15/11 16/16/12
f 15/15/11 17/17/13 18/18/14
f 18/18/14 17/17/13 19/19/15
f 19/19/15 20/20/16 18/18/14
f 21/21/17 20/20/16 19/19/15
f 20/20/16 21/21/17 22/22/18
f 23/23/19 24/24/20 25/25/21
f 26/26/22 25/25/21 24/24/20
f 26/26/22 27/27/23 25/25/21
f 28/28/24 29/29/25 30/30/26
f 29/29/25 31/31/27 30/30/26
f 31/31/27 32/32/28 30/30/26
f 33/33/29 32/32/28 31/31/27
f 34/34/30 32/32/28 33/33/29
f 32/32/28 34/34/30 35/35/31
f 36/36/32 37/37/33 38/38/34
f 39/39/35 38/38/34 37/37/33
f 39/39/35 40/40/36 38/38/34
f 41/41/37 40/40/36 39/39/35
f 41/41/37 42/42/38 40/40/36
f 43/43/39 41/41/37 39/39/35
f 39/39/35 44/44/40 43/43/39
f 45/45/41 42/42/38 41/41/37
f 43/43/39 45/45/41 41/41/37
f 46/46/42 42/42/38 45/45/41
f 44/44/40 47/47/43 43/43/39
f 47/47/43 44/44/40 48/48/44
f 45/45/41 43/43/39 49/49/45
f 43/43/39 47/47/43 49/49/45
f 46/46/42 45/45/41 50/50/46
f 49/49/45 50/50/46 45/45/41
f 48/48/44 51/51/47 47/47/43
f 51/51/47 48/48/44 52/52/48
f 53/53/49 49/49/45 47/47/43
f 47/47/43 51/51/47 53/53/49
f 52/52/48 54/54/50 51/51/47
f 54/54/50 52/52/48 55/55/51
f 56/56/52 53/53/49 51/51/47
f 54/54/50 56/56/52 51/51/47
f 53/53/49 57/57/53 49/49/45
f 50/50/46 49/49/45 57/57/53
f 56/56/52 58/58/54 53/53/49
f 57/57/53 53/53/49 58/58/54
f 56/56/52 54/54/50 59/59/55
f 55/55/51 60/60/56 54/54/50
f 60/60/56 59/59/55 54/54/50
f 60/60/56 55/55/51 61/61/57
f 59/59/55 62/62/58 56/56/52
f 58/58/54 56/56/52 62/62/58
f 63/63/59 60/60/56 61/61/57
f 63/63/59 61/61/57 64/64/60
f 59/59/55 60/60/56 65/65/61
f 64/64/60 66/66/62 63/63/59
f 64/64/60 67/67/63 66/66/62
f 63/63/59 68/68/64 60/60/56
f 68/68/64 65/65/61 60/60/56
f 69/69/65 63/63/59 66/66/62
f 63/63/59 69/69/65 68/68/64
f 66/66/62 67/67/63 70/70/66
f 69/69/65 66/66/62 70/70/66
f 71/71/67 70/70/66 67/67/63
f 71/71/67 67/67/63 72/72/68
f 70/70/66 73/73/69 69/69/65
f 73/73/69 68/68/64 69/69/65
f 73/73/69 70/70/66 71/71/67
f 73/73/69 74/74/70 68/68/64
f 74/74/70 65/65/61 68/68/64
f 74/74/70 73/73/69 75/75/71
f 73/73/69 71/71/67 75/75/71
f 74/74/70 76/76/72 65/65/61
f 75/75/71 76/76/72 74/74/70
f 65/65/61 77/77/73 59/59/55
f 77/77/73 65/65/61 76/76/72
f 62/62/58 59/59/55 77/77/73
f 76/76/72 75/75/71 78/78/74
f 71/71/67 78/78/74 75/75/71
f 77/77/73 79/79/75 62/62/58
f 62/62/58 79/79/75 58/58/54
f 80/80/76 77/77/73 76/76/72
f 80/80/76 76/76/72 78/78/74
f 79/79/75 77/77/73 81/81/77
f 80/80/76 81/81/77 77/77/73
f 79/79/75 82/82/78 58/58/54
f 58/58/54 82/82/78 57/57/53
f 83/83/79 79/79/75 81/81/77
f 79/79/75 83/83/79 82/82/78
f 82/82/78 84/84/80 57/57/53
f 57/57/53 84/84/80 50/50/46
f 83/83/79 85/85/81 82/82/78
f 82/82/78 85/85/81 84/84/80
f 83/83/79 81/81/77 86/86/82
f 87/87/83 85/85/81 83/83/79
f 86/86/82 87/87/83 83/83/79
f 86/86/82 81/81/77 88/88/84
f 88/88/84 81/81/77 80/80/76
f 89/89/85 87/87/83 86/86/82
f 90/90/86 86/86/82 88/88/84
f 86/86/82 90/90/86 89/89/85
f 88/88/84 80/80/76 91/91/87
f 88/88/84 92/92/88 90/90/86
f 92/92/88 88/88/84 91/91/87
f 93/93/89 91/91/87 80/80/76
f 91/91/87 94/94/90 92/92/88
f 94/94/90 91/91/87 93/93/89
f 93/93/89 80/80/76 95/95/91
f 95/95/91 80/80/76 78/78/74
f 93/93/89 95/95/91 96/96/92
f 78/78/74 96/96/92 95/95/91
f 96/96/92 94/94/90 93/93/89
f 96/96/92 78/78/74 97/97/93
f 78/78/74 71/71/67 97/97/93
f 97/97/93 71/71/67 72/72/68
f 72/72/68 98/98/94 97/97/93
f 99/99/95 94/94/90 96/96/92
f 97/97/93 99/99/95 96/96/92
f 97/97/93 98/98/94 100/100/96
f 99/99/95 97/97/93 100/100/96
f 98/98/94 101/101/97 100/100/96
f 94/94/90 99/99/95 102/102/98
f 92/92/88 94/94/90 102/102/98
f 100/100/96 103/103/99 99/99/95
f 103/103/99 102/102/98 99/99/95
f 101/101/97 104/104/100 100/100/96
f 103/103/99 100/100/96 104/104/100
f 104/104/100 101/101/97 105/105/101
f 106/106/102 104/104/100 105/105/101
f 102/102/98 107/107/103 92/92/88
f 107/107/103 90/90/86 92/92/88
f 104/104/100 106/106/102 108/108/104
f 109/109/105 90/90/86 107/107/103
f 89/89/85 90/90/86 109/109/105
f 104/104/100 108/108/104 110/110/106
f 110/110/106 103/103/99 104/104/100
f 108/108/104 106/106/102 111/111/107
f 111/111/107 106/106/102 112/112/108
f 113/113/109 110/110/106 108/108/104
f 112/112/108 114/114/110 111/111/107
f 114/114/110 112/112/108 115/115/111
f 108/108/104 111/111/107 116/116/112
f 116/116/112 113/113/109 108/108/104
f 117/117/113 111/111/107 114/114/110
f 111/111/107 117/117/113 116/116/112
f 115/115/111 118/118/114 114/114/110
f 118/118/114 115/115/111 119/119/115
f 118/118/114 119/119/115 120/120/116
f 121/121/117 117/117/113 114/114/110
f 114/114/110 118/118/114 121/121/117
f 117/117/113 122/122/118 116/116/112
f 121/121/117 122/122/118 117/117/113
f 123/123/119 116/116/112 122/122/118
f 116/116/112 123/123/119 113/113/109
f 122/122/118 121/121/117 124/124/120
f 124/124/120 123/123/119 122/122/118
f 125/125/121 121/121/117 118/118/114
f 121/121/117 125/125/121 124/124/120
f 120/120/116 125/125/121 118/118/114
f 123/123/119 124/124/120 126/126/122
f 120/120/116 127/127/123 125/125/121
f 128/128/124 124/124/120 125/125/121
f 127/127/123 128/128/124 125/125/121
f 124/124/120 128/128/124 126/126/122
f 120/120/116 129/129/125 127/127/123
f 129/129/125 120/120/116 130/130/126
f 128/128/124 127/127/123 131/131/127
f 129/129/125 130/130/126 132/132/128
f 132/132/128 130/130/126 133/133/129
f 132/132/128 133/133/129 134/134/130
f 134/134/130 133/133/129 135/135/131
f 128/128/124 131/131/127 136/136/132
f 136/136/132 137/137/133 128/128/124
f 138/138/134 137/137/133 136/136/132
f 139/139/135 128/128/124 137/137/133
f 139/139/135 126/126/122 128/128/124
f 137/137/133 138/138/134 140/140/136
f 141/141/137 140/140/136 138/138/134
f 141/141/137 142/142/108 140/140/136
f 137/137/133 140/140/136 143/143/138
f 143/143/138 139/139/135 137/137/133
f 140/140/136 142/142/108 144/144/139
f 144/144/139 143/143/138 140/140/136
f 144/144/139 142/142/108 145/145/140
f 139/139/135 143/143/138 146/146/141
f 143/143/138 144/144/139 146/146/141
f 147/147/142 126/126/122 139/139/135
f 147/147/142 139/139/135 146/146/141
f 126/126/122 147/147/142 123/123/119
f 144/144/139 148/148/143 146/146/141
f 149/149/144 123/123/119 147/147/142
f 113/113/109 123/123/119 149/149/144
f 149/149/144 110/110/106 113/113/109
f 103/103/99 110/110/106 149/149/144
f 150/150/145 147/147/142 146/146/141
f 150/150/145 146/146/141 148/148/143
f 147/147/142 151/151/146 149/149/144
f 149/149/144 151/151/146 103/103/99
f 151/151/146 147/147/142 150/150/145
f 152/152/147 103/103/99 151/151/146
f 102/102/98 103/103/99 152/152/147
f 151/151/146 150/150/145 153/153/148
f 153/153/148 152/152/147 151/151/146
f 154/154/149 102/102/98 152/152/147
f 152/152/147 153/153/148 154/154/149
f 107/107/103 102/102/98 154/154/149
f 150/150/145 155/155/150 153/153/148
f 150/150/145 148/148/143 155/155/150
f 156/156/151 154/154/149 153/153/148
f 153/153/148 155/155/150 156/156/151
f 155/155/150 148/148/143 157/157/152
f 157/157/152 156/156/151 155/155/150
f 144/144/139 157/157/152 148/148/143
f 144/144/139 145/145/140 157/157/152
f 145/145/140 156/156/151 157/157/152
f 145/145/140 158/158/153 156/156/151
f 159/159/154 154/154/149 156/156/151
f 159/159/154 156/156/151 158/158/153
f 154/154/149 159/159/154 107/107/103
f 158/158/153 160/160/155 159/159/154
f 161/161/156 159/159/154 160/160/155
f 161/161/156 107/107/103 159/159/154
f 162/162/157 107/107/103 161/161/156
f 109/109/105 107/107/103 162/162/157
f 162/162/157 163/163/158 109/109/105
f 164/164/159 109/109/105 163/163/158
f 109/109/105 164/164/159 165/165/160
f 166/166/161 165/165/160 164/164/159
f 109/109/105 165/165/160 167/167/162
f 167/167/162 89/89/85 109/109/105
f 87/87/83 89/89/85 167/167/162
f 168/168/163 167/167/162 165/165/160
f 167/167/162 168/168/163 87/87/83
f 165/165/160 166/166/161 169/169/164
f 165/165/160 169/169/164 168/168/163
f 170/170/165 169/169/164 166/166/161
f 166/166/161 171/171/166 170/170/165
f 172/172/167 170/170/165 171/171/166
f 173/173/168 168/168/163 169/169/164
f 169/169/164 170/170/165 173/173/168
f 174/174/169 87/87/83 168/168/163
f 173/173/168 174/174/169 168/168/163
f 85/85/81 87/87/83 174/174/169
f 170/170/165 172/172/167 175/175/170
f 176/176/171 175/175/170 172/172/167
f 177/177/172 173/173/168 170/170/165
f 170/170/165 175/175/170 177/177/172
f 178/178/173 174/174/169 173/173/168
f 177/177/172 178/178/173 173/173/168
f 174/174/169 179/179/174 85/85/81
f 179/179/174 174/174/169 178/178/173
f 85/85/81 179/179/174 84/84/80
f 180/180/175 178/178/173 177/177/172
f 180/180/175 179/179/174 178/178/173
f 175/175/170 181/181/176 177/177/172
f 181/181/176 180/180/175 177/177/172
f 175/175/170 176/176/171 182/182/177
f 181/181/176 175/175/170 182/182/177
f 183/183/178 182/182/177 176/176/171
f 182/182/177 183/183/178 184/184/179
f 182/182/177 184/184/179 181/181/176
f 185/185/180 184/184/179 183/183/178
f 184/184/179 185/185/180 186/186/181
f 184/184/179 186/186/181 187/187/182
f 181/181/176 184/184/179 188/188/183
f 187/187/182 188/188/183 184/184/179
f 188/188/183 189/189/184 181/181/176
f 189/189/184 180/180/175 181/181/176
f 187/187/182 190/190/185 188/188/183
f 190/190/185 189/189/184 188/188/183
f 190/190/185 187/187/182 191/191/186
f 189/189/184 192/192/187 180/180/175
f 179/179/174 180/180/175 192/192/187
f 189/189/184 190/190/185 193/193/188
f 192/192/187 189/189/184 193/193/188
f 179/179/174 192/192/187 194/194/189
f 193/193/188 194/194/189 192/192/187
f 84/84/80 179/179/174 194/194/189
f 84/84/80 194/194/189 50/50/46
f 190/190/185 195/195/190 193/193/188
f 194/194/189 193/193/188 195/195/190
f 191/191/186 196/196/191 190/190/185
f 195/195/190 190/190/185 196/196/191
f 197/197/192 196/196/191 191/191/186
f 198/198/193 196/196/191 197/197/192
f 199/199/194 194/194/189 195/195/190
f 195/195/190 196/196/191 199/199/194
f 199/199/194 196/196/191 198/198/193
f 194/194/189 199/199/194 50/50/46
f 199/199/194 198/198/193 200/200/195
f 46/46/42 50/50/46 199/199/194
f 200/200/195 201/201/196 199/199/194
f 46/46/42 199/199/194 201/201/196
f 202/202/197 203/203/198 204/204/199
f 205/205/200 204/204/199 203/203/198
f 204/204/199 205/205/200 206/206/201
f 205/205/200 207/207/202 206/206/201
f 207/207/202 205/205/200 208/208/203
f 208/208/203 209/209/204 207/207/202
f 210/210/205 209/209/204 208/208/203
f 209/209/204 211/211/206 212/212/207
f 213/213/208 211/211/206 209/209/204
f 209/209/204 210/210/205 213/213/208
f 213/213/208 214/214/209 211/211/206
f 214/214/209 213/213/208 210/210/205
f 210/210/205 215/215/210 214/214/209
f 210/210/205 216/216/211 215/215/210
f 215/215/210 216/216/211 217/217/212
f 217/217/212 216/216/211 218/218/213
f 218/218/213 216/216/211 219/219/214
f 219/219/214 216/216/211 220/220/215
f 221/221/216 222/222/217 223/223/218
f 222/222/217 221/221/216 224/224/219
f 224/224/219 225/225/220 222/222/217
f 225/225/220 224/224/219 226/226/221
f 227/227/222 225/225/220 226/226/221
f 227/227/222 228/228/223 225/225/220
f 229/229/224 228/228/223 227/227/222
f 228/228/223 229/229/224 230/230/225
f 231/231/226 228/228/223 232/232/227
f 228/228/223 230/230/225 232/232/227
f 230/230/225 233/233/228 232/232/227
f 233/233/228 230/230/225 234/234/228
f 235/235/229 233/233/228 234/234/228
f 233/233/228 235/235/229 236/236/229
f 237/237/229 236/236/229 235/235/229
f 236/236/229 237/237/229 238/238/230
f 239/239/231 240/240/232 241/241/233
f 240/240/232 239/239/231 242/242/234
f 243/243/235 242/242/234 239/239/231
f 243/243/235 244/244/236 242/242/234
f 245/245/237 244/244/236 243/243/235
f 244/244/236 245/245/237 246/246/238
f 246/246/238 245/245/237 247/247/239
f 247/247/239 245/245/237 248/248/240
f 248/248/240 245/245/237 249/249/241
f 250/250/242 248/248/240 249/249/241
f 251/251/243 246/246/238 247/247/239
f 246/246/238 251/251/243 252/252/244
f 251/251/243 253/253/245 252/252/244
f 248/248/240 250/250/242 254/254/246
f 255/255/247 254/254/246 250/250/242
f 256/256/248 247/247/239 248/248/240
f 248/248/240 254/254/246 256/256/248
f 254/254/246 255/255/247 257/257/249
f 257/257/249 255/255/247 258/258/250
f 259/259/251 256/256/248 254/254/246
f 257/257/249 259/259/251 254/254/246
f 247/247/239 256/256/248 260/260/252
f 260/260/252 251/251/243 247/247/239
f 256/256/248 259/259/251 261/261/253
f 261/261/253 260/260/252 256/256/248
f 259/259/251 257/257/249 262/262/254
f 259/259/251 262/262/254 261/261/253
f 263/263/255 257/257/249 258/258/250
f 257/257/249 263/263/255 262/262/254
f 264/264/256 260/260/252 261/261/253
f 262/262/254 264/264/256 261/261/253
f 251/251/243 260/260/252 265/265/257
f 260/260/252 264/264/256 265/265/257
f 262/262/254 263/263/255 266/266/258
f 264/264/256 262/262/254 266/266/258
f 263/263/255 258/258/250 267/267/259
f 267/267/259 258/258/250 268/268/260
f 269/269/261 267/267/259 268/268/260
f 263/263/255 270/270/262 266/266/258
f 270/270/262 263/263/255 267/267/259
f 264/264/256 266/266/258 271/271/263
f 271/271/263 266/266/258 270/270/262
f 267/267/259 269/269/261 272/272/264
f 272/272/264 269/269/261 273/273/265
f 274/274/266 270/270/262 267/267/259
f 272/272/264 274/274/266 267/267/259
f 270/270/262 274/274/266 271/271/263
f 272/272/264 273/273/265 275/275/267
f 276/276/268 275/275/267 273/273/265
f 274/274/266 272/272/264 277/277/269
f 275/275/267 277/277/269 272/272/264
f 275/275/267 276/276/268 278/278/270
f 279/279/271 278/278/270 276/276/268
f 277/277/269 275/275/267 280/280/272
f 278/278/270 279/279/271 281/281/273
f 280/280/272 275/275/267 282/282/274
f 278/278/270 282/282/274 275/275/267
f 283/283/275 281/281/273 279/279/271
f 279/279/271 284/284/276 283/283/275
f 278/278/270 281/281/273 285/285/277
f 284/284/276 286/286/278 283/283/275
f 286/286/278 284/284/276 287/287/279
f 281/281/273 283/283/275 288/288/280
f 286/286/278 288/288/280 283/283/275
f 288/288/280 285/285/277 281/281/273
f 286/286/278 287/287/279 289/289/281
f 290/290/282 289/289/281 287/287/279
f 286/286/278 291/291/283 288/288/280
f 285/285/277 288/288/280 291/291/283
f 286/286/278 289/289/281 291/291/283
f 285/285/277 292/292/284 278/278/270
f 282/282/274 278/278/270 292/292/284
f 293/293/285 285/285/277 291/291/283
f 285/285/277 293/293/285 292/292/284
f 291/291/283 294/294/286 293/293/285
f 291/291/283 289/289/281 294/294/286
f 295/295/287 292/292/284 293/293/285
f 293/293/285 294/294/286 295/295/287
f 292/292/284 295/295/287 282/282/274
f 289/289/281 296/296/288 294/294/286
f 294/294/286 297/297/289 295/295/287
f 297/297/289 294/294/286 296/296/288
f 282/282/274 295/295/287 298/298/290
f 295/295/287 297/297/289 298/298/290
f 289/289/281 290/290/282 299/299/291
f 296/296/288 289/289/281 299/299/291
f 300/300/292 299/299/291 290/290/282
f 296/296/288 301/301/293 297/297/289
f 299/299/291 300/300/292 302/302/294
f 300/300/292 303/303/295 302/302/294
f 299/299/291 304/304/296 296/296/288
f 304/304/296 299/299/291 302/302/294
f 301/301/293 296/296/288 304/304/296
f 302/302/294 303/303/295 305/305/297
f 303/303/295 306/306/298 305/305/297
f 307/307/299 304/304/296 302/302/294
f 302/302/294 305/305/297 307/307/299
f 304/304/296 308/308/300 301/301/293
f 308/308/300 304/304/296 307/307/299
f 306/306/298 309/309/301 305/305/297
f 306/306/298 310/310/302 309/309/301
f 311/311/303 307/307/299 305/305/297
f 305/305/297 309/309/301 311/311/303
f 307/307/299 312/312/304 308/308/300
f 312/312/304 307/307/299 311/311/303
f 301/301/293 308/308/300 313/313/305
f 313/313/305 297/297/289 301/301/293
f 312/312/304 314/314/306 308/308/300
f 313/313/305 308/308/300 314/314/306
f 297/297/289 313/313/305 315/315/307
f 298/298/290 297/297/289 315/315/307
f 313/313/305 314/314/306 316/316/308
f 316/316/308 315/315/307 313/313/305
f 314/314/306 312/312/304 317/317/309
f 316/316/308 314/314/306 318/318/310
f 314/314/306 317/317/309 318/318/310
f 316/316/308 319/319/311 315/315/307
f 320/320/312 317/317/309 312/312/304
f 311/311/303 320/320/312 312/312/304
f 319/319/311 316/316/308 321/321/313
f 318/318/310 321/321/313 316/316/308
f 319/319/311 322/322/314 315/315/307
f 322/322/314 298/298/290 315/315/307
f 321/321/313 323/323/315 319/319/311
f 319/319/311 324/324/316 322/322/314
f 324/324/316 319/319/311 323/323/315
f 322/322/314 325/325/317 298/298/290
f 326/326/318 322/322/314 324/324/316
f 322/322/314 326/326/318 325/325/317
f 327/327/319 298/298/290 325/325/317
f 328/328/320 325/325/317 326/326/318
f 325/325/317 328/328/320 327/327/319
f 327/327/319 329/329/321 298/298/290
f 329/329/321 282/282/274 298/298/290
f 282/282/274 329/329/321 280/280/272
f 327/327/319 280/280/272 329/329/321
f 328/328/320 280/280/272 327/327/319
f 328/328/320 277/277/269 280/280/272
f 277/277/269 328/328/320 330/330/322
f 326/326/318 330/330/322 328/328/320
f 330/330/322 274/274/266 277/277/269
f 330/330/322 326/326/318 331/331/323
f 331/331/323 326/326/318 324/324/316
f 274/274/266 330/330/322 332/332/324
f 333/333/325 331/331/323 324/324/316
f 323/323/315 333/333/325 324/324/316
f 334/334/326 274/274/266 332/332/324
f 274/274/266 334/334/326 271/271/263
f 330/330/322 335/335/327 332/332/324
f 330/330/322 331/331/323 335/335/327
f 332/332/324 336/336/328 334/334/326
f 336/336/328 332/332/324 335/335/327
f 334/334/326 337/337/329 271/271/263
f 271/271/263 337/337/329 264/264/256
f 337/337/329 265/265/257 264/264/256
f 334/334/326 336/336/328 338/338/330
f 337/337/329 334/334/326 338/338/330
f 265/265/257 337/337/329 339/339/331
f 265/265/257 339/339/331 251/251/243
f 338/338/330 340/340/332 337/337/329
f 337/337/329 340/340/332 339/339/331
f 341/341/333 251/251/243 339/339/331
f 253/253/245 251/251/243 341/341/333
f 341/341/333 342/342/334 253/253/245
f 339/339/331 343/343/335 341/341/333
f 339/339/331 340/340/332 343/343/335
f 342/342/334 341/341/333 344/344/336
f 344/344/336 341/341/333 343/343/335
f 342/342/334 344/344/336 345/345/337
f 346/346/247 345/345/337 344/344/336
f 343/343/335 347/347/338 344/344/336
f 344/344/336 347/347/338 346/346/247
f 347/347/338 343/343/335 340/340/332
f 347/347/338 348/348/339 346/346/247
f 349/349/340 347/347/338 340/340/332
f 338/338/330 349/349/340 340/340/332
f 347/347/338 350/350/341 348/348/339
f 347/347/338 349/349/340 350/350/341
f 338/338/330 351/351/342 349/349/340
f 351/351/342 350/350/341 349/349/340
f 338/338/330 336/336/328 351/351/342
f 348/348/339 350/350/341 352/352/343
f 352/352/343 350/350/341 351/351/342
f 336/336/328 352/352/343 351/351/342
f 348/348/339 352/352/343 353/353/344
f 335/335/327 352/352/343 336/336/328
f 352/352/343 354/354/345 353/353/344
f 335/335/327 354/354/345 352/352/343
f 353/353/344 354/354/345 355/355/346
f 354/354/345 335/335/327 331/331/323
f 354/354/345 356/356/347 355/355/346
f 331/331/323 356/356/347 354/354/345
f 331/331/323 357/357/348 356/356/347
f 331/331/323 333/333/325 357/357/348
f 357/357/348 333/333/325 358/358/349
f 333/333/325 359/359/350 358/358/349
f 359/359/350 333/333/325 360/360/351
f 360/360/351 361/361/352 359/359/350
f 333/333/325 362/362/353 360/360/351
f 323/323/315 362/362/353 333/333/325
f 323/323/315 321/321/313 362/362/353
f 362/362/353 363/363/354 360/360/351
f 363/363/354 362/362/353 321/321/313
f 361/361/352 360/360/351 364/364/355
f 360/360/351 363/363/354 364/364/355
f 364/364/355 365/365/356 361/361/352
f 361/361/352 365/365/356 366/366/357
f 365/365/356 367/367/358 366/366/357
f 363/363/354 368/368/359 364/364/355
f 364/364/355 368/368/359 365/365/356
f 321/321/313 369/369/360 363/363/354
f 368/368/359 363/363/354 369/369/360
f 321/321/313 318/318/310 369/369/360
f 367/367/358 365/365/356 370/370/361
f 370/370/361 371/371/362 367/367/358
f 368/368/359 372/372/363 365/365/356
f 365/365/356 372/372/363 370/370/361
f 369/369/360 373/373/364 368/368/359
f 372/372/363 368/368/359 373/373/364
f 318/318/310 374/374/365 369/369/360
f 374/374/365 373/373/364 369/369/360
f 318/318/310 317/317/309 374/374/365
f 373/373/364 375/375/366 372/372/363
f 374/374/365 375/375/366 373/373/364
f 376/376/367 370/370/361 372/372/363
f 376/376/367 372/372/363 375/375/366
f 371/371/362 370/370/361 377/377/368
f 370/370/361 376/376/367 377/377/368
f 377/377/368 378/378/369 371/371/362
f 377/377/368 379/379/370 378/378/369
f 379/379/370 377/377/368 376/376/367
f 379/379/370 380/380/371 378/378/369
f 379/379/370 381/381/372 380/380/371
f 379/379/370 382/382/373 381/381/372
f 376/376/367 383/383/374 379/379/370
f 382/382/373 379/379/370 383/383/374
f 383/383/374 376/376/367 384/384/375
f 375/375/366 384/384/375 376/376/367
f 385/385/376 382/382/373 383/383/374
f 384/384/375 385/385/376 383/383/374
f 382/382/373 385/385/376 386/386/377
f 387/387/378 384/384/375 375/375/366
f 375/375/366 374/374/365 387/387/378
f 384/384/375 387/387/378 388/388/379
f 384/384/375 388/388/379 385/385/376
f 374/374/365 389/389/380 387/387/378
f 389/389/380 388/388/379 387/387/378
f 389/389/380 374/374/365 317/317/309
f 317/317/309 320/320/312 389/389/380
f 390/390/381 385/385/376 388/388/379
f 388/388/379 389/389/380 390/390/381
f 386/386/377 385/385/376 391/391/382
f 390/390/381 391/391/382 385/385/376
f 392/392/383 386/386/377 391/391/382
f 393/393/384 392/392/383 391/391/382
f 389/389/380 394/394/385 390/390/381
f 394/394/385 391/391/382 390/390/381
f 394/394/385 393/393/384 391/391/382
f 394/394/385 389/389/380 320/320/312
f 393/393/384 394/394/385 395/395/386
f 395/395/386 394/394/385 396/396/387
f 397/397/388 396/396/387 394/394/385
f 397/397/388 394/394/385 320/320/312
f 397/397/388 320/320/312 398/398/389
f 311/311/303 398/398/389 320/320/312
f 397/397/388 398/398/389 399/399/390
f 309/309/301 398/398/389 311/311/303
f 400/400/391 399/399/390 398/398/389
f 398/398/389 309/309/301 400/400/391
f 400/400/391 401/401/392 399/399/390
f 309/309/301 310/310/302 400/400/391
f 400/400/391 310/310/302 401/401/392
f 310/310/302 402/402/393 401/401/392
f 310/310/302 403/403/394 402/402/393
f 404/404/395 402/402/393 403/403/394
f 405/405/396 406/406/397 407/407/398
f 405/405/396 408/408/399 406/406/397
f 406/406/397 408/408/399 409/409/400
f 408/408/399 410/410/401 409/409/400
f 411/411/402 412/412/403 413/413/404
f 412/412/403 411/411/402 414/414/405
f 414/414/405 415/415/406 412/412/403
f 416/416/407 415/415/406 414/414/405
f 416/416/407 417/417/408 415/415/406
f 417/417/408 416/416/407 418/418/409
f 418/418/409 419/419/410 417/417/408
f 420/420/411 419/419/410 418/418/409
f 418/418/409 421/421/412 420/420/411
f 420/420/411 421/421/412 422/422/411
f 423/423/413 420/420/411 422/422/411
f 423/423/413 424/424/410 420/420/411
f 425/425/414 424/424/410 423/423/413
f 424/424/410 425/425/414 426/426/415
f 425/425/414 427/427/416 426/426/415
f 427/427/416 425/425/414 428/428/417
f 429/429/418 427/427/416 428/428/417
f 427/427/416 429/429/418 430/430/419
f 431/431/420 430/430/419 429/429/418
f 430/430/419 431/431/420 432/432/421
f 432/432/421 431/431/420 433/433/422
f 433/433/422 431/431/420 434/434/423
f 435/435/424 433/433/422 434/434/423
f 433/433/422 435/435/424 436/436/425
f 435/435/424 437/437/426 436/436/425
f 437/437/426 435/435/424 438/438/427
f 438/438/427 439/439/428 437/437/426
f 439/439/428 438/438/427 440/440/428
f 439/439/428 440/440/428 441/441/429
f 442/442/430 439/439/428 441/441/429
f 443/443/426 439/439/428 442/442/430
f 442/442/430 444/444/431 443/443/426
f 445/445/432 444/444/431 442/442/430
f 444/444/431 445/445/432 446/446/433
f 446/446/433 445/445/432 447/447/434
f 446/446/433 447/447/434 448/448/435
f 449/449/436 448/448/435 447/447/434
f 448/448/435 449/449/436 450/450/437
f 451/451/438 452/452/439 453/453/440
f 452/452/439 451/451/438 454/454/441
f 454/454/441 455/455/442 452/452/439
f 455/455/442 454/454/441 456/456/443
f 456/456/443 457/457/444 455/455/442
f 457/457/444 456/456/443 458/458/445
f 458/458/445 459/459/446 457/457/444
f 459/459/446 458/458/445 460/460/447
f 461/461/448 459/459/446 460/460/447
f 460/460/447 462/462/449 461/461/448
f 462/462/449 460/460/447 463/463/450
f 462/462/449 463/463/450 464/464/451
f 463/463/450 465/465/452 464/464/451
f 466/466/453 464/464/451 465/465/452
f 466/466/453 465/465/452 467/467/454
f 466/466/453 467/467/454 468/468/455
f 466/466/453 468/468/455 469/469/456
f 468/468/455 470/470/457 469/469/456
f 470/470/457 468/468/455 471/471/458
f 472/472/459 470/470/457 471/471/458
f 472/472/459 471/471/458 473/473/460
f 472/472/459 473/473/460 474/474/461
f 475/475/462 474/474/461 473/473/460
f 474/474/461 475/475/462 476/476/463
f 477/477/464 476/476/463 475/475/462
f 477/477/464 475/475/462 478/478/465
f 477/477/464 478/478/465 479/479/466
f 480/480/467 477/477/464 479/479/466
f 479/479/466 481/481/468 480/480/467
f 482/482/469 480/480/467 481/481/468
f 482/482/469 481/481/468 483/483/470
f 482/482/469 483/483/470 484/484/471
f 484/484/471 483/483/470 485/485/472
f 486/486/473 485/485/472 483/483/470
f 485/485/472 486/486/473 487/487/474
f 488/488/475 487/487/474 486/486/473
f 487/487/474 488/488/475 489/489/476
f 490/490/477 489/489/476 488/488/475
f 489/489/476 490/490/477 491/491/478
f 492/492/479 491/491/478 490/490/477
f 491/491/478 492/492/479 493/493/480
f 494/494/481 495/495/482 496/496/483
f 495/495/482 494/494/481 497/497/484
f 497/497/484 498/498/485 495/495/482
f 499/499/486 498/498/485 497/497/484
f 499/499/486 500/500/487 498/498/485
f 501/501/488 500/500/487 499/499/486
f 501/501/488 502/502/489 500/500/487
f 503/503/490 502/502/489 501/501/488
f 504/504/491 502/502/489 503/503/490
f 502/502/489 504/504/491 505/505/492
f 506/506/493 505/505/492 504/504/491
f 505/505/492 506/506/493 507/507/494
f 507/507/494 506/506/493 508/508/495
f 508/508/495 509/509/496 507/507/494
f 509/509/496 508/508/495 510/510/497
f 510/510/497 511/511/498 509/509/496
f 512/512/499 511/511/498 510/510/497
f 511/511/498 512/512/499 513/513/500
f 514/514/501 515/515/502 516/516/503
f 515/515/502 517/517/504 516/516/503
f 517/517/504 515/515/502 518/518/505
f 518/518/505 519/519/506 517/517/504
f 519/519/506 520/520/507 517/517/504
f 520/520/507 519/519/506 521/521/508
f 521/521/508 522/522/509 520/520/507
f 521/521/508 523/523/510 524/524/511
f 525/525/512 521/521/508 524/524/511
f 521/521/508 525/525/512 522/522/509
f 525/525/512 524/524/511 526/526/513
f 526/526/513 522/522/509 525/525/512
f 527/527/514 522/522/509 526/526/513
f 528/528/515 522/522/509 527/527/514
f 527/527/514 529/529/516 528/528/515
f 529/529/516 530/530/517 528/528/515
f 530/530/517 531/531/518 528/528/515
f 531/531/518 532/532/519 528/528/515
f 533/533/520 534/534/521 535/535/522
f 533/533/520 536/536/523 534/534/521
f 533/533/520 537/537/524 536/536/523
f 537/537/524 538/538/525 536/536/523
f 539/539/526 538/538/525 537/537/524
f 540/540/527 538/538/525 541/541/527
f 541/541/527 538/538/525 542/542/528
f 538/538/525 539/539/526 542/542/528
f 539/539/526 543/543/529 542/542/528
f 544/544/530 543/543/529 539/539/526
f 544/544/530 545/545/531 543/543/529
f 544/544/530 546/546/532 545/545/531
f 547/547/533 548/548/534 549/549/535
f 550/550/536 549/549/535 548/548/534
f 550/550/536 548/548/534 551/551/537
f 552/552/538 553/553/539 554/554/540
f 553/553/539 552/552/538 555/555/541
f 555/555/541 552/552/538 556/556/542
f 557/557/542 555/555/541 556/556/542
f 556/556/542 558/558/543 557/557/542
f 558/558/543 556/556/542 559/559/544
f 560/560/545 561/561/546 562/562/546
f 560/560/545 563/563/545 561/561/546
f 563/563/545 560/560/545 564/564/547
f 563/563/545 564/564/547 565/565/547
f 566/566/548 565/565/547 564/564/547
f 566/566/548 567/567/548 565/565/547
f 566/566/548 568/568/549 567/567/548
f 567/567/548 568/568/549 569/569/550
f 569/569/550 568/568/549 570/570/551
f 569/569/550 570/570/551 571/571/552
f 571/571/552 570/570/551 572/572/553
f 572/572/553 570/570/551 573/573/554
f 570/570/551 568/568/549 574/574/555
f 574/574/555 573/573/554 570/570/551
f 568/568/549 575/575/556 574/574/555
f 575/575/556 576/576/557 574/574/555
f 576/576/557 577/577/558 574/574/555
f 573/573/554 574/574/555 577/577/558
f 573/573/554 577/577/558 578/578/559
f 579/579/559 578/578/559 577/577/558
f 578/578/559 579/579/559 580/580/560
f 581/581/561 580/580/560 579/579/559
f 580/580/560 581/581/561 582/582/562
f 580/580/560 582/582/562 583/583/563
f 581/581/561 584/584/564 582/582/562
f 583/583/563 582/582/562 585/585/565
f 584/584/564 585/585/565 582/582/562
f 583/583/563 585/585/565 586/586/566
f 585/585/565 584/584/564 587/587/567
f 586/586/566 585/585/565 588/588/568
f 585/585/565 587/587/567 589/589/569
f 588/588/568 585/585/565 590/590/570
f 585/585/565 589/589/569 590/590/570
f 588/588/568 590/590/570 591/591/571
f 592/592/572 590/590/570 589/589/569
f 590/590/570 593/593/573 591/591/571
f 590/590/570 592/592/572 593/593/573
f 594/594/574 591/591/571 593/593/573
f 594/594/574 593/593/573 592/592/572
f 595/595/575 596/596/576 597/597/577
f 596/596/576 595/595/575 598/598/578
f 599/599/579 598/598/578 595/595/575
f 599/599/579 595/595/575 600/600/580
f 601/601/581 599/599/579 600/600/580
f 601/601/581 600/600/580 602/602/581
f 603/603/582 601/601/581 602/602/581
f 601/601/581 603/603/582 604/604/582
f 605/605/583 604/604/582 603/603/582
f 604/604/582 605/605/583 606/606/583
f 607/607/584 606/606/583 605/605/583
f 606/606/583 607/607/584 608/608/585
f 607/607/584 609/609/586 608/608/585
f 607/607/584 610/610/587 609/609/586
f 611/611/588 612/612/588 613/613/589
f 612/612/588 614/614/589 613/613/589
f 614/614/589 615/615/590 613/613/589
f 613/613/589 615/615/590 616/616/590
f 617/617/591 618/618/592 619/619/593
f 617/617/591 619/619/593 620/620/594
f 621/621/595 617/617/591 620/620/594
f 617/617/591 621/621/595 622/622/596
f 623/623/597 622/622/596 621/621/595
f 622/622/596 623/623/597 624/624/598
f 625/625/599 624/624/598 623/623/597
f 624/624/598 625/625/599 626/626/600
f 627/627/601 626/626/600 625/625/599
f 626/626/600 627/627/601 628/628/602
f 627/627/601 629/629/603 628/628/602
f 629/629/603 627/627/601 630/630/604
f 630/630/604 631/631/605 629/629/603
f 631/631/605 630/630/604 632/632/606
f 633/633/607 631/631/605 632/632/606
f 631/631/605 633/633/607 634/634/608
f 635/635/609 634/634/608 633/633/607
f 634/634/608 635/635/609 636/636/610
f 635/635/609 637/637/611 636/636/610
f 638/638/612 636/636/610 637/637/611
f 637/637/611 639/639/613 638/638/612
f 639/639/613 637/637/611 640/640/614
f 640/640/614 641/641/615 639/639/613
f 641/641/615 640/640/614 642/642/616
f 641/641/615 642/642/616 643/643/617
f 641/641/615 643/643/617 644/644/618
f 644/644/618 643/643/617 645/645/619
f 644/644/618 645/645/619 646/646/620
f 645/645/619 647/647/621 646/646/620
f 647/647/621 645/645/619 648/648/622
f 648/648/622 649/649/623 647/647/621
f 649/649/623 648/648/622 650/650/624
f 650/650/624 651/651/625 649/649/623
f 651/651/625 650/650/624 652/652/626
f 652/652/626 653/653/627 651/651/625
f 653/653/627 652/652/626 654/654/628
f 654/654/628 655/655/629 653/653/627
f 653/653/627 655/655/629 656/656/630
f 657/657/631 658/658/632 659/659/633
f 658/658/632 657/657/631 660/660/634
f 658/658/632 660/660/634 661/661/635
f 662/662/636 658/658/632 661/661/635
f 660/660/634 663/663/637 661/661/635
f 664/664/638 662/662/636 661/661/635
f 665/665/639 661/661/635 663/663/637
f 661/661/635 666/666/640 664/664/638
f 661/661/635 665/665/639 666/666/640
f 667/667/641 664/664/638 666/666/640
f 668/668/642 666/666/640 665/665/639
f 666/666/640 669/669/643 667/667/641
f 667/667/641 669/669/643 670/670/644
f 669/669/643 671/671/645 670/670/644
f 669/669/643 672/672/646 671/671/645
f 673/673/647 666/666/640 668/668/642
f 666/666/640 673/673/647 669/669/643
f 674/674/648 673/673/647 668/668/642
f 672/672/646 669/669/643 675/675/649
f 675/675/649 669/669/643 673/673/647
f 675/675/649 676/676/650 672/672/646
f 677/677/651 673/673/647 674/674/648
f 674/674/648 678/678/652 677/677/651
f 679/679/653 677/677/651 678/678/652
f 675/675/649 673/673/647 680/677/654
f 673/673/647 677/677/651 680/677/654
f 676/676/650 675/675/649 681/680/655
f 681/680/655 675/675/649 680/677/654
f 682/681/656 676/676/650 681/680/655
f 682/681/656 681/680/655 683/682/657
f 684/683/658 683/682/657 681/680/655
f 681/680/655 680/677/654 684/683/658
f 685/684/659 683/682/657 684/683/658
f 677/677/651 686/685/660 680/677/654
f 684/683/658 680/677/654 686/685/660
f 686/685/660 677/677/651 679/679/653
f 679/679/653 687/686/661 686/685/660
f 684/683/658 688/687/662 685/684/659
f 688/687/662 684/683/658 686/685/660
f 688/687/662 689/688/663 685/684/659
f 688/687/662 690/689/664 689/688/663
f 691/690/665 690/689/664 688/687/662
f 686/685/660 687/686/661 692/691/666
f 692/691/666 688/687/662 686/685/660
f 692/691/666 691/690/665 688/687/662
f 687/686/661 693/692/667 692/691/666
f 691/690/665 692/691/666 694/693/668
f 693/692/667 695/694/669 692/691/666
f 695/694/669 694/693/668 692/691/666
f 695/694/669 693/692/667 696/695/670
f 694/693/668 695/694/669 697/696/671
f 698/697/672 695/694/669 696/695/670
f 697/696/671 695/694/669 699/698/673
f 699/698/673 695/694/669 698/697/672
f 699/698/673 698/697/672 700/699/674
f 699/698/673 700/699/674 701/700/675
f 702/701/676 703/702/677 704/703/678
f 703/702/677 702/701/676 705/704/679
f 706/705/680 703/702/677 705/704/679
f 705/704/679 702/701/676 707/706/681
f 705/704/679 708/707/682 706/705/680
f 708/707/682 709/708/683 706/705/680
f 710/709/684 705/704/679 707/706/681
f 710/709/684 708/707/682 705/704/679
f 711/710/685 707/706/681 712/711/686
f 711/710/685 710/709/684 707/706/681
f 713/712/687 710/709/684 711/710/685
f 714/713/688 710/709/684 713/712/687
f 708/707/682 710/709/684 714/713/688
f 715/714/689 714/713/688 713/712/687
f 716/715/690 708/707/682 714/713/688
f 709/708/683 708/707/682 716/715/690
f 714/713/688 715/714/689 717/716/691
f 717/716/691 716/715/690 714/713/688
f 715/714/689 718/717/692 717/716/691
f 718/717/692 716/715/690 717/716/691
f 718/717/692 715/714/689 719/718/693
f 720/719/694 709/708/683 716/715/690
f 718/717/692 720/719/694 716/715/690
f 721/720/695 709/708/683 720/719/694
f 722/721/696 718/717/692 719/718/693
f 723/722/697 722/721/696 719/718/693
f 720/719/694 718/717/692 724/723/698
f 722/721/696 724/723/698 718/717/692
f 724/723/698 721/720/695 720/719/694
f 723/722/697 725/724/699 722/721/696
f 726/725/700 721/720/695 724/723/698
f 725/724/699 723/722/697 727/726/701
f 728/727/702 726/725/700 724/723/698
f 729/728/703 725/724/699 727/726/701
f 726/725/700 728/727/702 730/729/704
f 725/724/699 729/728/703 731/730/705
f 728/727/702 732/731/706 730/729/704
f 733/732/707 731/730/705 729/728/703
f 732/731/706 728/727/702 734/733/708
f 731/730/705 733/732/707 735/734/709
f 734/733/708 736/735/710 732/731/706
f 737/736/711 735/734/709 733/732/707
f 736/735/710 734/733/708 738/737/712
f 739/738/713 736/735/710 738/737/712
f 740/739/714 735/734/709 737/736/711
f 740/739/714 738/737/712 735/734/709
f 741/740/715 740/739/714 737/736/711
f 738/737/712 742/741/716 739/738/713
f 742/741/716 738/737/712 740/739/714
f 743/742/717 739/738/713 742/741/716
f 744/743/718 740/739/714 741/740/715
f 745/744/719 744/743/718 741/740/715
f 742/741/716 746/745/720 743/742/717
f 747/746/721 743/742/717 746/745/720
f 740/739/714 748/747/722 742/741/716
f 748/747/722 746/745/720 742/741/716
f 740/739/714 744/743/718 748/747/722
f 749/748/723 747/746/721 746/745/720
f 748/747/722 749/748/723 746/745/720
f 749/748/723 750/749/724 747/746/721
f 748/747/722 744/743/718 751/750/725
f 744/743/718 745/744/719 751/750/725
f 752/751/726 751/750/725 745/744/719
f 749/748/723 748/747/722 753/752/727
f 751/750/725 753/752/727 748/747/722
f 750/749/724 749/748/723 754/753/728
f 754/753/728 749/748/723 753/752/727
f 755/754/729 750/749/724 754/753/728
f 751/750/725 756/755/730 753/752/727
f 751/750/725 752/751/726 756/755/730
f 756/755/730 754/753/728 753/752/727
f 757/756/731 756/755/730 752/751/726
f 754/753/728 758/757/732 755/754/729
f 756/755/730 758/757/732 754/753/728
f 759/758/733 755/754/729 758/757/732
f 760/759/734 756/755/730 757/756/731
f 758/757/732 756/755/730 760/759/734
f 761/760/735 760/759/734 757/756/731
f 758/757/732 762/761/736 759/758/733
f 763/762/737 760/759/734 761/760/735
f 763/762/737 758/757/732 760/759/734
f 758/757/732 763/762/737 762/761/736
f 764/763/738 763/762/737 761/760/735
f 762/761/736 765/764/739 759/758/733
f 766/765/740 763/762/737 764/763/738
f 766/765/740 762/761/736 763/762/737
f 767/766/741 766/765/740 764/763/738
f 765/764/739 762/761/736 768/767/742
f 768/767/742 762/761/736 766/765/740
f 768/767/742 769/768/743 765/764/739
f 770/769/744 766/765/740 767/766/741
f 770/769/744 768/767/742 766/765/740
f 769/768/743 768/767/742 771/770/745
f 771/770/745 768/767/742 770/769/744
f 772/771/746 769/768/743 771/770/745
f 769/768/743 772/771/746 773/772/747
f 774/773/748 771/770/745 770/769/744
f 774/773/748 772/771/746 771/770/745
f 767/766/741 775/774/749 770/769/744
f 774/773/748 770/769/744 775/774/749
f 775/774/749 767/766/741 776/775/750
f 777/776/751 772/771/746 774/773/748
f 777/776/751 774/773/748 775/774/749
f 773/772/747 772/771/746 778/777/752
f 779/778/753 773/772/747 778/777/752
f 778/777/752 780/779/754 779/778/753
f 778/777/752 772/771/746 781/780/755
f 781/780/755 780/779/754 778/777/752
f 781/780/755 772/771/746 777/776/751
f 780/779/754 781/780/755 782/781/756
f 782/781/756 781/780/755 783/782/757
f 781/780/755 777/776/751 783/782/757
f 784/783/758 783/782/757 777/776/751
f 777/776/751 775/774/749 784/783/758
f 785/784/759 783/782/757 784/783/758
f 784/783/758 786/785/760 785/784/759
f 787/786/761 784/783/758 775/774/749
f 786/785/760 784/783/758 787/786/761
f 787/786/761 775/774/749 776/775/750
f 786/785/760 787/786/761 788/787/762
f 788/787/762 787/786/761 776/775/750
f 789/788/763 790/789/764 791/790/765
f 789/788/763 791/790/765 792/791/766
f 789/788/763 793/792/767 790/789/764
f 789/788/763 792/791/766 793/792/767
f 794/793/768 795/794/769 796/795/770
f 794/793/768 796/795/770 797/796/771
f 794/793/768 798/797/772 795/794/769
f 794/793/768 797/796/771 798/797/772
f 799/798/773 800/799/774 801/800/775
f 799/798/773 802/801/776 800/799/774
f 799/798/773 801/800/775 803/802/777
f 799/798/773 803/802/777 802/801/776
f 804/803/778 805/804/779 806/805/780
f 804/803/778 806/805/780 807/806/781
f 804/803/778 808/807/782 805/804/779
f 804/803/778 807/806/781 808/807/782
f 809/808/783 810/809/784 811/810/785
f 809/808/783 812/811/786 810/809/784
f 809/808/783 811/810/785 813/812/787
f 809/808/783 813/812/787 812/811/786
f 814/813/788 815/814/789 816/815/790
f 814/813/788 816/815/790 817/816/791
f 814/813/788 818/817/792 815/814/789
f 814/813/788 817/816/791 818/817/792
f 819/818/793 820/819/794 821/820/795
f 819/818/793 822/821/796 820/819/794
f 819/818/793 821/820/795 823/822/797
f 819/818/793 823/822/797 822/821/796
f 824/823/798 825/824/799 826/825/800
f 824/823/798 827/826/801 825/824/799
f 824/823/798 826/825/800 828/827/802
f 824/823/798 828/827/802 827/826/801
f 829/828/803 830/829/804 831/830/805
f 831/830/805 832/831/806 829/828/803
f 830/829/804 829/828/803 833/832/807
f 832/831/806 834/833/808 829/828/803
f 834/833/808 832/831/806 835/834/809
f 833/832/807 829/828/803 836/835/810
f 837/836/811 834/833/808 835/834/809
f 835/834/809 838/837/812 837/836/811
f 829/828/803 834/833/808 839/838/813
f 829/828/803 839/838/813 836/835/810
f 834/833/808 837/836/811 840/839/814
f 840/839/814 839/838/813 834/833/808
f 838/837/812 841/840/815 837/836/811
f 841/840/815 838/837/812 842/841/816
f 843/842/817 840/839/814 837/836/811
f 837/836/811 841/840/815 843/842/817
f 839/838/813 840/839/814 844/843/818
f 840/839/814 843/842/817 845/844/819
f 845/844/819 844/843/818 840/839/814
f 846/845/820 836/835/810 839/838/813
f 846/845/820 839/838/813 844/843/818
f 846/845/820 847/846/821 836/835/810
f 847/846/821 833/832/807 836/835/810
f 833/832/807 847/846/821 848/847/822
f 846/845/820 844/843/818 849/848/823
f 846/845/820 849/848/823 847/846/821
f 848/847/822 847/846/821 850/849/824
f 847/846/821 849/848/823 850/849/824
f 850/849/824 851/850/825 848/847/822
f 851/850/825 850/849/824 852/851/826
f 852/851/826 850/849/824 853/852/827
f 854/853/828 853/852/827 850/849/824
f 850/849/824 849/848/823 854/853/828
f 853/852/827 854/853/828 855/854/829
f 856/855/830 849/848/823 844/843/818
f 854/853/828 849/848/823 856/855/830
f 844/843/818 845/844/819 856/855/830
f 855/854/829 854/853/828 857/856/831
f 856/855/830 857/856/831 854/853/828
f 855/854/829 857/856/831 858/857/832
f 856/855/830 845/844/819 859/858/833
f 856/855/830 859/858/833 857/856/831
f 860/859/834 858/857/832 857/856/831
f 860/859/834 857/856/831 859/858/833
f 858/857/832 860/859/834 861/860/835
f 862/861/836 859/858/833 845/844/819
f 843/842/817 862/861/836 845/844/819
f 860/859/834 859/858/833 863/862/837
f 859/858/833 862/861/836 863/862/837
f 861/860/835 860/859/834 864/863/838
f 863/862/837 864/863/838 860/859/834
f 862/861/836 843/842/817 865/864/839
f 841/840/815 865/864/839 843/842/817
f 862/861/836 866/865/840 863/862/837
f 862/861/836 865/864/839 866/865/840
f 865/864/839 841/840/815 867/866/841
f 842/841/816 867/866/841 841/840/815
f 865/864/839 868/867/842 866/865/840
f 868/867/842 865/864/839 867/866/841
f 863/862/837 866/865/840 869/868/843
f 864/863/838 863/862/837 869/868/843
f 868/867/842 870/869/844 866/865/840
f 869/868/843 866/865/840 870/869/844
f 868/867/842 867/866/841 871/870/845
f 867/866/841 842/841/816 872/871/846
f 872/871/846 871/870/845 867/866/841
f 842/841/816 873/872/847 872/871/846
f 871/870/845 874/873/848 868/867/842
f 870/869/844 868/867/842 874/873/848
f 875/874/849 872/871/846 873/872/847
f 873/872/847 876/875/850 875/874/849
f 872/871/846 877/876/851 871/870/845
f 877/876/851 872/871/846 875/874/849
f 874/873/848 871/870/845 877/876/851
f 875/874/849 876/875/850 878/877/852
f 878/877/852 877/876/851 875/874/849
f 879/878/853 878/877/852 876/875/850
f 877/876/851 880/879/854 874/873/848
f 878/877/852 879/878/853 881/880/855
f 879/878/853 882/881/856 881/880/855
f 877/876/851 878/877/852 883/882/857
f 878/877/852 881/880/855 883/882/857
f 880/879/854 877/876/851 883/882/857
f 884/883/858 881/880/855 882/881/856
f 882/881/856 885/884/859 884/883/858
f 886/885/860 883/882/857 881/880/855
f 884/883/858 886/885/860 881/880/855
f 887/886/861 880/879/854 883/882/857
f 883/882/857 886/885/860 887/886/861
f 888/887/862 884/883/858 885/884/859
f 889/888/863 888/887/862 885/884/859
f 886/885/860 884/883/858 890/889/864
f 884/883/858 888/887/862 890/889/864
f 891/890/865 887/886/861 886/885/860
f 886/885/860 890/889/864 891/890/865
f 888/887/862 889/888/863 892/891/866
f 893/892/867 892/891/866 889/888/863
f 890/889/864 888/887/862 894/893/868
f 892/891/866 893/892/867 895/894/869
f 896/895/870 895/894/869 893/892/867
f 897/896/871 888/887/862 892/891/866
f 895/894/869 897/896/871 892/891/866
f 888/887/862 897/896/871 894/893/868
f 898/897/872 895/894/869 896/895/870
f 899/898/873 898/897/872 896/895/870
f 900/899/874 897/896/871 895/894/869
f 895/894/869 898/897/872 900/899/874
f 898/897/872 899/898/873 901/900/875
f 902/901/876 901/900/875 899/898/873
f 903/902/877 901/900/875 902/901/876
f 904/903/878 900/899/874 898/897/872
f 901/900/875 904/903/878 898/897/872
f 900/899/874 904/903/878 905/904/879
f 901/900/875 905/904/879 904/903/878
f 903/902/877 906/905/880 901/900/875
f 905/904/879 901/900/875 906/905/880
f 906/905/880 903/902/877 907/906/881
f 905/904/879 908/907/882 900/899/874
f 897/896/871 900/899/874 908/907/882
f 906/905/880 909/908/883 905/904/879
f 909/908/883 908/907/882 905/904/879
f 906/905/880 907/906/881 910/909/884
f 910/909/884 909/908/883 906/905/880
f 911/910/885 910/909/884 907/906/881
f 910/909/884 911/910/885 912/911/886
f 912/911/886 913/912/887 910/909/884
f 909/908/883 910/909/884 913/912/887
f 914/913/888 913/912/887 912/911/886
f 913/912/887 914/913/888 915/914/889
f 916/915/890 915/914/889 914/913/888
f 916/915/890 917/916/891 915/914/889
f 913/912/887 918/917/892 909/908/883
f 915/914/889 918/917/892 913/912/887
f 917/916/891 919/918/893 915/914/889
f 919/918/893 917/916/891 920/919/894
f 918/917/892 915/914/889 921/920/895
f 915/914/889 919/918/893 921/920/895
f 922/921/896 918/917/892 921/920/895
f 922/921/896 921/920/895 919/918/893
f 920/919/894 923/922/897 919/918/893
f 922/921/896 919/918/893 923/922/897
f 923/922/897 920/919/894 924/923/898
f 925/924/899 918/917/892 922/921/896
f 925/924/899 909/908/883 918/917/892
f 926/925/900 922/921/896 923/922/897
f 922/921/896 926/925/900 925/924/899
f 924/923/898 927/926/901 923/922/897
f 923/922/897 927/926/901 926/925/900
f 927/926/901 924/923/898 928/927/902
f 928/927/902 929/928/903 927/926/901
f 929/928/903 926/925/900 927/926/901
f 929/928/903 928/927/902 930/929/904
f 931/930/905 925/924/899 926/925/900
f 932/931/906 929/928/903 930/929/904
f 930/929/904 933/932/907 932/931/906
f 926/925/900 929/928/903 934/933/908
f 926/925/900 934/933/908 931/930/905
f 929/928/903 935/934/909 934/933/908
f 935/934/909 929/928/903 932/931/906
f 936/935/910 931/930/905 934/933/908
f 934/933/908 935/934/909 936/935/910
f 931/930/905 937/936/911 925/924/899
f 909/908/883 925/924/899 937/936/911
f 908/907/882 909/908/883 937/936/911
f 937/936/911 931/930/905 938/937/912
f 936/935/910 938/937/912 931/930/905
f 937/936/911 939/938/913 908/907/882
f 939/938/913 937/936/911 938/937/912
f 908/907/882 939/938/913 897/896/871
f 894/893/868 897/896/871 939/938/913
f 939/938/913 940/939/914 894/893/868
f 938/937/912 940/939/914 939/938/913
f 890/889/864 894/893/868 940/939/914
f 940/939/914 891/890/865 890/889/864
f 940/939/914 938/937/912 941/940/915
f 941/940/915 891/890/865 940/939/914
f 938/937/912 936/935/910 941/940/915
f 891/890/865 941/940/915 942/941/916
f 942/941/916 887/886/861 891/890/865
f 943/942/917 941/940/915 936/935/910
f 941/940/915 943/942/917 942/941/916
f 943/942/917 936/935/910 935/934/909
f 887/886/861 942/941/916 944/943/918
f 944/943/918 880/879/854 887/886/861
f 945/944/919 942/941/916 943/942/917
f 942/941/916 945/944/919 944/943/918
f 935/934/909 946/945/920 943/942/917
f 945/944/919 943/942/917 946/945/920
f 932/931/906 946/945/920 935/934/909
f 880/879/854 944/943/918 947/946/921
f 947/946/921 874/873/848 880/879/854
f 874/873/848 947/946/921 870/869/844
f 946/945/920 932/931/906 948/947/922
f 948/947/922 932/931/906 933/932/907
f 933/932/907 949/948/923 948/947/922
f 950/949/924 946/945/920 948/947/922
f 946/945/920 950/949/924 945/944/919
f 949/948/923 951/950/925 948/947/922
f 948/947/922 951/950/925 950/949/924
f 951/950/925 949/948/923 952/951/926
f 953/952/927 945/944/919 950/949/924
f 953/952/927 944/943/918 945/944/919
f 944/943/918 953/952/927 947/946/921
f 951/950/925 954/953/928 950/949/924
f 954/953/928 953/952/927 950/949/924
f 955/954/929 951/950/925 952/951/926
f 954/953/928 951/950/925 955/954/929
f 952/951/926 956/955/930 955/954/929
f 957/956/931 947/946/921 953/952/927
f 957/956/931 953/952/927 954/953/928
f 870/869/844 947/946/921 957/956/931
f 869/868/843 870/869/844 957/956/931
f 958/957/932 869/868/843 957/956/931
f 958/957/932 957/956/931 954/953/928
f 864/863/838 869/868/843 958/957/932
f 954/953/928 959/958/933 958/957/932
f 959/958/933 864/863/838 958/957/932
f 959/958/933 954/953/928 955/954/929
f 959/958/933 955/954/929 956/955/930
f 864/863/838 959/958/933 861/860/835
f 959/958/933 956/955/930 861/860/835
