# Blender 5.2.0 LTS
# www.blender.org
mtllib rightarm.mtl
o LeftArmSkel
v -1.692400 -0.440404 0.111786
v -1.641118 -0.396346 0.088473
v -1.641118 -0.396346 0.088473
v -1.555129 -0.278963 0.088120
v -1.442897 -0.196480 0.204834
v -1.625586 -0.075933 0.109610
v -1.754866 -0.407692 0.106555
v -1.692936 -0.339420 0.080755
v -1.743979 -0.119225 0.076388
v -1.682946 -0.235187 0.073080
v -1.692936 -0.339420 0.080755
v -1.831457 -0.456333 0.135624
v -1.956224 -0.251999 0.296832
v -1.978064 -0.172346 0.332942
v -1.925227 -0.121443 0.282929
v -1.910553 -0.054582 0.293327
v -1.990179 -0.361854 0.248771
v -2.010603 -0.300628 0.332434
v -2.011025 -0.426804 0.267503
v -1.837761 -0.061716 0.077568
v -1.962129 -0.055112 0.049246
v -1.974163 -0.037804 0.039392
v -1.823851 -0.040029 0.072617
v -1.995628 -0.019014 0.058660
v -2.072027 -0.058923 0.030314
v -2.084039 -0.041617 0.020466
v -2.196939 -0.093931 0.265206
v -2.287751 -0.091017 0.214598
v -2.359072 -0.098723 0.151519
v -2.395939 -0.089501 0.151162
v -2.378269 -0.066151 0.155507
v -2.341402 -0.075374 0.155866
v -2.294157 -0.067048 0.207570
v -2.211365 -0.061180 0.262303
v -2.087262 -0.105080 0.305719
v -2.084690 -0.064672 0.304075
v -2.108459 -0.136244 0.327998
v -2.278280 -0.229949 0.264712
v -2.336752 -0.188966 0.210617
v -2.248911 -0.203693 0.260867
v -2.400781 -0.177776 0.141786
v -2.439083 -0.172026 0.141249
v -2.426076 -0.150279 0.154404
v -2.387797 -0.156027 0.154945
v -2.434742 -0.197292 0.151827
v -2.346370 -0.164334 0.211668
v -2.267827 -0.173146 0.267829
v -2.143706 -0.221497 0.299703
v -2.150179 -0.182276 0.315554
v -2.164567 -0.260481 0.311270
v -2.258326 -0.354723 0.253376
v -2.319134 -0.326915 0.211783
v -2.293028 -0.305915 0.221138
v -2.219671 -0.325706 0.254956
v -2.355946 -0.301905 0.159221
v -2.394635 -0.298267 0.158198
v -2.398735 -0.271081 0.156113
v -2.360068 -0.274716 0.157130
v -2.386512 -0.254688 0.176552
v -2.311033 -0.283333 0.230131
v -2.125396 -0.341762 0.270391
v -2.143861 -0.383485 0.273659
v -1.550387 -0.414020 0.152592
v -1.397759 -0.430486 0.197432
v -1.488113 -0.319388 0.146987
v -1.346083 -0.343096 0.191156
v -1.442897 -0.196480 0.204834
v -1.309130 -0.229965 0.243151
v -2.396423 -0.203046 0.152377
v -2.347845 -0.258323 0.177571
v 1.592379 -0.749204 0.444899
v 1.448489 -0.734844 0.425768
v 1.588867 -0.646222 0.431794
v 1.431469 -0.628799 0.413357
v 1.575428 -0.548881 0.466270
v 1.588867 -0.646222 0.431794
v 1.431469 -0.628799 0.413357
v 1.431190 -0.530418 0.447576
v 1.328219 -0.735747 0.471412
v 1.331026 -0.688748 0.448201
v 1.321953 -0.620936 0.446248
v 1.319815 -0.556281 0.462332
v 1.321953 -0.620936 0.446248
v 1.309625 -0.515117 0.494985
v 1.124127 -0.680694 0.491178
v 1.124649 -0.646453 0.474835
v 1.117860 -0.599235 0.473302
v 1.117860 -0.599235 0.473302
v 1.116190 -0.554193 0.484472
v 1.111458 -0.524655 0.507960
v 0.801099 -0.643201 0.481390
v 0.796563 -0.612218 0.466185
v 0.793027 -0.576788 0.464700
v 0.790711 -0.542959 0.473581
v 0.793027 -0.576788 0.464700
v 0.790489 -0.517590 0.494802
v 0.104518 -0.674322 0.357281
v 0.196144 -0.684866 0.363952
v 0.053607 -0.609103 0.299672
v 0.197953 -0.621147 0.320677
v 0.036242 -0.518096 0.290450
v 0.191457 -0.530322 0.314905
v 0.038777 -0.433623 0.318395
v 0.036242 -0.518096 0.290450
v 0.182947 -0.443650 0.339614
v 0.191457 -0.530322 0.314905
v 0.080636 -0.391698 0.387436
v 0.171453 -0.392757 0.395120
v 0.325331 -0.661097 0.415301
v 0.313110 -0.606527 0.389839
v 0.308084 -0.545150 0.387111
v 0.303150 -0.486494 0.402555
v 0.308084 -0.545150 0.387111
v 0.307050 -0.442016 0.438602
v 0.517828 -0.639113 0.454638
v 0.510198 -0.601189 0.436910
v 0.506798 -0.558563 0.435232
v 0.506798 -0.558563 0.435232
v 0.503250 -0.517754 0.445802
v 0.506281 -0.486668 0.470839
v 0.037071 -0.417091 0.432123
v 0.114769 -0.561912 0.435483
v 0.088985 -0.667739 0.413799
v 0.114769 -0.561912 0.435483
v -0.102440 -0.671245 0.382179
v -0.162382 -0.371897 0.405346
v -0.009834 -0.449909 0.383057
v 0.038689 -0.547793 0.379075
v 0.027874 -0.622527 0.372134
v 0.038689 -0.547793 0.379075
v -0.102808 -0.623998 0.348700
v -0.147419 -0.417205 0.362495
v -0.063032 -0.487368 0.335464
v -0.024060 -0.534599 0.334213
v -0.051280 -0.567584 0.330942
v -0.024060 -0.534599 0.334213
v -0.103287 -0.573516 0.323032
v -0.117998 -0.472303 0.328484
v -0.113292 -0.520351 0.299730
v -0.268829 -0.552081 0.309614
v -0.281308 -0.467368 0.314113
v -0.278321 -0.507304 0.288442
v -0.454539 -0.550567 0.448796
v -0.478665 -0.432268 0.452010
v -0.492028 -0.512597 0.310007
v -0.502454 -0.432814 0.314155
v -0.499262 -0.469163 0.298824
v -0.751178 -0.407501 0.425471
v -0.728846 -0.495072 0.423791
v -0.765249 -0.461591 0.291503
v -0.772407 -0.425649 0.282433
v -0.777676 -0.391712 0.293550
v -1.177514 -0.319770 0.231870
v -1.184249 -0.283702 0.268168
v -1.041050 -0.318902 0.295738
v -1.050933 -0.334917 0.248640
v -1.198569 -0.298779 0.350582
v -1.018505 -0.341714 0.409428
v -1.071141 -0.358663 0.367015
v -0.990306 -0.466675 0.403942
v -1.187784 -0.430978 0.359099
v -1.048261 -0.418706 0.366251
v -1.176162 -0.414700 0.226166
v -1.033238 -0.418911 0.247523
v -1.043333 -0.375230 0.231012
v -1.177476 -0.359760 0.206251
v -0.963889 -0.403106 0.400098
v -1.013092 -0.393438 0.373386
v -0.728495 -0.447257 0.411334
v -0.523092 -0.474580 0.425374
v -0.963889 -0.403106 0.400098
v -1.013092 -0.393438 0.373386
v -0.728495 -0.447257 0.411334
v -0.523092 -0.474580 0.425374
v -1.304788 -0.230129 0.283746
v -1.479632 -0.286234 0.209917
v -1.488858 -0.387714 0.198762
v -1.343974 -0.436405 0.214911
v -1.324992 -0.265033 0.236121
v -1.427058 -0.315532 0.179586
v -1.446107 -0.337890 0.171700
v -1.428048 -0.365083 0.175186
v -1.446107 -0.337890 0.171700
v -1.357995 -0.391332 0.186708
v -1.356574 -0.305993 0.193535
v -1.361775 -0.345894 0.163814
v -1.488113 -0.319388 0.146987
v -1.550387 -0.414020 0.152592
v -1.641118 -0.396346 0.088473
v -1.555129 -0.278963 0.088120
v -1.442897 -0.196480 0.204834
v -1.625586 -0.075933 0.109610
v -1.465199 -0.163841 0.241832
v -1.620493 -0.039154 0.182874
v -1.608811 -0.199161 0.393020
v -1.512946 -0.166244 0.291633
v -1.703459 -0.027999 0.260124
v -2.308425 -0.110078 0.221946
v -2.287751 -0.091017 0.214598
v -2.341402 -0.075374 0.155866
v -2.294157 -0.067048 0.207570
v -2.359072 -0.098723 0.151519
v -2.278280 -0.229949 0.264712
v -2.355016 -0.211350 0.209086
v -2.336752 -0.188966 0.210617
v -2.387797 -0.156027 0.154945
v -2.346370 -0.164334 0.211668
v -2.400781 -0.177776 0.141786
v -2.319134 -0.326915 0.211783
v -2.293028 -0.305915 0.221138
v -2.355946 -0.301905 0.159221
v -2.360068 -0.274716 0.157130
v -2.311033 -0.283333 0.230131
v -1.504592 -0.467162 0.381941
v -1.448527 -0.491848 0.260246
v -1.434923 -0.468364 0.219799
v -1.397759 -0.430486 0.197432
v -1.346083 -0.343096 0.191156
v -1.309130 -0.229965 0.243151
v -1.327383 -0.200418 0.277469
v -1.446861 -0.234517 0.418381
v -1.366941 -0.203231 0.323918
v -1.494944 -0.387427 0.424973
v -1.480510 -0.310479 0.438835
v -1.261447 -0.331643 0.384352
v -1.248029 -0.318234 0.347405
v -1.241911 -0.316039 0.329114
v -1.239608 -0.325955 0.315964
v -1.244195 -0.367599 0.299258
v -1.252394 -0.400302 0.303694
v -1.258311 -0.414910 0.313250
v -1.262772 -0.423349 0.327768
v -1.273548 -0.415915 0.373172
v -1.272031 -0.387179 0.388114
v -1.268517 -0.359481 0.392700
v -2.396423 -0.203046 0.152377
v -2.347845 -0.258323 0.177571
v -2.355692 -0.118401 0.170237
v 1.641203 -0.819217 0.655254
v 1.570630 -0.823429 0.691872
v 1.571170 -0.819082 0.615103
v 1.617611 -0.797301 0.597333
v 1.577018 -0.812799 0.588697
v 1.617611 -0.797301 0.597333
v 1.577018 -0.812799 0.588697
v 1.564499 -0.810327 0.558733
v 1.632047 -0.802671 0.541997
v 1.563985 -0.802429 0.483219
v 1.700816 -0.771726 0.691945
v 1.612659 -0.783730 0.760662
v 1.672583 -0.757110 0.611352
v 1.672583 -0.757110 0.611352
v 1.691580 -0.752671 0.537251
v 1.592379 -0.749204 0.444899
v 1.712196 -0.696458 0.708704
v 1.615226 -0.699654 0.788568
v 1.686750 -0.682003 0.622796
v 1.686750 -0.682003 0.622796
v 1.700429 -0.671477 0.543323
v 1.588867 -0.646222 0.431794
v 1.597819 -0.608250 0.779392
v 1.615226 -0.699654 0.788568
v 1.712196 -0.696458 0.708704
v 1.687637 -0.615723 0.708587
v 1.686750 -0.682003 0.622796
v 1.659511 -0.602367 0.627867
v 1.677709 -0.588568 0.554763
v 1.659511 -0.602367 0.627867
v 1.686750 -0.682003 0.622796
v 1.700429 -0.671477 0.543323
v 1.575428 -0.548881 0.466270
v 1.588867 -0.646222 0.431794
v 1.546726 -0.540804 0.722019
v 1.618191 -0.547125 0.684288
v 1.596454 -0.547174 0.624025
v 1.608973 -0.529677 0.571127
v 1.596454 -0.547174 0.624025
v 1.538531 -0.501399 0.515338
v 1.545893 -0.520156 0.647000
v 1.552234 -0.519675 0.619976
v 0.207780 -0.721728 0.578595
v 0.219891 -0.682652 0.631944
v 0.197953 -0.621147 0.320677
v 0.219649 -0.584675 0.666124
v 0.219649 -0.584675 0.666124
v 0.202593 -0.478226 0.653759
v 0.182947 -0.443650 0.339614
v 0.171453 -0.392757 0.395120
v 0.340714 -0.688607 0.585562
v 0.325331 -0.661097 0.415301
v 0.330568 -0.648726 0.618048
v 0.313110 -0.606527 0.389839
v 0.328458 -0.584074 0.634139
v 0.319377 -0.516262 0.632181
v 0.328458 -0.584074 0.634139
v 0.303150 -0.486494 0.402555
v 0.322001 -0.467960 0.609078
v 0.537732 -0.659798 0.574752
v 0.531869 -0.630811 0.597843
v 0.063357 -0.568796 0.577547
v 0.015164 -0.471390 0.585764
v 0.063357 -0.568796 0.577547
v 0.053756 -0.644767 0.581984
v 0.128598 -0.573802 0.547685
v 0.051831 -0.429780 0.551858
v 0.128598 -0.573802 0.547685
v 0.105574 -0.681996 0.548331
v 0.143759 -0.570398 0.493193
v 0.052915 -0.412041 0.493106
v 0.143759 -0.570398 0.493193
v 0.109097 -0.690813 0.480624
v 0.037071 -0.417091 0.432123
v 0.052915 -0.412041 0.493106
v 0.143759 -0.570398 0.493193
v 0.114769 -0.561912 0.435483
v 0.088985 -0.667739 0.413799
v 0.114769 -0.561912 0.435483
v 0.143759 -0.570398 0.493193
v 0.109097 -0.690813 0.480624
v -0.009834 -0.449909 0.383057
v 0.038689 -0.547793 0.379075
v 0.027874 -0.622527 0.372134
v 0.038689 -0.547793 0.379075
v -0.063032 -0.487368 0.335464
v -0.024060 -0.534599 0.334213
v -0.051280 -0.567584 0.330942
v -0.024060 -0.534599 0.334213
v -1.177129 -0.279443 0.314942
v -1.026959 -0.334500 0.341261
v -1.198569 -0.298779 0.350582
v -1.071141 -0.358663 0.367015
v -1.198569 -0.298779 0.350582
v -1.167783 -0.293881 0.414092
v -1.156498 -0.461322 0.408778
v -1.187784 -0.430978 0.359099
v -1.167041 -0.468291 0.323119
v -0.998991 -0.458590 0.335161
v -1.048261 -0.418706 0.366251
v -1.187784 -0.430978 0.359099
v -0.971941 -0.398367 0.356976
v -1.013092 -0.393438 0.373386
v -0.971941 -0.398367 0.356976
v -1.013092 -0.393438 0.373386
v -1.310933 -0.460248 0.435135
v -1.306017 -0.494997 0.398898
v -1.311626 -0.505543 0.324196
v -1.292009 -0.224878 0.349208
v -1.311626 -0.505543 0.324196
v -1.292009 -0.224878 0.349208
v -1.676700 -0.452675 0.352173
v -2.004257 -0.450538 0.316454
v -1.770966 -0.491549 0.157005
v -1.610221 -0.480427 0.220307
v -1.550387 -0.414020 0.152592
v -1.595124 -0.454797 0.176153
v -1.692400 -0.440404 0.111786
v -1.641118 -0.396346 0.088473
v -1.831457 -0.456333 0.135624
v -2.008710 -0.312130 0.393950
v -2.011025 -0.426804 0.267503
v -1.978064 -0.172346 0.332942
v -1.925227 -0.121443 0.282929
v -2.001877 -0.172317 0.410544
v -1.872633 -0.063933 0.107360
v -1.997862 -0.028917 0.096751
v -1.974946 -0.048759 0.075579
v -2.099704 -0.038622 0.067143
v -2.101246 -0.049764 0.045189
v -1.962129 -0.055112 0.049246
v -1.837761 -0.061716 0.077568
v -2.308425 -0.110078 0.221946
v -2.228631 -0.113164 0.279666
v -2.265438 -0.100489 0.288358
v -2.345313 -0.100853 0.221584
v -2.196939 -0.093931 0.265206
v -2.228631 -0.113164 0.279666
v -2.308425 -0.110078 0.221946
v -2.287751 -0.091017 0.214598
v -2.359072 -0.098723 0.151519
v -2.395939 -0.089501 0.151162
v -2.355692 -0.118401 0.170237
v -2.392561 -0.109180 0.169888
v -2.087262 -0.105080 0.305719
v -2.108459 -0.136244 0.327998
v -2.108459 -0.136244 0.327998
v -1.978064 -0.172346 0.332942
v -2.105188 -0.124132 0.362440
v -2.393315 -0.205599 0.208540
v -2.355016 -0.211350 0.209086
v -2.278280 -0.229949 0.264712
v -2.321897 -0.223976 0.276365
v -2.396423 -0.203046 0.152377
v -2.434742 -0.197292 0.151827
v -2.167166 -0.261028 0.349993
v -2.164567 -0.260481 0.311270
v -2.010603 -0.300628 0.332434
v -2.357822 -0.323276 0.210760
v -2.319134 -0.326915 0.211783
v -2.258326 -0.354723 0.253376
v -2.296474 -0.356005 0.263595
v -2.394635 -0.298267 0.158198
v -2.355946 -0.301905 0.159221
v -2.143861 -0.383485 0.273659
v -2.189263 -0.390731 0.304219
v -1.504592 -0.467162 0.381941
v -1.676700 -0.452675 0.352173
v -1.610221 -0.480427 0.220307
v -1.448527 -0.491848 0.260246
v -1.434923 -0.468364 0.219799
v -1.595124 -0.454797 0.176153
v -1.550387 -0.414020 0.152592
v -1.397759 -0.430486 0.197432
v -1.595124 -0.454797 0.176153
v -2.355692 -0.118401 0.170237
v -2.072027 -0.058923 0.030314
v 1.641203 -0.819217 0.655254
v 1.570630 -0.823429 0.691872
v 1.533110 -0.818703 0.628651
v 1.571170 -0.819082 0.615103
v 1.617611 -0.797301 0.597333
v 1.577018 -0.812799 0.588697
v 1.617611 -0.797301 0.597333
v 1.577018 -0.812799 0.588697
v 1.564499 -0.810327 0.558733
v 1.632047 -0.802671 0.541997
v 1.521609 -0.803941 0.532514
v 1.563985 -0.802429 0.483219
v 1.468575 -0.790448 0.469010
v 1.485591 -0.803201 0.521187
v 1.479433 -0.817960 0.684652
v 1.498462 -0.819723 0.628138
v 1.612659 -0.783730 0.760662
v 1.592379 -0.749204 0.444899
v 1.448489 -0.734844 0.425768
v 1.467982 -0.767601 0.740099
v 1.492871 -0.808935 0.575062
v 1.328219 -0.735747 0.471412
v 1.325915 -0.763313 0.508856
v 1.343369 -0.760204 0.642006
v 1.336359 -0.776980 0.597006
v 1.124127 -0.680694 0.491178
v 1.127277 -0.701763 0.518172
v 1.140016 -0.710821 0.580320
v 1.143740 -0.698061 0.611645
v 0.813746 -0.659699 0.588044
v 0.812137 -0.673041 0.560428
v 0.805629 -0.664518 0.505308
v 0.801099 -0.643201 0.481390
v 0.030823 -0.671259 0.374884
v 0.104518 -0.674322 0.357281
v 0.143272 -0.693617 0.418945
v 0.111778 -0.692365 0.425272
v 0.035650 -0.668834 0.414718
v 0.098480 -0.691886 0.439944
v 0.054861 -0.668818 0.455185
v 0.098780 -0.692689 0.459620
v 0.054861 -0.668818 0.455185
v 0.098780 -0.692689 0.459620
v 0.103147 -0.697832 0.479461
v 0.043569 -0.680735 0.489775
v 0.120405 -0.703780 0.498512
v 0.041387 -0.695005 0.526052
v 0.154784 -0.708608 0.515054
v 0.112804 -0.714920 0.563839
v 0.207780 -0.721728 0.578595
v 0.191423 -0.716613 0.525603
v 0.196144 -0.684866 0.363952
v 0.178560 -0.700021 0.418664
v -0.031874 -0.600735 0.343175
v 0.053607 -0.609103 0.299672
v -0.021154 -0.640103 0.550722
v 0.076081 -0.669405 0.612691
v 0.219891 -0.682652 0.631944
v 0.197953 -0.621147 0.320677
v 0.183697 -0.705591 0.472291
v 0.340714 -0.688607 0.585562
v 0.346759 -0.705221 0.543408
v 0.325331 -0.661097 0.415301
v 0.336328 -0.691620 0.455254
v 0.537732 -0.659798 0.574752
v 0.537406 -0.672223 0.544187
v 0.524508 -0.661250 0.482237
v 0.517828 -0.639113 0.454638
v -0.075692 -0.647234 0.568037
v 0.105574 -0.681996 0.548331
v -0.084292 -0.686838 0.529316
v 0.109097 -0.690813 0.480624
v -0.096148 -0.699738 0.453446
v 0.088985 -0.667739 0.413799
v 0.109097 -0.690813 0.480624
v -0.102440 -0.671245 0.382179
v -0.096148 -0.699738 0.453446
v -0.102808 -0.623998 0.348700
v -0.224977 -0.614753 0.524643
v -0.213568 -0.639476 0.491092
v -0.220927 -0.642239 0.441097
v -0.225684 -0.629056 0.392742
v -0.220927 -0.642239 0.441097
v -0.246746 -0.596239 0.349628
v -0.268829 -0.552081 0.309614
v -0.461481 -0.541206 0.471490
v -0.454539 -0.550567 0.448796
v -0.436997 -0.536262 0.420683
v -0.436997 -0.536262 0.420683
v -0.464490 -0.533851 0.378986
v -0.475123 -0.545903 0.344328
v -0.492028 -0.512597 0.310007
v -0.734977 -0.492191 0.447616
v -0.728846 -0.495072 0.423791
v -0.748330 -0.497602 0.323152
v -0.737384 -0.487261 0.357560
v -0.765249 -0.461591 0.291503
v -1.153277 -0.442241 0.437933
v -0.997855 -0.459209 0.430622
v -1.156498 -0.461322 0.408778
v -0.990306 -0.466675 0.403942
v -1.187784 -0.430978 0.359099
v -1.167041 -0.468291 0.323119
v -0.998991 -0.458590 0.335161
v -1.173435 -0.463291 0.265139
v -1.013724 -0.461996 0.285470
v -1.176162 -0.414700 0.226166
v -1.033238 -0.418911 0.247523
v -1.310933 -0.460248 0.435135
v -1.527067 -0.419029 0.352191
v -1.306017 -0.494997 0.398898
v -1.552792 -0.418040 0.285864
v -1.311626 -0.505543 0.324196
v -1.545680 -0.405612 0.228361
v -1.552792 -0.418040 0.285864
v -1.328222 -0.478991 0.251158
v -1.311626 -0.505543 0.324196
v -1.488858 -0.387714 0.198762
v -1.343974 -0.436405 0.214911
v -1.428048 -0.365083 0.175186
v -1.357995 -0.391332 0.186708
v -1.676700 -0.452675 0.352173
v -2.004257 -0.450538 0.316454
v -1.608811 -0.199161 0.393020
v -1.955329 -0.054126 0.363438
v -1.958105 -0.104408 0.385987
v -1.665038 -0.365709 0.399433
v -2.012627 -0.392950 0.375495
v -1.648369 -0.281755 0.414773
v -2.001470 -0.252641 0.407679
v -2.008710 -0.312130 0.393950
v -2.001877 -0.172317 0.410544
v -2.009895 -0.011608 0.086897
v -1.997862 -0.028917 0.096751
v -1.879991 -0.030771 0.133687
v -1.866060 -0.009086 0.128740
v -1.872633 -0.063933 0.107360
v -1.879991 -0.030771 0.133687
v -1.997862 -0.028917 0.096751
v -2.111737 -0.021315 0.057290
v -2.099704 -0.038622 0.067143
v -2.248192 -0.048500 0.270983
v -2.265438 -0.100489 0.288358
v -2.267747 -0.069826 0.281268
v -2.105188 -0.124132 0.362440
v -2.097949 -0.083585 0.355180
v -2.081443 -0.052554 0.338519
v -2.311442 -0.167172 0.279472
v -2.321897 -0.223976 0.276365
v -2.328562 -0.192700 0.279950
v -2.167166 -0.261028 0.349993
v -2.165981 -0.219619 0.357562
v -2.152780 -0.182823 0.354285
v -2.286685 -0.303325 0.285770
v -2.296474 -0.356005 0.263595
v -2.303748 -0.328273 0.276765
v -2.189263 -0.390731 0.304219
v -2.189453 -0.357200 0.323798
v -2.176736 -0.323426 0.332572
v -1.504592 -0.467162 0.381941
v -1.446861 -0.234517 0.418381
v -1.494944 -0.387427 0.424973
v -1.665038 -0.365709 0.399433
v -1.676700 -0.452675 0.352173
v -1.480510 -0.310479 0.438835
v -1.648369 -0.281755 0.414773
v -1.608811 -0.199161 0.393020
v -1.272031 -0.387179 0.388114
v -1.268517 -0.359481 0.392700
v 1.570630 -0.823429 0.691872
v 1.479433 -0.817960 0.684652
v 1.612659 -0.783730 0.760662
v 1.467982 -0.767601 0.740099
v 1.615226 -0.699654 0.788568
v 1.459479 -0.681059 0.764804
v 1.597819 -0.608250 0.779392
v 1.615226 -0.699654 0.788568
v 1.452978 -0.590106 0.759037
v 1.459479 -0.681059 0.764804
v 1.546726 -0.540804 0.722019
v 1.454745 -0.525851 0.715822
v 1.343369 -0.760204 0.642006
v 1.347216 -0.715819 0.678030
v 1.342093 -0.657092 0.693567
v 1.336886 -0.595782 0.690919
v 1.342093 -0.657092 0.693567
v 1.324589 -0.541108 0.665461
v 1.143740 -0.698061 0.611645
v 1.145543 -0.667093 0.636726
v 1.141891 -0.626233 0.647307
v 1.141891 -0.626233 0.647307
v 1.138395 -0.583645 0.645641
v 1.129504 -0.545432 0.627993
v 0.803114 -0.534083 0.601446
v 0.807649 -0.565087 0.616652
v 0.811207 -0.600521 0.618142
v 0.813518 -0.634349 0.609268
v 0.811207 -0.600521 0.618142
v 0.813746 -0.659699 0.588044
v -0.021154 -0.640103 0.550722
v 0.076081 -0.669405 0.612691
v 0.219891 -0.682652 0.631944
v -0.038678 -0.553410 0.565405
v 0.062689 -0.572588 0.647118
v 0.219649 -0.584675 0.666124
v -0.038678 -0.553410 0.565405
v -0.035839 -0.466588 0.569237
v 0.059154 -0.469083 0.634071
v 0.062689 -0.572588 0.647118
v 0.219649 -0.584675 0.666124
v 0.202593 -0.478226 0.653759
v 0.087374 -0.413892 0.595959
v 0.182412 -0.421587 0.610627
v 0.330568 -0.648726 0.618048
v 0.328458 -0.584074 0.634139
v 0.319377 -0.516262 0.632181
v 0.328458 -0.584074 0.634139
v 0.322001 -0.467960 0.609078
v 0.537732 -0.659798 0.574752
v 0.531869 -0.630811 0.597843
v 0.530852 -0.585912 0.609193
v 0.530852 -0.585912 0.609193
v 0.524727 -0.538710 0.607867
v 0.524001 -0.503642 0.591282
v 0.063357 -0.568796 0.577547
v 0.015164 -0.471390 0.585764
v -0.031937 -0.513499 0.582986
v 0.007190 -0.560813 0.582623
v 0.063357 -0.568796 0.577547
v 0.007190 -0.560813 0.582623
v -0.020122 -0.593774 0.578863
v 0.053756 -0.644767 0.581984
v -0.075692 -0.647234 0.568037
v -0.073021 -0.590152 0.575733
v -0.121294 -0.439632 0.574176
v -0.084773 -0.508959 0.580104
v 0.105574 -0.681996 0.548331
v -0.084292 -0.686838 0.529316
v -0.146621 -0.385441 0.533157
v -0.078028 -0.549489 0.576239
v -0.224977 -0.614753 0.524643
v -0.242008 -0.558871 0.544210
v -0.255736 -0.450299 0.532514
v -0.250256 -0.495341 0.547847
v -0.213568 -0.639476 0.491092
v -0.260024 -0.417833 0.497492
v -0.461481 -0.541206 0.471490
v -0.475335 -0.511004 0.484527
v -0.479185 -0.437779 0.476276
v -0.476357 -0.479440 0.486650
v -0.464490 -0.533851 0.378986
v -0.485395 -0.438559 0.389416
v -0.759248 -0.400782 0.361679
v -0.753042 -0.408284 0.456164
v -0.749803 -0.438933 0.465129
v -0.745869 -0.466801 0.463174
v -0.734977 -0.492191 0.447616
v -0.737384 -0.487261 0.357560
v -1.026959 -0.334500 0.341261
v -1.161109 -0.318605 0.446950
v -1.021421 -0.347953 0.442361
v -1.153417 -0.356620 0.457594
v -1.015445 -0.383516 0.455355
v -1.152543 -0.414983 0.451850
v -1.009959 -0.431105 0.449770
v -1.153277 -0.442241 0.437933
v -0.997855 -0.459209 0.430622
v -1.167041 -0.468291 0.323119
v -0.998991 -0.458590 0.335161
v -1.048261 -0.418706 0.366251
v -1.187784 -0.430978 0.359099
v -0.971941 -0.398367 0.356976
v -0.746235 -0.441958 0.370809
v -0.522914 -0.471398 0.390767
v -0.522914 -0.471398 0.390767
v -0.746235 -0.441958 0.370809
v -0.971941 -0.398367 0.356976
v -1.455243 -0.357874 0.398059
v -1.409346 -0.364676 0.420832
v -1.390329 -0.342270 0.428077
v -1.449471 -0.308022 0.411228
v -1.391214 -0.391901 0.424375
v -1.409346 -0.364676 0.420832
v -1.455243 -0.357874 0.398059
v -1.458092 -0.409919 0.403896
v -1.321821 -0.421387 0.438814
v -1.310933 -0.460248 0.435135
v -1.317743 -0.327746 0.447815
v -1.293090 -0.288050 0.448666
v -1.521192 -0.346941 0.352885
v -1.515446 -0.274205 0.361453
v -1.521192 -0.346941 0.352885
v -1.527067 -0.419029 0.352191
v -1.306017 -0.494997 0.398898
v -1.321317 -0.375603 0.441102
v -1.817302 -0.171554 0.113644
v -1.852097 -0.115503 0.112104
v -1.743979 -0.119225 0.076388
v -1.682946 -0.235187 0.073080
v -1.772887 -0.241864 0.201692
v -1.765878 -0.157789 0.218963
v -1.800878 -0.256012 0.105626
v -1.826557 -0.039074 0.234520
v -1.754866 -0.407692 0.106555
v -1.831457 -0.456333 0.135624
v -1.866234 -0.396537 0.153356
v -1.828908 -0.362064 0.125598
v -1.956224 -0.251999 0.296832
v -1.978064 -0.172346 0.332942
v -1.925227 -0.121443 0.282929
v -1.910553 -0.054582 0.293327
v -1.990179 -0.361854 0.248771
v -2.010603 -0.300628 0.332434
v -1.826557 -0.039074 0.234520
v -2.011025 -0.426804 0.267503
v -1.692936 -0.339420 0.080755
v -1.879991 -0.030771 0.133687
v -1.866060 -0.009086 0.128740
v -1.872633 -0.063933 0.107360
v -1.879991 -0.030771 0.133687
v -2.099704 -0.038622 0.067143
v -2.111737 -0.021315 0.057290
v -2.113280 -0.032455 0.035337
v -2.101246 -0.049764 0.045189
v -2.084039 -0.041617 0.020466
v -1.837761 -0.061716 0.077568
v -2.331023 -0.057827 0.207211
v -2.248192 -0.048500 0.270983
v -2.265438 -0.100489 0.288358
v -2.345313 -0.100853 0.221584
v -2.267747 -0.069826 0.281268
v -2.351141 -0.075163 0.213986
v -2.395939 -0.089501 0.151162
v -2.378269 -0.066151 0.155507
v -2.392561 -0.109180 0.169888
v -2.384650 -0.158586 0.211126
v -2.311442 -0.167172 0.279472
v -2.393315 -0.205599 0.208540
v -2.321897 -0.223976 0.276365
v -2.328562 -0.192700 0.279950
v -2.402565 -0.179086 0.209694
v -2.439083 -0.172026 0.141249
v -2.426076 -0.150279 0.154404
v -2.434742 -0.197292 0.151827
v -2.349721 -0.279693 0.229109
v -2.286685 -0.303325 0.285770
v -2.357822 -0.323276 0.210760
v -2.296474 -0.356005 0.263595
v -2.303748 -0.328273 0.276765
v -2.367508 -0.299306 0.219930
v -2.394635 -0.298267 0.158198
v -2.398735 -0.271081 0.156113
v -2.386512 -0.254688 0.176552
v -2.072027 -0.058923 0.030314
v 1.448489 -0.734844 0.425768
v 1.431469 -0.628799 0.413357
v 1.431469 -0.628799 0.413357
v 1.431190 -0.530418 0.447576
v 1.452978 -0.590106 0.759037
v 1.443208 -0.490307 0.501038
v 1.454745 -0.525851 0.715822
v 1.328219 -0.735747 0.471412
v 1.331026 -0.688748 0.448201
v 1.321953 -0.620936 0.446248
v 1.319815 -0.556281 0.462332
v 1.321953 -0.620936 0.446248
v 1.336886 -0.595782 0.690919
v 1.309625 -0.515117 0.494985
v 0.030823 -0.671259 0.374884
v 0.035650 -0.668834 0.414718
v 0.054861 -0.668818 0.455185
v 0.054861 -0.668818 0.455185
v 0.043569 -0.680735 0.489775
v 0.041387 -0.695005 0.526052
v -0.031874 -0.600735 0.343175
v 0.053607 -0.609103 0.299672
v -0.040148 -0.606821 0.397329
v -0.007906 -0.616964 0.450987
v -0.007906 -0.616964 0.450987
v -0.030992 -0.622114 0.497385
v -0.021154 -0.640103 0.550722
v 0.076081 -0.669405 0.612691
v -0.051867 -0.519767 0.341281
v 0.036242 -0.518096 0.290450
v -0.069272 -0.526828 0.398922
v -0.035093 -0.537757 0.456020
v -0.035093 -0.537757 0.456020
v -0.058909 -0.543149 0.505564
v -0.038678 -0.553410 0.565405
v 0.062689 -0.572588 0.647118
v 0.038777 -0.433623 0.318395
v 0.036242 -0.518096 0.290450
v -0.051867 -0.519767 0.341281
v -0.045165 -0.443470 0.359953
v -0.069272 -0.526828 0.398922
v -0.053242 -0.452075 0.413841
v -0.035093 -0.537757 0.456020
v -0.020980 -0.462218 0.467501
v -0.044071 -0.467423 0.513892
v -0.020980 -0.462218 0.467501
v -0.035093 -0.537757 0.456020
v -0.058909 -0.543149 0.505564
v -0.038678 -0.553410 0.565405
v -0.035839 -0.466588 0.569237
v 0.059154 -0.469083 0.634071
v 0.062689 -0.572588 0.647118
v 0.080636 -0.391698 0.387436
v 0.007128 -0.390995 0.404796
v 0.013340 -0.404916 0.442880
v 0.033724 -0.418692 0.481882
v 0.021229 -0.416354 0.517993
v 0.033724 -0.418692 0.481882
v 0.017594 -0.413399 0.556112
v 0.087374 -0.413892 0.595959
v 0.073349 -0.394840 0.471625
v 0.073995 -0.399562 0.490901
v 0.078055 -0.401161 0.511118
v 0.073995 -0.399562 0.490901
v -0.146621 -0.385441 0.533157
v -0.159647 -0.363538 0.469463
v -0.162382 -0.371897 0.405346
v -0.159647 -0.363538 0.469463
v -0.147419 -0.417205 0.362495
v -0.260024 -0.417833 0.497492
v -0.267901 -0.404133 0.452647
v -0.271175 -0.408254 0.407122
v -0.267901 -0.404133 0.452647
v -0.277271 -0.431957 0.359172
v -0.281308 -0.467368 0.314113
v -0.454539 -0.550567 0.448796
v -0.478665 -0.432268 0.452010
v -0.436997 -0.536262 0.420683
v -0.455739 -0.444741 0.424946
v -0.436997 -0.536262 0.420683
v -0.464490 -0.533851 0.378986
v -0.455739 -0.444741 0.424946
v -0.485395 -0.438559 0.389416
v -0.522914 -0.471398 0.390767
v -0.523092 -0.474580 0.425374
v -0.509649 -0.479060 0.414290
v -0.509649 -0.479060 0.414290
v -0.522914 -0.471398 0.390767
v -0.523092 -0.474580 0.425374
v -0.509649 -0.479060 0.414290
v -0.509649 -0.479060 0.414290
v -1.449471 -0.308022 0.411228
v -1.458092 -0.409919 0.403896
v -1.521192 -0.346941 0.352885
v -1.515446 -0.274205 0.361453
v -1.521192 -0.346941 0.352885
v -1.527067 -0.419029 0.352191
v -1.551195 -0.338169 0.291492
v -1.540912 -0.259405 0.299868
v -1.551195 -0.338169 0.291492
v -1.552792 -0.418040 0.285864
v -1.551195 -0.338169 0.291492
v -1.540912 -0.259405 0.299868
v -1.532915 -0.261606 0.245173
v -1.538209 -0.334673 0.239653
v -1.545680 -0.405612 0.228361
v -1.552792 -0.418040 0.285864
v -1.551195 -0.338169 0.291492
v -1.538209 -0.334673 0.239653
v -1.479632 -0.286234 0.209917
v -1.484798 -0.336431 0.199274
v -1.488858 -0.387714 0.198762
v -1.484798 -0.336431 0.199274
v -1.427058 -0.315532 0.179586
v -1.446107 -0.337890 0.171700
v -1.428048 -0.365083 0.175186
v -1.446107 -0.337890 0.171700
v -1.625586 -0.075933 0.109610
v -1.620493 -0.039154 0.182874
v -1.608811 -0.199161 0.393020
v -1.703459 -0.027999 0.260124
v -1.955329 -0.054126 0.363438
v -2.008710 -0.312130 0.393950
v -1.990179 -0.361854 0.248771
v -2.010603 -0.300628 0.332434
v -1.910553 -0.054582 0.293327
v -1.826557 -0.039074 0.234520
v -2.001877 -0.172317 0.410544
v -1.974163 -0.037804 0.039392
v -1.823851 -0.040029 0.072617
v -2.009895 -0.011608 0.086897
v -1.866060 -0.009086 0.128740
v -1.839100 -0.017387 0.097777
v -1.995628 -0.019014 0.058660
v -2.111737 -0.021315 0.057290
v -2.113280 -0.032455 0.035337
v -2.084039 -0.041617 0.020466
v -2.211365 -0.061180 0.262303
v -2.294157 -0.067048 0.207570
v -2.331023 -0.057827 0.207211
v -2.248192 -0.048500 0.270983
v -2.378269 -0.066151 0.155507
v -2.341402 -0.075374 0.155866
v -1.978064 -0.172346 0.332942
v -2.081443 -0.052554 0.338519
v -2.084690 -0.064672 0.304075
v -2.267827 -0.173146 0.267829
v -2.346370 -0.164334 0.211668
v -2.384650 -0.158586 0.211126
v -2.311442 -0.167172 0.279472
v -2.426076 -0.150279 0.154404
v -2.387797 -0.156027 0.154945
v -2.010603 -0.300628 0.332434
v -2.152780 -0.182823 0.354285
v -2.150179 -0.182276 0.315554
v -2.248518 -0.302046 0.275566
v -2.311033 -0.283333 0.230131
v -2.349721 -0.279693 0.229109
v -2.286685 -0.303325 0.285770
v -2.219671 -0.325706 0.254956
v -2.347845 -0.258323 0.177571
v -2.386512 -0.254688 0.176552
v -2.311033 -0.283333 0.230131
v -2.248518 -0.302046 0.275566
v -2.125396 -0.341762 0.270391
v -2.131352 -0.316175 0.301999
v -2.176736 -0.323426 0.332572
v -2.131352 -0.316175 0.301999
v -1.442897 -0.196480 0.204834
v -1.309130 -0.229965 0.243151
v -1.327383 -0.200418 0.277469
v -1.465199 -0.163841 0.241832
v -1.446861 -0.234517 0.418381
v -1.366941 -0.203231 0.323918
v -1.512946 -0.166244 0.291633
v -1.608811 -0.199161 0.393020
v -1.465199 -0.163841 0.241832
v 1.597819 -0.608250 0.779392
v 1.575428 -0.548881 0.466270
v 1.431190 -0.530418 0.447576
v 1.452978 -0.590106 0.759037
v 1.546726 -0.540804 0.722019
v 1.618191 -0.547125 0.684288
v 1.596454 -0.547174 0.624025
v 1.608973 -0.529677 0.571127
v 1.596454 -0.547174 0.624025
v 1.538531 -0.501399 0.515338
v 1.443208 -0.490307 0.501038
v 1.454745 -0.525851 0.715822
v 1.507536 -0.516885 0.660834
v 1.545893 -0.520156 0.647000
v 1.552234 -0.519675 0.619976
v 1.539259 -0.511635 0.590603
v 1.552234 -0.519675 0.619976
v 1.496029 -0.502131 0.564727
v 1.459162 -0.492399 0.554383
v 1.471996 -0.508680 0.661250
v 1.466679 -0.501641 0.607823
v 1.309625 -0.515117 0.494985
v 1.324589 -0.541108 0.665461
v 1.303187 -0.496301 0.537287
v 1.313612 -0.509656 0.625545
v 1.111458 -0.524655 0.507960
v 1.129504 -0.545432 0.627993
v 1.112420 -0.511976 0.538645
v 1.122271 -0.522390 0.600368
v 0.803114 -0.534083 0.601446
v 0.790489 -0.517590 0.494802
v 0.792057 -0.504048 0.522430
v 0.798587 -0.512574 0.577554
v 0.038777 -0.433623 0.318395
v 0.202593 -0.478226 0.653759
v 0.182947 -0.443650 0.339614
v 0.080636 -0.391698 0.387436
v 0.007128 -0.390995 0.404796
v 0.013340 -0.404916 0.442880
v 0.021229 -0.416354 0.517993
v 0.017594 -0.413399 0.556112
v 0.087374 -0.413892 0.595959
v 0.182412 -0.421587 0.610627
v 0.171453 -0.392757 0.395120
v 0.117820 -0.391814 0.451175
v 0.086339 -0.391557 0.457371
v 0.073349 -0.394840 0.471625
v 0.073995 -0.399562 0.490901
v 0.078055 -0.401161 0.511118
v 0.073995 -0.399562 0.490901
v 0.094980 -0.403065 0.530604
v 0.129344 -0.406804 0.547247
v 0.165294 -0.405825 0.558739
v 0.152415 -0.389024 0.451919
v 0.157913 -0.398336 0.505105
v 0.322001 -0.467960 0.609078
v 0.307050 -0.442016 0.438602
v 0.324337 -0.438248 0.571944
v 0.313873 -0.424315 0.483764
v 0.524001 -0.503642 0.591282
v 0.506281 -0.486668 0.470839
v 0.520163 -0.482191 0.564237
v 0.510414 -0.473108 0.502369
v 0.015164 -0.471390 0.585764
v -0.121294 -0.439632 0.574176
v 0.051831 -0.429780 0.551858
v -0.146621 -0.385441 0.533157
v 0.052915 -0.412041 0.493106
v -0.159647 -0.363538 0.469463
v 0.037071 -0.417091 0.432123
v 0.052915 -0.412041 0.493106
v -0.162382 -0.371897 0.405346
v -0.159647 -0.363538 0.469463
v -0.147419 -0.417205 0.362495
v -0.255736 -0.450299 0.532514
v -0.260024 -0.417833 0.497492
v -0.267901 -0.404133 0.452647
v -0.271175 -0.408254 0.407122
v -0.267901 -0.404133 0.452647
v -0.277271 -0.431957 0.359172
v -0.281308 -0.467368 0.314113
v -0.479185 -0.437779 0.476276
v -0.478665 -0.432268 0.452010
v -0.455739 -0.444741 0.424946
v -0.455739 -0.444741 0.424946
v -0.485395 -0.438559 0.389416
v -0.496239 -0.423084 0.350499
v -0.502454 -0.432814 0.314155
v -0.770794 -0.381112 0.327102
v -0.759248 -0.400782 0.361679
v -0.751178 -0.407501 0.425471
v -0.753042 -0.408284 0.456164
v -0.777676 -0.391712 0.293550
v -1.177514 -0.319770 0.231870
v -1.184249 -0.283702 0.268168
v -1.041050 -0.318902 0.295738
v -1.050933 -0.334917 0.248640
v -1.177129 -0.279443 0.314942
v -1.026959 -0.334500 0.341261
v -1.198569 -0.298779 0.350582
v -1.071141 -0.358663 0.367015
v -1.198569 -0.298779 0.350582
v -1.167783 -0.293881 0.414092
v -1.018505 -0.341714 0.409428
v -1.161109 -0.318605 0.446950
v -1.021421 -0.347953 0.442361
v -1.293090 -0.288050 0.448666
v -1.515446 -0.274205 0.361453
v -1.285501 -0.244036 0.412092
v -1.540912 -0.259405 0.299868
v -1.292009 -0.224878 0.349208
v -1.540912 -0.259405 0.299868
v -1.532915 -0.261606 0.245173
v -1.292009 -0.224878 0.349208
v -1.304788 -0.230129 0.283746
v -1.479632 -0.286234 0.209917
v -1.324992 -0.265033 0.236121
vn 0.3594 -0.0165 -0.9330
vn 0.4017 0.5443 -0.7365
vn 0.4943 0.5508 -0.6725
vn -0.2134 -0.2455 -0.9456
vn -0.0840 -0.1013 -0.9913
vn 0.1690 -0.3964 -0.9024
vn 0.0853 -0.6099 -0.7879
vn 0.0063 -0.0100 -0.9999
vn -0.0243 0.0061 -0.9997
vn 0.1691 -0.3962 -0.9025
vn -0.0839 -0.1011 -0.9913
vn -0.3268 -0.5437 -0.7731
vn -0.0745 -0.5025 -0.8614
vn 0.0791 -0.8422 -0.5333
vn 0.1859 0.2426 -0.9521
vn 0.1916 0.4349 -0.8799
vn -0.1152 -0.9116 -0.3946
vn -0.0729 0.0586 -0.9956
vn 0.2015 -0.3718 -0.9062
vn -0.5084 -0.1134 -0.8536
vn -0.1428 0.8208 -0.5531
vn 0.3822 0.3626 -0.8500
vn 0.3750 -0.3900 -0.8410
vn 0.5441 -0.4159 -0.7287
vn 0.4504 0.6101 -0.6519
vn 0.3358 0.6041 -0.7227
vn -0.3438 -0.0816 -0.9355
vn 0.0547 -0.3793 -0.9237
vn 0.1059 0.6628 -0.7413
vn -0.2393 0.8521 -0.4654
vn -0.2941 -0.0730 -0.9530
vn -0.2183 -0.9422 -0.2540
vn 0.0547 -0.3795 -0.9236
vn 0.6266 -0.0953 -0.7735
vn 0.4209 -0.0242 -0.9068
vn 0.0581 -0.8483 -0.5263
vn 0.2883 -0.0007 -0.9576
vn -0.4228 0.1253 -0.8975
vn -0.2023 0.9459 -0.2537
vn 0.3900 0.6861 -0.6142
vn 0.4078 0.8510 -0.3309
vn 0.3062 0.8548 -0.4191
vn -0.2941 -0.0731 -0.9530
vn -0.3257 0.1808 -0.9280
vn 0.1776 0.0024 -0.9841
vn 0.1286 0.8674 -0.4808
vn -0.3708 0.1724 -0.9126
vn -0.0759 -0.8447 -0.5298
vn 0.0431 -0.6868 -0.7256
vn 0.1963 -0.7467 -0.6355
vn 0.6256 0.1677 -0.7619
vn 0.3254 0.3272 -0.8872
vn 0.2393 -0.4601 -0.8550
vn -0.4003 -0.6670 -0.6284
vn -0.3764 0.4234 -0.8241
vn 0.3187 0.3213 -0.8917
vn 0.3205 0.9462 0.0453
vn -0.3878 -0.6600 -0.6434
vn -0.1081 -0.5557 -0.8243
vn 0.0747 0.4220 -0.9035
vn -0.3094 0.4502 -0.8376
vn 0.3523 -0.5030 -0.7892
vn 0.2996 -0.5230 -0.7979
vn 0.4397 -0.0842 -0.8942
vn 0.4632 -0.0191 -0.8861
vn 0.5558 0.5249 -0.6446
vn 0.1777 -0.7226 -0.6680
vn -0.4713 -0.8161 -0.3345
vn 0.3586 0.8737 -0.3287
vn -0.2418 0.9682 0.0644
vn 0.0631 0.8898 -0.4520
vn 0.3742 0.1331 -0.9178
vn 0.3214 -0.3630 -0.8746
vn -0.0689 -0.3963 -0.9155
vn -0.0256 0.1079 -0.9938
vn 0.3912 0.5668 -0.7250
vn 0.3741 0.1331 -0.9178
vn -0.0255 0.1080 -0.9938
vn 0.0289 0.5827 -0.8122
vn -0.0878 -0.2382 -0.9672
vn -0.2372 -0.2433 -0.9405
vn -0.2619 -0.6732 -0.6916
vn -0.1442 -0.6215 -0.7700
vn -0.0447 0.1096 -0.9930
vn -0.2011 0.0890 -0.9755
vn -0.0270 0.4421 -0.8966
vn -0.1726 0.4147 -0.8934
vn -0.2011 0.0892 -0.9755
vn -0.0180 0.8015 -0.5978
vn -0.1027 0.8278 -0.5516
vn 0.0416 -0.2370 -0.9706
vn 0.0114 -0.6022 -0.7983
vn 0.0690 0.1149 -0.9910
vn 0.0840 0.4581 -0.8849
vn 0.0690 0.1151 -0.9910
vn 0.0883 0.7828 -0.6160
vn 0.2729 -0.3104 -0.9106
vn 0.1309 -0.7975 -0.5890
vn -0.1204 -0.8185 -0.5618
vn -0.0743 0.1027 -0.9919
vn 0.3315 0.1312 -0.9343
vn 0.2730 -0.3101 -0.9107
vn -0.1139 -0.4259 -0.8976
vn -0.0509 0.5991 -0.7990
vn 0.3269 0.5474 -0.7703
vn 0.3316 0.1313 -0.9342
vn -0.0744 0.1028 -0.9919
vn -0.0223 0.9334 -0.3582
vn 0.2383 0.8962 -0.3741
vn 0.3269 0.5477 -0.7702
vn 0.2931 -0.6364 -0.7135
vn 0.3810 -0.1786 -0.9072
vn 0.3842 0.1235 -0.9149
vn 0.3867 0.4542 -0.8026
vn 0.3842 0.1238 -0.9149
vn 0.3266 0.7802 -0.5334
vn 0.1454 -0.5901 -0.7941
vn 0.2929 -0.6364 -0.7136
vn 0.1648 -0.2135 -0.9629
vn 0.1769 0.1239 -0.9764
vn 0.1770 0.1240 -0.9764
vn 0.1921 0.4412 -0.8766
vn 0.2030 0.7674 -0.6082
vn 0.4092 0.5010 -0.7626
vn 0.4700 0.7414 -0.4790
vn 0.7521 0.1712 -0.6365
vn 0.7521 0.1710 -0.6365
vn 0.4067 -0.6081 -0.6818
vn 0.3518 -0.2946 -0.8885
vn -0.0653 -0.8154 -0.5751
vn 0.0424 -0.5468 -0.8362
vn 0.1081 0.6969 -0.7090
vn 0.0334 0.9056 -0.4229
vn 0.3695 0.4680 -0.8028
vn 0.5785 0.1430 -0.8031
vn 0.5785 0.1428 -0.8031
vn 0.3028 -0.2885 -0.9083
vn 0.1047 -0.4288 -0.8973
vn 0.1807 0.5608 -0.8080
vn 0.4900 0.0908 -0.8670
vn 0.2015 0.0828 -0.9760
vn 0.4900 0.0906 -0.8670
vn -0.0680 -0.5510 -0.8317
vn 0.0672 0.6278 -0.7754
vn 0.0226 0.0388 -0.9990
vn -0.0772 -0.5383 -0.8392
vn 0.0294 0.0950 -0.9950
vn 0.1126 0.7372 -0.6662
vn 0.0207 -0.4720 -0.8813
vn 0.1298 0.0461 -0.9905
vn 0.2159 0.6999 -0.6808
vn 0.2182 0.6549 -0.7236
vn 0.2914 0.8360 -0.4650
vn 0.2526 0.9594 -0.1256
vn 0.3387 0.8757 -0.3442
vn 0.4995 0.8663 0.0023
vn 0.4446 0.8845 0.1415
vn 0.2093 -0.9744 -0.0821
vn 0.3595 -0.9229 -0.1376
vn 0.0353 -0.8657 -0.4993
vn 0.2192 0.7369 -0.6395
vn 0.1902 0.0693 -0.9793
vn 0.1979 0.1059 -0.9745
vn 0.0956 -0.4781 -0.8731
vn 0.2482 0.1209 -0.9611
vn 0.8856 0.4248 -0.1877
vn 0.0656 0.0597 -0.9961
vn -0.0842 -0.7912 -0.6057
vn -0.1308 0.0967 -0.9867
vn -0.3028 -0.9175 -0.2578
vn 0.2482 0.1211 -0.9611
vn 0.8856 0.4249 -0.1875
vn 0.1639 0.8088 -0.5647
vn 0.0657 0.0599 -0.9960
vn -0.0084 0.9730 -0.2307
vn -0.1307 0.0968 -0.9867
vn 0.1302 -0.4876 -0.8633
vn 0.0390 -0.4967 -0.8671
vn 0.0021 -0.6097 -0.7927
vn -0.2895 -0.4007 -0.8693
vn -0.2034 0.6019 -0.7723
vn 0.1265 0.7405 -0.6600
vn 0.1298 0.6373 -0.7596
vn -0.0860 0.5725 -0.8154
vn 0.1135 0.0556 -0.9920
vn -0.3096 0.0901 -0.9466
vn -0.3096 0.0900 -0.9466
vn -0.1734 -0.3981 -0.9008
vn 0.1530 0.9385 -0.3096
vn 0.4399 -0.0841 -0.8941
vn 0.2996 -0.5231 -0.7979
vn 0.1692 -0.3963 -0.9024
vn 0.3595 -0.0167 -0.9330
vn 0.4942 0.5509 -0.6725
vn 0.4361 0.8995 -0.0243
vn 0.4942 0.5510 -0.6724
vn 0.4017 0.5443 -0.7364
vn 0.3841 0.9182 -0.0969
vn 0.1078 0.5506 0.8278
vn 0.2921 0.8580 0.4225
vn 0.1670 0.9211 0.3518
vn 0.3821 0.3626 -0.8500
vn 0.5441 -0.4160 -0.7286
vn 0.2014 -0.3717 -0.9062
vn 0.0579 -0.8484 -0.5262
vn 0.1627 -0.9077 -0.3867
vn 0.6267 -0.0955 -0.7734
vn 0.3899 0.6861 -0.6142
vn 0.4078 0.8510 -0.3310
vn 0.2883 -0.0007 -0.9575
vn 0.6257 0.1677 -0.7618
vn 0.1963 -0.7466 -0.6356
vn 0.2392 -0.4599 -0.8552
vn 0.3189 0.3212 -0.8917
vn 0.4042 0.4521 0.7951
vn 0.5989 0.7016 0.3861
vn 0.3179 0.8536 0.4127
vn 0.1552 0.5944 0.7890
vn 0.7562 0.6410 0.1318
vn 0.4589 0.8878 -0.0349
vn 0.8296 0.2658 -0.4910
vn 0.7271 -0.0383 -0.6855
vn 0.4632 -0.0192 -0.8860
vn 0.6070 -0.4561 -0.6507
vn 0.3524 -0.5031 -0.7891
vn 0.4939 -0.7377 -0.4602
vn 0.2433 -0.7870 -0.5669
vn 0.3621 -0.9310 -0.0451
vn 0.1260 -0.9836 -0.1293
vn 0.2108 -0.7634 0.6105
vn -0.0390 -0.7984 0.6008
vn 0.1590 -0.3217 0.9334
vn -0.0386 -0.3218 0.9460
vn 0.2140 0.0016 0.9768
vn 0.0085 0.0435 0.9990
vn -0.0385 -0.3217 0.9461
vn 0.3586 0.8737 -0.3288
vn 0.3205 0.9462 0.0452
vn 0.0480 -0.9984 -0.0286
vn 0.0588 -0.9306 -0.3614
vn 0.0702 -0.9803 -0.1847
vn 0.1728 -0.9706 -0.1675
vn 0.4399 -0.8815 -0.1718
vn 0.4398 -0.8815 -0.1718
vn 0.1728 -0.9706 -0.1673
vn 0.0546 -0.9916 -0.1176
vn 0.7758 -0.5986 0.1996
vn 0.0688 -0.6162 0.7845
vn 0.0374 -0.9549 0.2945
vn 0.3105 -0.9481 -0.0690
vn 0.8423 -0.5243 -0.1253
vn 0.4399 -0.8814 -0.1719
vn 0.8423 -0.5244 -0.1250
vn 0.4399 -0.8815 -0.1716
vn 0.3242 -0.9334 -0.1538
vn 0.8011 -0.4348 -0.4113
vn 0.1356 -0.8553 -0.5000
vn 0.3216 -0.3631 -0.8745
vn 0.9406 0.0389 0.3372
vn 0.1096 -0.0959 0.9893
vn 0.9947 0.0958 -0.0363
vn 0.9948 0.0957 -0.0361
vn 0.9080 0.1150 -0.4029
vn 0.3743 0.1329 -0.9178
vn 0.1532 0.4148 0.8969
vn 0.1095 -0.0960 0.9893
vn 0.9406 0.0394 0.3372
vn 0.7561 0.5650 0.3302
vn 0.9947 0.0960 -0.0363
vn 0.8202 0.5706 0.0411
vn 0.7886 0.5708 -0.2287
vn 0.8202 0.5706 0.0414
vn 0.9947 0.0958 -0.0360
vn 0.9080 0.1152 -0.4029
vn 0.3914 0.5668 -0.7249
vn 0.3742 0.1330 -0.9178
vn 0.1972 0.8139 0.5465
vn 0.4445 0.8728 0.2016
vn 0.5451 0.8351 0.0743
vn 0.4650 0.8815 0.0826
vn 0.5450 0.8351 0.0746
vn 0.2970 0.9191 -0.2589
vn 0.5450 0.8351 0.0745
vn 0.3565 0.9286 0.1027
vn 0.2616 0.9582 0.1159
vn 0.1636 -0.8344 0.5262
vn 0.1970 -0.4225 0.8847
vn -0.0051 -0.5933 0.8050
vn 0.0236 -0.9714 0.2363
vn 0.3811 -0.1787 -0.9071
vn 0.2931 -0.6365 -0.7134
vn 0.2013 -0.0892 0.9755
vn 0.0268 -0.0995 0.9947
vn 0.2132 0.2368 0.9479
vn 0.0475 0.3817 0.9231
vn 0.0268 -0.0994 0.9947
vn 0.2011 -0.0890 0.9755
vn 0.2056 0.6613 0.7214
vn 0.3867 0.4544 -0.8025
vn 0.3269 0.5476 -0.7702
vn 0.2384 0.8962 -0.3741
vn 0.0442 -0.4404 0.8967
vn 0.0588 -0.7994 0.5979
vn 0.7431 0.1210 0.6582
vn 0.3693 0.7475 0.5522
vn 0.1422 0.2797 0.9495
vn 0.2285 0.0234 0.9733
vn 0.7430 0.1208 0.6582
vn 0.2285 0.0233 0.9733
vn 0.0808 -0.3194 0.9442
vn 0.3019 -0.8054 0.5102
vn 0.9789 0.1701 -0.1131
vn 0.4693 0.8824 0.0328
vn 0.9789 0.1700 -0.1130
vn 0.3911 -0.9052 -0.1659
vn 0.4699 0.7415 -0.4789
vn 0.4691 0.8825 0.0329
vn 0.9789 0.1702 -0.1132
vn 0.7522 0.1712 -0.6363
vn 0.4066 -0.6081 -0.6818
vn 0.7522 0.1710 -0.6363
vn 0.9789 0.1700 -0.1132
vn 0.3913 -0.9052 -0.1659
vn 0.7520 0.1711 -0.6365
vn 0.5785 0.1429 -0.8030
vn 0.4092 0.5009 -0.7626
vn 0.3518 -0.2944 -0.8886
vn 0.5785 0.1427 -0.8031
vn 0.5786 0.1430 -0.8030
vn 0.4900 0.0907 -0.8670
vn 0.3696 0.4680 -0.8028
vn 0.3029 -0.2885 -0.9083
vn 0.4900 0.0905 -0.8670
vn 0.0761 0.0029 0.9971
vn 0.8856 0.4250 -0.1875
vn 0.3594 -0.9230 -0.1377
vn -0.0342 -0.8336 0.5513
vn 0.4995 0.8663 0.0020
vn 0.8855 0.4250 -0.1876
vn 0.0760 0.0027 0.9971
vn 0.2065 0.7526 0.6253
vn -0.1630 -0.5162 0.8408
vn -0.1291 -0.9041 0.4074
vn 0.1175 -0.9878 0.1018
vn -0.0483 -0.9956 -0.0807
vn 0.2093 -0.9744 -0.0820
vn 0.1176 -0.9878 0.1018
vn 0.3355 0.9063 0.2570
vn 0.4445 0.8846 0.1414
vn 0.1540 0.9834 0.0960
vn 0.1169 -0.9420 0.3145
vn 0.2094 -0.9744 -0.0822
vn -0.0484 -0.9956 -0.0807
vn 0.1542 0.9834 0.0959
vn 0.4445 0.8845 0.1414
vn 0.3480 0.9210 0.1753
vn -0.0940 -0.8177 0.5679
vn -0.2236 -0.9451 0.2384
vn -0.0706 -0.9335 -0.3514
vn 0.0346 -0.9919 -0.1220
vn 0.2996 -0.5233 -0.7978
vn 0.1902 -0.7906 -0.5820
vn 0.0853 -0.6100 -0.7878
vn 0.1691 -0.3963 -0.9024
vn -0.3268 -0.5437 -0.7730
vn -0.3878 -0.6602 -0.6433
vn -0.2900 -0.2427 0.9257
vn -0.1554 -0.9168 0.3678
vn -0.5308 -0.8369 0.1336
vn -0.4194 -0.4706 0.7763
vn -0.4104 -0.8942 0.1790
vn 0.0791 -0.8420 -0.5336
vn -0.0746 -0.5026 -0.8613
vn 0.0480 -0.9984 -0.0288
vn -0.0564 -0.9906 -0.1250
vn -0.4855 -0.4835 0.7284
vn -0.5200 -0.6088 0.5992
vn 0.3748 -0.3902 -0.8410
vn -0.0563 -0.9906 -0.1251
vn 0.0481 -0.9984 -0.0286
vn 0.5441 -0.4160 -0.7287
vn 0.0589 -0.9305 -0.3615
vn -0.5789 -0.8126 0.0678
vn -0.2182 -0.9422 -0.2541
vn -0.2942 -0.0730 -0.9530
vn -0.2121 0.2062 0.9552
vn -0.4361 -0.2217 0.8722
vn -0.4854 -0.8353 0.2581
vn 0.1628 -0.9077 -0.3867
vn 0.0579 -0.8483 -0.5263
vn -0.4753 -0.7600 0.4433
vn 0.1779 -0.7225 -0.6681
vn -0.4713 -0.8160 -0.3346
vn -0.4089 -0.6760 0.6131
vn -0.0759 -0.8447 -0.5299
vn -0.3706 0.1723 -0.9126
vn -0.2513 -0.2102 0.9448
vn -0.4475 -0.8913 -0.0726
vn 0.1963 -0.7467 -0.6356
vn -0.4326 -0.8863 0.1653
vn -0.4002 -0.6670 -0.6284
vn 0.2394 -0.4599 -0.8551
vn -0.1082 -0.5558 -0.8243
vn -0.3693 -0.8741 0.3156
vn -0.0391 -0.7985 0.6007
vn 0.0345 -0.9919 -0.1220
vn 0.1259 -0.9836 -0.1294
vn 0.2432 -0.7869 -0.5671
vn 0.1902 -0.7906 -0.5821
vn 0.2995 -0.5233 -0.7978
vn 0.3523 -0.5031 -0.7892
vn 0.1901 -0.7907 -0.5820
vn 0.2432 -0.7871 -0.5669
vn 0.0588 -0.9306 -0.3613
vn -0.5790 -0.8125 0.0678
vn -0.5083 -0.1130 -0.8538
vn 0.2016 -0.3717 -0.9062
vn -0.1151 -0.9116 -0.3947
vn 0.3104 -0.9481 -0.0691
vn 0.0373 -0.9549 0.2945
vn 0.0078 -0.9938 -0.1106
vn 0.0700 -0.9803 -0.1845
vn 0.4397 -0.8815 -0.1720
vn 0.3240 -0.9335 -0.1538
vn 0.4398 -0.8815 -0.1717
vn -0.0008 -0.9878 -0.1555
vn 0.1354 -0.8555 -0.4998
vn -0.1560 -0.8611 -0.4838
vn -0.1102 -0.9745 -0.1952
vn -0.2555 -0.9090 0.3292
vn -0.1294 -0.9882 -0.0822
vn -0.0690 -0.3965 -0.9154
vn 0.0373 -0.9549 0.2947
vn 0.0688 -0.6163 0.7845
vn -0.3331 -0.5321 0.7784
vn -0.1233 -0.9825 -0.1397
vn 0.1726 -0.9706 -0.1675
vn 0.1726 -0.9707 -0.1675
vn -0.2619 -0.6733 -0.6915
vn -0.2405 -0.8992 -0.3656
vn -0.3865 -0.7857 0.4831
vn -0.2930 -0.9494 0.1126
vn -0.1443 -0.6217 -0.7698
vn -0.1978 -0.9116 -0.3604
vn -0.2278 -0.9629 0.1449
vn -0.2290 -0.7676 0.5986
vn -0.0703 -0.9861 0.1503
vn -0.0800 -0.7868 0.6120
vn -0.0303 -0.9061 -0.4219
vn 0.0114 -0.6024 -0.7981
vn -0.3403 -0.8859 -0.3154
vn -0.1204 -0.8186 -0.5616
vn -0.1325 -0.9756 -0.1750
vn -0.1568 -0.9767 -0.1467
vn -0.4826 -0.8655 0.1340
vn -0.2577 -0.9651 -0.0467
vn -0.5166 -0.8530 -0.0741
vn -0.2938 -0.9492 -0.1123
vn -0.5167 -0.8529 -0.0744
vn -0.2939 -0.9492 -0.1125
vn -0.2316 -0.9528 -0.1965
vn -0.4141 -0.8408 -0.3486
vn -0.1536 -0.9796 -0.1294
vn -0.4057 -0.9137 -0.0231
vn -0.1304 -0.9836 -0.1245
vn -0.2342 -0.9423 0.2390
vn 0.0236 -0.9714 0.2361
vn -0.0411 -0.9945 -0.0962
vn 0.1307 -0.7977 -0.5887
vn -0.0183 -0.9777 -0.2091
vn -0.6135 -0.5191 -0.5951
vn -0.7116 -0.5576 0.4275
vn -0.3536 -0.5798 0.7340
vn -0.0052 -0.5934 0.8049
vn 0.2729 -0.3103 -0.9106
vn -0.0239 -0.9881 -0.1520
vn 0.1637 -0.8346 0.5260
vn 0.1096 -0.9881 0.1079
vn 0.2930 -0.6367 -0.7133
vn 0.1631 -0.9030 -0.3974
vn 0.0588 -0.7996 0.5977
vn 0.0842 -0.9925 0.0887
vn 0.1178 -0.8958 -0.4285
vn 0.1454 -0.5903 -0.7940
vn -0.1629 -0.9826 -0.0890
vn 0.3913 -0.9052 -0.1661
vn 0.3019 -0.8053 0.5103
vn -0.2247 -0.8525 0.4720
vn -0.0654 -0.8155 -0.5750
vn 0.4067 -0.6081 -0.6817
vn -0.1628 -0.9826 -0.0892
vn -0.2252 -0.4496 0.8644
vn -0.3389 -0.6202 0.7075
vn -0.4038 -0.8608 0.3098
vn -0.4271 -0.9032 -0.0426
vn -0.3377 -0.8906 -0.3047
vn -0.4272 -0.9032 -0.0428
vn -0.1742 -0.7453 -0.6435
vn -0.0681 -0.5511 -0.8316
vn -0.3027 -0.9176 -0.2576
vn -0.2788 -0.7493 0.6006
vn -0.4747 -0.8664 -0.1547
vn -0.4747 -0.8665 -0.1545
vn -0.3461 -0.8225 0.4514
vn -0.2229 -0.9534 -0.2033
vn -0.0772 -0.5385 -0.8391
vn -0.0842 -0.7911 -0.6058
vn -0.1567 -0.8498 0.5033
vn -0.1297 -0.9676 -0.2165
vn -0.1597 -0.6840 0.7117
vn 0.0206 -0.4722 -0.8812
vn 0.1175 -0.9878 0.1019
vn 0.0354 -0.8655 -0.4996
vn -0.0821 -0.8216 0.5641
vn -0.0135 -0.6300 0.7765
vn 0.1082 -0.8640 -0.4918
vn -0.0000 -0.9155 -0.4024
vn -0.0340 -0.8336 0.5513
vn 0.1168 -0.9421 0.3144
vn 0.0956 -0.4783 -0.8730
vn -0.0483 -0.9956 -0.0806
vn -0.1291 -0.9042 0.4071
vn -0.6136 -0.5942 0.5200
vn -0.6464 -0.7630 -0.0003
vn -0.0295 -0.8604 -0.5087
vn -0.0483 -0.9956 -0.0808
vn -0.6464 -0.7630 -0.0004
vn -0.5163 -0.6285 -0.5817
vn 0.0020 -0.6098 -0.7925
vn -0.2896 -0.4007 -0.8692
vn -0.2896 -0.4008 -0.8692
vn -0.1734 -0.3984 -0.9007
vn 0.0387 -0.4967 -0.8671
vn -0.1631 -0.5160 0.8409
vn -0.0000 0.8141 0.5807
vn -0.0422 0.3872 0.9210
vn 0.1078 0.5505 0.8278
vn -0.0940 -0.8176 0.5681
vn -0.1064 -0.3049 0.9464
vn -0.1961 -0.4621 0.8649
vn -0.2237 -0.9450 0.2384
vn -0.0582 0.0431 0.9974
vn -0.1783 -0.1086 0.9780
vn -0.2513 -0.2103 0.9448
vn -0.2119 0.2061 0.9553
vn -0.1815 0.8737 0.4514
vn -0.2900 -0.2429 0.9257
vn -0.5984 -0.0108 0.8011
vn -0.0871 0.9795 0.1817
vn -0.5310 -0.8368 0.1334
vn -0.5985 -0.0106 0.8011
vn -0.2899 -0.2429 0.9257
vn -0.4192 -0.4709 0.7762
vn -0.5250 0.7551 0.3927
vn -0.2424 0.3873 0.8895
vn -0.4362 -0.2218 0.8721
vn -0.0821 0.9126 0.4005
vn -0.4504 0.4284 0.7833
vn -0.4854 -0.4837 0.7283
vn -0.1098 0.9810 0.1600
vn -0.3582 0.0244 0.9333
vn -0.4088 -0.6760 0.6130
vn -0.2497 0.6950 0.6743
vn -0.5463 0.0645 0.8351
vn -0.4751 -0.7602 0.4431
vn -0.2277 0.8337 0.5030
vn -0.3784 -0.2952 0.8773
vn -0.3693 -0.8741 0.3154
vn -0.2887 0.4727 0.8326
vn -0.5568 -0.2276 0.7988
vn -0.4325 -0.8864 0.1651
vn -0.2885 0.5931 0.7516
vn -0.0391 -0.7985 0.6008
vn -0.0387 -0.3218 0.9460
vn -0.0941 -0.8177 0.5679
vn 0.0083 0.0435 0.9990
vn -0.0584 0.0431 0.9974
vn 0.1077 0.5506 0.8278
vn 0.1550 0.5944 0.7891
vn 0.1591 -0.3216 0.9334
vn 0.2138 0.0013 0.9769
vn -0.3332 -0.5320 0.7784
vn -0.2556 -0.9089 0.3296
vn 0.1095 -0.0961 0.9893
vn -0.3308 -0.1238 0.9356
vn 0.0688 -0.6162 0.7846
vn 0.1532 0.4147 0.8970
vn -0.2630 0.3227 0.9092
vn -0.3308 -0.1236 0.9356
vn 0.1095 -0.0959 0.9894
vn -0.1160 0.7715 0.6255
vn -0.2630 0.3229 0.9092
vn -0.3864 -0.7856 0.4833
vn -0.4186 -0.4261 0.8020
vn -0.3849 -0.1315 0.9135
vn -0.3428 0.2161 0.9142
vn -0.3850 -0.1314 0.9135
vn -0.1159 0.7716 0.6255
vn -0.2259 0.6197 0.7516
vn -0.2290 -0.7675 0.5988
vn -0.2018 -0.4399 0.8751
vn -0.1686 -0.1101 0.9795
vn -0.1687 -0.1099 0.9795
vn -0.1405 0.2195 0.9654
vn -0.1036 0.5941 0.7977
vn -0.0048 0.6009 0.7993
vn -0.0373 0.2433 0.9692
vn -0.0632 -0.1075 0.9922
vn -0.0799 -0.4516 0.8886
vn -0.0632 -0.1077 0.9922
vn -0.0801 -0.7866 0.6122
vn -0.7850 -0.1324 0.6051
vn -0.7116 -0.5574 0.4276
vn -0.3537 -0.5796 0.7341
vn -0.3523 -0.1284 0.9271
vn -0.3536 -0.5797 0.7341
vn -0.0053 -0.5932 0.8050
vn 0.0265 -0.0995 0.9947
vn -0.2993 0.3400 0.8915
vn -0.7076 0.3561 0.6103
vn -0.2991 0.3399 0.8916
vn -0.3523 -0.1283 0.9271
vn 0.0265 -0.0994 0.9947
vn 0.0473 0.3818 0.9230
vn -0.1377 0.8327 0.5363
vn 0.1131 0.8431 0.5258
vn 0.0440 -0.4400 0.8969
vn 0.0421 -0.1007 0.9940
vn 0.2011 -0.0892 0.9755
vn 0.1969 -0.4223 0.8848
vn 0.0421 -0.1005 0.9941
vn 0.0691 0.2432 0.9675
vn 0.2131 0.2368 0.9479
vn 0.1120 0.6333 0.7658
vn 0.2055 0.6613 0.7214
vn 0.0587 -0.7994 0.5979
vn 0.2282 0.0233 0.9733
vn 0.1421 0.2795 0.9496
vn -0.0305 -0.0458 0.9985
vn 0.0175 -0.0484 0.9987
vn 0.2283 0.0232 0.9733
vn 0.0174 -0.0484 0.9987
vn -0.0473 -0.0451 0.9979
vn 0.0807 -0.3197 0.9441
vn -0.2252 -0.4495 0.8644
vn -0.1497 -0.1202 0.9814
vn -0.1613 0.3429 0.9254
vn -0.1409 -0.0290 0.9896
vn -0.2248 -0.8524 0.4722
vn 0.3019 -0.8052 0.5104
vn -0.1284 -0.0616 0.9898
vn -0.3389 -0.6199 0.7077
vn -0.2578 -0.2469 0.9341
vn -0.2255 0.4745 0.8509
vn -0.2136 0.1033 0.9714
vn -0.4037 -0.8608 0.3100
vn -0.1614 0.3429 0.9254
vn -0.1054 0.7967 0.5951
vn -0.2786 0.8071 0.5206
vn -0.2788 -0.7492 0.6009
vn -0.2090 -0.2841 0.9357
vn -0.0571 0.7428 0.6670
vn -0.1629 0.0732 0.9839
vn -0.0427 0.0911 0.9949
vn 0.1022 0.7701 0.6297
vn -0.1094 -0.3338 0.9363
vn -0.1568 -0.8497 0.5034
vn -0.0017 0.0921 0.9957
vn 0.0183 0.1271 0.9917
vn 0.1788 0.7326 0.6567
vn 0.1204 0.5469 0.8285
vn -0.0465 -0.2548 0.9659
vn -0.0491 -0.3513 0.9350
vn -0.0135 -0.6297 0.7767
vn -0.0823 -0.8214 0.5643
vn -0.0341 -0.8335 0.5514
vn 0.3596 -0.9229 -0.1378
vn 0.2095 -0.9743 -0.0823
vn -0.0838 -0.0581 0.9948
vn 0.0759 0.0027 0.9971
vn -0.0341 -0.8337 0.5512
vn -0.1597 -0.6839 0.7118
vn -0.3460 -0.8225 0.4514
vn -0.3515 -0.0576 0.9344
vn -0.3514 -0.0575 0.9344
vn -0.1545 0.8136 0.5606
vn 0.0465 0.5857 0.8092
vn -0.0837 -0.0578 0.9948
vn 0.2065 0.7527 0.6251
vn 0.0760 0.0029 0.9971
vn -0.4826 -0.0301 0.8753
vn -0.3619 -0.0638 0.9300
vn -0.2949 -0.0756 0.9525
vn -0.3937 0.1744 0.9026
vn -0.2784 -0.0476 0.9593
vn -0.3619 -0.0639 0.9300
vn -0.4826 -0.0298 0.8753
vn -0.4286 -0.2704 0.8621
vn -0.1529 -0.1198 0.9810
vn -0.1632 -0.5160 0.8409
vn -0.1559 0.0104 0.9877
vn -0.0724 0.4213 0.9040
vn -0.7400 0.0179 0.6724
vn -0.7400 0.0182 0.6724
vn -0.1291 -0.9041 0.4073
vn -0.6135 -0.5943 0.5201
vn -0.5070 0.5837 0.6342
vn -0.1580 -0.0808 0.9841
vn -0.8191 -0.2861 -0.4972
vn -0.7850 -0.5111 -0.3501
vn 0.0063 -0.0101 -0.9999
vn -0.0245 0.0061 -0.9997
vn -0.8636 0.2528 -0.4362
vn -0.8998 -0.1491 -0.4101
vn -0.6897 -0.0036 -0.7240
vn -0.4868 0.8711 0.0653
vn -0.2136 -0.2453 -0.9456
vn -0.5594 0.1241 -0.8196
vn -0.5947 0.0514 -0.8023
vn -0.3258 0.1810 -0.9280
vn -0.2943 -0.0730 -0.9529
vn -0.3440 -0.0816 -0.9354
vn -0.2392 0.8521 -0.4655
vn -0.3709 0.1724 -0.9126
vn -0.3878 -0.6601 -0.6433
vn -0.0841 -0.1012 -0.9913
vn -0.4192 -0.4706 0.7764
vn -0.6103 0.4111 -0.6771
vn -0.4103 -0.8942 0.1790
vn -0.5983 -0.0107 0.8012
vn -0.4869 0.8710 0.0654
vn -0.4505 0.4285 0.7832
vn -0.6522 0.4438 0.6145
vn -0.5200 -0.6088 0.5991
vn -0.1046 0.9938 -0.0368
vn -0.1429 0.8208 -0.5531
vn -0.5084 -0.1131 -0.8537
vn -0.5789 -0.8126 0.0676
vn -0.1100 0.9810 0.1600
vn -0.5465 0.0646 0.8350
vn -0.7432 0.1216 0.6579
vn -0.4854 -0.8353 0.2580
vn -0.4751 -0.7602 0.4432
vn -0.2112 0.9241 0.3185
vn -0.2023 0.9459 -0.2536
vn -0.4227 0.1254 -0.8975
vn -0.4713 -0.8160 -0.3348
vn -0.2277 0.8337 0.5031
vn -0.5569 -0.2275 0.7988
vn -0.7765 -0.0976 0.6226
vn -0.4475 -0.8913 -0.0727
vn -0.4325 -0.8864 0.1650
vn -0.4002 -0.6670 -0.6285
vn -0.3763 0.4234 -0.8241
vn -0.2885 0.5930 0.7518
vn -0.2835 0.7525 0.5944
vn -0.2417 0.9682 0.0642
vn -0.0729 0.0587 -0.9956
vn -0.0691 -0.3964 -0.9155
vn -0.2011 0.0891 -0.9755
vn -0.0258 0.1078 -0.9938
vn -0.1727 0.4148 -0.8934
vn 0.0288 0.5828 -0.8121
vn -0.0258 0.1080 -0.9938
vn -0.2012 0.0892 -0.9755
vn -0.1028 0.8278 -0.5516
vn 0.0231 0.9591 -0.2820
vn -0.2631 0.3229 0.9091
vn -0.8080 -0.5759 0.1244
vn -0.6136 -0.5190 -0.5950
vn -0.3404 -0.8859 -0.3152
vn -0.4828 -0.8654 0.1342
vn -0.7930 -0.6090 -0.0172
vn -0.5167 -0.8529 -0.0741
vn -0.7929 -0.6091 -0.0175
vn -0.5167 -0.8529 -0.0743
vn -0.4143 -0.8407 -0.3486
vn -0.8141 -0.5382 -0.2180
vn -0.4058 -0.9137 -0.0232
vn -0.7117 -0.5574 0.4275
vn -0.7313 0.0054 -0.6821
vn -0.0745 0.1030 -0.9919
vn -0.9789 -0.1101 0.1721
vn -0.9908 -0.1020 0.0891
vn -0.9908 -0.1018 0.0890
vn -0.9954 -0.0896 -0.0338
vn -0.7851 -0.1326 0.6050
vn -0.3523 -0.1283 0.9270
vn -0.7850 -0.1326 0.6051
vn -0.0510 0.5992 -0.7990
vn -0.7313 0.0057 -0.6820
vn -0.6160 0.6001 -0.5103
vn -0.9789 -0.1098 0.1722
vn -0.8418 0.4469 0.3027
vn -0.9908 -0.1018 0.0891
vn -0.8345 0.5279 0.1578
vn -0.8569 0.5081 -0.0863
vn -0.8345 0.5280 0.1574
vn -0.9954 -0.0893 -0.0337
vn -0.7077 0.3563 0.6101
vn -0.7850 -0.1325 0.6051
vn -0.2992 0.3400 0.8916
vn -0.0225 0.9334 -0.3582
vn -0.2678 0.9595 -0.0878
vn -0.4457 0.8019 0.3979
vn -0.4993 0.8454 0.1895
vn -0.3778 0.9195 -0.1086
vn -0.4995 0.8454 0.1893
vn -0.3458 0.8969 0.2757
vn -0.1378 0.8327 0.5363
vn -0.2992 0.3400 0.8915
vn -0.1807 0.9582 0.2219
vn -0.2296 0.9569 0.1781
vn -0.1607 0.9805 0.1129
vn -0.2297 0.9568 0.1780
vn -0.2985 0.9430 0.1473
vn -0.2787 0.8072 0.5204
vn -0.1055 0.7967 0.5951
vn -0.0292 0.9930 0.1144
vn -0.1691 0.9543 -0.2464
vn -0.2984 0.9430 0.1471
vn -0.0292 0.9930 0.1145
vn 0.0332 0.9056 -0.4228
vn 0.1079 0.6970 -0.7089
vn 0.0671 0.6279 -0.7754
vn 0.0020 0.8574 -0.5146
vn 0.1080 0.6971 -0.7088
vn -0.4747 -0.8664 -0.1546
vn -0.3028 -0.9176 -0.2576
vn -0.1307 0.0967 -0.9867
vn -0.9483 -0.2379 -0.2099
vn -0.4748 -0.8664 -0.1545
vn -0.9484 -0.2378 -0.2098
vn -0.3516 -0.0576 0.9344
vn -0.3461 -0.8224 0.4514
vn -0.0082 0.9730 -0.2307
vn -0.2636 0.9638 -0.0405
vn -0.9483 -0.2380 -0.2099
vn -0.3515 -0.0577 0.9344
vn -0.2635 0.9638 -0.0406
vn -0.1545 0.8136 0.5605
vn -0.3939 0.1742 0.9025
vn -0.5071 0.5838 0.6340
vn -0.7401 0.0180 0.6722
vn -0.7401 0.0181 0.6722
vn -0.6135 -0.5943 0.5200
vn -0.4287 -0.2702 0.8621
vn -0.9855 0.0784 0.1507
vn -0.5327 0.8310 0.1604
vn -0.9855 0.0783 0.1507
vn -0.6464 -0.7630 -0.0006
vn -0.9855 0.0784 0.1503
vn -0.5327 0.8309 0.1604
vn -0.3941 0.7905 -0.4688
vn -0.7886 0.1437 -0.5979
vn -0.7887 0.1437 -0.5978
vn -0.2034 0.6018 -0.7723
vn -0.5209 0.1251 -0.8444
vn -0.2897 -0.4007 -0.8692
vn -0.5209 0.1249 -0.8444
vn -0.0862 0.5724 -0.8154
vn -0.3096 0.0899 -0.9466
vn 0.1669 0.9211 0.3517
vn 0.1079 0.5507 0.8277
vn -0.2394 0.8521 -0.4655
vn -0.4868 0.8710 0.0653
vn 0.1580 0.9096 -0.3843
vn 0.0631 0.8899 -0.4518
vn -0.1814 0.8736 0.4516
vn -0.0872 0.9795 0.1817
vn -0.5250 0.7549 0.3930
vn -0.6104 0.4110 -0.6771
vn 0.1917 0.4349 -0.8798
vn 0.1860 0.2426 -0.9521
vn 0.3838 0.9183 -0.0972
vn 0.3358 0.6042 -0.7226
vn 0.4504 0.6100 -0.6520
vn -0.1048 0.9938 -0.0366
vn -0.1100 0.9810 0.1601
vn 0.3823 0.3626 -0.8499
vn 0.1059 0.6627 -0.7414
vn -0.0822 0.9125 0.4007
vn 0.3060 0.8548 -0.4191
vn 0.4079 0.8509 -0.3310
vn -0.2113 0.9241 0.3185
vn -0.2277 0.8336 0.5032
vn 0.3900 0.6860 -0.6142
vn -0.2023 0.9459 -0.2538
vn -0.2942 -0.0728 -0.9530
vn 0.1286 0.8673 -0.4809
vn -0.2497 0.6949 0.6744
vn -0.2120 0.2062 0.9553
vn 0.1816 0.9832 0.0174
vn -0.2836 0.7524 0.5945
vn -0.2885 0.5929 0.7518
vn 0.3588 0.8735 -0.3290
vn 0.3206 0.9461 0.0451
vn 0.3254 0.3270 -0.8872
vn -0.3708 0.1722 -0.9126
vn -0.3093 0.4501 -0.8377
vn 0.0748 0.4219 -0.9035
vn 0.0474 0.9590 -0.2794
vn -0.3707 0.1723 -0.9126
vn 0.0473 0.9591 -0.2792
vn -0.2885 0.4726 0.8327
vn -0.2512 -0.2104 0.9448
vn 0.4590 0.8878 -0.0349
vn 0.5558 0.5251 -0.6445
vn 0.4360 0.8996 -0.0243
vn 0.2919 0.8581 0.4224
vn 0.4588 0.8878 -0.0348
vn 0.4359 0.8997 -0.0244
vn -0.0730 0.0585 -0.9956
vn 0.2969 0.9191 -0.2589
vn 0.3913 0.5668 -0.7250
vn 0.0290 0.5828 -0.8121
vn 0.0232 0.9592 -0.2817
vn -0.2630 0.3229 0.9091
vn 0.1531 0.4149 0.8969
vn 0.1971 0.8140 0.5464
vn 0.2014 0.9592 0.1985
vn 0.1971 0.8141 0.5462
vn 0.4443 0.8729 0.2016
vn 0.2616 0.9582 0.1160
vn 0.5449 0.8352 0.0744
vn 0.2597 0.9577 0.1242
vn 0.5449 0.8352 0.0745
vn 0.4647 0.8816 0.0827
vn 0.2067 0.9751 0.0808
vn 0.0949 0.9950 0.0323
vn 0.0600 0.9682 0.2427
vn -0.1159 0.7717 0.6254
vn 0.0746 0.9877 0.1376
vn 0.3564 0.9287 0.1026
vn -0.1027 0.8279 -0.5514
vn -0.0428 0.9895 -0.1383
vn -0.2259 0.6198 0.7515
vn -0.1009 0.9119 0.3978
vn -0.0181 0.8016 -0.5976
vn -0.0295 0.9950 -0.0949
vn -0.0619 0.9026 0.4260
vn -0.1036 0.5944 0.7975
vn 0.0884 0.7830 -0.6157
vn 0.0774 0.9861 -0.1468
vn 0.0365 0.9044 0.4252
vn -0.0048 0.6012 0.7991
vn 0.3269 0.5476 -0.7703
vn -0.0510 0.5993 -0.7989
vn -0.0330 0.9964 0.0782
vn -0.0224 0.9335 -0.3579
vn -0.2677 0.9595 -0.0876
vn -0.0596 0.9914 0.1165
vn -0.4454 0.8021 0.3978
vn -0.1804 0.9583 0.2218
vn -0.0684 0.9787 0.1937
vn -0.1605 0.9806 0.1130
vn -0.3777 0.9196 -0.1084
vn -0.3456 0.8969 0.2757
vn -0.0398 0.9774 0.2078
vn -0.1376 0.8328 0.5362
vn 0.1131 0.8431 0.5256
vn 0.0549 0.9668 0.2497
vn 0.0913 0.9946 0.0483
vn 0.2383 0.8963 -0.3740
vn 0.0763 0.9863 0.1463
vn -0.2293 0.9569 0.1782
vn -0.2294 0.9569 0.1780
vn 0.2054 0.6615 0.7213
vn 0.0475 0.3819 0.9230
vn 0.1805 0.8992 0.3986
vn 0.3265 0.7804 -0.5333
vn 0.2391 0.9647 -0.1104
vn 0.1120 0.6335 0.7656
vn 0.1539 0.9150 0.3729
vn 0.1862 0.9719 -0.1439
vn 0.2031 0.7675 -0.6080
vn -0.1053 0.7967 0.5951
vn -0.1613 0.3430 0.9254
vn 0.1422 0.2798 0.9495
vn -0.0291 0.9930 0.1145
vn 0.4692 0.8825 0.0329
vn 0.0334 0.9056 -0.4228
vn -0.2785 0.8071 0.5207
vn -0.2256 0.4746 0.8508
vn 0.1081 0.6970 -0.7089
vn 0.0021 0.8574 -0.5147
vn -0.1690 0.9543 -0.2464
vn -0.0573 0.7427 0.6671
vn -0.2984 0.9430 0.1473
vn -0.2636 0.9638 -0.0404
vn -0.1543 0.8137 0.5605
vn 0.0554 0.9985 -0.0044
vn 0.1124 0.7373 -0.6662
vn 0.0671 0.6280 -0.7753
vn 0.1848 0.9814 0.0516
vn 0.0464 0.5858 0.8091
vn 0.1640 0.8087 -0.5648
vn 0.1022 0.7700 0.6298
vn 0.2159 0.7001 -0.6806
vn 0.2524 0.9594 -0.1257
vn 0.2192 0.7370 -0.6393
vn 0.2182 0.6549 -0.7235
vn 0.2065 0.7528 0.6250
vn 0.2915 0.8360 -0.4648
vn 0.4445 0.8846 0.1413
vn 0.4996 0.8663 0.0020
vn 0.3356 0.9063 0.2569
vn 0.1206 0.5470 0.8284
vn 0.1789 0.7328 0.6566
vn -0.0724 0.4214 0.9040
vn 0.0473 0.8460 0.5311
vn -0.5071 0.5838 0.6341
vn 0.1541 0.9834 0.0961
vn -0.5327 0.8310 0.1603
vn 0.1541 0.9834 0.0959
vn 0.1528 0.9385 -0.3095
vn -0.3942 0.7906 -0.4687
vn 0.1264 0.7406 -0.6600
vn -0.2034 0.6020 -0.7722
vt 49.998299 -3.107640
vt 50.024200 -3.113050
vt 50.013000 -3.100610
vt 49.978600 -3.117580
vt 49.988098 -3.114980
vt 49.981602 -3.111490
vt 49.975399 -3.113730
vt 50.016102 -3.119750
vt 50.001701 -3.115380
vt 49.971600 -3.121130
vt 50.022202 -3.125490
vt 50.020599 -3.132890
vt 50.022499 -3.133830
vt 50.025101 -3.124950
vt 50.018002 -3.139270
vt 50.019901 -3.140210
vt 50.010601 -3.153630
vt 50.011200 -3.155780
vt 50.014599 -3.154930
vt 50.014000 -3.152780
vt 50.015800 -3.143170
vt 50.013802 -3.148920
vt 50.016800 -3.149560
vt 50.019798 -3.144290
vt 50.016800 -3.127430
vt 50.016800 -3.136410
vt 50.022099 -3.136630
vt 50.025902 -3.127040
vt 50.010201 -3.129380
vt 50.012798 -3.137080
vt 50.000198 -3.150900
vt 50.000500 -3.145230
vt 49.996700 -3.146610
vt 49.999401 -3.155430
vt 49.999500 -3.157640
vt 50.002800 -3.156930
vt 50.002701 -3.154720
vt 50.003300 -3.151640
vt 50.004398 -3.146460
vt 49.999401 -3.127920
vt 50.000500 -3.138690
vt 50.005901 -3.139190
vt 49.992901 -3.130140
vt 49.995300 -3.139400
vt 49.980499 -3.144580
vt 49.982399 -3.148740
vt 49.985699 -3.147330
vt 49.984901 -3.142630
vt 49.984100 -3.151660
vt 49.984001 -3.153880
vt 49.987400 -3.154360
vt 49.987598 -3.152140
vt 49.988602 -3.148430
vt 49.975101 -3.129890
vt 49.978802 -3.137650
vt 49.984501 -3.137000
vt 49.983601 -3.129490
vt 49.982899 -3.096200
vt 49.981800 -3.105460
vt 49.995098 -3.102820
vt 49.994999 -3.094100
vt 50.011398 -3.092340
vt 49.996300 -3.154840
vt 49.996498 -3.157060
vt 49.990299 -3.151340
vt 49.990200 -3.153560
vt 50.025002 -3.134960
vt 50.005402 -2.923490
vt 49.992199 -2.922270
vt 49.991501 -2.930720
vt 50.004902 -2.932710
vt 50.018600 -2.924640
vt 50.018398 -2.933140
vt 49.998901 -2.949090
vt 49.996101 -2.937440
vt 49.990299 -2.936930
vt 49.994701 -2.948630
vt 50.005001 -2.949880
vt 50.004799 -2.938540
vt 50.011101 -2.950220
vt 50.013500 -2.939010
vt 50.015301 -2.950450
vt 50.019402 -2.939540
vt 49.998100 -2.967940
vt 49.994400 -2.967240
vt 50.002701 -2.968460
vt 50.007301 -2.968760
vt 50.011002 -2.968730
vt 49.985001 -3.003310
vt 49.977402 -3.002360
vt 49.977200 -3.007680
vt 49.995399 -3.013640
vt 49.996700 -3.004510
vt 49.983898 -3.011790
vt 50.007000 -3.013870
vt 50.008400 -3.005410
vt 50.014500 -3.011030
vt 50.015900 -3.005820
vt 49.983501 -2.994670
vt 49.990002 -2.996120
vt 49.997898 -2.996950
vt 50.005798 -2.997530
vt 50.012299 -2.997250
vt 49.990101 -2.983540
vt 49.994598 -2.984500
vt 50.000099 -2.985070
vt 50.005600 -2.985490
vt 50.010201 -2.985270
vt 50.005299 -3.015690
vt 50.011299 -3.012730
vt 49.993599 -3.007100
vt 49.978901 -3.007930
vt 49.983101 -3.012250
vt 49.974899 -3.019050
vt 49.980400 -3.019870
vt 50.007099 -3.023950
vt 50.013599 -3.024650
vt 49.998699 -3.018940
vt 49.993198 -3.012180
vt 49.988300 -3.017660
vt 49.986599 -3.020630
vt 49.999699 -3.022240
vt 49.993099 -3.016370
vt 49.993000 -3.021920
vt 49.986599 -3.030290
vt 49.997601 -3.031650
vt 49.991901 -3.031460
vt 49.988300 -3.043180
vt 49.993698 -3.044080
vt 49.998600 -3.044380
vt 49.990398 -3.059200
vt 49.994801 -3.060020
vt 49.999401 -3.060460
vt 50.001400 -3.084310
vt 50.006699 -3.084560
vt 50.004902 -3.075870
vt 50.004299 -3.073040
vt 50.000500 -3.076370
vt 50.006100 -3.084240
vt 49.989101 -3.082420
vt 49.993000 -3.074590
vt 49.988300 -3.070470
vt 50.001701 -3.076860
vt 49.996300 -3.076310
vt 49.995701 -3.084290
vt 49.991001 -3.075170
vt 49.997002 -3.069560
vt 49.997002 -3.072730
vt 49.994999 -3.055810
vt 49.988998 -3.055280
vt 49.994900 -3.043850
vt 49.986401 -3.039070
vt 50.000198 -3.057250
vt 50.001598 -3.041380
vt 49.988899 -3.083510
vt 49.988400 -3.094420
vt 49.983299 -3.092910
vt 49.987099 -3.101660
vt 50.000702 -3.101860
vt 50.006401 -3.093020
vt 49.999802 -3.094970
vt 49.997200 -3.099020
vt 49.993900 -3.095290
vt 49.993801 -3.100000
vt 49.990601 -3.098720
vt 50.012199 -3.091600
vt 49.980598 -2.995100
vt 49.984699 -2.981840
vt 49.978600 -2.981560
vt 49.974098 -2.998280
vt 49.985100 -3.012980
vt 49.990299 -3.017600
vt 49.976101 -3.024190
vt 49.985298 -3.030440
vt 50.015701 -3.013520
vt 49.998501 -3.017460
vt 49.998100 -3.032030
vt 50.004700 -3.013980
vt 50.010101 -3.016760
vt 50.011200 -3.013840
vt 50.005100 -3.010560
vt 50.019798 -2.996710
vt 50.014400 -2.996920
vt 50.013699 -3.000170
vt 50.007301 -3.002670
vt 50.013802 -3.003270
vt 50.006199 -2.999370
vt 50.015598 -2.985720
vt 50.015400 -2.982390
vt 50.009102 -2.984120
vt 50.008499 -2.987580
vt 50.005699 -3.001400
vt 50.000099 -3.002680
vt 49.998901 -3.015470
vt 50.014599 -3.011870
vt 49.997398 -3.002730
vt 49.991299 -3.015600
vt 49.995701 -3.001220
vt 49.986599 -3.011380
vt 49.994202 -2.995390
vt 49.982498 -2.995020
vt 49.995602 -2.991050
vt 49.986301 -2.982880
vt 49.997299 -2.989220
vt 49.991001 -2.977750
vt 49.999500 -2.988320
vt 49.997299 -2.975200
vt 50.005901 -2.989960
vt 50.015099 -2.979810
vt 50.007401 -2.994020
vt 50.019402 -2.991200
vt 50.007500 -2.997790
vt 50.019600 -3.001770
vt 50.007900 -2.996320
vt 50.010700 -2.990300
vt 50.016998 -2.988560
vt 50.013100 -3.011160
vt 50.007801 -3.008380
vt 49.955700 -2.985830
vt 49.951900 -2.986260
vt 49.951599 -2.989080
vt 49.948200 -2.985830
vt 49.961300 -2.995470
vt 49.973598 -2.993790
vt 49.966202 -2.986660
vt 49.959000 -2.987640
vt 49.951099 -2.995460
vt 49.943699 -2.987580
vt 49.940498 -2.994970
vt 49.937901 -2.985470
vt 49.931000 -2.992180
vt 49.962101 -3.005820
vt 49.976002 -3.005360
vt 49.951099 -3.005730
vt 49.939800 -3.005860
vt 49.927799 -3.005380
vt 49.973900 -3.016900
vt 49.961601 -3.016020
vt 49.951401 -3.015840
vt 49.940701 -3.016590
vt 49.931400 -3.018570
vt 49.966702 -3.023890
vt 49.959499 -3.023480
vt 49.952000 -3.022020
vt 49.944199 -3.023540
vt 49.938400 -3.025120
vt 49.952400 -3.024870
vt 49.956299 -3.025200
vt 49.988201 -2.983240
vt 49.992298 -2.988910
vt 49.998199 -2.983000
vt 49.992001 -2.976710
vt 49.955898 -2.984980
vt 49.961399 -2.989960
vt 49.965302 -2.983470
vt 49.993599 -2.997650
vt 50.001301 -2.996470
vt 49.992599 -3.006360
vt 49.998600 -3.009930
vt 49.988602 -3.012310
vt 49.961601 -3.005780
vt 49.956200 -3.008360
vt 49.963299 -3.015880
vt 49.983002 -2.994020
vt 49.980202 -2.989880
vt 49.987999 -2.994290
vt 49.988800 -3.012050
vt 49.995098 -3.006650
vt 49.993999 -2.994480
vt 49.996101 -2.984460
vt 49.990501 -2.979770
vt 49.980099 -2.993970
vt 49.980499 -3.013310
vt 49.981300 -2.977420
vt 49.972900 -3.011280
vt 49.973099 -2.993570
vt 49.972599 -2.978900
vt 49.967701 -2.993200
vt 49.968201 -3.005340
vt 49.968201 -2.983100
vt 49.963402 -2.993120
vt 49.964001 -2.998730
vt 49.964298 -2.988320
vt 49.993999 -2.996650
vt 49.997398 -2.996960
vt 49.997898 -2.992970
vt 49.992802 -2.987940
vt 49.997799 -3.000500
vt 49.992599 -3.003880
vt 50.016102 -2.984710
vt 50.011600 -2.979560
vt 50.007702 -2.986480
vt 50.001801 -2.976720
vt 50.001499 -2.989060
vt 50.006199 -3.008350
vt 49.998699 -3.006060
vt 50.000301 -3.014270
vt 49.996601 -2.983830
vt 49.992901 -3.008270
vt 49.983799 -3.109840
vt 49.978401 -3.128720
vt 50.006599 -3.117170
vt 50.003300 -3.107460
vt 50.015301 -3.105460
vt 50.010101 -3.107360
vt 50.015900 -3.113730
vt 50.021400 -3.111490
vt 50.008099 -3.121130
vt 49.985199 -3.129890
vt 50.014702 -3.134550
vt 50.018002 -3.133350
vt 50.016701 -3.127080
vt 50.015400 -3.140550
vt 50.018101 -3.140810
vt 50.021801 -3.132890
vt 50.021801 -3.125490
vt 49.986900 -3.149830
vt 49.981499 -3.144620
vt 49.979401 -3.146690
vt 49.985901 -3.151990
vt 49.984699 -3.143170
vt 49.988800 -3.148920
vt 49.992199 -3.153050
vt 49.991299 -3.155200
vt 49.982498 -3.136410
vt 49.990398 -3.127430
vt 49.981201 -3.129380
vt 49.978401 -3.137080
vt 49.970001 -3.129780
vt 49.973999 -3.136580
vt 49.984501 -3.153970
vt 49.985600 -3.151760
vt 49.980202 -3.146610
vt 49.977299 -3.148980
vt 49.992100 -3.154840
vt 49.991001 -3.157060
vt 49.971699 -3.139070
vt 49.977001 -3.139400
vt 49.978298 -3.130140
vt 49.969898 -3.129190
vt 49.983601 -3.150960
vt 49.984600 -3.148740
vt 49.980400 -3.144580
vt 49.977798 -3.146590
vt 49.989899 -3.153880
vt 49.990898 -3.151660
vt 49.980801 -3.137650
vt 49.975201 -3.139780
vt 49.984901 -3.099670
vt 50.002701 -3.097780
vt 50.008999 -3.097700
vt 50.013699 -3.096200
vt 49.993999 -3.155780
vt 49.994900 -3.153630
vt 50.020901 -3.139270
vt 50.041000 -2.916390
vt 50.033798 -2.919890
vt 50.041199 -2.922800
vt 50.044300 -2.920820
vt 50.048401 -2.918600
vt 50.051800 -2.921950
vt 50.056301 -2.918410
vt 50.054100 -2.924730
vt 50.062099 -2.922960
vt 50.061199 -2.928600
vt 50.054501 -2.926900
vt 50.032001 -2.925150
vt 50.040199 -2.924750
vt 50.067299 -2.930720
vt 50.069000 -2.922270
vt 50.026402 -2.917020
vt 50.024899 -2.925550
vt 50.047401 -2.925790
vt 50.048100 -2.920860
vt 50.057301 -2.936930
vt 50.051800 -2.936370
vt 50.034401 -2.933810
vt 50.040001 -2.934600
vt 50.049099 -2.948630
vt 50.045300 -2.947950
vt 50.037102 -2.946410
vt 50.033199 -2.945930
vt 50.030102 -2.965420
vt 50.026699 -2.965100
vt 50.037498 -2.966520
vt 50.040901 -2.967240
vt 50.030800 -3.011640
vt 50.035400 -3.007680
vt 50.028000 -3.004590
vt 50.026199 -3.006300
vt 50.025600 -3.010910
vt 50.023800 -3.006880
vt 50.020699 -3.009340
vt 50.021099 -3.006610
vt 50.018501 -3.006090
vt 50.015499 -3.009460
vt 50.016399 -3.004830
vt 50.010300 -3.009020
vt 50.015202 -3.002660
vt 50.007198 -3.004380
vt 50.007999 -2.998800
vt 50.014801 -3.000400
vt 50.037201 -3.002360
vt 50.028999 -3.002560
vt 50.034199 -3.016140
vt 50.042599 -3.011790
vt 50.005901 -3.012700
vt 50.000099 -3.006240
vt 50.001801 -2.997800
vt 50.044102 -3.003310
vt 50.021900 -3.001570
vt 50.011799 -2.991510
vt 50.017399 -2.991540
vt 50.034698 -2.994670
vt 50.029202 -2.993310
vt 50.019798 -2.980800
vt 50.023701 -2.981080
vt 50.031898 -2.982650
vt 50.035702 -2.983540
vt 50.015800 -3.017600
vt 50.018700 -3.005800
vt 50.009499 -3.005250
vt 50.006100 -3.016120
vt 50.025600 -3.019050
vt 50.027401 -3.007930
vt 50.001701 -3.015500
vt 50.003399 -3.024700
vt 50.007900 -3.024260
vt 50.014400 -3.025250
vt 50.021000 -3.026210
vt 50.026699 -3.028200
vt 50.030899 -3.019870
vt 50.032001 -3.030290
vt 50.007500 -3.039070
vt 50.004299 -3.039270
vt 50.012001 -3.038550
vt 50.016800 -3.040620
vt 50.021000 -3.041530
vt 50.025600 -3.043180
vt 50.003101 -3.055280
vt 49.999699 -3.055360
vt 50.016102 -3.057570
vt 50.011902 -3.056620
vt 50.020302 -3.059200
vt 49.992298 -3.079810
vt 49.998001 -3.070470
vt 49.994301 -3.070630
vt 49.988701 -3.079430
vt 49.998501 -3.082420
vt 50.011101 -3.082480
vt 50.013401 -3.073260
vt 50.007198 -3.071860
vt 50.003399 -3.081380
vt 50.016998 -3.083510
vt 50.018600 -3.075170
vt 49.998199 -3.089190
vt 49.988400 -3.088060
vt 49.988998 -3.101700
vt 49.997101 -3.103960
vt 50.007900 -3.091230
vt 50.005299 -3.104350
vt 50.013000 -3.092910
vt 50.011398 -3.101660
vt 50.016800 -3.098720
vt 50.016998 -3.094420
vt 49.983898 -3.088190
vt 49.973400 -3.128720
vt 49.979599 -3.128180
vt 49.986500 -3.107650
vt 50.021500 -3.109840
vt 50.009102 -3.109340
vt 50.018501 -3.128960
vt 50.027000 -3.128720
vt 49.997501 -3.108920
vt 49.999298 -3.129120
vt 50.007500 -3.129190
vt 49.988800 -3.129780
vt 49.973801 -3.135490
vt 49.975700 -3.134550
vt 49.973400 -3.127450
vt 49.970402 -3.126910
vt 49.978100 -3.127080
vt 49.979099 -3.140550
vt 49.977200 -3.141500
vt 49.979599 -3.136600
vt 49.984901 -3.136580
vt 49.975601 -3.136130
vt 49.981800 -3.147160
vt 49.985699 -3.146690
vt 49.978901 -3.146360
vt 49.998501 -3.139260
vt 50.004101 -3.139070
vt 49.993500 -3.138860
vt 49.998901 -3.149570
vt 50.002998 -3.148980
vt 49.995300 -3.148830
vt 50.017502 -3.139830
vt 50.022301 -3.139780
vt 50.012699 -3.139300
vt 50.016399 -3.147080
vt 50.020100 -3.146590
vt 50.012699 -3.146220
vt 50.020199 -3.099670
vt 50.008801 -3.099280
vt 49.998199 -3.098940
vt 49.988098 -3.097930
vt 50.006001 -3.087180
vt 50.002201 -3.087160
vt 50.006699 -2.925550
vt 50.014198 -2.925150
vt 50.013302 -2.919890
vt 49.994598 -2.917240
vt 49.995098 -2.926450
vt 50.006199 -2.917020
vt 49.983101 -2.919100
vt 49.983299 -2.927650
vt 49.976101 -2.923230
vt 49.975700 -2.928610
vt 50.009499 -2.933810
vt 50.002998 -2.933530
vt 49.995098 -2.934120
vt 49.987202 -2.934960
vt 49.980598 -2.936420
vt 50.005001 -2.945930
vt 50.000500 -2.945780
vt 49.994999 -2.946200
vt 49.989498 -2.946780
vt 49.984901 -2.947810
vt 49.988998 -2.966590
vt 49.992699 -2.965890
vt 49.997299 -2.965380
vt 50.001900 -2.965070
vt 50.005600 -2.965100
vt 50.005299 -3.014240
vt 50.016701 -3.012700
vt 50.017899 -3.006240
vt 50.004700 -3.007390
vt 50.016998 -2.997800
vt 50.003502 -2.998220
vt 49.991501 -3.008610
vt 49.993801 -3.014760
vt 49.990101 -3.000220
vt 49.984501 -3.007940
vt 49.983799 -3.002350
vt 50.006001 -2.981090
vt 49.999901 -2.981390
vt 50.002300 -2.992490
vt 50.011101 -2.992020
vt 49.993801 -2.982140
vt 49.993599 -2.993590
vt 49.989601 -2.982680
vt 49.987701 -2.994130
vt 50.010101 -2.980800
vt 50.005501 -3.008220
vt 49.993301 -3.011650
vt 49.999599 -3.013980
vt 50.005199 -3.011390
vt 50.010101 -3.012690
vt 50.015499 -3.008070
vt 50.018101 -3.015500
vt 50.010502 -3.015740
vt 49.991501 -3.019730
vt 49.999901 -3.017030
vt 50.024200 -3.016120
vt 50.020199 -3.005250
vt 50.005199 -3.016350
vt 50.016998 -3.024700
vt 50.009602 -3.025890
vt 49.995800 -3.027710
vt 50.001301 -3.026840
vt 50.020699 -3.024260
vt 49.985600 -3.022110
vt 49.992199 -3.028650
vt 50.012001 -3.039270
vt 50.007999 -3.040140
vt 49.998600 -3.041070
vt 50.003899 -3.040440
vt 50.003201 -3.056430
vt 49.999401 -3.056970
vt 50.006802 -3.056000
vt 50.010300 -3.055360
vt 49.998798 -3.079920
vt 50.000301 -3.071960
vt 49.995899 -3.072750
vt 49.994202 -3.080800
vt 50.006599 -3.079450
vt 50.006500 -3.071320
vt 50.010399 -3.079430
vt 50.010399 -3.070630
vt 50.016201 -3.081380
vt 50.012100 -3.071860
vt 50.007000 -3.074590
vt 50.010899 -3.082420
vt 50.005299 -3.057340
vt 50.003300 -3.070570
vt 50.011299 -3.056620
vt 50.012798 -3.040620
vt 50.005299 -3.044290
vt 50.000500 -3.042470
vt 50.000301 -3.058530
vt 49.996101 -3.074400
vt 50.004799 -3.097610
vt 50.004601 -3.094700
vt 50.001202 -3.093730
vt 49.997898 -3.097550
vt 50.007801 -3.093410
vt 50.011600 -3.097270
vt 50.010300 -3.089080
vt 50.015301 -3.088190
vt 49.997799 -3.089530
vt 49.992199 -3.088460
vt 50.005199 -3.101960
vt 50.020401 -3.088060
vt 50.014801 -3.101700
vt 49.995399 -3.102150
vt 50.004200 -3.089410
vt 50.015900 -3.008750
vt 50.015900 -3.015520
vt 50.023998 -3.016060
vt 50.024601 -3.001750
vt 50.004299 -3.001840
vt 50.003502 -3.013290
vt 50.016201 -2.997780
vt 50.001301 -3.028190
vt 50.015202 -2.978640
vt 50.008099 -2.971610
vt 50.005600 -2.979230
vt 50.011002 -2.983820
vt 49.985600 -2.999420
vt 49.981201 -3.010180
vt 49.990398 -3.016750
vt 49.990501 -3.025940
vt 49.989300 -2.983600
vt 49.978298 -2.992850
vt 49.985199 -2.975110
vt 50.021702 -2.988070
vt 50.015400 -3.020920
vt 50.016602 -3.022820
vt 50.019299 -3.020930
vt 50.018101 -3.019030
vt 50.021801 -3.022160
vt 50.016701 -3.021870
vt 50.013401 -3.026590
vt 50.014801 -3.029560
vt 49.980701 -3.018160
vt 49.987099 -3.014920
vt 49.985901 -3.011790
vt 49.979401 -3.014310
vt 49.988899 -3.017380
vt 49.994301 -3.014610
vt 49.993999 -3.011190
vt 49.991299 -3.009010
vt 49.983101 -3.021070
vt 49.977100 -3.001090
vt 49.984501 -3.000420
vt 49.984501 -2.997070
vt 49.977299 -2.997020
vt 49.985199 -3.003420
vt 49.991699 -3.002820
vt 49.992699 -2.999520
vt 49.991001 -2.996470
vt 49.978100 -3.004690
vt 49.976299 -2.983640
vt 49.982399 -2.985400
vt 49.983601 -2.982240
vt 49.977798 -2.979880
vt 49.989899 -2.983980
vt 49.990501 -2.987440
vt 49.976002 -2.987350
vt 49.981998 -2.988420
vt 49.988300 -2.990150
vt 50.020901 -3.018010
vt 50.022099 -3.019910
vt 50.057301 -2.990320
vt 50.061298 -2.996100
vt 50.067299 -2.991470
vt 50.062302 -3.004810
vt 50.070000 -3.004880
vt 50.061001 -3.013550
vt 50.066898 -3.018400
vt 50.056900 -3.019390
vt 50.060699 -3.024830
vt 50.030102 -3.012850
vt 50.024601 -3.016650
vt 50.031502 -3.024310
vt 50.026501 -2.984570
vt 50.034199 -2.984500
vt 50.030800 -2.976810
vt 50.025600 -2.977940
vt 50.020100 -2.984730
vt 50.020699 -2.978990
vt 50.015499 -2.977890
vt 50.013100 -2.984550
vt 50.010300 -2.976650
vt 50.005901 -2.983330
vt 50.035000 -2.994760
vt 50.044701 -2.995420
vt 50.042599 -2.983930
vt 50.026600 -2.994630
vt 50.019798 -2.994780
vt 50.012299 -2.994620
vt 50.004700 -2.994690
vt 50.000099 -2.982140
vt 49.996498 -2.995260
vt 50.042301 -3.007040
vt 50.033901 -3.005210
vt 50.026199 -3.004950
vt 50.019798 -3.005110
vt 50.012798 -3.004930
vt 50.005600 -3.006180
vt 49.999802 -3.008530
vt 50.034901 -3.014460
vt 50.030300 -3.013730
vt 50.025101 -3.012700
vt 50.020302 -3.011930
vt 50.014999 -3.012710
vt 50.009800 -3.013750
vt 50.006599 -3.015500
vt 50.023300 -3.015490
vt 50.020599 -3.015230
vt 50.018002 -3.015460
vt 50.014999 -3.008610
vt 50.008999 -3.007770
vt 50.008202 -3.014430
vt 50.016800 -3.015930
vt 50.021000 -3.007180
vt 50.025200 -3.013610
vt 50.030800 -3.007110
vt 50.032299 -2.997560
vt 50.026901 -3.003100
vt 50.012001 -2.988070
vt 50.007500 -2.986440
vt 50.009602 -2.994910
vt 50.011501 -2.994320
vt 50.014400 -2.994690
vt 50.016800 -2.987190
vt 50.008099 -3.001630
vt 50.012299 -2.999860
vt 50.016201 -2.999550
vt 49.985100 -3.002070
vt 49.990299 -3.004550
vt 49.990200 -2.994770
vt 49.988998 -2.985220
vt 49.984299 -2.988440
vt 49.997700 -2.994320
vt 49.998001 -3.004960
vt 49.997101 -2.983730
vt 50.005600 -3.003790
vt 50.005100 -2.994030
vt 50.005299 -2.984410
vt 50.011700 -3.000740
vt 50.012199 -2.993890
vt 50.011398 -2.987090
vt 50.016998 -2.997160
vt 50.017101 -2.993790
vt 50.016800 -2.990570
vt 49.998100 -3.116010
vt 50.020401 -3.128720
vt 50.015701 -3.107650
vt 50.009499 -3.127040
vt 49.998699 -3.123160
vt 49.980301 -3.125700
vt 49.979900 -3.134960
vt 49.984100 -3.135490
vt 49.985199 -3.126910
vt 49.983398 -3.141500
vt 49.980701 -3.141750
vt 49.976799 -3.124950
vt 49.976898 -3.133830
vt 49.985298 -3.112180
vt 49.976101 -3.113050
vt 50.014801 -3.144290
vt 50.010101 -3.149560
vt 50.011101 -3.151720
vt 50.016899 -3.146360
vt 50.004700 -3.152780
vt 50.005699 -3.154930
vt 50.016499 -3.136630
vt 50.020901 -3.136130
vt 50.019001 -3.146460
vt 50.013802 -3.151640
vt 50.014801 -3.153840
vt 50.021900 -3.148830
vt 50.007301 -3.154720
vt 50.008301 -3.156930
vt 50.018799 -3.129380
vt 50.021900 -3.139190
vt 50.027302 -3.138860
vt 50.029999 -3.129780
vt 50.021500 -3.144200
vt 50.016998 -3.148430
vt 50.018002 -3.150650
vt 50.023998 -3.146220
vt 50.010700 -3.151340
vt 50.011700 -3.153560
vt 50.018101 -3.142630
vt 50.021702 -3.130140
vt 50.010700 -3.129490
vt 50.017502 -3.137000
vt 50.021599 -3.137170
vt 50.027199 -3.139300
vt 50.030102 -3.129190
vt 49.991299 -3.093200
vt 49.986599 -3.092340
vt 49.985100 -3.100610
vt 49.990299 -3.101690
vt 50.014599 -3.097930
vt 49.998901 -3.094840
vt 49.998501 -3.103750
vt 49.977901 -3.140210
vt 49.938400 -2.926520
vt 49.931400 -2.924640
vt 49.933102 -2.933140
vt 49.939301 -2.932150
vt 49.975399 -2.927650
vt 49.973900 -2.919100
vt 49.966702 -2.923230
vt 49.959301 -2.926380
vt 49.959499 -2.919620
vt 49.956299 -2.924360
vt 49.952000 -2.921570
vt 49.948700 -2.925490
vt 49.952400 -2.924330
vt 49.944199 -2.921650
vt 49.946400 -2.928310
vt 49.946098 -2.930590
vt 49.960300 -2.928440
vt 49.968498 -2.928610
vt 49.953201 -2.929450
vt 49.943100 -2.939540
vt 49.948700 -2.939540
vt 49.966000 -2.936420
vt 49.960499 -2.937780
vt 49.951199 -2.950450
vt 49.955101 -2.950130
vt 49.963299 -2.948740
vt 49.967098 -2.947810
vt 49.959301 -2.968730
vt 49.962799 -2.968420
vt 49.970200 -2.967320
vt 49.973598 -2.966590
vt 49.956200 -3.005410
vt 49.957699 -3.013870
vt 49.965099 -3.011030
vt 49.972500 -3.008170
vt 49.969700 -3.014960
vt 49.974300 -3.009860
vt 49.974899 -3.014040
vt 49.976700 -3.010400
vt 49.984100 -3.008400
vt 49.981998 -3.009600
vt 49.985001 -3.012590
vt 49.990200 -3.012360
vt 49.985401 -3.006230
vt 49.993401 -3.007940
vt 49.992500 -3.002350
vt 49.985802 -3.004080
vt 49.971500 -3.006230
vt 49.963299 -3.005820
vt 49.978699 -3.005200
vt 49.979401 -3.010090
vt 49.988602 -2.994130
vt 49.998600 -3.000220
vt 49.983101 -2.994700
vt 49.965698 -2.997250
vt 49.971298 -2.996470
vt 49.980499 -2.982680
vt 49.976601 -2.983400
vt 49.968399 -2.984770
vt 49.964500 -2.985270
vt 49.988800 -3.010340
vt 49.991798 -3.022110
vt 49.997398 -3.019730
vt 49.995098 -3.011650
vt 49.983200 -3.023800
vt 49.980499 -3.011140
vt 49.974800 -3.024650
vt 49.972900 -3.012730
vt 49.991001 -3.028650
vt 49.996101 -3.027710
vt 49.969200 -3.023950
vt 49.973099 -3.031170
vt 49.979000 -3.030450
vt 49.991901 -3.041380
vt 49.995300 -3.041070
vt 49.987701 -3.040320
vt 49.985001 -3.029750
vt 49.983799 -3.042470
vt 49.978600 -3.043680
vt 49.974098 -3.044380
vt 49.967701 -3.031650
vt 49.983398 -3.059760
vt 49.987999 -3.058530
vt 49.996498 -3.057250
vt 50.000702 -3.056970
vt 49.979301 -3.060460
vt 49.986698 -3.075870
vt 49.980900 -3.076860
vt 49.982300 -3.084310
vt 49.992901 -3.083630
vt 49.992599 -3.074400
vt 49.986900 -3.084560
vt 49.998699 -3.084240
vt 49.997799 -3.076370
vt 50.006199 -3.081780
vt 50.001701 -3.073040
vt 50.010799 -3.080800
vt 50.006302 -3.072750
vt 50.014702 -3.088460
vt 50.008900 -3.088850
vt 50.009701 -3.102150
vt 50.000301 -3.090130
vt 50.001999 -3.104450
vt 49.991901 -3.091600
vt 49.994400 -3.104640
vt 49.986698 -3.093020
vt 49.988300 -3.101860
s 1
usemtl Leftarm201Mtl
f 4/1/1 6/2/2 5/3/3
f 7/4/4 8/5/5 2/6/6
f 2/6/6 1/7/7 7/4/4
f 9/8/8 6/2/2 4/1/1
f 4/1/1 10/9/9 9/8/8
f 4/1/1 3/6/10 11/5/11
f 11/5/11 10/9/9 4/1/1
f 12/10/12 7/4/4 1/7/7
f 20/11/13 21/12/14 22/13/15
f 22/13/15 23/14/16 20/11/13
f 21/12/14 25/15/17 26/16/18
f 26/16/18 22/13/15 21/12/14
f 23/14/16 6/2/2 9/8/8
f 9/8/8 20/11/13 23/14/16
f 29/17/19 30/18/20 31/19/21
f 31/19/21 32/20/22 29/17/19
f 27/21/23 28/22/24 33/23/25
f 33/23/25 34/24/26 27/21/23
f 15/25/27 35/26/28 36/27/29
f 36/27/29 16/28/30 15/25/27
f 14/29/31 37/30/32 35/26/33
f 35/26/28 27/21/23 34/24/26
f 34/24/26 36/27/29 35/26/28
f 39/31/34 40/32/35 38/33/36
f 41/34/37 42/35/38 43/36/39
f 43/36/39 44/37/40 41/34/37
f 40/32/35 39/31/34 46/38/41
f 46/38/41 47/39/42 40/32/35
f 14/29/43 13/40/44 48/41/45
f 48/41/45 49/42/46 14/29/43
f 18/43/47 50/44/48 48/41/45
f 48/41/45 13/40/44 18/43/47
f 48/41/45 40/32/35 47/39/42
f 47/39/42 49/42/46 48/41/45
f 48/41/45 50/44/48 38/33/36
f 38/33/36 40/32/35 48/41/45
f 51/45/49 52/46/50 53/47/51
f 53/47/51 54/48/52 51/45/49
f 55/49/53 56/50/54 57/51/55
f 57/51/55 58/52/56 55/49/53
f 54/48/52 53/47/51 60/53/57
f 19/54/58 62/55/59 61/56/60
f 61/56/60 17/57/61 19/54/58
f 62/55/59 51/45/49 54/48/52
f 54/48/52 61/56/60 62/55/59
f 64/58/62 63/59/63 65/60/64
f 65/60/64 66/61/65 64/58/62
f 66/61/65 65/60/64 67/3/3
f 67/3/3 68/62/66 66/61/65
f 69/63/67 45/64/68 42/35/38
f 42/35/38 41/34/37 69/63/67
f 70/65/69 58/52/56 57/51/55
f 57/51/55 59/66/70 70/65/69
f 24/67/71 22/13/15 26/16/18
f 73/68/72 71/69/73 72/70/74
f 72/70/74 74/71/75 73/68/72
f 75/72/76 76/68/77 77/71/78
f 77/71/78 78/73/79 75/72/76
f 86/74/80 80/75/81 79/76/82
f 79/76/82 85/77/83 86/74/80
f 86/74/80 87/78/84 81/79/85
f 81/79/85 80/75/81 86/74/80
f 88/78/84 89/80/86 82/81/87
f 82/81/87 83/79/88 88/78/84
f 89/80/86 90/82/89 84/83/90
f 84/83/90 82/81/87 89/80/86
f 92/84/91 86/74/80 85/77/83
f 85/77/83 91/85/92 92/84/91
f 93/86/93 87/78/84 86/74/80
f 86/74/80 92/84/91 93/86/93
f 94/87/94 89/80/86 88/78/84
f 88/78/84 95/86/95 94/87/94
f 94/87/94 96/88/96 90/82/89
f 90/82/89 89/80/86 94/87/94
f 100/89/97 98/90/98 97/91/99
f 101/92/100 102/93/101 100/89/102
f 100/89/102 99/94/103 101/92/100
f 103/95/104 105/96/105 106/93/106
f 106/93/106 104/92/107 103/95/104
f 107/97/108 108/98/109 105/96/110
f 109/99/111 98/90/98 100/89/97
f 110/100/112 100/89/102 102/93/101
f 102/93/101 111/101/113 110/100/112
f 112/102/114 113/101/115 106/93/106
f 106/93/106 105/96/105 112/102/114
f 108/98/109 114/103/116 112/102/114
f 115/104/117 109/99/118 110/100/112
f 110/100/112 116/105/119 115/104/117
f 116/105/119 110/100/112 111/101/113
f 111/101/113 117/106/120 116/105/119
f 118/106/121 113/101/115 112/102/114
f 112/102/114 119/107/122 118/106/121
f 120/108/123 119/107/122 112/102/114
f 112/102/114 114/103/116 120/108/123
f 96/88/96 94/87/94 119/107/122
f 119/107/122 120/108/123 96/88/96
f 95/86/95 118/106/121 119/107/122
f 119/107/122 94/87/94 95/86/95
f 92/84/91 116/105/119 117/106/120
f 117/106/120 93/86/93 92/84/91
f 91/85/92 115/104/117 116/105/119
f 116/105/119 92/84/91 91/85/92
f 127/109/124 121/110/125 122/111/126
f 124/111/127 123/112/128 129/113/129
f 129/113/129 123/112/128 125/114/130
f 125/114/130 131/115/131 129/113/129
f 132/116/132 126/117/133 121/110/125
f 121/110/125 127/109/124 132/116/132
f 133/118/134 127/109/124 128/119/135
f 130/119/136 129/113/129 135/120/137
f 135/120/137 129/113/129 131/115/131
f 131/115/131 137/121/138 135/120/137
f 138/122/139 132/116/132 127/109/124
f 127/109/124 133/118/134 138/122/139
f 133/118/134 134/123/140 139/124/141
f 136/123/142 135/120/137 139/124/141
f 135/120/137 137/121/138 139/124/141
f 138/122/139 133/118/134 139/124/141
f 140/125/143 137/121/138 131/115/131
f 132/116/132 138/122/139 141/126/144
f 142/127/145 139/124/141 137/121/138
f 137/121/138 140/125/143 142/127/145
f 142/127/145 141/126/144 138/122/139
f 138/122/139 139/124/141 142/127/145
f 145/128/146 147/129/147 142/127/145
f 142/127/145 140/125/143 145/128/146
f 147/129/147 146/130/148 141/126/144
f 141/126/144 142/127/145 147/129/147
f 150/131/149 151/132/150 147/129/147
f 147/129/147 145/128/146 150/131/149
f 151/132/150 152/133/151 146/130/148
f 146/130/148 147/129/147 151/132/150
f 153/134/152 154/135/153 155/136/154
f 158/137/155 159/138/156 157/139/157
f 161/140/158 162/141/159 160/142/160
f 156/143/161 165/144/162 166/145/163
f 166/145/163 153/134/152 156/143/161
f 164/146/164 165/144/162 151/132/150
f 151/132/150 150/131/149 164/146/164
f 165/144/162 156/143/161 152/133/151
f 152/133/151 151/132/150 165/144/162
f 167/147/165 160/142/160 162/141/159
f 162/141/159 168/148/166 167/147/165
f 167/147/165 169/149/167 149/150/168
f 149/150/168 160/142/160 167/147/165
f 170/151/169 143/152/170 149/150/168
f 149/150/168 169/149/167 170/151/169
f 159/138/156 158/137/155 171/147/171
f 171/147/171 172/148/172 159/138/156
f 148/153/173 173/149/174 171/147/171
f 171/147/171 158/137/155 148/153/173
f 148/153/173 144/154/175 174/151/176
f 174/151/176 173/149/174 148/153/173
f 166/145/163 165/144/162 164/146/164
f 164/146/164 163/155/177 166/145/163
f 184/156/178 178/157/179 177/158/180
f 176/159/181 179/160/182 185/161/183
f 185/161/183 180/162/184 176/159/181
f 180/162/184 186/163/185 181/164/186
f 183/164/187 186/163/185 182/165/188
f 182/165/188 186/163/185 184/156/178
f 185/161/183 186/163/185 180/162/184
f 154/135/153 179/160/182 175/166/189
f 178/157/179 184/156/178 163/155/177
f 153/134/152 185/161/183 179/160/182
f 179/160/182 154/135/153 153/134/152
f 184/156/178 186/163/185 166/145/163
f 166/145/163 163/155/177 184/156/178
f 166/145/163 186/163/185 185/161/183
f 185/161/183 153/134/152 166/145/163
f 187/167/190 188/168/191 189/169/192
f 189/169/192 190/170/193 187/167/190
f 191/171/194 187/167/190 190/170/193
f 193/172/195 191/171/196 192/173/197
f 192/173/197 194/174/198 193/172/195
f 195/175/199 196/176/200 197/177/201
f 196/176/200 193/172/195 194/174/198
f 194/174/198 197/177/201 196/176/200
f 200/178/202 201/179/25 199/180/203
f 199/180/203 202/181/204 200/178/202
f 203/182/205 204/183/206 205/184/207
f 206/185/208 207/186/209 205/184/207
f 205/184/207 208/187/210 206/185/208
f 210/188/211 209/189/212 211/190/213
f 211/190/213 212/191/214 210/188/211
f 225/192/215 226/193/216 222/194/217
f 222/194/217 221/195/218 225/192/215
f 227/196/219 220/197/220 222/194/217
f 222/194/217 226/193/216 227/196/219
f 227/196/219 228/198/221 219/199/66
f 219/199/66 220/197/220 227/196/219
f 228/198/221 229/200/222 218/201/223
f 218/201/223 219/199/66 228/198/221
f 230/202/224 217/203/225 218/201/223
f 218/201/223 229/200/222 230/202/224
f 231/204/226 216/205/227 217/203/225
f 217/203/225 230/202/224 231/204/226
f 232/206/228 215/207/229 216/205/227
f 216/205/227 231/204/226 232/206/228
f 233/208/230 214/209/231 215/207/229
f 215/207/229 232/206/228 233/208/230
f 233/208/230 234/210/232 223/211/233
f 223/211/233 214/209/231 233/208/230
f 235/212/234 224/213/235 223/211/236
f 225/192/215 221/195/218 224/213/235
f 224/213/235 235/212/234 225/192/215
f 205/184/207 204/183/206 236/214/67
f 236/214/67 208/187/210 205/184/207
f 237/215/237 213/216/238 210/188/211
f 210/188/211 212/191/214 237/215/237
f 199/180/203 198/217/239 238/218/240
f 238/218/240 202/181/204 199/180/203
f 241/219/241 243/220/242 242/221/243
f 244/221/244 245/220/245 246/222/246
f 249/223/247 250/224/248 240/225/249
f 240/225/249 239/226/250 249/223/247
f 251/227/251 249/223/247 239/226/250
f 239/226/250 242/221/252 251/227/251
f 252/227/253 244/221/254 247/228/255
f 247/228/255 253/229/256 252/227/253
f 253/229/256 247/228/255 248/230/257
f 248/230/257 254/231/258 253/229/256
f 255/232/259 256/233/260 250/224/248
f 250/224/248 249/223/247 255/232/259
f 257/234/261 255/232/259 249/223/247
f 249/223/247 251/227/251 257/234/261
f 258/234/262 252/227/253 253/229/256
f 253/229/256 259/235/263 258/234/262
f 259/235/263 253/229/256 254/231/258
f 254/231/258 260/236/264 259/235/263
f 261/237/265 262/233/266 263/232/267
f 263/232/267 264/238/268 261/237/265
f 264/238/268 263/232/267 265/234/269
f 265/234/269 266/239/270 264/238/268
f 267/240/271 268/239/272 269/234/273
f 269/234/273 270/235/274 267/240/271
f 271/241/275 267/240/271 270/235/274
f 270/235/274 272/236/276 271/241/275
f 273/242/277 261/237/265 264/238/268
f 264/238/268 274/243/278 273/242/277
f 274/243/278 264/238/268 266/239/270
f 266/239/270 275/244/279 274/243/278
f 276/245/280 277/244/281 268/239/272
f 268/239/272 267/240/271 276/245/280
f 278/246/282 276/245/280 267/240/271
f 267/240/271 271/241/275 278/246/282
f 275/244/283 280/247/284 279/248/285
f 289/249/286 291/250/287 282/251/288
f 282/251/288 281/252/289 289/249/286
f 283/253/102 292/254/290 290/255/291
f 291/250/287 293/256/292 284/257/293
f 284/257/293 282/251/288 291/250/287
f 294/258/294 286/259/295 285/257/296
f 285/257/296 295/256/297 294/258/294
f 286/259/295 294/258/294 297/260/298
f 296/261/299 287/262/300 288/263/301
f 299/264/302 291/250/287 289/249/286
f 289/249/286 298/265/303 299/264/302
f 304/266/304 305/267/305 301/268/306
f 301/268/306 300/269/307 304/266/304
f 306/266/308 302/269/309 303/270/310
f 303/270/310 307/271/311 306/266/308
f 308/272/312 309/273/313 305/267/305
f 305/267/305 304/266/304 308/272/312
f 310/272/314 306/266/308 307/271/311
f 307/271/311 311/274/315 310/272/314
f 312/275/316 313/273/317 314/272/318
f 314/272/318 315/276/319 312/275/316
f 316/277/320 317/276/321 318/272/322
f 318/272/322 319/274/323 316/277/320
f 315/276/324 321/278/325 320/279/326
f 322/280/327 323/278/328 317/276/127
f 321/278/329 325/281/330 324/282/331
f 326/283/332 327/281/333 323/278/136
f 340/284/334 341/285/335 338/286/336
f 338/286/336 337/287/337 340/284/334
f 331/288/338 343/285/339 342/284/340
f 342/284/340 329/289/341 331/288/338
f 344/290/342 345/291/343 334/292/344
f 346/293/345 335/294/346 334/292/347
f 333/295/348 332/296/349 347/297/350
f 336/298/351 339/294/352 348/293/353
f 349/297/354 330/296/355 328/299/356
f 350/300/357 351/301/358 352/302/359
f 352/302/359 353/303/360 350/300/357
f 354/304/361 355/305/362 356/306/363
f 356/306/363 357/307/364 354/304/361
f 355/305/362 353/303/360 352/302/359
f 352/302/359 356/306/363 355/305/362
f 356/306/363 352/302/359 358/308/365
f 360/309/366 358/308/365 352/302/359
f 352/302/359 351/301/358 360/309/366
f 365/310/367 366/311/368 364/312/369
f 366/311/368 365/310/367 367/313/370
f 367/313/370 368/314/371 366/311/368
f 364/312/369 366/311/368 369/315/372
f 369/315/372 370/316/373 364/312/369
f 371/317/374 372/318/375 373/319/376
f 373/319/376 374/320/377 371/317/374
f 375/321/378 376/318/379 377/317/380
f 377/317/380 378/322/381 375/321/378
f 381/323/382 371/317/374 374/320/377
f 374/320/377 382/324/383 381/323/382
f 383/325/33 362/326/27 361/327/31
f 385/328/384 386/327/385 363/329/386
f 363/329/386 387/330/387 385/328/384
f 383/325/33 384/328/32 376/318/379
f 376/318/379 375/321/378 383/325/33
f 373/319/376 372/318/375 385/328/384
f 385/328/384 387/330/387 373/319/376
f 388/331/388 389/332/389 390/333/390
f 390/333/390 391/334/391 388/331/388
f 392/335/392 389/332/389 388/331/388
f 388/331/388 393/336/393 392/335/392
f 394/337/394 395/338/395 396/339/396
f 396/339/396 359/340/397 394/337/394
f 391/334/391 390/333/390 395/338/395
f 395/338/395 394/337/394 391/334/391
f 397/341/398 398/342/399 399/343/49
f 399/343/49 400/344/400 397/341/398
f 401/345/401 402/346/402 398/342/399
f 398/342/399 397/341/398 401/345/401
f 403/347/403 360/309/366 351/301/358
f 351/301/358 404/348/404 403/347/403
f 399/343/49 403/347/403 404/348/404
f 404/348/404 400/344/400 399/343/49
f 405/349/405 406/300/357 407/303/406
f 407/303/406 408/350/407 405/349/405
f 409/351/408 410/305/409 411/304/410
f 411/304/410 412/352/411 409/351/408
f 408/350/407 407/303/406 413/305/412
f 413/305/412 409/351/413 408/350/407
f 414/323/414 382/324/415 380/353/416
f 380/353/416 379/354/417 414/323/414
f 415/355/418 369/315/372 366/311/368
f 366/311/368 368/314/371 415/355/418
f 416/356/419 417/357/420 418/358/421
f 418/358/421 419/359/422 416/356/419
f 420/360/423 416/356/419 419/359/422
f 424/361/246 425/362/424 422/360/425
f 425/362/424 424/361/246 426/363/426
f 426/363/426 427/364/427 425/362/424
f 428/365/428 427/364/427 426/363/426
f 426/363/426 429/366/429 428/365/428
f 417/357/420 430/367/430 431/368/431
f 431/368/431 418/358/421 417/357/420
f 434/369/432 433/370/73 427/364/427
f 427/364/427 428/365/428 434/369/432
f 417/357/433 432/371/434 435/372/435
f 419/359/422 418/358/421 436/373/436
f 421/374/437 419/359/422 436/373/436
f 424/361/246 423/374/438 436/373/436
f 426/363/426 424/361/246 436/373/436
f 429/366/429 426/363/426 436/373/436
f 418/358/421 431/368/431 436/373/436
f 437/375/439 428/365/428 429/366/429
f 429/366/429 438/376/440 437/375/439
f 439/377/441 440/378/442 431/368/431
f 431/368/431 430/367/430 439/377/441
f 434/369/432 428/365/428 437/375/439
f 438/376/440 429/366/429 436/373/436
f 441/379/443 437/375/439 438/376/440
f 438/376/440 442/380/444 441/379/443
f 443/381/445 440/378/442 439/377/441
f 439/377/441 444/382/446 443/381/445
f 440/378/442 443/381/445 442/380/444
f 442/380/444 438/376/440 440/378/442
f 446/383/447 443/381/445 444/382/446
f 444/382/446 445/384/448 446/383/447
f 443/381/445 446/383/447 447/385/449
f 447/385/449 442/380/444 443/381/445
f 448/386/450 441/379/443 442/380/444
f 442/380/444 447/385/449 448/386/450
f 449/387/451 450/388/452 451/389/453
f 451/389/453 452/390/454 449/387/451
f 453/391/455 449/387/451 452/390/454
f 452/390/454 454/392/456 453/391/455
f 455/393/457 453/391/455 454/392/456
f 454/392/456 456/394/458 455/393/457
f 457/393/459 458/394/460 459/395/461
f 459/395/461 460/396/462 457/393/459
f 460/396/462 459/395/461 461/397/463
f 461/397/463 462/398/464 460/396/462
f 462/398/464 461/397/463 463/399/465
f 463/399/465 464/400/466 462/398/464
f 465/401/467 464/400/466 463/399/465
f 463/399/465 466/402/468 465/401/467
f 450/388/452 467/403/469 468/404/470
f 468/404/470 451/389/453 450/388/452
f 469/405/471 470/406/103 450/388/452
f 450/388/452 449/387/451 469/405/471
f 471/407/472 462/398/464 464/400/466
f 464/400/466 472/408/473 471/407/472
f 473/409/474 472/408/473 464/400/466
f 464/400/466 465/401/467 473/409/474
f 450/388/452 470/406/103 474/410/475
f 452/390/454 451/389/453 475/411/476
f 454/392/456 452/390/454 475/411/476
f 456/394/458 454/392/456 475/411/476
f 459/395/461 458/394/460 475/411/476
f 461/397/463 459/395/461 475/411/476
f 463/399/465 461/397/463 475/411/476
f 466/402/468 463/399/465 475/411/476
f 451/389/453 468/404/470 475/411/476
f 476/412/477 465/401/467 466/402/468
f 466/402/468 477/413/478 476/412/477
f 478/414/479 479/415/480 468/404/470
f 468/404/470 467/403/469 478/414/479
f 477/413/478 466/402/468 475/411/476
f 480/416/481 476/412/477 477/413/478
f 477/413/478 481/417/482 480/416/481
f 482/418/483 479/415/480 478/414/479
f 478/414/479 483/419/484 482/418/483
f 479/415/480 482/418/483 481/417/482
f 481/417/482 477/413/478 479/415/480
f 447/385/449 482/418/483 483/419/484
f 483/419/484 448/386/450 447/385/449
f 482/418/483 447/385/449 446/383/447
f 446/383/447 481/417/482 482/418/483
f 445/384/448 480/416/481 481/417/482
f 481/417/482 446/383/447 445/384/448
f 440/378/442 436/373/436 431/368/431
f 438/376/440 436/373/436 440/378/442
f 479/415/480 475/411/476 468/404/470
f 477/413/478 475/411/476 479/415/480
f 488/420/485 487/421/486 485/422/487
f 485/422/487 486/423/488 488/420/485
f 491/424/489 489/425/490 490/421/486
f 490/421/486 492/420/491 491/424/489
f 484/426/492 494/427/493 495/428/494
f 495/428/494 496/429/495 488/420/485
f 488/420/485 486/423/488 495/428/494
f 497/430/496 491/424/489 492/420/491
f 492/420/491 498/429/497 497/430/496
f 499/431/498 493/432/131 491/424/489
f 491/424/489 497/430/496 499/431/498
f 493/432/131 499/431/498 500/433/499
f 502/434/500 495/428/494 494/427/493
f 494/427/493 501/435/501 502/434/500
f 503/436/502 496/429/495 495/428/494
f 495/428/494 502/434/500 503/436/502
f 504/436/503 505/437/504 497/430/496
f 497/430/496 498/429/497 504/436/503
f 506/438/505 499/431/498 497/430/496
f 497/430/496 505/437/504 506/438/505
f 506/438/505 507/439/506 500/433/499
f 500/433/499 499/431/498 506/438/505
f 509/440/507 502/434/500 501/435/501
f 501/435/501 508/441/508 509/440/507
f 510/442/509 506/438/505 505/437/504
f 505/437/504 511/443/510 510/442/509
f 510/442/509 512/444/511 507/439/506
f 507/439/506 506/438/505 510/442/509
f 515/445/512 516/446/513 514/447/514
f 514/447/514 513/448/515 515/445/512
f 516/446/513 515/445/512 517/449/352
f 520/450/516 521/451/517 519/452/518
f 519/452/518 518/453/519 520/450/516
f 522/454/177 523/455/520 521/451/517
f 521/451/517 520/450/516 522/454/177
f 516/446/513 509/440/507 508/441/508
f 508/441/508 514/447/514 516/446/513
f 521/451/517 510/442/509 511/443/510
f 511/443/510 519/452/518 521/451/517
f 521/451/517 523/455/520 512/444/511
f 512/444/511 510/442/509 521/451/517
f 528/456/521 526/457/522 525/458/523
f 525/458/523 527/459/524 528/456/521
f 531/460/525 532/456/526 530/459/527
f 530/459/527 529/461/528 531/460/525
f 534/462/529 531/460/525 529/461/528
f 529/461/528 533/463/530 534/462/529
f 533/463/531 535/464/532 536/465/533
f 515/445/512 513/448/515 524/466/534
f 515/445/347 526/457/522 528/456/521
f 532/456/526 531/460/525 518/453/519
f 531/460/525 534/462/529 520/450/516
f 520/450/516 518/453/519 531/460/525
f 522/454/177 520/450/516 534/462/529
f 540/467/535 541/468/536 539/469/537
f 537/470/538 542/471/539 543/472/540
f 543/472/540 538/473/541 537/470/538
f 544/474/542 545/475/543 546/476/544
f 546/476/544 542/471/539 544/474/542
f 539/469/537 541/468/536 547/477/545
f 547/477/545 544/474/542 539/469/537
f 547/477/545 545/475/543 544/474/542
f 546/476/544 543/472/540 542/471/539
f 548/478/546 549/479/547 550/480/548
f 550/480/548 551/481/549 548/478/546
f 552/482/550 553/480/551 554/479/552
f 556/483/553 549/479/547 548/478/546
f 548/478/546 555/484/554 556/483/553
f 541/468/536 561/485/555 560/486/556
f 560/486/556 547/477/545 541/468/536
f 541/468/536 540/467/535 562/487/557
f 562/487/557 561/485/555 541/468/536
f 561/485/555 559/488/558 558/489/559
f 558/489/559 560/486/556 561/485/555
f 561/485/555 562/487/557 557/490/560
f 557/490/560 559/488/558 561/485/555
f 545/475/543 567/491/561 566/492/562
f 566/492/562 546/476/544 545/475/543
f 545/475/543 547/477/545 568/493/563
f 568/493/563 567/491/561 545/475/543
f 567/491/561 565/494/564 564/495/565
f 564/495/565 566/492/562 567/491/561
f 567/491/561 568/493/563 563/496/566
f 563/496/566 565/494/564 567/491/561
f 543/472/540 573/497/567 572/498/568
f 572/498/568 538/473/541 543/472/540
f 543/472/540 546/476/544 574/499/569
f 574/499/569 573/497/567 543/472/540
f 573/497/567 571/500/570 570/501/571
f 570/501/571 572/498/568 573/497/567
f 573/497/567 574/499/569 569/502/572
f 569/502/572 571/500/570 573/497/567
f 575/503/573 577/504/574 578/471/539
f 578/471/539 579/470/575 575/503/573
f 577/504/574 580/505/576 581/474/577
f 581/474/577 578/471/539 577/504/574
f 582/469/578 581/474/577 580/505/576
f 580/505/576 576/506/579 582/469/578
f 577/504/236 583/507/580 584/508/581
f 588/509/582 586/510/583 585/511/433
f 589/512/584 590/513/585 588/509/582
f 588/509/582 587/514/586 589/512/584
f 591/515/587 593/516/588 594/513/589
f 594/513/589 592/512/590 591/515/587
f 595/517/277 596/518/591 593/516/592
f 597/519/593 586/510/583 588/509/582
f 588/509/582 598/520/594 597/519/593
f 598/520/594 588/509/582 590/513/585
f 590/513/585 599/521/595 598/520/594
f 600/522/596 601/521/597 594/513/589
f 594/513/589 593/516/588 600/522/596
f 596/518/598 602/523/599 600/522/596
f 603/524/600 597/519/593 598/520/594
f 598/520/594 604/525/601 603/524/600
f 604/525/601 598/520/594 599/521/595
f 599/521/595 605/526/602 604/525/601
f 606/526/603 601/521/597 600/522/596
f 600/522/596 607/527/604 606/526/603
f 608/528/605 607/527/604 600/522/596
f 600/522/596 602/523/599 608/528/605
f 609/529/606 610/530/607 607/527/604
f 607/527/604 608/528/605 609/529/606
f 610/530/607 611/531/608 606/526/603
f 606/526/603 607/527/604 610/530/607
f 612/532/609 604/525/601 605/526/602
f 605/526/602 613/531/610 612/532/609
f 614/533/611 603/524/600 604/525/601
f 604/525/601 612/532/609 614/533/611
f 618/534/612 615/535/613 616/536/614
f 619/537/615 616/536/616 617/538/617
f 617/538/617 620/539/618 619/537/615
f 623/540/619 622/541/620 621/534/612
f 623/540/621 624/537/622 625/539/623
f 625/539/623 626/542/624 623/540/621
f 627/543/625 623/540/621 626/542/624
f 626/542/624 628/544/626 627/543/625
f 635/545/627 636/546/628 630/547/629
f 630/547/629 629/548/630 635/545/627
f 637/546/631 638/549/632 631/550/633
f 631/550/633 632/547/297 637/546/631
f 638/549/632 639/551/634 633/552/635
f 633/552/635 631/550/633 638/549/632
f 612/532/609 635/545/627 634/553/636
f 634/553/636 614/533/611 612/532/609
f 612/532/609 613/531/610 636/546/628
f 636/546/628 635/545/627 612/532/609
f 611/531/608 610/530/607 638/549/632
f 638/549/632 637/546/631 611/531/608
f 610/530/607 609/529/606 639/551/634
f 639/551/634 638/549/632 610/530/607
f 640/554/637 641/555/638 642/556/639
f 642/556/639 643/557/640 640/554/637
f 644/554/641 645/557/642 646/558/643
f 646/558/643 647/559/644 644/554/641
f 648/560/645 647/559/644 646/558/643
f 646/558/643 649/561/646 648/560/645
f 641/555/638 650/562/647 651/563/648
f 651/563/648 642/556/639 641/555/638
f 653/564/649 652/565/650 647/559/644
f 647/559/644 648/560/645 653/564/649
f 643/557/640 642/556/639 655/566/651
f 646/558/643 645/557/642 655/566/651
f 649/561/646 646/558/643 655/566/651
f 642/556/639 651/563/648 655/566/651
f 656/567/652 648/560/645 649/561/646
f 649/561/646 657/568/653 656/567/652
f 658/569/654 659/570/655 651/563/648
f 651/563/648 650/562/647 658/569/654
f 660/571/656 653/564/649 648/560/645
f 650/562/657 654/572/658 661/573/659
f 657/568/653 649/561/646 659/570/655
f 649/561/646 655/566/651 659/570/655
f 655/566/651 651/563/648 659/570/655
f 662/574/660 656/567/652 657/568/653
f 657/568/653 663/575/661 662/574/660
f 664/576/662 665/577/663 659/570/655
f 659/570/655 658/569/654 664/576/662
f 659/570/655 665/577/663 663/575/661
f 663/575/661 657/568/653 659/570/655
f 670/578/664 665/577/663 664/576/662
f 664/576/662 669/579/665 670/578/664
f 665/577/663 670/578/664 671/580/666
f 671/580/666 663/575/661 665/577/663
f 672/581/667 662/574/660 663/575/661
f 663/575/661 671/580/666 672/581/667
f 677/582/668 678/583/669 676/584/670
f 676/584/670 675/585/671 677/582/668
f 678/583/669 677/582/668 679/586/672
f 679/586/672 680/587/673 678/583/669
f 681/588/674 682/589/675 680/587/673
f 680/587/673 679/586/672 681/588/674
f 683/590/351 684/591/676 685/592/677
f 685/592/677 686/593/678 683/590/351
f 678/583/669 670/578/664 669/579/665
f 669/579/665 676/584/670 678/583/669
f 670/578/664 678/583/669 680/587/673
f 680/587/673 671/580/666 670/578/664
f 682/589/675 672/581/667 671/580/666
f 671/580/666 680/587/673 682/589/675
f 688/594/679 687/595/680 684/591/681
f 684/591/681 673/596/682 688/594/679
f 673/596/682 666/597/683 689/598/684
f 689/598/684 688/594/679 673/596/682
f 690/598/685 667/599/686 668/600/687
f 668/600/687 691/594/688 690/598/685
f 668/600/687 674/601/689 692/595/690
f 692/595/690 691/594/688 668/600/687
f 693/602/691 694/603/692 695/604/693
f 695/604/693 696/605/694 693/602/691
f 697/606/695 698/603/696 699/602/697
f 699/602/697 700/607/698 697/606/695
f 701/608/699 697/606/695 700/607/698
f 700/607/698 702/609/700 701/608/699
f 696/605/694 695/604/693 703/610/701
f 703/610/701 704/611/702 696/605/694
f 705/612/703 693/602/691 696/605/694
f 700/607/698 699/602/697 707/612/704
f 709/613/705 702/609/700 700/607/698
f 700/607/698 708/614/706 709/613/705
f 706/615/707 696/605/694 704/611/702
f 694/603/692 710/616/708 695/604/693
f 697/606/695 710/616/708 698/603/696
f 701/608/699 710/616/708 697/606/695
f 695/604/693 710/616/708 703/610/701
f 701/608/699 702/609/700 681/588/674
f 681/588/674 679/586/672 701/608/699
f 675/585/671 704/611/702 703/610/701
f 703/610/701 677/582/668 675/585/671
f 710/616/708 677/582/668 703/610/701
f 679/586/672 677/582/668 710/616/708
f 679/586/672 710/616/708 701/608/699
f 711/617/709 712/618/710 713/619/711
f 713/619/711 714/620/712 711/617/709
f 715/621/713 716/622/714 711/617/709
f 711/617/709 717/623/715 715/621/713
f 716/622/714 718/624/716 712/618/710
f 712/618/710 711/617/709 716/622/714
f 719/625/717 720/626/365 721/627/718
f 721/627/718 722/628/719 719/625/717
f 715/621/713 723/629/720 724/630/721
f 725/631/722 726/632/723 718/624/716
f 718/624/716 716/622/714 725/631/722
f 721/627/718 727/633/61 728/634/724
f 725/631/722 716/622/714 715/621/713
f 715/621/713 724/630/721 725/631/722
f 730/635/725 727/633/61 721/627/718
f 721/627/718 720/626/365 730/635/725
f 723/629/720 715/621/713 721/627/718
f 721/627/718 728/634/724 723/629/720
f 714/620/712 731/636/726 717/623/715
f 717/623/715 711/617/709 714/620/712
f 722/628/719 717/623/715 731/636/726
f 731/636/726 719/625/717 722/628/719
f 722/628/719 721/627/718 715/621/713
f 715/621/713 717/623/715 722/628/719
f 736/637/727 737/638/554 738/639/728
f 738/639/728 739/640/729 736/637/727
f 741/641/373 713/619/711 712/618/710
f 712/618/710 734/642/369 741/641/373
f 712/618/710 718/624/716 735/643/730
f 735/643/730 734/642/369 712/618/710
f 733/644/549 732/643/548 729/624/731
f 746/645/732 747/646/733 745/647/734
f 745/647/734 744/648/559 746/645/732
f 747/646/733 742/649/735 749/650/736
f 749/650/736 748/651/737 747/646/733
f 750/652/738 745/647/734 747/646/733
f 747/646/733 748/651/737 750/652/738
f 746/645/732 743/653/739 742/649/735
f 742/649/735 747/646/733 746/645/732
f 755/654/740 756/655/741 753/656/742
f 753/656/742 754/657/743 755/654/740
f 756/655/741 751/658/744 758/659/745
f 758/659/745 757/660/746 756/655/741
f 759/661/747 753/656/742 756/655/741
f 756/655/741 757/660/746 759/661/747
f 755/654/740 752/662/748 751/658/744
f 751/658/744 756/655/741 755/654/740
f 764/663/749 765/664/750 762/665/751
f 762/665/751 763/666/752 764/663/749
f 766/667/753 762/665/751 765/664/750
f 765/664/750 767/668/754 766/667/753
f 764/663/749 761/669/755 760/670/756
f 760/670/756 765/664/750 764/663/749
f 765/664/750 760/670/756 768/671/757
f 768/671/757 767/668/754 765/664/750
f 769/672/17 739/640/729 738/639/728
f 738/639/728 740/673/758 769/672/17
f 777/674/82 778/675/81 770/676/759
f 778/675/81 779/677/760 771/678/761
f 771/678/761 770/676/759 778/675/81
f 780/679/762 773/680/763 772/678/764
f 772/678/764 781/677/765 780/679/762
f 783/681/766 775/682/767 773/680/763
f 773/680/763 780/679/762 783/681/766
f 782/683/596 774/684/768 776/685/591
f 792/686/769 790/687/770 784/688/771
f 784/688/771 785/689/772 792/686/769
f 793/690/773 792/686/769 785/689/772
f 785/689/772 786/691/774 793/690/773
f 794/690/775 787/691/776 788/692/777
f 788/692/777 795/693/778 794/690/775
f 795/693/778 788/692/777 789/694/779
f 789/694/779 796/695/780 795/693/778
f 798/696/781 799/697/782 791/698/103
f 791/698/103 790/687/770 798/696/781
f 800/699/783 798/696/781 790/687/770
f 790/687/770 792/686/769 800/699/783
f 801/700/784 800/699/783 792/686/769
f 792/686/769 793/690/773 801/700/784
f 802/700/785 794/690/775 795/693/778
f 795/693/778 803/701/786 802/700/785
f 804/702/787 803/701/786 795/693/778
f 795/693/778 796/695/780 804/702/787
f 797/703/614 805/704/788 804/702/789
f 806/705/790 807/697/107 808/696/791
f 808/696/791 809/706/792 806/705/790
f 809/706/792 808/696/791 810/699/793
f 810/699/793 811/707/794 809/706/792
f 811/707/794 810/699/793 812/700/795
f 812/700/795 813/708/796 811/707/794
f 814/709/797 815/708/798 816/700/785
f 816/700/785 817/701/799 814/709/797
f 814/709/797 817/701/799 818/702/787
f 818/702/787 819/710/800 814/709/797
f 818/702/801 821/704/622 820/711/802
f 822/712/803 806/705/790 809/706/792
f 809/706/792 823/713/804 822/712/803
f 823/713/804 809/706/792 811/707/794
f 811/707/794 824/714/805 823/713/804
f 824/714/805 811/707/794 813/708/796
f 813/708/796 825/715/806 824/714/805
f 826/716/807 827/715/808 815/708/798
f 815/708/798 814/709/797 826/716/807
f 828/717/809 826/716/807 814/709/797
f 814/709/797 819/710/800 828/717/809
f 829/718/810 828/717/809 819/710/800
f 819/710/800 820/711/811 829/718/810
f 830/719/812 824/714/805 825/715/806
f 825/715/806 831/720/813 830/719/812
f 832/721/814 833/720/815 827/715/808
f 827/715/808 826/716/807 832/721/814
f 840/722/816 839/723/817 834/724/818
f 834/724/818 835/725/819 840/722/816
f 841/726/820 842/722/821 837/725/822
f 837/725/822 836/727/823 841/726/820
f 841/726/820 836/727/823 838/728/824
f 844/729/825 843/730/826 838/728/827
f 847/731/828 845/732/829 854/733/830
f 854/733/830 855/734/831 847/731/828
f 849/731/832 856/734/833 853/735/834
f 853/735/834 850/736/835 849/731/832
f 858/733/176 846/737/836 848/738/837
f 848/738/837 859/734/838 858/733/176
f 857/735/839 860/734/838 851/738/840
f 851/738/840 852/739/841 857/735/839
f 861/740/842 864/741/843 863/742/844
f 865/742/845 866/743/846 862/744/847
f 867/745/848 863/742/844 864/741/843
f 864/741/843 868/746/849 867/745/848
f 866/743/846 865/742/845 869/745/850
f 869/745/850 870/747/851 866/743/846
f 871/745/852 872/746/853 873/748/854
f 873/748/854 874/749/855 871/745/852
f 875/750/528 876/747/851 877/745/852
f 877/745/852 878/749/856 875/750/528
f 874/749/855 873/748/854 879/751/857
f 879/751/857 880/752/858 874/749/855
f 881/753/859 875/750/528 878/749/856
f 878/749/856 882/752/860 881/753/859
f 880/752/858 879/751/857 883/754/861
f 883/754/861 884/755/187 880/752/858
f 885/756/188 881/753/859 882/752/860
f 882/752/860 886/755/862 885/756/188
f 890/757/863 891/758/535 889/759/864
f 895/760/865 891/758/535 890/757/863
f 890/757/863 896/761/866 895/760/865
f 902/762/867 903/763/868 900/764/869
f 900/764/869 901/765/870 902/762/867
f 904/766/871 900/764/869 903/763/868
f 903/763/868 905/767/872 904/766/871
f 899/768/873 898/769/874 903/763/868
f 903/763/868 902/762/867 899/768/873
f 896/761/866 890/757/863 901/765/870
f 888/770/875 902/762/867 901/765/870
f 901/765/870 890/757/863 888/770/875
f 902/762/867 888/770/875 887/771/197
f 887/771/197 899/768/873 902/762/867
f 907/772/876 908/773/877 909/774/878
f 909/774/878 910/775/879 907/772/876
f 908/773/877 912/776/880 911/777/21
f 911/777/21 909/774/878 908/773/877
f 891/758/535 895/760/865 915/778/881
f 915/778/881 914/779/882 891/758/535
f 915/778/881 907/772/876 910/775/879
f 910/775/879 914/779/882 915/778/881
f 916/780/883 917/781/884 918/782/885
f 918/782/885 919/783/886 916/780/883
f 917/781/884 921/784/887 920/785/888
f 920/785/888 918/782/885 917/781/884
f 913/786/889 924/787/890 923/788/891
f 923/788/891 897/789/892 913/786/889
f 924/787/890 916/780/883 919/783/886
f 919/783/886 923/788/891 924/787/890
f 925/790/893 926/791/57 927/792/894
f 927/792/894 928/793/895 925/790/893
f 926/791/57 930/794/896 931/795/757
f 931/795/757 927/792/894 926/791/57
f 932/791/897 933/790/893 929/796/898
f 894/797/899 893/798/900 934/799/901
f 934/799/901 935/800/902 894/797/899
f 922/797/903 937/800/904 936/801/905
f 936/801/905 892/802/906 922/797/903
f 935/800/902 934/799/901 929/796/898
f 929/796/898 933/790/893 935/800/902
f 936/801/905 937/800/904 925/790/893
f 925/790/893 928/793/895 936/801/905
f 940/803/907 939/804/908 938/805/194
f 938/805/194 941/806/909 940/803/907
f 942/807/218 943/808/217 944/809/910
f 944/809/910 945/759/864 942/807/218
f 943/808/217 940/803/911 946/806/912
f 946/806/912 944/809/910 943/808/217
f 906/810/913 905/767/872 903/763/868
f 956/811/914 948/812/915 949/813/916
f 949/813/916 957/814/917 956/811/914
f 950/815/918 947/816/919 951/817/920
f 959/818/921 951/817/922 952/819/923
f 952/819/923 960/820/924 959/818/921
f 960/820/924 952/819/923 953/821/925
f 962/822/926 963/823/284 955/821/927
f 955/821/927 954/824/928 962/822/926
f 964/825/929 962/822/926 954/824/928
f 954/824/928 956/811/914 964/825/929
f 964/825/929 956/811/914 957/814/917
f 957/814/917 965/826/930 964/825/929
f 966/827/931 958/828/932 951/817/922
f 951/817/922 959/818/921 966/827/931
f 959/818/921 960/820/924 967/829/933
f 960/820/924 961/823/934 967/829/933
f 963/823/284 962/822/926 967/829/933
f 962/822/926 964/825/929 967/829/933
f 964/825/929 965/826/930 967/829/933
f 966/827/931 959/818/921 967/829/933
f 968/830/935 970/831/936 965/826/930
f 965/826/930 957/814/917 968/830/935
f 969/832/937 958/828/932 966/827/931
f 966/827/931 971/833/938 969/832/937
f 971/833/938 967/829/933 970/831/936
f 972/834/939 974/835/940 970/831/936
f 970/831/936 968/830/935 972/834/939
f 975/836/941 973/837/942 969/832/937
f 969/832/937 971/833/938 975/836/941
f 971/833/938 970/831/936 974/835/940
f 974/835/940 975/836/941 971/833/938
f 977/838/943 978/839/944 974/835/940
f 974/835/940 972/834/939 977/838/943
f 978/839/944 979/840/945 975/836/941
f 975/836/941 974/835/940 978/839/944
f 979/840/945 976/841/946 973/837/942
f 973/837/942 975/836/941 979/840/945
f 982/842/947 980/843/948 983/844/108
f 991/845/949 983/844/950 984/846/951
f 984/846/951 992/847/952 991/845/949
f 992/847/952 984/846/951 985/848/953
f 985/848/953 993/849/954 992/847/952
f 997/850/955 995/851/956 986/852/957
f 986/852/957 987/853/958 997/850/955
f 998/854/959 997/850/955 987/853/958
f 987/853/958 988/855/960 998/854/959
f 998/854/959 988/855/960 989/856/961
f 989/856/961 999/857/962 998/854/959
f 1000/858/963 990/859/964 983/844/950
f 983/844/950 991/845/949 1000/858/963
f 991/845/949 992/847/952 1001/860/965
f 992/847/952 993/849/954 1001/860/965
f 993/849/954 994/861/966 1001/860/965
f 996/861/967 995/851/956 1001/860/965
f 995/851/956 997/850/955 1001/860/965
f 997/850/955 998/854/959 1001/860/965
f 998/854/959 999/857/962 1001/860/965
f 1000/858/963 991/845/949 1001/860/965
f 1002/862/968 989/856/961 981/863/969
f 1002/862/968 1004/864/970 999/857/962
f 999/857/962 989/856/961 1002/862/968
f 1003/865/971 990/859/964 1000/858/963
f 1000/858/963 1005/866/972 1003/865/971
f 1004/864/970 1001/860/965 999/857/962
f 1006/867/973 1008/868/974 1004/864/970
f 1004/864/970 1002/862/968 1006/867/973
f 1009/869/975 1007/870/976 1003/865/971
f 1003/865/971 1005/866/972 1009/869/975
f 1005/866/972 1004/864/970 1008/868/974
f 1008/868/974 1009/869/975 1005/866/972
f 976/841/946 979/840/945 1008/868/974
f 1008/868/974 1006/867/973 976/841/946
f 1009/869/975 1008/868/974 979/840/945
f 979/840/945 978/839/944 1009/869/975
f 978/839/944 977/838/943 1007/870/976
f 1007/870/976 1009/869/975 978/839/944
f 970/831/936 967/829/933 965/826/930
f 971/833/938 966/827/931 967/829/933
f 1005/866/972 1000/858/963 1001/860/965
f 1005/866/972 1001/860/965 1004/864/970
f 1012/871/305 1013/872/977 1011/873/978
f 1011/873/978 1010/874/979 1012/871/305
f 1015/875/980 1013/872/977 1012/871/305
f 1012/871/305 1014/876/981 1015/875/980
f 1018/877/982 1019/875/980 1017/876/981
f 1017/876/981 1016/878/125 1018/877/982
f 1022/879/983 1021/880/984 1011/873/978
f 1020/881/985 1026/882/986 1024/883/987
f 1029/884/836 1028/885/988 1021/880/984
f 1021/880/984 1022/879/983 1029/884/836
f 1030/886/840 1029/884/836 1022/879/983
f 1022/879/983 1023/887/989 1030/886/840
f 1031/886/990 1025/887/821 1024/883/987
f 1024/883/987 1032/888/991 1031/886/990
f 1033/889/992 1032/888/991 1024/883/987
f 1024/883/987 1026/882/986 1033/889/992
f 1034/890/993 1033/889/992 1026/882/986
f 1026/882/986 1027/891/994 1034/890/993
f 1035/892/995 1036/893/996 1032/888/991
f 1032/888/991 1033/889/992 1035/892/995
f 1037/894/997 1038/895/998 1028/885/988
f 1028/885/988 1029/884/836 1037/894/997
f 1039/896/999 1035/892/995 1033/889/992
f 1033/889/992 1034/890/993 1039/896/999
f 1042/897/1000 1043/898/1001 1040/899/1002
f 1044/900/356 1045/901/1003 1042/897/1000
f 1042/897/1000 1041/902/1004 1044/900/356
f 1046/903/1005 1047/904/1006 1045/901/1003
f 1045/901/1003 1044/900/356 1046/903/1005
f 1048/903/1005 1049/905/1007 1050/906/155
f 1049/905/1007 1051/907/1008 1052/908/1009
f 1052/908/1009 1050/906/155 1049/905/1007
f 1043/898/1001 1042/897/1000 1035/892/995
f 1035/892/995 1039/896/999 1043/898/1001
f 1045/901/1003 1036/893/996 1035/892/995
f 1035/892/995 1042/897/1000 1045/901/1003
f 1050/906/155 1052/908/1009 1038/895/998
f 1038/895/998 1037/894/997 1050/906/155
f 1053/909/1010 1055/910/1011 1054/911/1012
f 1054/911/1012 1055/910/1011 1057/912/1013
f 1057/912/1013 1056/913/1014 1054/911/1012
f 1058/913/1014 1060/912/1015 1061/914/1016
f 1061/914/1016 1059/915/1017 1058/913/1014
f 1059/915/1017 1061/914/1016 1063/916/1018
f 1063/916/1018 1062/917/1019 1059/915/1017
f 1049/905/1007 1055/910/1011 1053/909/1010
f 1053/909/1010 1051/907/1008 1049/905/1007
f 1057/912/1013 1055/910/1011 1049/905/1007
f 1044/900/356 1061/914/1016 1060/912/1015
f 1061/914/1016 1044/900/356 1041/902/1004
